Informations établissement,Unnamed: 1,Unnamed: 2,Unnamed: 3,Unnamed: 4,Unnamed: 5,Unnamed: 6,Nombre d'élèves présents au Bac,Unnamed: 8,Unnamed: 9,Unnamed: 10,Unnamed: 11,Unnamed: 12,Unnamed: 13,Unnamed: 14,Unnamed: 15,Taux de réussite bruts,Unnamed: 17,Unnamed: 18,Unnamed: 19,Unnamed: 20,Unnamed: 21,Unnamed: 22,Unnamed: 23,Unnamed: 24,Taux de réussite attendus,Unnamed: 26,Unnamed: 27,Unnamed: 28,Unnamed: 29,Unnamed: 30,Unnamed: 31,Unnamed: 32,Unnamed: 33,Valeur ajoutée du taux de réussite,Unnamed: 35,Unnamed: 36,Unnamed: 37,Unnamed: 38,Unnamed: 39,Unnamed: 40,Unnamed: 41,Unnamed: 42,Taux de mentions bruts,Unnamed: 44,Unnamed: 45,Unnamed: 46,Unnamed: 47,Unnamed: 48,Unnamed: 49,Unnamed: 50,Unnamed: 51,Taux de mentions attendus,Unnamed: 53,Unnamed: 54,Unnamed: 55,Unnamed: 56,Unnamed: 57,Unnamed: 58,Unnamed: 59,Unnamed: 60,Valeur ajoutée de taux de mentions,Unnamed: 62,Unnamed: 63,Unnamed: 64,Unnamed: 65,Unnamed: 66,Unnamed: 67,Unnamed: 68,Unnamed: 69,Effectifs à la rentrée N,Unnamed: 71,Unnamed: 72,Taux d'accès bruts,Unnamed: 74,Unnamed: 75,Taux d'accès attendus,Unnamed: 77,Unnamed: 78,Valeur ajoutée du taux d'accès,Unnamed: 80,Unnamed: 81
Académie,Département,Etablissement,Ville,UAI,Code commune,Secteur,GNLE,STMG,STI2D,STD2A,STL,ST2S,S2TMD,STHR,TOTAL,GNLE,STMG,STI2D,STD2A,STL,ST2S,S2TMD,STHR,TOTAL,GNLE,STMG,STI2D,STD2A,STL,ST2S,S2TMD,STHR,TOTAL,GNLE,STMG,STI2D,STD2A,STL,ST2S,S2TMD,STHR,TOTAL,GNLE,STMG,STI2D,STD2A,STL,ST2S,S2TMD,STHR,TOTAL,GNLE,STMG,STI2D,STD2A,STL,ST2S,S2TMD,STHR,TOTAL,GNLE,STMG,STI2D,STD2A,STL,ST2S,S2TMD,STHR,TOTAL,2nde,1ère,Term.,2nde-Bac,1ère-Bac,Term-Bac,2nde-Bac,1ère-Bac,Term-Bac,2nde-Bac,1ère-Bac,Term-Bac
AIX-MARSEILLE,ALPES-DE-HTE-PROVENCE,LYCEE ANDRE HONNORAT (GENERAL ET TECHNO.),BARCELONNETTE,0040003G,04019,PU,31,,,,,,,,31,94,,,,,,,,94,ND,,,,,,,,ND,ND,,,,,,,,ND,61,,,,,,,,61,ND,,,,,,,,ND,ND,,,,,,,,ND,49,49,37,92,97,97,ND,ND,ND,ND,ND,ND
AIX-MARSEILLE,ALPES-DE-HTE-PROVENCE,LYCEE ALEXANDRA DAVID NEEL,DIGNE LES BAINS,0040027H,04070,PU,162,45,,,,46,,,253,95,87,,,,89,,,92,96,92,,,,91,,,94,-1,-5,,,,-2,,,-2,64,36,,,,43,,,55,58,38,,,,41,,,51,+6,-2,,,,+2,,,+4,196,238,220,83,90,95,84,92,95,-1,-2,0
AIX-MARSEILLE,ALPES-DE-HTE-PROVENCE,LYCEE PIERRE-GILLES DE GENNES,DIGNE LES BAINS,0040490L,04070,PU,102,,54,,19,,,,175,93,,96,,89,,,,94,97,,92,,94,,,,95,-4,,+4,,-5,,,,-1,71,,54,,58,,,,64,64,,45,,53,,,,57,+7,,+9,,+5,,,,+7,182,175,166,87,95,96,85,93,96,+2,+2,0
AIX-MARSEILLE,ALPES-DE-HTE-PROVENCE,LYCEE FELIX ESCLANGON,MANOSQUE,0040010P,04112,PU,218,95,,,,,,,313,96,84,,,,,,,92,96,91,,,,,,,94,0,-7,,,,,,,-2,66,43,,,,,,,59,59,39,,,,,,,53,+7,+4,,,,,,,+6,318,337,331,86,90,94,83,92,96,+3,-2,-2
AIX-MARSEILLE,ALPES-DE-HTE-PROVENCE,LYCEE LES ISCLES (GENERAL ET TECHNO.),MANOSQUE,0040533H,04112,PU,150,,31,,,,,,181,98,,94,,,,,,97,98,,93,,,,,,97,0,,+1,,,,,,0,73,,58,,,,,,71,73,,44,,,,,,68,0,,+14,,,,,,+3,246,190,209,88,96,98,85,94,98,+3,+2,0
AIX-MARSEILLE,ALPES-DE-HTE-PROVENCE,LYCEE COLLEGE ECOLE INTERNATIONALE PACA,MANOSQUE,0040587S,04112,PU,38,,,,,,,,38,100,,,,,,,,100,ND,,,,,,,,ND,ND,,,,,,,,ND,87,,,,,,,,87,ND,,,,,,,,ND,ND,,,,,,,,ND,81,69,68,89,95,97,ND,ND,ND,ND,ND,ND
AIX-MARSEILLE,ALPES-DE-HTE-PROVENCE,LYCEE PAUL ARENE (GENERAL ET TECHNO.),SISTERON,0040023D,04209,PU,83,20,,,,,,15,118,100,75,,,,,,100,96,96,91,,,,,,99,96,+4,-16,,,,,,+1,0,72,30,,,,,,73,65,58,32,,,,,,72,55,+14,-2,,,,,,+1,+10,132,135,131,88,92,96,84,92,96,+4,0,0
AIX-MARSEILLE,BOUCHES-DU-RHONE,LYCEE EMILE ZOLA (GENERAL ET TECHNO.),AIX EN PROVENCE,0130001F,13001,PU,381,100,,,,51,,,532,99,98,,,,90,,,98,98,93,,,,94,,,96,+1,+5,,,,-4,,,+2,78,39,,,,49,,,68,71,37,,,,44,,,62,+7,+2,,,,+5,,,+6,502,522,539,85,95,97,86,93,97,-1,+2,0
AIX-MARSEILLE,BOUCHES-DU-RHONE,LYCEE PAUL CEZANNE,AIX EN PROVENCE,0130002G,13001,PU,396,119,,,,,,,515,98,90,,,,,,,97,98,94,,,,,,,97,0,-4,,,,,,,0,78,50,,,,,,,72,74,43,,,,,,,67,+4,+7,,,,,,,+5,485,505,486,88,94,97,86,94,98,+2,0,-1
AIX-MARSEILLE,BOUCHES-DU-RHONE,LYCEE VAUVENARGUES (GENERAL ET TECHNO.),AIX EN PROVENCE,0130003H,13001,PU,321,,94,,,,,,415,98,,95,,,,,,98,98,,90,,,,,,96,0,,+5,,,,,,+2,79,,51,,,,,,73,76,,41,,,,,,68,+3,,+10,,,,,,+5,387,369,422,86,94,98,86,94,98,0,0,0
AIX-MARSEILLE,BOUCHES-DU-RHONE,LYCEE NATIVITE (LA),AIX EN PROVENCE,0131319N,13001,PR,277,,,,,,,,277,100,,,,,,,,100,100,,,,,,,,100,0,,,,,,,,0,96,,,,,,,,96,89,,,,,,,,89,+7,,,,,,,,+7,342,317,295,88,97,99,91,97,99,-3,0,0
AIX-MARSEILLE,BOUCHES-DU-RHONE,LYCEE STE CATHERINE DE SIENNE,AIX EN PROVENCE,0131320P,13001,PR,57,,,,,,,,57,100,,,,,,,,100,98,,,,,,,,98,+2,,,,,,,,+2,74,,,,,,,,74,72,,,,,,,,72,+2,,,,,,,,+2,85,66,73,89,97,100,88,96,99,+1,+1,+1
AIX-MARSEILLE,BOUCHES-DU-RHONE,LYCEE ST ELOI (GENERAL ET TECHNO.),AIX EN PROVENCE,0131391S,13001,PR,30,,31,,,,,,61,100,,100,,,,,,100,97,,96,,,,,,96,+3,,+4,,,,,,+4,60,,58,,,,,,59,68,,59,,,,,,63,-8,,-1,,,,,,-4,71,61,46,68,82,98,86,93,97,-18,-11,+1
AIX-MARSEILLE,BOUCHES-DU-RHONE,LYCEE POILUS (BD DES),AIX EN PROVENCE,0131596P,13001,PU,135,,15,,,,,,150,100,,100,,,,,,100,99,,97,,,,,,99,+1,,+3,,,,,,+1,84,,93,,,,,,85,78,,67,,,,,,77,+6,,+26,,,,,,+8,157,154,145,96,99,100,89,96,99,+7,+3,+1
AIX-MARSEILLE,BOUCHES-DU-RHONE,LYCEE SACRE COEUR (LE),AIX EN PROVENCE,0131862D,13001,PR,243,28,,,,28,,,299,100,100,,,,100,,,100,99,98,,,,98,,,99,+1,+2,,,,+2,,,+1,89,64,,,,61,,,84,85,61,,,,66,,,81,+4,+3,,,,-5,,,+3,331,308,312,86,95,100,89,96,99,-3,-1,+1
AIX-MARSEILLE,BOUCHES-DU-RHONE,LYCEE STE MARIE (GENERAL ET TECHNO.),AIX EN PROVENCE,0133395V,13001,PR,,49,,,,,,,49,,94,,,,,,,94,,96,,,,,,,96,,-2,,,,,,,-2,,47,,,,,,,47,,49,,,,,,,49,,-2,,,,,,,-2,20,39,41,80,84,96,80,90,95,0,-6,+1
AIX-MARSEILLE,BOUCHES-DU-RHONE,LYCEE CELONY (GENERAL ET TECHNO.),AIX EN PROVENCE,0133425C,13001,PR,,32,,30,,,,,62,,97,,100,,,,,98,,94,,99,,,,,97,,+3,,+1,,,,,+1,,41,,93,,,,,66,,43,,84,,,,,63,,-2,,+9,,,,,+3,46,62,59,97,97,98,85,92,96,+12,+5,+2
AIX-MARSEILLE,BOUCHES-DU-RHONE,LYCEE GEORGES DUBY,AIX EN PROVENCE,0133525L,13001,PU,422,73,,,,,,,495,100,88,,,,,,,98,99,95,,,,,,,98,+1,-7,,,,,,,0,84,40,,,,,,,78,81,46,,,,,,,76,+3,-6,,,,,,,+2,504,510,466,87,96,99,88,95,99,-1,+1,0
AIX-MARSEILLE,BOUCHES-DU-RHONE,LYCEE MONTE-CRISTO,ALLAUCH,0134253C,13002,PU,199,34,,,,,,,233,98,97,,,,,,,98,98,96,,,,,,,97,0,+1,,,,,,,+1,72,41,,,,,,,68,68,47,,,,,,,65,+4,-6,,,,,,,+3,309,260,241,91,98,99,87,94,98,+4,+4,+1
AIX-MARSEILLE,BOUCHES-DU-RHONE,LYCEE MONTMAJOUR (GENERAL ET TECHNO.),ARLES,0130010R,13004,PU,133,67,,,13,,,,213,97,93,,,100,,,,96,95,88,,,93,,,,93,+2,+5,,,+7,,,,+3,71,46,,,46,,,,62,56,27,,,50,,,,47,+15,+19,,,-4,,,,+15,191,236,228,84,90,95,81,90,94,+3,0,+1
AIX-MARSEILLE,BOUCHES-DU-RHONE,LYCEE PASQUET,ARLES,0130011S,13004,PU,251,,41,,,,,,292,94,,88,,,,,,93,95,,89,,,,,,94,-1,,-1,,,,,,-1,63,,37,,,,,,60,59,,33,,,,,,55,+4,,+4,,,,,,+5,288,197,291,82,91,95,84,92,96,-2,-1,-1
AIX-MARSEILLE,BOUCHES-DU-RHONE,LYCEE FREDERIC JOLIOT-CURIE,AUBAGNE,0131549N,13005,PU,380,98,,,,46,,,524,97,92,,,,91,,,96,97,91,,,,95,,,96,0,+1,,,,-4,,,0,66,36,,,,35,,,58,66,36,,,,48,,,59,0,0,,,,-13,,,-1,725,561,524,84,93,96,85,93,96,-1,0,0
AIX-MARSEILLE,BOUCHES-DU-RHONE,LYCEE STE MARIE,AUBAGNE,0132810J,13005,PR,94,19,,,,,,,113,100,100,,,,,,,100,99,99,,,,,,,99,+1,+1,,,,,,,+1,97,89,,,,,,,96,87,70,,,,,,,84,+10,+19,,,,,,,+12,134,115,108,93,98,100,90,96,99,+3,+2,+1
AIX-MARSEILLE,BOUCHES-DU-RHONE,LYCEE JEAN D'ORMESSON,CHATEAURENARD,0134252B,13027,PU,251,86,,,,,,,337,98,94,,,,,,,97,98,90,,,,,,,96,0,+4,,,,,,,+1,73,27,,,,,,,61,70,34,,,,,,,61,+3,-7,,,,,,,0,419,360,350,92,96,97,86,93,97,+6,+3,0
AIX-MARSEILLE,BOUCHES-DU-RHONE,LYCEE MARIE MADELEINE FOURCADE (GENERAL ET TECHNO.),GARDANNE,0133244F,13041,PU,325,114,62,,,,,,501,100,96,95,,,,,,98,99,94,95,,,,,,97,+1,+2,0,,,,,,+1,82,44,61,,,,,,70,76,42,51,,,,,,65,+6,+2,+10,,,,,,+5,538,505,487,88,96,98,86,94,97,+2,+2,+1
AIX-MARSEILLE,BOUCHES-DU-RHONE,LYCEE SAINT JEAN DE GARGUIER,GEMENOS,0133822J,13042,PR,147,,,,,,,,147,100,,,,,,,,100,99,,,,,,,,99,+1,,,,,,,,+1,79,,,,,,,,79,78,,,,,,,,78,+1,,,,,,,,+1,172,125,135,91,99,100,89,96,99,+2,+3,+1
AIX-MARSEILLE,BOUCHES-DU-RHONE,LYCEE ST LOUIS - STE MARIE,GIGNAC LA NERTHE,0133314G,13043,PR,225,,25,,,,,,250,100,,96,,,,,,100,99,,97,,,,,,99,+1,,-1,,,,,,+1,89,,68,,,,,,87,81,,66,,,,,,80,+8,,+2,,,,,,+7,345,310,262,91,97,100,90,96,99,+1,+1,+1
AIX-MARSEILLE,BOUCHES-DU-RHONE,LYCEE ARTHUR RIMBAUD,ISTRES,0132495S,13047,PU,231,99,,,,,,,330,99,89,,,,,,,96,97,93,,,,,,,96,+2,-4,,,,,,,0,74,34,,,,,,,62,64,41,,,,,,,57,+10,-7,,,,,,,+5,488,369,391,81,91,96,85,93,96,-4,-2,0
AIX-MARSEILLE,BOUCHES-DU-RHONE,LYCEE AUGUSTE ET LOUIS LUMIERE (GENERAL ET TECHNO.),LA CIOTAT,0131747D,13028,PU,217,51,,,,28,,,296,99,90,,,,100,,,97,96,95,,,,96,,,96,+3,-5,,,,+4,,,+1,76,45,,,,68,,,70,63,43,,,,51,,,58,+13,+2,,,,+17,,,+12,296,296,304,89,95,98,85,93,97,+4,+2,+1
AIX-MARSEILLE,BOUCHES-DU-RHONE,LYCEE MEDITERRANEE (DE LA ) (GENERAL ET TECHNO.),LA CIOTAT,0133406G,13028,PU,194,,57,,17,,,,268,100,,98,,100,,,,100,99,,93,,97,,,,97,+1,,+5,,+3,,,,+3,89,,60,,94,,,,83,78,,44,,69,,,,70,+11,,+16,,+25,,,,+13,269,266,291,95,97,100,87,94,98,+8,+3,+2
AIX-MARSEILLE,BOUCHES-DU-RHONE,LYCEE MAURICE GENEVOIX (GENERAL ET TECHNO.),MARIGNANE,0132410Z,13054,PU,245,99,,,,,,,344,97,79,,,,,,,92,94,91,,,,,,,93,+3,-12,,,,,,,-1,69,22,,,,,,,56,56,35,,,,,,,50,+13,-13,,,,,,,+6,357,365,331,87,90,93,83,91,95,+4,-1,-2
AIX-MARSEILLE,BOUCHES-DU-RHONE,LYCEE SAINT CHARLES,MARSEILLE 01,0130039X,13201,PU,287,92,,,,,,,379,97,91,,,,,,,95,95,84,,,,,,,92,+2,+7,,,,,,,+3,74,29,,,,,,,63,59,24,,,,,,,51,+15,+5,,,,,,,+12,415,414,409,86,94,98,81,91,95,+5,+3,+3
AIX-MARSEILLE,BOUCHES-DU-RHONE,LYCEE THIERS,MARSEILLE 01,0130040Y,13201,PU,249,,,,,,2,,251,99,,,,,,100,,99,99,,,,,,ND,,99,0,,,,,,ND,,0,80,,,,,,100,,80,79,,,,,,ND,,79,+1,,,,,,ND,,+1,312,254,255,88,95,99,88,96,99,0,-1,0
AIX-MARSEILLE,BOUCHES-DU-RHONE,LYCEE VICTOR HUGO,MARSEILLE 03,0130043B,13203,PU,143,95,,,18,,,,256,85,75,,,100,,,,82,80,75,,,80,,,,78,+5,0,,,+20,,,,+4,43,18,,,56,,,,34,26,18,,,33,,,,24,+17,0,,,+23,,,,+10,272,243,243,71,81,86,70,80,84,+1,+1,+2
AIX-MARSEILLE,BOUCHES-DU-RHONE,LYCEE CHEVREUL BLANCARDE,MARSEILLE 04,0131335F,13204,PR,155,,,,,,,,155,99,,,,,,,,99,99,,,,,,,,99,0,,,,,,,,0,88,,,,,,,,88,83,,,,,,,,83,+5,,,,,,,,+5,140,170,119,94,97,99,90,96,99,+4,+1,0
AIX-MARSEILLE,BOUCHES-DU-RHONE,LYCEE ST JOSEPH DE LA MADELEINE,MARSEILLE 04,0131339K,13204,PR,109,15,,,,,,,124,99,100,,,,,,,99,99,97,,,,,,,98,0,+3,,,,,,,+1,85,87,,,,,,,85,76,53,,,,,,,73,+9,+34,,,,,,,+12,134,145,120,89,94,99,89,95,99,0,-1,0
AIX-MARSEILLE,BOUCHES-DU-RHONE,LYCEE MARIE CURIE,MARSEILLE 05,0130051K,13205,PU,83,93,,,36,67,,,279,96,84,,,89,88,,,89,93,85,,,85,85,,,87,+3,-1,,,+4,+3,,,+2,59,34,,,58,33,,,44,51,27,,,37,32,,,37,+8,+7,,,+21,+1,,,+7,167,307,316,76,85,92,76,85,90,0,0,+2
AIX-MARSEILLE,BOUCHES-DU-RHONE,LYCEE ST CHARLES CAMAS,MARSEILLE 05,0131342N,13205,PR,65,,,,,,,,65,100,,,,,,,,100,99,,,,,,,,99,+1,,,,,,,,+1,89,,,,,,,,89,79,,,,,,,,79,+10,,,,,,,,+10,80,53,52,83,89,100,88,96,99,-5,-7,+1
AIX-MARSEILLE,BOUCHES-DU-RHONE,LYCEE MONTGRAND,MARSEILLE 06,0130042A,13206,PU,165,63,,,,,,,228,94,94,,,,,,,94,94,85,,,,,,,92,0,+9,,,,,,,+2,67,43,,,,,,,60,57,24,,,,,,,48,+10,+19,,,,,,,+12,304,252,238,75,90,95,79,89,93,-4,+1,+2
AIX-MARSEILLE,BOUCHES-DU-RHONE,LYCEE ST JOSEPH LES MARISTES,MARSEILLE 06,0131331B,13206,PR,111,,,,,,,,111,99,,,,,,,,99,98,,,,,,,,98,+1,,,,,,,,+1,78,,,,,,,,78,72,,,,,,,,72,+6,,,,,,,,+6,108,134,110,92,96,98,88,95,98,+4,+1,0
AIX-MARSEILLE,BOUCHES-DU-RHONE,LYCEE NOTRE DAME DE FRANCE,MARSEILLE 06,0131333D,13206,PR,105,,,,,,,,105,100,,,,,,,,100,99,,,,,,,,99,+1,,,,,,,,+1,92,,,,,,,,92,83,,,,,,,,83,+9,,,,,,,,+9,116,114,119,92,98,100,90,96,99,+2,+2,+1
AIX-MARSEILLE,BOUCHES-DU-RHONE,LYCEE NOTRE DAME DE SION,MARSEILLE 06,0131341M,13206,PR,155,,,,,,,,155,99,,,,,,,,99,98,,,,,,,,98,+1,,,,,,,,+1,82,,,,,,,,82,71,,,,,,,,71,+11,,,,,,,,+11,183,144,154,88,95,99,88,95,99,0,0,0
AIX-MARSEILLE,BOUCHES-DU-RHONE,COURS BASTIDE,MARSEILLE 06,0131344R,13206,PR,69,,,,,,,,69,100,,,,,,,,100,99,,,,,,,,99,+1,,,,,,,,+1,87,,,,,,,,87,82,,,,,,,,82,+5,,,,,,,,+5,88,51,63,74,97,100,89,96,99,-15,+1,+1
AIX-MARSEILLE,BOUCHES-DU-RHONE,LYCEE SULLY,MARSEILLE 06,0131398Z,13206,PR,,23,,,,,,,23,,100,,,,,,,100,,ND,,,,,,,ND,,ND,,,,,,,ND,,39,,,,,,,39,,ND,,,,,,,ND,,ND,,,,,,,ND,6,20,22,79,79,92,ND,ND,ND,ND,ND,ND
AIX-MARSEILLE,BOUCHES-DU-RHONE,LYCEE CHARLES PEGUY (GENERAL ET TECHNO.),MARSEILLE 06,0131402D,13206,PR,13,43,,,,25,,,81,100,91,,,,100,,,95,96,95,,,,96,,,95,+4,-4,,,,+4,,,0,46,42,,,,64,,,49,58,40,,,,55,,,48,-12,+2,,,,+9,,,+1,35,101,88,67,86,94,80,90,94,-13,-4,0
AIX-MARSEILLE,BOUCHES-DU-RHONE,LYCEE ST VINCENT DE PAUL (GENERAL ET TECHNO.),MARSEILLE 06,0131403E,13206,PR,23,31,,,14,30,,,98,100,94,,,93,100,,,97,89,85,,,92,89,,,88,+11,+9,,,+1,+11,,,+9,43,23,,,50,63,,,44,36,28,,,49,39,,,36,+7,-5,,,+1,+24,,,+8,82,91,76,71,86,97,74,84,89,-3,+2,+8
AIX-MARSEILLE,BOUCHES-DU-RHONE,LYCEE DON BOSCO (GENERAL ET TECHNO.),MARSEILLE 06,0133396W,13206,PR,20,,22,,,,,,42,100,,82,,,,,,90,88,,87,,,,,,87,+12,,-5,,,,,,+3,55,,23,,,,,,38,36,,34,,,,,,35,+19,,-11,,,,,,+3,25,51,41,80,84,88,74,86,91,+6,-2,-3
AIX-MARSEILLE,BOUCHES-DU-RHONE,LYCEE AMI,MARSEILLE 06,0133555U,13206,PR,50,,,,,,,,50,100,,,,,,,,100,96,,,,,,,,96,+4,,,,,,,,+4,50,,,,,,,,50,62,,,,,,,,62,-12,,,,,,,,-12,54,51,78,91,97,98,86,94,97,+5,+3,+1
AIX-MARSEILLE,BOUCHES-DU-RHONE,LYCEE REMPART (RUE DU) (GENERAL ET TECHNO.),MARSEILLE 07,0130049H,13207,PU,78,,62,,,,,,140,94,,90,,,,,,92,95,,84,,,,,,90,-1,,+6,,,,,,+2,65,,37,,,,,,53,56,,28,,,,,,44,+9,,+9,,,,,,+9,129,136,140,71,91,95,78,89,93,-7,+2,+2
AIX-MARSEILLE,BOUCHES-DU-RHONE,LYCEE PERIER,MARSEILLE 08,0130036U,13208,PU,239,92,,,,,,,331,90,95,,,,,,,92,94,90,,,,,,,93,-4,+5,,,,,,,-1,53,45,,,,,,,51,55,33,,,,,,,49,-2,+12,,,,,,,+2,239,279,297,78,87,92,80,90,94,-2,-3,-2
AIX-MARSEILLE,BOUCHES-DU-RHONE,LYCEE MARSEILLEVEYRE,MARSEILLE 08,0130038W,13208,PU,362,,,,,,,,362,98,,,,,,,,98,96,,,,,,,,96,+2,,,,,,,,+2,70,,,,,,,,70,63,,,,,,,,63,+7,,,,,,,,+7,409,342,342,90,97,99,85,94,97,+5,+3,+2
AIX-MARSEILLE,BOUCHES-DU-RHONE,LYCEE HONORE DAUMIER,MARSEILLE 08,0130175V,13208,PU,225,72,,,,,,,297,100,92,,,,,,,98,96,87,,,,,,,94,+4,+5,,,,,,,+4,69,40,,,,,,,62,62,28,,,,,,,54,+7,+12,,,,,,,+8,279,270,251,84,91,97,83,91,95,+1,0,+2
AIX-MARSEILLE,BOUCHES-DU-RHONE,LYCEE PROVENCE (DE),MARSEILLE 08,0131323T,13208,PR,166,,,,,,,,166,100,,,,,,,,100,100,,,,,,,,100,0,,,,,,,,0,96,,,,,,,,96,92,,,,,,,,92,+4,,,,,,,,+4,176,176,171,94,98,100,93,97,100,+1,+1,0
AIX-MARSEILLE,BOUCHES-DU-RHONE,LYCEE REGIONAL HOTELIER JEAN-PAUL PASSEDAT (GENERAL ET TECHNO.),MARSEILLE 08,0132974M,13208,PU,,,,,,,,48,48,,,,,,,,100,100,,,,,,,,97,97,,,,,,,,+3,+3,,,,,,,,54,54,,,,,,,,60,60,,,,,,,,-6,-6,33,45,42,90,98,98,82,91,95,+8,+7,+3
AIX-MARSEILLE,BOUCHES-DU-RHONE,LYCEE STE TRINITE,MARSEILLE 09,0131347U,13209,PR,81,,,,,,,,81,98,,,,,,,,98,98,,,,,,,,98,0,,,,,,,,0,78,,,,,,,,78,72,,,,,,,,72,+6,,,,,,,,+6,106,91,69,89,99,99,89,95,98,0,+4,+1
AIX-MARSEILLE,BOUCHES-DU-RHONE,LYCEE PASTRE - GRANDE BASTIDE (GENERAL ET TECHNO.),MARSEILLE 09,0131456M,13209,PR,44,,,,,20,,,64,98,,,,,100,,,98,99,,,,,97,,,99,-1,,,,,+3,,,-1,91,,,,,55,,,80,83,,,,,58,,,75,+8,,,,,-3,,,+5,67,75,64,84,87,100,90,96,98,-6,-9,+2
AIX-MARSEILLE,BOUCHES-DU-RHONE,LYCEE GSBE,MARSEILLE 09,0134250Z,13209,PR,28,,,,,,,,28,100,,,,,,,,100,ND,,,,,,,,ND,ND,,,,,,,,ND,82,,,,,,,,82,ND,,,,,,,,ND,ND,,,,,,,,ND,30,30,25,83,92,100,ND,ND,ND,ND,ND,ND
AIX-MARSEILLE,BOUCHES-DU-RHONE,LYCEE MARCEL PAGNOL,MARSEILLE 10,0130037V,13210,PU,133,88,,,,,,,221,92,86,,,,,,,90,88,84,,,,,,,86,+4,+2,,,,,,,+4,43,28,,,,,,,37,36,25,,,,,,,31,+7,+3,,,,,,,+6,199,203,200,79,88,93,78,86,90,+1,+2,+3
AIX-MARSEILLE,BOUCHES-DU-RHONE,LYCEE JEAN PERRIN (GENERAL ET TECHNO.),MARSEILLE 10,0130053M,13210,PU,211,,88,,21,,,,320,92,,84,,100,,,,90,93,,81,,89,,,,89,-1,,+3,,+11,,,,+1,54,,30,,33,,,,46,51,,23,,39,,,,43,+3,,+7,,-6,,,,+3,328,334,341,85,90,94,80,89,93,+5,+1,+1
AIX-MARSEILLE,BOUCHES-DU-RHONE,LYCEE ORT LEON BRAMSON,MARSEILLE 10,0133334D,13210,PR,33,15,,,,,,,48,100,100,,,,,,,100,93,93,,,,,,,93,+7,+7,,,,,,,+7,58,47,,,,,,,54,47,34,,,,,,,43,+11,+13,,,,,,,+11,29,43,45,89,98,100,81,90,95,+8,+8,+5
AIX-MARSEILLE,BOUCHES-DU-RHONE,LYCEE MELIZAN,MARSEILLE 11,0131328Y,13211,PR,187,,,,,,,,187,100,,,,,,,,100,99,,,,,,,,99,+1,,,,,,,,+1,84,,,,,,,,84,79,,,,,,,,79,+5,,,,,,,,+5,178,178,173,94,99,100,91,96,99,+3,+3,+1
AIX-MARSEILLE,BOUCHES-DU-RHONE,LYCEE L'OLIVIER - ROBERT COFFY,MARSEILLE 12,0131345S,13212,PR,132,,,,,,,,132,100,,,,,,,,100,99,,,,,,,,99,+1,,,,,,,,+1,83,,,,,,,,83,81,,,,,,,,81,+2,,,,,,,,+2,141,117,127,90,95,99,89,96,99,+1,-1,0
AIX-MARSEILLE,BOUCHES-DU-RHONE,LYCEE LA CADENELLE (GENERAL ET TECHNO.),MARSEILLE 12,0132828D,13212,PR,,28,,,,23,,,51,,96,,,,100,,,98,,96,,,,97,,,96,,0,,,,+3,,,+2,,46,,,,43,,,45,,49,,,,55,,,52,,-3,,,,-12,,,-7,51,61,43,63,88,96,84,92,96,-21,-4,0
AIX-MARSEILLE,BOUCHES-DU-RHONE,LYCEE REGIONAL NELSON MANDELA (GENERAL ET TECHNO.),MARSEILLE 12,0134003F,13212,PU,226,,,,,82,,,308,97,,,,,90,,,95,95,,,,,88,,,93,+2,,,,,+2,,,+2,64,,,,,39,,,57,57,,,,,37,,,52,+7,,,,,+2,,,+5,385,297,294,89,95,98,83,92,95,+6,+3,+3
AIX-MARSEILLE,BOUCHES-DU-RHONE,LYCEE DENIS DIDEROT (GENERAL ET TECHNO.),MARSEILLE 13,0130050J,13213,PU,78,82,55,76,,,,,291,87,88,84,97,,,,,89,87,82,72,97,,,,,86,0,+6,+12,0,,,,,+3,40,24,16,76,,,,,41,34,25,15,55,,,,,33,+6,-1,+1,+21,,,,,+8,219,288,288,76,86,92,75,84,89,+1,+2,+3
AIX-MARSEILLE,BOUCHES-DU-RHONE,LYCEE LACORDAIRE,MARSEILLE 13,0131324U,13213,PR,223,,,,,,,,223,100,,,,,,,,100,99,,,,,,,,99,+1,,,,,,,,+1,100,,,,,,,,100,91,,,,,,,,91,+9,,,,,,,,+9,252,229,229,91,97,100,92,97,99,-1,0,+1
AIX-MARSEILLE,BOUCHES-DU-RHONE,LYCEE SEVIGNE,MARSEILLE 13,0131348V,13213,PR,135,,,,,,,,135,100,,,,,,,,100,99,,,,,,,,99,+1,,,,,,,,+1,88,,,,,,,,88,80,,,,,,,,80,+8,,,,,,,,+8,157,155,144,92,96,100,90,96,99,+2,0,+1
AIX-MARSEILLE,BOUCHES-DU-RHONE,LYCEE YAVNE,MARSEILLE 13,0132472S,13213,PR,41,,,,,,,,41,95,,,,,,,,95,95,,,,,,,,95,0,,,,,,,,0,56,,,,,,,,56,56,,,,,,,,56,0,,,,,,,,0,36,33,37,78,88,93,84,93,97,-6,-5,-4
AIX-MARSEILLE,BOUCHES-DU-RHONE,LYCEE ANTONIN ARTAUD (GENERAL ET TECHNO.),MARSEILLE 13,0132733A,13213,PU,131,66,53,,,69,,,319,97,85,92,,,83,,,91,95,88,89,,,89,,,92,+2,-3,+3,,,-6,,,-1,79,26,42,,,20,,,49,58,31,38,,,38,,,45,+21,-5,+4,,,-18,,,+4,297,365,323,81,88,92,81,89,93,0,-1,-1
AIX-MARSEILLE,BOUCHES-DU-RHONE,LYCEE SIMONE VEIL (GENERAL ET TECHNO.),MARSEILLE 13,0134155W,13213,PU,173,49,,,30,,,,252,99,90,,,93,,,,96,94,81,,,91,,,,91,+5,+9,,,+2,,,,+5,62,31,,,47,,,,54,52,25,,,46,,,,46,+10,+6,,,+1,,,,+8,266,231,246,83,93,96,81,90,94,+2,+3,+2
AIX-MARSEILLE,BOUCHES-DU-RHONE,LYCEE TOUR SAINTE (DE),MARSEILLE 14,0131327X,13214,PR,41,,,,,,,,41,98,,,,,,,,98,95,,,,,,,,95,+3,,,,,,,,+3,68,,,,,,,,68,56,,,,,,,,56,+12,,,,,,,,+12,66,53,44,89,95,100,83,93,97,+6,+2,+3
AIX-MARSEILLE,BOUCHES-DU-RHONE,LYCEE SAINT EXUPERY,MARSEILLE 15,0130048G,13215,PU,283,107,24,,,72,,,486,82,90,83,,,72,,,83,82,82,75,,,79,,,81,0,+8,+8,,,-7,,,+2,40,24,38,,,15,,,33,31,23,16,,,26,,,28,+9,+1,+22,,,-11,,,+5,495,457,496,72,83,86,73,83,87,-1,0,-1
AIX-MARSEILLE,BOUCHES-DU-RHONE,LYCEE NOTRE DAME DE LA VISTE,MARSEILLE 15,0133931C,13215,PR,54,,,,,,,,54,100,,,,,,,,100,94,,,,,,,,94,+6,,,,,,,,+6,78,,,,,,,,78,55,,,,,,,,55,+23,,,,,,,,+23,60,51,43,78,98,100,85,92,96,-7,+6,+4
AIX-MARSEILLE,BOUCHES-DU-RHONE,LYCEE PAUL LANGEVIN (GENERAL ET TECHNO.),MARTIGUES,0130143K,13056,PU,227,78,56,,25,,,,386,98,96,93,,96,,,,97,96,94,91,,94,,,,95,+2,+2,+2,,+2,,,,+2,63,45,34,,64,,,,55,61,43,35,,56,,,,53,+2,+2,-1,,+8,,,,+2,389,388,383,82,91,97,84,92,96,-2,-1,+1
AIX-MARSEILLE,BOUCHES-DU-RHONE,LYCEE POLYVALENT JEAN LURCAT (GENERAL ET TECHNO.),MARTIGUES,0132210G,13056,PU,193,,43,,,31,,,267,98,,86,,,97,,,96,97,,85,,,94,,,95,+1,,+1,,,+3,,,+1,72,,33,,,42,,,62,66,,26,,,46,,,57,+6,,+7,,,-4,,,+5,280,245,270,85,94,98,85,93,96,0,+1,+2
AIX-MARSEILLE,BOUCHES-DU-RHONE,LYCEE JEAN COCTEAU,MIRAMAS,0133195C,13063,PU,164,43,,,,33,,,240,98,91,,,,79,,,94,94,90,,,,87,,,92,+4,+1,,,,-8,,,+2,59,28,,,,30,,,50,52,31,,,,37,,,46,+7,-3,,,,-7,,,+4,313,247,235,78,87,95,82,90,94,-4,-3,+1
AIX-MARSEILLE,BOUCHES-DU-RHONE,LYCEE HENRI LEROY (GENERAL ET TECHNO.),PORT SAINT LOUIS DU RHONE,0132280H,13078,PR,20,16,,,,15,,,51,95,94,,,,93,,,94,94,89,,,,92,,,92,+1,+5,,,,+1,,,+2,65,38,,,,33,,,47,43,30,,,,42,,,39,+22,+8,,,,-9,,,+8,62,45,51,83,88,96,82,89,93,+1,-1,+3
AIX-MARSEILLE,BOUCHES-DU-RHONE,LYCEE SAINT CHARLES,SAINT MARTIN DE CRAU,0134004G,13097,PR,67,,,,,,,,67,97,,,,,,,,97,99,,,,,,,,99,-2,,,,,,,,-2,81,,,,,,,,81,76,,,,,,,,76,+5,,,,,,,,+5,114,102,62,83,90,98,89,96,99,-6,-6,-1
AIX-MARSEILLE,BOUCHES-DU-RHONE,LYCEE EMPERI (L'),SALON DE PROVENCE,0130160D,13103,PU,273,76,,,,46,,,395,99,92,,,,96,,,97,97,90,,,,93,,,95,+2,+2,,,,+3,,,+2,65,33,,,,43,,,56,64,32,,,,45,,,56,+1,+1,,,,-2,,,0,416,401,369,90,95,98,85,93,96,+5,+2,+2
AIX-MARSEILLE,BOUCHES-DU-RHONE,LYCEE ADAM DE CRAPONNE (GENERAL ET TECHNO.),SALON DE PROVENCE,0130161E,13103,PU,296,107,86,,,,,,489,99,95,93,,,,,,97,99,95,93,,,,,,97,0,0,0,,,,,,0,82,54,45,,,,,,70,78,46,47,,,,,,66,+4,+8,-2,,,,,,+4,473,462,466,89,94,97,86,94,97,+3,0,0
AIX-MARSEILLE,BOUCHES-DU-RHONE,LYCEE VIALA LACOSTE,SALON DE PROVENCE,0131360H,13103,PR,171,22,,,,11,,,204,100,95,,,,100,,,100,99,97,,,,99,,,99,+1,-2,,,,+1,,,+1,92,50,,,,82,,,87,84,53,,,,72,,,80,+8,-3,,,,+10,,,+7,236,200,204,86,96,99,89,96,99,-3,0,0
AIX-MARSEILLE,BOUCHES-DU-RHONE,LYCEE ALPHONSE DAUDET,TARASCON,0130164H,13108,PU,192,72,,,,,,,264,97,86,,,,,,,94,94,86,,,,,,,92,+3,0,,,,,,,+2,69,31,,,,,,,58,54,30,,,,,,,48,+15,+1,,,,,,,+10,296,266,269,90,94,97,81,91,94,+9,+3,+3
AIX-MARSEILLE,BOUCHES-DU-RHONE,LYCEE PIERRE MENDES FRANCE (GENERAL ET TECHNO.),VITROLLES,0133015G,13117,PU,256,,57,,28,,,,341,96,,91,,89,,,,95,96,,92,,92,,,,95,0,,-1,,-3,,,,0,69,,51,,43,,,,64,59,,45,,53,,,,56,+10,,+6,,-10,,,,+8,379,417,346,87,93,96,86,93,96,+1,0,0
AIX-MARSEILLE,BOUCHES-DU-RHONE,LYCEE JEAN MONNET (GENERAL ET TECHNO.),VITROLLES,0133288D,13117,PU,163,123,,,,,,,286,98,86,,,,,,,93,96,92,,,,,,,94,+2,-6,,,,,,,-1,74,34,,,,,,,57,62,35,,,,,,,50,+12,-1,,,,,,,+7,274,247,243,76,91,96,83,92,95,-7,-1,+1
AIX-MARSEILLE,BOUCHES-DU-RHONE,LYCEE CAUCADIS (GENERAL ET TECHNO.),VITROLLES,0133424B,13117,PR,,15,,,,16,,,31,,87,,,,100,,,94,,ND,,,,ND,,,ND,,ND,,,,ND,,,ND,,27,,,,38,,,32,,ND,,,,ND,,,ND,,ND,,,,ND,,,ND,28,33,32,40,77,100,ND,ND,ND,ND,ND,ND
AIX-MARSEILLE,HAUTES-ALPES,LYCEE ALTITUDE-SUZANNE JOULIE ROOS (GENERAL ET TECHNO.),BRIANCON,0050003B,05023,PU,161,25,20,,,,,,206,99,92,85,,,,,,97,98,94,93,,,,,,97,+1,-2,-8,,,,,,0,84,48,45,,,,,,76,72,43,50,,,,,,66,+12,+5,-5,,,,,,+10,213,220,211,87,96,99,87,95,98,0,+1,+1
AIX-MARSEILLE,HAUTES-ALPES,LYCEE HONORE ROMANE,EMBRUN,0050004C,05046,PU,81,21,,,,27,,,129,96,100,,,,81,,,94,98,94,,,,94,,,96,-2,+6,,,,-13,,,-2,68,38,,,,37,,,57,71,43,,,,47,,,61,-3,-5,,,,-10,,,-4,157,160,137,74,86,95,85,94,97,-11,-8,-2
AIX-MARSEILLE,HAUTES-ALPES,LYCEE DOMINIQUE VILLARS,GAP,0050006E,05061,PU,208,,,,,,,,208,98,,,,,,,,98,98,,,,,,,,98,0,,,,,,,,0,71,,,,,,,,71,72,,,,,,,,72,-1,,,,,,,,-1,228,189,162,87,94,98,88,95,98,-1,-1,0
AIX-MARSEILLE,HAUTES-ALPES,LYCEE ARISTIDE BRIAND,GAP,0050007F,05061,PU,195,116,,,17,,,,328,99,98,,,100,,,,99,98,94,,,95,,,,97,+1,+4,,,+5,,,,+2,83,56,,,65,,,,72,76,44,,,60,,,,64,+7,+12,,,+5,,,,+8,324,297,338,91,97,99,86,94,97,+5,+3,+2
AIX-MARSEILLE,HAUTES-ALPES,LYCEE ST JOSEPH,GAP,0050035L,05061,PR,95,,,,,,,,95,99,,,,,,,,99,98,,,,,,,,98,+1,,,,,,,,+1,88,,,,,,,,88,73,,,,,,,,73,+15,,,,,,,,+15,115,97,73,88,99,100,89,96,99,-1,+3,+1
AIX-MARSEILLE,VAUCLUSE,LYCEE CHARLES DE GAULLE (PLACE) (GENERAL ET TECHNO.),APT,0840001V,84003,PU,122,24,,,,15,,,161,98,62,,,,73,,,90,93,88,,,,90,,,92,+5,-26,,,,-17,,,-2,59,21,,,,40,,,52,50,28,,,,38,,,45,+9,-7,,,,+2,,,+7,166,166,163,81,85,91,80,90,94,+1,-5,-3
AIX-MARSEILLE,VAUCLUSE,LYCEE FREDERIC MISTRAL,AVIGNON,0840003X,84007,PU,255,,,30,,,,,285,97,,,100,,,,,97,96,,,99,,,,,97,+1,,,+1,,,,,0,67,,,83,,,,,68,64,,,86,,,,,67,+3,,,-3,,,,,+1,361,313,280,84,93,96,86,94,97,-2,-1,-1
AIX-MARSEILLE,VAUCLUSE,LYCEE THEODORE AUBANEL,AVIGNON,0840004Y,84007,PU,248,137,,,,,,,385,92,87,,,,,,,90,95,88,,,,,,,93,-3,-1,,,,,,,-3,60,31,,,,,,,50,62,32,,,,,,,51,-2,-1,,,,,,,-1,338,360,398,79,87,92,81,90,94,-2,-3,-2
AIX-MARSEILLE,VAUCLUSE,LYCEE PHILIPPE DE GIRARD (GENERAL ET TECHNO.),AVIGNON,0840005Z,84007,PU,68,,58,,,43,,,169,96,,78,,,79,,,85,86,,79,,,85,,,83,+10,,-1,,,-6,,,+2,47,,22,,,26,,,33,37,,22,,,32,,,31,+10,,0,,,-6,,,+2,147,193,174,75,83,89,74,84,89,+1,-1,0
AIX-MARSEILLE,VAUCLUSE,LYCEE LOUIS PASTEUR,AVIGNON,0840059H,84007,PR,187,45,,,7,28,,,267,98,100,,,100,96,,,98,99,97,,,ND,98,,,99,-1,+3,,,ND,-2,,,-1,82,60,,,86,57,,,76,85,57,,,ND,60,,,77,-3,+3,,,ND,-3,,,-1,224,291,262,90,95,99,89,96,99,+1,-1,0
AIX-MARSEILLE,VAUCLUSE,LYCEE ST JOSEPH,AVIGNON,0840072X,84007,PR,273,,,37,,29,,,339,99,,,100,,93,,,98,98,,,99,,96,,,98,+1,,,+1,,-3,,,0,78,,,92,,52,,,78,74,,,79,,56,,,73,+4,,,+13,,-4,,,+5,339,335,326,89,95,98,89,95,98,0,0,0
AIX-MARSEILLE,VAUCLUSE,LYCEE RENE CHAR (GENERAL ET TECHNO.),AVIGNON,0840935K,84007,PU,181,105,,,48,,,,334,96,89,,,94,,,,93,96,89,,,92,,,,93,0,0,,,+2,,,,0,60,41,,,60,,,,54,63,34,,,53,,,,52,-3,+7,,,+7,,,,+2,321,328,360,81,91,95,82,91,95,-1,0,0
AIX-MARSEILLE,VAUCLUSE,LYCEE ST JEAN BAPTISTE DE LA SALLE (GENERAL ET TECHNO.),AVIGNON,0840940R,84007,PR,21,,47,,,,,,68,100,,100,,,,,,100,98,,94,,,,,,95,+2,,+6,,,,,,+5,71,,55,,,,,,60,71,,52,,,,,,58,0,,+3,,,,,,+2,158,83,95,79,92,99,84,92,96,-5,0,+3
AIX-MARSEILLE,VAUCLUSE,LYCEE LUCIE AUBRAC,BOLLENE,0841093G,84019,PU,134,69,,,,,,,203,98,93,,,,,,,96,98,89,,,,,,,95,0,+4,,,,,,,+1,79,42,,,,,,,67,71,36,,,,,,,59,+8,+6,,,,,,,+8,262,209,223,91,96,98,84,92,96,+7,+4,+2
AIX-MARSEILLE,VAUCLUSE,LYCEE JEAN HENRI FABRE (GENERAL ET TECHNO.),CARPENTRAS,0840015K,84031,PU,205,,61,,,,,,266,97,,89,,,,,,95,97,,90,,,,,,95,0,,-1,,,,,,0,61,,41,,,,,,56,63,,37,,,,,,57,-2,,+4,,,,,,-1,270,255,234,87,91,97,85,93,97,+2,-2,0
AIX-MARSEILLE,VAUCLUSE,LYCEE VICTOR HUGO (GENERAL ET TECHNO.),CARPENTRAS,0840016L,84031,PU,170,126,,,,71,,,367,98,92,,,,92,,,95,97,92,,,,95,,,95,+1,0,,,,-3,,,0,69,43,,,,51,,,57,61,41,,,,50,,,52,+8,+2,,,,+1,,,+5,267,356,304,85,92,96,83,91,95,+2,+1,+1
AIX-MARSEILLE,VAUCLUSE,LYCEE MARIE PILA,CARPENTRAS,0840078D,84031,PR,168,,,,,,,,168,99,,,,,,,,99,99,,,,,,,,99,0,,,,,,,,0,80,,,,,,,,80,82,,,,,,,,82,-2,,,,,,,,-2,238,201,163,94,99,100,89,96,99,+5,+3,+1
AIX-MARSEILLE,VAUCLUSE,LYCEE ISMAEL DAUPHIN,CAVAILLON,0840017M,84035,PU,235,115,,,,,,,350,98,90,,,,,,,96,96,87,,,,,,,93,+2,+3,,,,,,,+3,69,41,,,,,,,59,64,30,,,,,,,53,+5,+11,,,,,,,+6,375,395,375,91,96,97,82,91,95,+9,+5,+2
AIX-MARSEILLE,VAUCLUSE,LYCEE ALPHONSE BENOIT (GENERAL ET TECHNO.),L ISLE SUR LA SORGUE,0840021S,84054,PU,204,,61,,,,,,265,97,,95,,,,,,97,97,,93,,,,,,96,0,,+2,,,,,,+1,77,,44,,,,,,70,70,,50,,,,,,66,+7,,-6,,,,,,+4,291,255,249,87,94,98,86,94,97,+1,0,+1
AIX-MARSEILLE,VAUCLUSE,LYCEE ARC (DE L'),ORANGE,0840026X,84087,PU,282,89,,,,,,,371,96,92,,,,,,,95,96,90,,,,,,,95,0,+2,,,,,,,0,62,43,,,,,,,58,61,36,,,,,,,55,+1,+7,,,,,,,+3,423,381,399,84,93,97,84,92,96,0,+1,+1
AIX-MARSEILLE,VAUCLUSE,LYCEE ST LOUIS,ORANGE,0840075A,84087,PR,95,,,,,,,,95,100,,,,,,,,100,98,,,,,,,,98,+2,,,,,,,,+2,76,,,,,,,,76,72,,,,,,,,72,+4,,,,,,,,+4,142,110,110,88,96,100,89,95,98,-1,+1,+2
AIX-MARSEILLE,VAUCLUSE,LYCEE VAL DE DURANCE-HENRI SILVY (GENERAL ET TECHNO.),PERTUIS,0840918S,84089,PU,250,68,,,,,,,318,98,90,,,,,,,96,98,94,,,,,,,97,0,-4,,,,,,,-1,78,44,,,,,,,71,69,43,,,,,,,64,+9,+1,,,,,,,+7,423,360,335,94,97,98,86,94,97,+8,+3,+1
AIX-MARSEILLE,VAUCLUSE,LYCEE STEPHANE HESSEL,VAISON LA ROMAINE,0841117H,84137,PU,94,,,,12,,,,106,98,,,,92,,,,97,97,,,,93,,,,97,+1,,,,-1,,,,0,74,,,,58,,,,73,64,,,,56,,,,63,+10,,,,+2,,,,+10,143,134,109,87,93,95,87,94,98,0,-1,-3
AMIENS,AISNE,LYCEE SAINTE SOPHIE,BOHAIN EN VERMANDOIS,0022022M,02095,PR,19,,,,,12,,,31,100,,,,,92,,,97,ND,,,,,ND,,,ND,ND,,,,,ND,,,ND,84,,,,,58,,,74,ND,,,,,ND,,,ND,ND,,,,,ND,,,ND,33,32,36,74,88,91,ND,ND,ND,ND,ND,ND
AMIENS,AISNE,LYCEE JEAN DE LA FONTAINE (GENERAL ET TECHNO.),CHATEAU THIERRY,0020012C,02168,PU,178,47,,,,24,,,249,95,81,,,,88,,,92,95,89,,,,93,,,94,0,-8,,,,-5,,,-2,62,19,,,,42,,,52,57,30,,,,50,,,52,+5,-11,,,,-8,,,0,272,289,285,87,93,95,85,92,95,+2,+1,0
AMIENS,AISNE,LYCEE SAINT JOSEPH,CHATEAU THIERRY,0021869W,02168,PR,29,,,,,,,6,35,100,,,,,,,83,97,ND,,,,,,,ND,ND,ND,,,,,,,ND,ND,59,,,,,,,50,57,ND,,,,,,,ND,ND,ND,,,,,,,ND,ND,29,16,31,75,91,97,ND,ND,ND,ND,ND,ND
AMIENS,AISNE,LYCEE JULES VERNE (GENERAL ET TECHNO.),CHATEAU THIERRY,0021939X,02168,PU,114,,33,,,,,,147,98,,91,,,,,,97,97,,92,,,,,,96,+1,,-1,,,,,,+1,64,,39,,,,,,59,66,,43,,,,,,61,-2,,-4,,,,,,-2,150,127,111,81,94,99,85,94,97,-4,0,+2
AMIENS,AISNE,LYCEE GAY LUSSAC,CHAUNY,0020014E,02173,PU,232,96,33,,8,64,,,433,97,88,82,,88,97,,,94,98,93,95,,ND,95,,,96,-1,-5,-13,,ND,+2,,,-2,68,32,42,,88,52,,,56,72,43,54,,ND,49,,,61,-4,-11,-12,,ND,+3,,,-5,416,395,384,79,90,96,86,94,97,-7,-4,-1
AMIENS,AISNE,LYCEE SAINT CHARLES,CHAUNY,0021870X,02173,PR,21,,,,,,,,21,100,,,,,,,,100,ND,,,,,,,,ND,ND,,,,,,,,ND,67,,,,,,,,67,ND,,,,,,,,ND,ND,,,,,,,,ND,30,31,28,79,89,95,ND,ND,ND,ND,ND,ND
AMIENS,AISNE,LYCEE SAINT JOSEPH,FONTAINE LES VERVINS,0021871Y,02321,PR,35,,,,,14,,,49,100,,,,,100,,,100,99,,,,,98,,,99,+1,,,,,+2,,,+1,83,,,,,93,,,86,81,,,,,65,,,76,+2,,,,,+28,,,+10,66,69,55,82,91,100,89,96,99,-7,-5,+1
AMIENS,AISNE,LYCEE FREDERIC ET IRENE JOLIOT CURIE,HIRSON,0020031Y,02381,PU,144,29,12,,,,,,185,94,83,92,,,,,,92,97,93,88,,,,,,96,-3,-10,+4,,,,,,-4,64,38,17,,,,,,57,65,42,31,,,,,,59,-1,-4,-14,,,,,,-2,180,171,184,80,91,94,85,93,97,-5,-2,-3
AMIENS,AISNE,LYCEE PAUL CLAUDEL,LAON,0020032Z,02408,PU,220,65,,,,62,,,347,95,88,,,,95,,,93,97,93,,,,93,,,96,-2,-5,,,,+2,,,-3,57,34,,,,45,,,50,67,38,,,,48,,,58,-10,-4,,,,-3,,,-8,328,381,358,87,91,94,85,93,96,+2,-2,-2
AMIENS,AISNE,LYCEE PIERRE MECHAIN (GENERAL ET TECHNO.),LAON,0020034B,02408,PU,108,,28,,15,,,,151,96,,96,,100,,,,97,99,,91,,96,,,,97,-3,,+5,,+4,,,,0,72,,57,,73,,,,70,79,,48,,60,,,,71,-7,,+9,,+13,,,,-1,226,145,163,80,94,98,85,95,98,-5,-1,0
AMIENS,AISNE,LYCEE LA PROVIDENCE,LAON,0021872Z,02408,PR,34,15,,,,,,,49,97,87,,,,,,,94,98,93,,,,,,,96,-1,-6,,,,,,,-2,59,20,,,,,,,47,69,39,,,,,,,60,-10,-19,,,,,,,-13,39,37,39,79,89,92,86,93,96,-7,-4,-4
AMIENS,AISNE,LYCEE HENRI MARTIN,SAINT QUENTIN,0020048S,02691,PU,243,,,,10,,,,253,95,,,,90,,,,95,95,,,,93,,,,94,0,,,,-3,,,,+1,53,,,,40,,,,52,55,,,,57,,,,55,-2,,,,-17,,,,-3,257,214,244,82,96,97,85,93,96,-3,+3,+1
AMIENS,AISNE,LYCEE PIERRE DE LA RAMEE,SAINT QUENTIN,0020049T,02691,PU,174,58,,,,30,,,262,95,90,,,,93,,,94,97,88,,,,94,,,95,-2,+2,,,,-1,,,-1,57,26,,,,37,,,48,65,32,,,,46,,,55,-8,-6,,,,-9,,,-7,308,294,268,83,91,97,85,92,96,-2,-1,+1
AMIENS,AISNE,LYCEE CONDORCET,SAINT QUENTIN,0020050U,02691,PU,134,69,37,,,,,,240,91,75,86,,,,,,86,97,89,91,,,,,,94,-6,-14,-5,,,,,,-8,50,25,35,,,,,,40,63,32,41,,,,,,51,-13,-7,-6,,,,,,-11,249,227,235,71,84,90,82,91,95,-11,-7,-5
AMIENS,AISNE,LYCEE ST JEAN LA CROIX,SAINT QUENTIN,0021873A,02691,PR,132,29,,,,,,,161,100,97,,,,,,,99,99,94,,,,,,,98,+1,+3,,,,,,,+1,82,31,,,,,,,73,83,42,,,,,,,76,-1,-11,,,,,,,-3,171,181,159,90,95,99,87,95,98,+3,0,+1
AMIENS,AISNE,LYCEE GERARD DE NERVAL,SOISSONS,0020059D,02722,PU,212,85,,,,,,,297,97,85,,,,,,,94,95,88,,,,,,,93,+2,-3,,,,,,,+1,61,24,,,,,,,50,55,32,,,,,,,48,+6,-8,,,,,,,+2,311,311,318,84,91,96,83,91,95,+1,0,+1
AMIENS,AISNE,LYCEE LEONARD DE VINCI (GENERAL ET TECHNO.),SOISSONS,0021476U,02722,PU,104,,28,,,,,,132,87,,89,,,,,,87,91,,89,,,,,,90,-4,,0,,,,,,-3,47,,39,,,,,,45,45,,36,,,,,,43,+2,,+3,,,,,,+2,164,129,130,76,85,90,82,90,94,-6,-5,-4
AMIENS,AISNE,LYCEE SAINT REMY,SOISSONS,0021874B,02722,PR,107,22,,,,21,,,150,98,91,,,,86,,,95,98,94,,,,94,,,97,0,-3,,,,-8,,,-2,74,18,,,,24,,,59,76,40,,,,46,,,66,-2,-22,,,,-22,,,-7,126,108,148,84,93,97,87,94,97,-3,-1,0
AMIENS,AISNE,LYCEE ST VINCENT DE PAUL,SOISSONS,0022108F,02722,PR,,,,27,,,,,27,,,,100,,,,,100,,,,ND,,,,,ND,,,,ND,,,,,ND,,,,67,,,,,67,,,,ND,,,,,ND,,,,ND,,,,,ND,46,43,33,95,97,100,ND,ND,ND,ND,ND,ND
AMIENS,AISNE,LYCEE EUROPEEN,VILLERS COTTERETS,0021946E,02810,PU,172,,,,,,,,172,98,,,,,,,,98,98,,,,,,,,98,0,,,,,,,,0,70,,,,,,,,70,69,,,,,,,,69,+1,,,,,,,,+1,233,180,181,89,97,98,88,95,98,+1,+2,0
AMIENS,OISE,LYCEE FELIX FAURE,BEAUVAIS,0600001A,60057,PU,307,98,,,,,,,405,100,97,,,,,,,99,99,94,,,,,,,97,+1,+3,,,,,,,+2,75,62,,,,,,,72,77,42,,,,,,,69,-2,+20,,,,,,,+3,453,391,414,88,97,99,88,95,98,0,+2,+1
AMIENS,OISE,LYCEE PAUL LANGEVIN (GENERAL ET TECHNO.),BEAUVAIS,0600002B,60057,PU,152,,129,30,25,,,,336,88,,76,100,88,,,,85,94,,89,99,94,,,,93,-6,,-13,+1,-6,,,,-8,42,,26,90,52,,,,41,53,,36,78,53,,,,49,-11,,-10,+12,-1,,,,-8,376,347,383,75,84,87,82,91,95,-7,-7,-8
AMIENS,OISE,LYCEE SAINT ESPRIT,BEAUVAIS,0601699W,60057,PR,200,26,,,19,,,,245,99,100,,,100,,,,99,99,97,,,98,,,,99,0,+3,,,+2,,,,0,78,50,,,74,,,,75,80,48,,,74,,,,76,-2,+2,,,0,,,,-1,276,209,254,92,96,99,89,95,98,+3,+1,+1
AMIENS,OISE,LYCEE FRANCOIS TRUFFAUT,BEAUVAIS,0601823F,60057,PU,228,50,,,,87,,,365,95,94,,,,90,,,94,96,92,,,,93,,,95,-1,+2,,,,-3,,,-1,57,38,,,,34,,,49,59,38,,,,46,,,53,-2,0,,,,-12,,,-4,216,355,326,86,93,98,84,92,96,+2,+1,+2
AMIENS,OISE,LYCEE JEANNE HACHETTE,BEAUVAIS,0601824G,60057,PU,237,116,,,,,,,353,98,89,,,,,,,95,98,91,,,,,,,95,0,-2,,,,,,,0,68,32,,,,,,,56,69,35,,,,,,,58,-1,-3,,,,,,,-2,328,304,298,83,91,95,86,93,96,-3,-2,-1
AMIENS,OISE,LYCEE ST VINCENT DE PAUL,BEAUVAIS,0601950U,60057,PR,,,,,,25,,,25,,,,,,92,,,92,,,,,,ND,,,ND,,,,,,ND,,,ND,,,,,,40,,,40,,,,,,ND,,,ND,,,,,,ND,,,ND,19,19,22,51,86,96,ND,ND,ND,ND,ND,ND
AMIENS,OISE,LYCEE JEAN ROSTAND,CHANTILLY,0600009J,60141,PU,332,53,,,,,,,385,94,98,,,,,,,95,98,94,,,,,,,97,-4,+4,,,,,,,-2,61,49,,,,,,,59,70,38,,,,,,,66,-9,+11,,,,,,,-7,404,358,379,84,93,96,86,95,98,-2,-2,-2
AMIENS,OISE,LYCEE CASSINI,CLERMONT,0600013N,60157,PU,300,99,,,,52,,,451,99,96,,,,88,,,97,98,94,,,,95,,,97,+1,+2,,,,-7,,,0,69,42,,,,37,,,59,71,44,,,,50,,,62,-2,-2,,,,-13,,,-3,545,468,443,85,95,98,86,94,97,-1,+1,+1
AMIENS,OISE,LYCEE PIERRE D AILLY,COMPIEGNE,0600014P,60159,PU,324,73,,,,,,,397,95,82,,,,,,,93,99,95,,,,,,,98,-4,-13,,,,,,,-5,73,33,,,,,,,66,79,44,,,,,,,72,-6,-11,,,,,,,-6,447,420,412,88,93,96,87,95,98,+1,-2,-2
AMIENS,OISE,LYCEE MIREILLE GRENET,COMPIEGNE,0600015R,60159,PU,197,71,52,,22,,,,342,94,62,88,,91,,,,87,96,86,93,,95,,,,93,-2,-24,-5,,-4,,,,-6,54,11,35,,50,,,,42,61,27,46,,57,,,,52,-7,-16,-11,,-7,,,,-10,338,360,363,76,85,89,82,91,95,-6,-6,-6
AMIENS,OISE,LYCEE SEVIGNE,COMPIEGNE,0601700X,60159,PR,33,16,,,,,,,49,91,94,,,,,,,92,98,94,,,,,,,96,-7,0,,,,,,,-4,67,44,,,,,,,59,73,42,,,,,,,63,-6,+2,,,,,,,-4,34,40,48,69,89,98,84,92,97,-15,-3,+1
AMIENS,OISE,LYCEE JEAN-PAUL II,COMPIEGNE,0601701Y,60159,PR,224,43,,,,19,,,286,98,95,,,,95,,,98,99,97,,,,98,,,99,-1,-2,,,,-3,,,-1,77,49,,,,53,,,71,82,50,,,,64,,,76,-5,-1,,,,-11,,,-5,300,250,298,85,94,98,88,95,98,-3,-1,0
AMIENS,OISE,LYCEE CHARLES DE GAULLE (GENERAL ET TECHNO.),COMPIEGNE,0601863Z,60159,PU,159,56,,,,,,12,227,91,89,,,,,,100,91,98,94,,,,,,98,97,-7,-5,,,,,,+2,-6,56,43,,,,,,58,53,68,43,,,,,,59,61,-12,0,,,,,,-1,-8,246,244,224,91,94,96,87,94,97,+4,0,-1
AMIENS,OISE,LYCEE JULES UHRY,CREIL,0600021X,60175,PU,194,113,,,,60,,,367,85,79,,,,73,,,81,89,80,,,,83,,,86,-4,-1,,,,-10,,,-5,41,28,,,,37,,,37,40,21,,,,36,,,34,+1,+7,,,,+1,,,+3,311,388,396,78,82,88,75,85,89,+3,-3,-1
AMIENS,OISE,LYCEE JEAN MONNET,CREPY EN VALOIS,0601832R,60176,PU,242,85,42,,,,,,369,97,94,100,,,,,,96,97,92,93,,,,,,96,0,+2,+7,,,,,,0,69,49,43,,,,,,61,66,39,43,,,,,,57,+3,+10,0,,,,,,+4,398,322,384,86,96,98,85,93,96,+1,+3,+2
AMIENS,OISE,LYCEE CONDORCET,MERU,0601865B,60395,PU,230,68,,,,,,,298,88,82,,,,,,,87,93,90,,,,,,,92,-5,-8,,,,,,,-5,43,37,,,,,,,42,45,29,,,,,,,41,-2,+8,,,,,,,+1,338,328,282,80,85,91,83,91,95,-3,-6,-4
AMIENS,OISE,LYCEE ANDRE MALRAUX,MONTATAIRE,0601864A,60414,PU,139,82,,,,,,,221,90,90,,,,,,,90,93,88,,,,,,,91,-3,+2,,,,,,,-1,61,17,,,,,,,45,50,30,,,,,,,42,+11,-13,,,,,,,+3,213,239,227,87,93,94,80,89,93,+7,+4,+1
AMIENS,OISE,LYCEE SAINT DOMINIQUE,MORTEFONTAINE,0602070Z,60432,PR,160,,,,,,,,160,100,,,,,,,,100,100,,,,,,,,100,0,,,,,,,,0,86,,,,,,,,86,90,,,,,,,,90,-4,,,,,,,,-4,187,177,159,94,100,100,91,97,99,+3,+3,+1
AMIENS,OISE,LYCEE MARIE CURIE,NOGENT SUR OISE,0600020W,60463,PU,337,,125,,52,,,,514,94,,76,,85,,,,89,96,,84,,88,,,,92,-2,,-8,,-3,,,,-3,55,,29,,46,,,,48,58,,28,,45,,,,50,-3,,+1,,+1,,,,-2,518,474,472,87,91,95,82,91,95,+5,0,0
AMIENS,OISE,LYCEE JEAN CALVIN,NOYON,0600040T,60471,PU,227,61,,,,56,,,344,95,87,,,,91,,,93,97,90,,,,93,,,95,-2,-3,,,,-2,,,-2,59,20,,,,38,,,49,63,33,,,,47,,,55,-4,-13,,,,-9,,,-6,348,345,318,84,91,94,85,93,96,-1,-2,-2
AMIENS,OISE,LYCEE ST JOSEPH DU MONCEL,PONT SAINTE MAXENCE,0601831P,60509,PR,99,25,,,,,,,124,100,96,,,,,,,99,99,97,,,,,,,98,+1,-1,,,,,,,+1,89,40,,,,,,,79,77,53,,,,,,,72,+12,-13,,,,,,,+7,154,125,119,90,99,100,88,95,98,+2,+4,+2
AMIENS,OISE,LYCEE SAINT VINCENT,SENLIS,0601149Y,60612,PR,196,34,,,,20,,,250,98,100,,,,100,,,99,99,98,,,,95,,,99,-1,+2,,,,+5,,,0,83,59,,,,50,,,77,87,63,,,,53,,,81,-4,-4,,,,-3,,,-4,273,263,245,87,95,99,90,96,99,-3,-1,0
AMIENS,OISE,LYCEE HUGUES CAPET,SENLIS,0601826J,60612,PU,191,52,,,,,,,243,94,92,,,,,,,93,97,94,,,,,,,96,-3,-2,,,,,,,-3,62,35,,,,,,,56,68,40,,,,,,,62,-6,-5,,,,,,,-6,226,221,245,81,94,96,86,94,97,-5,0,-1
AMIENS,SOMME,LYCEE BOUCHER DE PERTHES,ABBEVILLE,0800001S,80001,PU,216,67,22,,,50,,,355,99,88,91,,,94,,,95,98,92,91,,,95,,,96,+1,-4,0,,,-1,,,-1,75,31,32,,,52,,,61,73,34,40,,,51,,,61,+2,-3,-8,,,+1,,,0,368,366,385,78,90,96,86,94,97,-8,-4,-1
AMIENS,SOMME,LYCEE SAINT PIERRE,ABBEVILLE,0801206B,80001,PR,70,26,,,,,,,96,100,100,,,,,,,100,99,96,,,,,,,98,+1,+4,,,,,,,+2,74,46,,,,,,,67,80,54,,,,,,,73,-6,-8,,,,,,,-6,102,62,88,74,94,100,89,95,98,-15,-1,+2
AMIENS,SOMME,LYCEE LAMARCK (GENERAL ET TECHNO.),ALBERT,0800007Y,80016,PU,96,31,16,,,,,,143,98,90,81,,,,,,94,98,94,93,,,,,,97,0,-4,-12,,,,,,-3,81,48,19,,,,,,67,74,46,46,,,,,,65,+7,+2,-27,,,,,,+2,140,151,126,87,92,96,87,94,97,0,-2,-1
AMIENS,SOMME,LYCEE LOUIS THUILLIER,AMIENS,0800009A,80021,PU,341,,,,,,,,341,95,,,,,,,,95,97,,,,,,,,97,-2,,,,,,,,-2,61,,,,,,,,61,69,,,,,,,,69,-8,,,,,,,,-8,364,327,340,87,93,96,87,95,98,0,-2,-2
AMIENS,SOMME,LYCEE MADELEINE MICHELIS,AMIENS,0800010B,80021,PU,281,,,,,,,,281,96,,,,,,,,96,98,,,,,,,,98,-2,,,,,,,,-2,65,,,,,,,,65,73,,,,,,,,73,-8,,,,,,,,-8,348,286,294,89,95,96,87,95,98,+2,0,-2
AMIENS,SOMME,LYCEE EDOUARD GAND,AMIENS,0800011C,80021,PU,,78,,,,83,,,161,,85,,,,89,,,87,,87,,,,92,,,90,,-2,,,,-3,,,-3,,22,,,,39,,,30,,30,,,,42,,,36,,-8,,,,-3,,,-6,0,174,160,62,81,93,79,86,91,-17,-5,+2
AMIENS,SOMME,LYCEE SACRE COEUR,AMIENS,0801207C,80021,PR,168,25,,,,,,,193,98,100,,,,,,,98,99,97,,,,,,,99,-1,+3,,,,,,,-1,72,40,,,,,,,68,79,49,,,,,,,75,-7,-9,,,,,,,-7,215,204,187,82,93,98,89,96,99,-7,-3,-1
AMIENS,SOMME,LYCEE SAINTE FAMILLE,AMIENS,0801209E,80021,PR,258,,,,,,,,258,100,,,,,,,,100,99,,,,,,,,99,+1,,,,,,,,+1,88,,,,,,,,88,85,,,,,,,,85,+3,,,,,,,,+3,292,299,252,91,94,100,91,97,99,0,-3,+1
AMIENS,SOMME,LYCEE EDOUARD BRANLY,AMIENS,0801327H,80021,PU,61,,67,31,,,,,159,92,,81,100,,,,,89,97,,90,99,,,,,94,-5,,-9,+1,,,,,-5,64,,15,87,,,,,48,65,,37,86,,,,,57,-1,,-22,+1,,,,,-9,221,195,193,68,82,91,84,92,96,-16,-10,-5
AMIENS,SOMME,LYCEE SAINT REMI,AMIENS,0801479Y,80021,PR,,68,,,,95,,,163,,88,,,,95,,,92,,92,,,,95,,,94,,-4,,,,0,,,-2,,31,,,,37,,,34,,38,,,,51,,,46,,-7,,,,-14,,,-12,76,135,129,79,84,94,83,90,94,-4,-6,0
AMIENS,SOMME,LYCEE JEAN BAPTISTE DELAMBRE (GENERAL ET TECHNO.),AMIENS,0801700N,80021,PU,101,,30,,21,,,,152,90,,60,,76,,,,82,91,,79,,85,,,,88,-1,,-19,,-9,,,,-6,55,,7,,14,,,,40,47,,24,,39,,,,41,+8,,-17,,-25,,,,-1,183,176,200,58,83,89,79,88,92,-21,-5,-3
AMIENS,SOMME,LYCEE LA PROVIDENCE,AMIENS,0801742J,80021,PR,126,,18,,,,,,144,95,,94,,,,,,95,98,,91,,,,,,98,-3,,+3,,,,,,-3,60,,22,,,,,,56,78,,47,,,,,,74,-18,,-25,,,,,,-18,113,123,102,77,86,99,88,95,98,-11,-9,+1
AMIENS,SOMME,LYCEE ROBERT DE LUZARCHES,AMIENS,0801841S,80021,PU,236,70,,,,,,,306,95,80,,,,,,,92,98,91,,,,,,,96,-3,-11,,,,,,,-4,69,27,,,,,,,59,74,35,,,,,,,65,-5,-8,,,,,,,-6,342,352,309,79,87,93,85,94,97,-6,-7,-4
AMIENS,SOMME,LYCEE SAINT RIQUIER,AMIENS,0801874C,80021,PR,116,,19,,,,,,135,100,,95,,,,,,99,99,,97,,,,,,99,+1,,-2,,,,,,0,82,,63,,,,,,79,82,,68,,,,,,80,0,,-5,,,,,,-1,168,149,128,87,95,99,90,96,99,-3,-1,0
AMIENS,SOMME,LYCEE LA HOTOIE (GENERAL ET TECHNO.),AMIENS,0801882L,80021,PU,175,68,,,,,,,243,93,82,,,,,,,90,93,82,,,,,,,90,0,0,,,,,,,0,55,21,,,,,,,45,50,25,,,,,,,43,+5,-4,,,,,,,+2,261,286,285,76,88,92,80,89,93,-4,-1,-1
AMIENS,SOMME,LYCEE MONTALEMBERT,DOULLENS,0801743K,80253,PR,30,,,,,,,,30,97,,,,,,,,97,ND,,,,,,,,ND,ND,,,,,,,,ND,77,,,,,,,,77,ND,,,,,,,,ND,ND,,,,,,,,ND,28,27,27,84,90,100,ND,ND,ND,ND,ND,ND
AMIENS,SOMME,LYCEE DE L'AUTHIE (GENERAL ET TECHNO.),DOULLENS,0801900F,80253,PU,79,,13,,,51,,,143,99,,85,,,96,,,97,98,,88,,,93,,,95,+1,,-3,,,+3,,,+2,67,,46,,,33,,,53,68,,42,,,45,,,57,-1,,+4,,,-12,,,-4,185,144,143,87,94,97,84,93,96,+3,+1,+1
AMIENS,SOMME,LYCEE DU VIMEU (GENERAL ET TECHNO.),FRIVILLE ESCARBOTIN,0801864S,80368,PU,149,32,25,,,,,,206,97,81,88,,,,,,94,98,93,92,,,,,,96,-1,-12,-4,,,,,,-2,60,59,44,,,,,,58,69,44,46,,,,,,62,-9,+15,-2,,,,,,-4,168,177,165,87,94,97,86,94,97,+1,0,0
AMIENS,SOMME,LYCEE JEAN RACINE (GENERAL ET TECHNO.),MONTDIDIER,0801853E,80561,PU,161,56,22,,,,,,239,94,89,91,,,,,,93,96,92,87,,,,,,94,-2,-3,+4,,,,,,-1,45,27,32,,,,,,40,59,37,31,,,,,,51,-14,-10,+1,,,,,,-11,246,256,211,83,87,93,83,92,95,0,-5,-2
AMIENS,SOMME,LYCEE PIERRE MENDES FRANCE,PERONNE,0800046R,80620,PU,120,44,14,,,,,,178,96,86,86,,,,,,93,96,89,89,,,,,,94,0,-3,-3,,,,,,-1,51,36,36,,,,,,46,59,32,36,,,,,,51,-8,+4,0,,,,,,-5,177,191,162,82,89,93,85,92,95,-3,-3,-2
AMIENS,SOMME,LYCEE SACRE COEUR,PERONNE,0801226Y,80620,PR,42,,,,,,,,42,100,,,,,,,,100,98,,,,,,,,98,+2,,,,,,,,+2,71,,,,,,,,71,77,,,,,,,,77,-6,,,,,,,,-6,69,48,37,82,93,100,89,96,99,-7,-3,+1
BESANCON,DOUBS,LYCEE VICTOR HUGO,BESANCON,0250007X,25056,PU,155,97,32,,,,,,284,99,84,78,,,,,,91,98,92,94,,,,,,96,+1,-8,-16,,,,,,-5,70,36,56,,,,,,57,73,41,53,,,,,,60,-3,-5,+3,,,,,,-3,328,320,315,78,90,92,84,93,96,-6,-3,-4
BESANCON,DOUBS,LYCEE LOUIS PASTEUR,BESANCON,0250008Y,25056,PU,309,35,,21,,,8,,373,95,97,,95,,,100,,95,99,93,,100,,,ND,,98,-4,+4,,-5,,,ND,,-3,69,37,,86,,,100,,68,77,42,,94,,,ND,,75,-8,-5,,-8,,,ND,,-7,381,352,380,86,93,98,87,95,98,-1,-2,0
BESANCON,DOUBS,LYCEE LOUIS PERGAUD,BESANCON,0250010A,25056,PU,338,170,,,26,64,,,598,99,87,,,96,98,,,95,98,92,,,96,97,,,96,+1,-5,,,0,+1,,,-1,69,31,,,58,80,,,59,74,39,,,65,58,,,62,-5,-8,,,-7,+22,,,-3,450,493,512,83,92,96,86,93,97,-3,-1,-1
BESANCON,DOUBS,LYCEE JULES HAAG (GENERAL ET TECHNO.),BESANCON,0250011B,25056,PU,284,,76,,21,,,,381,99,,86,,90,,,,96,99,,95,,91,,,,97,0,,-9,,-1,,,,-1,67,,34,,48,,,,59,75,,55,,55,,,,70,-8,,-21,,-7,,,,-11,396,392,418,87,93,97,88,95,98,-1,-2,-1
BESANCON,DOUBS,LYCEE SAINT PAUL,BESANCON,0251021Z,25056,PR,130,,26,,,,,,156,99,,96,,,,,,99,99,,96,,,,,,99,0,,0,,,,,,0,77,,50,,,,,,72,82,,60,,,,,,79,-5,,-10,,,,,,-7,159,163,136,92,97,99,89,96,99,+3,+1,0
BESANCON,DOUBS,INSTITUTION NOTRE DAME SAINT JEAN - LYCEE,BESANCON,0251028G,25056,PR,202,40,,,,31,,,273,99,100,,,,100,,,99,99,98,,,,98,,,99,0,+2,,,,+2,,,0,72,80,,,,61,,,72,80,57,,,,67,,,75,-8,+23,,,,-6,,,-3,274,272,258,88,95,100,89,96,99,-1,-1,+1
BESANCON,DOUBS,LYCEE CLAUDE NICOLAS LEDOUX (GENERAL ET TECHNO.),BESANCON,0251711Z,25056,PU,199,33,,,,,,,232,98,97,,,,,,,98,98,92,,,,,,,97,0,+5,,,,,,,+1,69,48,,,,,,,66,75,43,,,,,,,71,-6,+5,,,,,,,-5,257,234,226,91,97,98,87,94,98,+4,+3,0
BESANCON,DOUBS,LYCEE GEORGES CUVIER,MONTBELIARD,0250030X,25388,PU,260,68,,,,,,,328,96,81,,,,,,,93,97,90,,,,,,,96,-1,-9,,,,,,,-3,60,25,,,,,,,52,65,35,,,,,,,59,-5,-10,,,,,,,-7,392,323,313,88,93,94,85,93,96,+3,0,-2
BESANCON,DOUBS,LYCEE GERMAINE TILLION (GENERAL ET TECHNO.),MONTBELIARD,0251994G,25388,PU,225,93,91,,,69,,,478,95,85,78,,,81,,,88,97,87,90,,,92,,,93,-2,-2,-12,,,-11,,,-5,58,25,30,,,26,,,41,69,31,40,,,42,,,52,-11,-6,-10,,,-16,,,-11,416,460,495,83,91,94,83,91,95,0,0,-1
BESANCON,DOUBS,LYCEE EDGAR FAURE (GENERAL ET TECHNO.),MORTEAU,0251671F,25411,PU,187,,34,,12,,,,233,96,,91,,100,,,,96,98,,96,,95,,,,98,-2,,-5,,+5,,,,-2,61,,56,,67,,,,61,73,,62,,68,,,,71,-12,,-6,,-1,,,,-10,289,220,205,87,96,97,87,95,98,0,+1,-1
BESANCON,DOUBS,LYCEE XAVIER MARMIER (GENERAL ET TECHNO.),PONTARLIER,0250043L,25462,PU,285,73,,,,22,,,380,98,95,,,,95,,,97,98,95,,,,98,,,97,0,0,,,,-3,,,0,64,44,,,,77,,,61,71,49,,,,63,,,67,-7,-5,,,,+14,,,-6,439,425,377,85,94,97,88,95,98,-3,-1,-1
BESANCON,DOUBS,LYCEE LES AUGUSTINS,PONTARLIER,0251024C,25462,PR,96,,,,,,,,96,100,,,,,,,,100,99,,,,,,,,99,+1,,,,,,,,+1,88,,,,,,,,88,82,,,,,,,,82,+6,,,,,,,,+6,110,103,110,88,97,100,90,96,99,-2,+1,+1
BESANCON,DOUBS,LYCEE ARMAND PEUGEOT,VALENTIGNEY,0250058C,25580,PU,190,79,2,,,,,,271,96,81,50,,,,,,92,97,87,ND,,,,,,94,-1,-6,ND,,,,,,-2,65,29,0,,,,,,54,64,29,ND,,,,,,54,+1,0,ND,,,,,,0,282,218,279,84,93,95,84,92,95,0,+1,0
BESANCON,HAUTE-SAONE,LYCEE AUGUSTIN COURNOT (GENERAL ET TECHNO.),GRAY,0700009E,70279,PU,147,45,18,,,,,,210,93,87,94,,,,,,91,97,91,95,,,,,,96,-4,-4,-1,,,,,,-5,58,24,50,,,,,,50,66,33,56,,,,,,58,-8,-9,-6,,,,,,-8,195,168,168,83,93,95,85,93,96,-2,0,-1
BESANCON,HAUTE-SAONE,LYCEE LOUIS ARAGON (GENERAL ET TECHNO.),HERICOURT,0701035V,70285,PU,125,,22,,,,,,147,98,,95,,,,,,97,99,,96,,,,,,98,-1,,-1,,,,,,-1,72,,50,,,,,,69,80,,56,,,,,,76,-8,,-6,,,,,,-7,127,117,116,92,96,99,88,95,98,+4,+1,+1
BESANCON,HAUTE-SAONE,LYCEE GEORGES COLOMB (GENERAL ET TECHNO.),LURE,0700018P,70310,PU,179,66,,,,,,,245,95,95,,,,,,,95,98,92,,,,,,,96,-3,+3,,,,,,,-1,65,42,,,,,,,59,71,40,,,,,,,63,-6,+2,,,,,,,-4,229,221,233,90,96,98,87,94,97,+3,+2,+1
BESANCON,HAUTE-SAONE,LYCEE LUMIERE (GENERAL ET TECHNO.),LUXEUIL LES BAINS,0701078S,70311,PU,123,35,,,23,,,,181,89,63,,,87,,,,84,97,91,,,95,,,,95,-8,-28,,,-8,,,,-11,54,29,,,48,,,,49,62,36,,,64,,,,57,-8,-7,,,-16,,,,-8,206,158,189,80,86,89,85,93,96,-5,-7,-7
BESANCON,HAUTE-SAONE,LYCEE EDOUARD BELIN (GENERAL ET TECHNO.),VESOUL,0700905D,70550,PU,229,,42,,,,,,271,98,,88,,,,,,96,97,,91,,,,,,96,+1,,-3,,,,,,0,67,,43,,,,,,63,67,,38,,,,,,62,0,,+5,,,,,,+1,269,278,273,89,94,97,86,94,97,+3,0,0
BESANCON,HAUTE-SAONE,LYCEE LES HABERGES,VESOUL,0701052N,70550,PU,164,57,,,,44,,,265,99,91,,,,100,,,97,98,95,,,,96,,,97,+1,-4,,,,+4,,,0,67,32,,,,50,,,57,72,44,,,,53,,,63,-5,-12,,,,-3,,,-6,229,266,245,89,94,98,87,94,97,+2,0,+1
BESANCON,JURA,LYCEE PAUL EMILE VICTOR (GENERAL ET TECHNO.),CHAMPAGNOLE,0391092A,39097,PU,122,,26,,,,,,148,96,,88,,,,,,95,97,,96,,,,,,97,-1,,-8,,,,,,-2,60,,50,,,,,,58,64,,60,,,,,,63,-4,,-10,,,,,,-5,140,139,127,81,88,95,87,94,97,-6,-6,-2
BESANCON,JURA,LYCEE CHARLES NODIER,DOLE,0390012B,39198,PU,206,,,,,,,,206,97,,,,,,,,97,98,,,,,,,,98,-1,,,,,,,,-1,66,,,,,,,,66,73,,,,,,,,73,-7,,,,,,,,-7,242,218,205,88,93,98,89,95,98,-1,-2,0
BESANCON,JURA,LYCEE JACQUES DUHAMEL (GENERAL ET TECHNO.),DOLE,0390013C,39198,PU,155,53,36,,20,,,,264,95,91,83,,100,,,,93,98,94,93,,97,,,,96,-3,-3,-10,,+3,,,,-3,57,47,42,,75,,,,54,72,45,47,,69,,,,63,-15,+2,-5,,+6,,,,-9,280,268,273,80,89,93,86,94,97,-6,-5,-4
BESANCON,JURA,LYCEE PASTEUR MONT ROLAND (GENERAL ET TECHNO.),DOLE,0391146J,39198,PR,29,,,30,,15,,,74,93,,,100,,100,,,97,95,,,99,,97,,,97,-2,,,+1,,+3,,,0,52,,,83,,40,,,62,66,,,82,,59,,,71,-14,,,+1,,-19,,,-9,102,79,77,86,96,99,87,94,97,-1,+2,+2
BESANCON,JURA,LYCEE JEAN MICHEL,LONS LE SAUNIER,0390019J,39300,PU,332,90,,,,,,,422,95,86,,,,,,,93,98,93,,,,,,,97,-3,-7,,,,,,,-4,66,38,,,,,,,60,75,40,,,,,,,67,-9,-2,,,,,,,-7,355,368,399,87,92,96,87,94,97,0,-2,-1
BESANCON,JURA,LYCEE SAINTE MARIE,LONS LE SAUNIER,0390070P,39300,PR,34,,,,,,,,34,97,,,,,,,,97,ND,,,,,,,,ND,ND,,,,,,,,ND,74,,,,,,,,74,ND,,,,,,,,ND,ND,,,,,,,,ND,41,35,27,74,94,97,ND,ND,ND,ND,ND,ND
BESANCON,JURA,LYCEE VICTOR BERARD (GENERAL ET TECHNO.),MOREZ,0390027T,39368,PU,111,,19,,7,,,,137,98,,100,,100,,,,99,98,,94,,ND,,,,97,0,,+6,,ND,,,,+2,71,,53,,100,,,,70,73,,52,,ND,,,,69,-2,,+1,,ND,,,,+1,148,127,111,86,93,99,88,95,98,-2,-2,+1
BESANCON,JURA,LYCEE HYACINTHE FRIANT (GENERAL ET TECHNO.),POLIGNY,0390033Z,39434,PU,38,,,,,25,,56,119,92,,,,,96,,100,97,98,,,,,97,,99,99,-6,,,,,-1,,+1,-2,79,,,,,72,,86,81,77,,,,,59,,78,73,+2,,,,,+13,,+8,+8,155,144,143,89,95,97,88,94,98,+1,+1,-1
BESANCON,JURA,LYCEE PRE SAINT SAUVEUR (GENERAL ET TECHNO.),SAINT CLAUDE,0390786T,39478,PU,86,37,15,,,,,,138,94,89,80,,,,,,91,95,87,86,,,,,,92,-1,+2,-6,,,,,,-1,57,24,20,,,,,,44,59,33,31,,,,,,49,-2,-9,-11,,,,,,-5,127,124,136,88,93,96,82,90,94,+6,+3,+2
BESANCON,JURA,LYCEE VICTOR CONSIDERANT,SALINS LES BAINS,0390042J,39500,PU,76,,,,,,,,76,99,,,,,,,,99,99,,,,,,,,99,0,,,,,,,,0,68,,,,,,,,68,76,,,,,,,,76,-8,,,,,,,,-8,93,80,83,86,94,100,88,96,99,-2,-2,+1
BESANCON,TERRITOIRE DE BELFORT,LYCEE CONDORCET,BELFORT,0900002N,90010,PU,272,61,,,,,,,333,97,93,,,,,,,97,98,95,,,,,,,98,-1,-2,,,,,,,-1,62,46,,,,,,,59,75,50,,,,,,,70,-13,-4,,,,,,,-11,328,288,288,86,94,97,88,95,98,-2,-1,-1
BESANCON,TERRITOIRE DE BELFORT,LYCEE GUSTAVE COURBET,BELFORT,0900003P,90010,PU,241,70,,,,,,,311,96,93,,,,,,,95,98,92,,,,,,,96,-2,+1,,,,,,,-1,67,23,,,,,,,57,71,37,,,,,,,63,-4,-14,,,,,,,-6,359,358,356,93,96,99,86,94,97,+7,+2,+2
BESANCON,TERRITOIRE DE BELFORT,LYCEE RAOUL FOLLEREAU,BELFORT,0900004R,90010,PU,113,60,61,,32,53,,,319,94,73,84,,91,96,,,88,97,87,90,,94,96,,,93,-3,-14,-6,,-3,0,,,-5,64,22,26,,69,57,,,48,68,27,39,,61,51,,,51,-4,-5,-13,,+8,+6,,,-3,247,329,344,82,89,94,82,91,95,0,-2,-1
BESANCON,TERRITOIRE DE BELFORT,LYCEE NOTRE DAME DES ANGES,BELFORT,0900029T,90010,PR,36,19,,,,,,,55,97,79,,,,,,,91,97,90,,,,,,,94,0,-11,,,,,,,-3,56,32,,,,,,,47,61,33,,,,,,,52,-5,-1,,,,,,,-5,49,54,51,74,91,93,84,92,96,-10,-1,-3
BESANCON,TERRITOIRE DE BELFORT,LYCEE SAINTE-MARIE,BELFORT,0900030U,90010,PR,168,,,,11,,,,179,98,,,,100,,,,98,99,,,,97,,,,99,-1,,,,+3,,,,-1,76,,,,73,,,,76,80,,,,71,,,,80,-4,,,,+2,,,,-4,209,191,163,91,96,99,89,96,99,+2,0,0
BORDEAUX,DORDOGNE,LYCEE MAINE DE BIRAN,BERGERAC,0240005A,24037,PU,309,113,34,,,,,,456,93,85,79,,,,,,90,97,92,90,,,,,,95,-4,-7,-11,,,,,,-5,56,35,35,,,,,,49,67,38,36,,,,,,58,-11,-3,-1,,,,,,-9,454,425,431,78,86,93,85,93,96,-7,-7,-3
BORDEAUX,DORDOGNE,LYCEE STE MARTHE - ST FRONT,BERGERAC,0240076C,24037,PR,86,,,,,19,,,105,100,,,,,100,,,100,99,,,,,98,,,99,+1,,,,,+2,,,+1,74,,,,,79,,,75,77,,,,,68,,,75,-3,,,,,+11,,,0,147,103,105,79,94,100,88,96,99,-9,-2,+1
BORDEAUX,DORDOGNE,LYCEE GIRAUT DE BORNEIL,EXCIDEUIL,0240013J,24164,PU,37,15,,,,,,,52,100,100,,,,,,,100,99,92,,,,,,,97,+1,+8,,,,,,,+3,70,40,,,,,,,62,81,38,,,,,,,69,-11,+2,,,,,,,-7,57,64,50,81,91,100,86,94,97,-5,-3,+3
BORDEAUX,DORDOGNE,LYCEE ALCIDE DUSOLIER (GENERAL ET TECHNO.),NONTRON,0240021T,24311,PU,87,,,,,,,,87,97,,,,,,,,97,98,,,,,,,,98,-1,,,,,,,,-1,71,,,,,,,,71,74,,,,,,,,74,-3,,,,,,,,-3,76,78,81,91,96,99,88,95,98,+3,+1,+1
BORDEAUX,DORDOGNE,LYCEE BERTRAN DE BORN,PERIGUEUX,0240024W,24322,PU,192,57,,,,,,,249,96,89,,,,,,,94,98,94,,,,,,,97,-2,-5,,,,,,,-3,66,40,,,,,,,60,74,45,,,,,,,67,-8,-5,,,,,,,-7,280,287,279,81,90,96,87,94,98,-6,-4,-2
BORDEAUX,DORDOGNE,LYCEE LAURE GATET,PERIGUEUX,0240025X,24322,PU,166,66,,,,,,,232,96,79,,,,,,,91,97,92,,,,,,,96,-1,-13,,,,,,,-5,63,27,,,,,,,53,65,38,,,,,,,57,-2,-11,,,,,,,-4,166,218,242,78,87,92,84,93,96,-6,-6,-4
BORDEAUX,DORDOGNE,LYCEE ALBERT CLAVEILLE (GENERAL ET TECHNO.),PERIGUEUX,0240026Y,24322,PU,59,,104,35,,,,,198,100,,94,100,,,,,97,99,,94,100,,,,,97,+1,,0,0,,,,,0,85,,51,89,,,,,68,75,,54,88,,,,,66,+10,,-3,+1,,,,,+2,198,185,187,85,96,98,86,94,97,-1,+2,+1
BORDEAUX,DORDOGNE,LYCEE ST JOSEPH,PERIGUEUX,0240079F,24322,PR,89,18,,,,,,,107,99,100,,,,,,,99,99,97,,,,,,,99,0,+3,,,,,,,0,69,50,,,,,,,65,78,50,,,,,,,73,-9,0,,,,,,,-8,149,119,115,81,93,97,88,96,99,-7,-3,-2
BORDEAUX,DORDOGNE,LYCEE JAY DE BEAUFORT,PERIGUEUX,0241137F,24322,PU,220,,,,33,60,,,313,98,,,,97,92,,,96,99,,,,95,94,,,97,-1,,,,+2,-2,,,-1,66,,,,61,42,,,61,77,,,,62,48,,,70,-11,,,,-1,-6,,,-9,309,325,305,82,93,97,87,95,98,-5,-2,-1
BORDEAUX,DORDOGNE,LYCEE ARNAUT DANIEL,RIBERAC,0240032E,24352,PU,98,24,,,,,,,122,93,79,,,,,,,90,97,91,,,,,,,96,-4,-12,,,,,,,-6,46,21,,,,,,,41,65,36,,,,,,,59,-19,-15,,,,,,,-18,121,118,129,73,86,92,85,93,97,-12,-7,-5
BORDEAUX,DORDOGNE,LYCEE PRE DE CORDY,SARLAT LA CANEDA,0240035H,24520,PU,172,34,32,,,,,,238,98,100,94,,,,,,98,97,93,92,,,,,,96,+1,+7,+2,,,,,,+2,72,38,47,,,,,,63,66,39,42,,,,,,59,+6,-1,+5,,,,,,+4,242,208,257,86,95,98,86,94,97,0,+1,+1
BORDEAUX,DORDOGNE,LYCEE ANTOINE DE ST EXUPERY (GENERAL ET TECHNO.),TERRASSON,0241125T,24547,PU,92,,,,,,,,92,98,,,,,,,,98,95,,,,,,,,95,+3,,,,,,,,+3,60,,,,,,,,60,59,,,,,,,,59,+1,,,,,,,,+1,119,98,101,96,100,100,86,93,97,+10,+7,+3
BORDEAUX,GIRONDE,LYCEE NORD BASSIN - SIMONE VEIL,ANDERNOS LES BAINS,0332724G,33005,PU,246,35,,,,,,,281,97,100,,,,,,,98,98,95,,,,,,,98,-1,+5,,,,,,,0,62,54,,,,,,,61,73,46,,,,,,,69,-11,+8,,,,,,,-8,329,296,255,86,95,98,88,95,98,-2,0,0
BORDEAUX,GIRONDE,LYCEE GRAND AIR,ARCACHON,0330003Z,33009,PU,306,99,,,,,,,405,95,90,,,,,,,94,98,96,,,,,,,97,-3,-6,,,,,,,-3,60,33,,,,,,,54,71,52,,,,,,,66,-11,-19,,,,,,,-12,331,342,437,83,90,95,87,94,98,-4,-4,-3
BORDEAUX,GIRONDE,LYCEE ST ELME,ARCACHON,0331488N,33009,PR,114,,,,,,,,114,100,,,,,,,,100,99,,,,,,,,99,+1,,,,,,,,+1,92,,,,,,,,92,80,,,,,,,,80,+12,,,,,,,,+12,117,126,116,84,95,100,90,96,99,-6,-1,+1
BORDEAUX,GIRONDE,LYCEE GISELE HALIMI,BAZAS,0330010G,33036,PU,94,102,,,,,,,196,95,86,,,,,,,90,96,94,,,,,,,95,-1,-8,,,,,,,-5,60,31,,,,,,,45,61,44,,,,,,,52,-1,-13,,,,,,,-7,167,213,220,86,91,93,85,92,96,+1,-1,-3
BORDEAUX,GIRONDE,LYCEE VACLAV HAVEL (GENERAL ET TECHNO.),BEGLES,0333273D,33039,PU,289,,,,,101,,,390,96,,,,,96,,,96,98,,,,,96,,,97,-2,,,,,0,,,-1,64,,,,,47,,,59,72,,,,,53,,,67,-8,,,,,-6,,,-8,380,373,401,86,93,97,86,94,98,0,-1,-1
BORDEAUX,GIRONDE,LYCEE LEONARD DE VINCI (GENERAL ET TECHNO.),BLANQUEFORT,0330018R,33056,PU,,,48,,,,,,48,,,88,,,,,,88,,,95,,,,,,95,,,-7,,,,,,-7,,,50,,,,,,50,,,52,,,,,,52,,,-2,,,,,,-2,27,44,49,65,83,89,83,92,96,-18,-9,-7
BORDEAUX,GIRONDE,LYCEE JEAN MONNET,BLANQUEFORT,0332745E,33056,PU,236,,,,,,,,236,95,,,,,,,,95,97,,,,,,,,97,-2,,,,,,,,-2,58,,,,,,,,58,67,,,,,,,,67,-9,,,,,,,,-9,306,252,239,83,92,97,88,95,98,-5,-3,-1
BORDEAUX,GIRONDE,LYCEE JAUFRE RUDEL,BLAYE,0330020T,33058,PU,242,55,26,,,,,,323,86,80,85,,,,,,85,95,89,87,,,,,,93,-9,-9,-2,,,,,,-8,44,27,35,,,,,,41,57,31,27,,,,,,50,-13,-4,+8,,,,,,-9,339,298,334,78,85,93,83,92,95,-5,-7,-2
BORDEAUX,GIRONDE,LYCEE MICHEL MONTAIGNE,BORDEAUX,0330021U,33063,PU,277,,,,,,,,277,97,,,,,,,,97,99,,,,,,,,99,-2,,,,,,,,-2,77,,,,,,,,77,81,,,,,,,,81,-4,,,,,,,,-4,305,260,266,89,95,100,90,96,99,-1,-1,+1
BORDEAUX,GIRONDE,LYCEE MONTESQUIEU,BORDEAUX,0330022V,33063,PU,377,,,,,,,,377,94,,,,,,,,94,97,,,,,,,,97,-3,,,,,,,,-3,58,,,,,,,,58,69,,,,,,,,69,-11,,,,,,,,-11,480,378,387,86,92,96,88,95,98,-2,-3,-2
BORDEAUX,GIRONDE,LYCEE CAMILLE JULLIAN,BORDEAUX,0330023W,33063,PU,451,,,,,,14,,465,95,,,,,,100,,95,98,,,,,,99,,98,-3,,,,,,+1,,-3,67,,,,,,79,,67,76,,,,,,87,,76,-9,,,,,,-8,,-9,432,423,444,88,95,98,88,95,98,0,0,0
BORDEAUX,GIRONDE,LYCEE FRANCOIS MAGENDIE,BORDEAUX,0330026Z,33063,PU,317,,,27,,,,,344,98,,,100,,,,,99,99,,,100,,,,,99,-1,,,0,,,,,0,79,,,96,,,,,81,83,,,94,,,,,84,-4,,,+2,,,,,-3,372,346,335,90,96,98,90,96,99,0,0,-1
BORDEAUX,GIRONDE,LYCEE FRANCOIS MAURIAC,BORDEAUX,0330027A,33063,PU,364,70,,,,,,,434,94,96,,,,,,,94,98,94,,,,,,,97,-4,+2,,,,,,,-3,66,44,,,,,,,63,72,46,,,,,,,68,-6,-2,,,,,,,-5,357,490,418,80,91,96,87,94,98,-7,-3,-2
BORDEAUX,GIRONDE,LYCEE GUSTAVE EIFFEL (GENERAL ET TECHNO.),BORDEAUX,0330028B,33063,PU,364,119,116,,,,,,599,99,94,87,,,,,,96,99,93,95,,,,,,97,0,+1,-8,,,,,,-1,79,32,53,,,,,,65,85,40,57,,,,,,71,-6,-8,-4,,,,,,-6,510,593,573,84,92,95,87,94,97,-3,-2,-2
BORDEAUX,GIRONDE,LYCEE NICOLAS BREMONTIER,BORDEAUX,0330029C,33063,PU,113,72,,,,,,,185,97,83,,,,,,,92,98,93,,,,,,,96,-1,-10,,,,,,,-4,67,19,,,,,,,49,76,41,,,,,,,62,-9,-22,,,,,,,-13,216,191,193,75,86,91,86,93,97,-11,-7,-6
BORDEAUX,GIRONDE,LYCEE ALBERT LE GRAND,BORDEAUX,0331491S,33063,PR,40,,,,,,,,40,98,,,,,,,,98,98,,,,,,,,98,0,,,,,,,,0,55,,,,,,,,55,71,,,,,,,,71,-16,,,,,,,,-16,50,48,46,80,89,98,89,96,98,-9,-7,0
BORDEAUX,GIRONDE,LYCEE ST GENES LA SALLE,BORDEAUX,0331493U,33063,PR,240,,,,,,,,240,100,,,,,,,,100,100,,,,,,,,100,0,,,,,,,,0,90,,,,,,,,90,91,,,,,,,,91,-1,,,,,,,,-1,289,243,251,76,92,96,91,97,100,-15,-5,-4
BORDEAUX,GIRONDE,LYCEE ASSOMPTION - STE CLOTILDE,BORDEAUX,0331495W,33063,PR,315,66,,,,,,,381,98,98,,,,,,,98,99,99,,,,,,,99,-1,-1,,,,,,,-1,86,62,,,,,,,82,84,66,,,,,,,81,+2,-4,,,,,,,+1,400,388,393,87,96,99,90,96,99,-3,0,0
BORDEAUX,GIRONDE,LYCEE DU MIRAIL,BORDEAUX,0331498Z,33063,PR,174,,,75,,,,,249,95,,,100,,,,,96,95,,,99,,,,,97,0,,,+1,,,,,-1,49,,,83,,,,,59,59,,,82,,,,,66,-10,,,+1,,,,,-7,284,261,259,81,94,97,87,94,98,-6,0,-1
BORDEAUX,GIRONDE,LYCEE NOTRE DAME,BORDEAUX,0331499A,33063,PR,48,,,,,,,,48,96,,,,,,,,96,98,,,,,,,,98,-2,,,,,,,,-2,48,,,,,,,,48,70,,,,,,,,70,-22,,,,,,,,-22,50,44,45,61,86,96,86,95,98,-25,-9,-2
BORDEAUX,GIRONDE,LYCEE STE MARIE BASTIDE,BORDEAUX,0331501C,33063,PR,229,65,,,,36,,,330,99,100,,,,94,,,99,99,98,,,,98,,,99,0,+2,,,,-4,,,0,83,69,,,,50,,,77,86,65,,,,67,,,80,-3,+4,,,,-17,,,-3,311,315,314,91,98,99,89,96,99,+2,+2,0
BORDEAUX,GIRONDE,LYCEE ST JOSEPH DE TIVOLI,BORDEAUX,0331502D,33063,PR,208,31,,,,,,,239,100,100,,,,,,,100,100,99,,,,,,,99,0,+1,,,,,,,+1,88,77,,,,,,,87,88,71,,,,,,,86,0,+6,,,,,,,+1,236,245,229,88,95,100,91,96,99,-3,-1,+1
BORDEAUX,GIRONDE,LYCEE STE MARIE GRAND LEBRUN,BORDEAUX,0331503E,33063,PR,218,,,,,,,,218,100,,,,,,,,100,100,,,,,,,,100,0,,,,,,,,0,90,,,,,,,,90,89,,,,,,,,89,+1,,,,,,,,+1,238,230,215,95,99,100,91,97,99,+4,+2,+1
BORDEAUX,GIRONDE,LYCEE STE FAMILLE SAINTONGE,BORDEAUX,0331556M,33063,PR,18,,53,,,,,,71,89,,87,,,,,,87,93,,95,,,,,,95,-4,,-8,,,,,,-8,33,,34,,,,,,34,51,,53,,,,,,53,-18,,-19,,,,,,-19,49,64,58,68,83,90,84,92,96,-16,-9,-6
BORDEAUX,GIRONDE,LYCEE ST VINCENT DE PAUL,BORDEAUX,0331590Z,33063,PR,,23,,,,,,,23,,96,,,,,,,96,,ND,,,,,,,ND,,ND,,,,,,,ND,,39,,,,,,,39,,ND,,,,,,,ND,,ND,,,,,,,ND,8,24,24,46,88,96,ND,ND,ND,ND,ND,ND
BORDEAUX,GIRONDE,LYCEE BEL ORME,BORDEAUX,0331591A,33063,PR,,70,,,19,36,,,125,,91,,,89,100,,,94,,97,,,97,97,,,97,,-6,,,-8,+3,,,-3,,33,,,63,47,,,42,,54,,,71,58,,,58,,-21,,,-8,-11,,,-16,56,131,131,81,94,98,84,93,97,-3,+1,+1
BORDEAUX,GIRONDE,LYCEE BIOLOGIE ET CHIMIE ST LOUIS,BORDEAUX,0332468D,33063,PU,,,,,83,33,,,116,,,,,87,88,,,87,,,,,94,97,,,95,,,,,-7,-9,,,-8,,,,,45,45,,,45,,,,,59,56,,,58,,,,,-14,-11,,,-13,67,111,111,79,86,92,83,92,95,-4,-6,-3
BORDEAUX,GIRONDE,LYCEE JEAN CONDORCET,BORDEAUX,0332747G,33063,PU,102,113,,,,,,,215,87,79,,,,,,,83,87,90,,,,,,,89,0,-11,,,,,,,-6,29,24,,,,,,,27,37,35,,,,,,,36,-8,-11,,,,,,,-9,180,185,225,74,85,91,79,88,92,-5,-3,-1
BORDEAUX,GIRONDE,LYCEE DES GRAVES,GRADIGNAN,0332846P,33192,PU,481,,,,,,,,481,96,,,,,,,,96,99,,,,,,,,99,-3,,,,,,,,-3,74,,,,,,,,74,79,,,,,,,,79,-5,,,,,,,,-5,420,332,459,93,96,98,89,96,99,+4,0,-1
BORDEAUX,GIRONDE,LYCEE DE LA MER (GENERAL ET TECHNO.),GUJAN MESTRAS,0332870R,33199,PU,152,,69,,21,,,,242,100,,91,,100,,,,98,99,,96,,96,,,,98,+1,,-5,,+4,,,,0,74,,52,,86,,,,69,78,,55,,65,,,,71,-4,,-3,,+21,,,,-2,260,274,238,86,93,98,88,95,98,-2,-2,0
BORDEAUX,GIRONDE,LYCEE LA SAUQUE,LA BREDE,0331504F,33213,PR,134,28,,,,,,,162,100,100,,,,,,,100,99,99,,,,,,,99,+1,+1,,,,,,,+1,79,68,,,,,,,77,87,68,,,,,,,84,-8,0,,,,,,,-7,183,170,186,81,94,99,90,96,99,-9,-2,0
BORDEAUX,GIRONDE,LYCEE JEAN RENOU,LA REOLE,0330109P,33352,PU,128,,,,,,,,128,95,,,,,,,,95,96,,,,,,,,96,-1,,,,,,,,-1,58,,,,,,,,58,62,,,,,,,,62,-4,,,,,,,,-4,164,148,158,80,90,94,85,94,97,-5,-4,-3
BORDEAUX,GIRONDE,LYCEE JEAN MOULIN,LANGON,0331636Z,33227,PU,300,,24,,,,,,324,97,,83,,,,,,96,98,,94,,,,,,98,-1,,-11,,,,,,-2,61,,33,,,,,,59,71,,51,,,,,,69,-10,,-18,,,,,,-10,467,387,374,86,96,99,87,95,98,-1,+1,+1
BORDEAUX,GIRONDE,LYCEE SUD MEDOC LA BOETIE,LE TAILLAN MEDOC,0332831Y,33519,PU,421,71,,,,,,,492,99,93,,,,,,,98,99,98,,,,,,,99,0,-5,,,,,,,-1,73,39,,,,,,,68,83,59,,,,,,,79,-10,-20,,,,,,,-11,557,511,477,83,95,98,89,96,99,-6,-1,-1
BORDEAUX,GIRONDE,LYCEE MAX LINDER,LIBOURNE,0330088S,33243,PU,391,130,,,25,32,,,578,95,82,,,96,94,,,92,96,90,,,93,95,,,95,-1,-8,,,+3,-1,,,-3,54,22,,,52,53,,,47,62,35,,,58,48,,,55,-8,-13,,,-6,+5,,,-8,592,592,564,80,89,93,84,92,96,-4,-3,-3
BORDEAUX,GIRONDE,LYCEE JEAN MONNET (GENERAL ET TECHNO.),LIBOURNE,0330089T,33243,PU,59,,22,,,,,,81,95,,68,,,,,,88,96,,88,,,,,,94,-1,,-20,,,,,,-6,44,,23,,,,,,38,60,,34,,,,,,53,-16,,-11,,,,,,-15,131,85,93,71,86,92,83,91,95,-12,-5,-3
BORDEAUX,GIRONDE,LYCEE MONTESQUIEU,LIBOURNE,0331506H,33243,PR,131,25,,,,,,,156,99,100,,,,,,,99,99,98,,,,,,,99,0,+2,,,,,,,0,78,68,,,,,,,76,81,60,,,,,,,78,-3,+8,,,,,,,-2,168,165,147,78,91,100,89,96,99,-11,-5,+1
BORDEAUX,GIRONDE,LYCEE ELIE FAURE,LORMONT,0332744D,33249,PU,195,102,,,,,,,297,93,85,,,,,,,90,96,91,,,,,,,94,-3,-6,,,,,,,-4,46,40,,,,,,,44,59,38,,,,,,,52,-13,+2,,,,,,,-8,382,303,307,77,88,92,84,92,96,-7,-4,-4
BORDEAUX,GIRONDE,LYCEE LES IRIS (GENERAL ET TECHNO.),LORMONT,0332832Z,33249,PU,213,,92,,,,,,305,94,,87,,,,,,92,98,,91,,,,,,96,-4,,-4,,,,,,-4,62,,41,,,,,,55,70,,42,,,,,,61,-8,,-1,,,,,,-6,328,326,282,77,86,92,85,93,97,-8,-7,-5
BORDEAUX,GIRONDE,LYCEE FERNAND DAGUIN,MERIGNAC,0331760J,33281,PU,394,103,,,,,,,497,92,85,,,,,,,91,98,94,,,,,,,97,-6,-9,,,,,,,-6,62,37,,,,,,,57,73,42,,,,,,,67,-11,-5,,,,,,,-10,585,472,522,84,93,96,87,94,98,-3,-1,-2
BORDEAUX,GIRONDE,LYCEE ODILON REDON,PAUILLAC,0332081H,33314,PU,208,63,17,,,,,,288,96,83,100,,,,,,93,97,93,97,,,,,,96,-1,-10,+3,,,,,,-3,61,25,65,,,,,,53,65,38,62,,,,,,59,-4,-13,+3,,,,,,-6,402,306,297,71,89,92,85,93,97,-14,-4,-5
BORDEAUX,GIRONDE,LYCEE SAINT JEAN,PAUILLAC,0333307R,33314,PR,30,,,,,,,,30,97,,,,,,,,97,ND,,,,,,,,ND,ND,,,,,,,,ND,57,,,,,,,,57,ND,,,,,,,,ND,ND,,,,,,,,ND,35,34,29,91,97,100,ND,ND,ND,ND,ND,ND
BORDEAUX,GIRONDE,LYCEE PAPE CLEMENT,PESSAC,0332722E,33318,PU,386,68,29,,,,,,483,98,90,100,,,,,,97,99,95,96,,,,,,98,-1,-5,+4,,,,,,-1,69,32,62,,,,,,63,79,46,59,,,,,,73,-10,-14,+3,,,,,,-10,552,500,465,88,94,98,87,95,98,+1,-1,0
BORDEAUX,GIRONDE,LYCEE PHILIPPE COUSTEAU,SAINT ANDRE DE CUBZAC,0332835C,33366,PU,200,36,,,,,,,236,96,97,,,,,,,96,97,95,,,,,,,97,-1,+2,,,,,,,-1,58,44,,,,,,,56,65,47,,,,,,,62,-7,-3,,,,,,,-6,259,214,232,76,93,97,85,94,97,-9,-1,0
BORDEAUX,GIRONDE,LYCEE STAM - SAINT ANDRE SAINTE MARIE,SAINT ANDRE DE CUBZAC,0333406Y,33366,PR,97,,,,,,,,97,100,,,,,,,,100,99,,,,,,,,99,+1,,,,,,,,+1,79,,,,,,,,79,77,,,,,,,,77,+2,,,,,,,,+2,147,133,120,94,99,100,89,96,99,+5,+3,+1
BORDEAUX,GIRONDE,LYCEE RECLUS,SAINTE FOY LA GRANDE,0330115W,33402,PU,105,31,,,,,,,136,97,100,,,,,,,98,96,91,,,,,,,95,+1,+9,,,,,,,+3,61,48,,,,,,,58,61,38,,,,,,,56,0,+10,,,,,,,+2,168,135,138,81,92,97,84,93,96,-3,-1,+1
BORDEAUX,GIRONDE,LYCEE VICTOR LOUIS (GENERAL ET TECHNO.),TALENCE,0330126H,33522,PU,235,145,,,,,,,380,98,92,,,,,,,96,98,94,,,,,,,97,0,-2,,,,,,,-1,71,39,,,,,,,59,77,45,,,,,,,65,-6,-6,,,,,,,-6,380,389,450,85,92,95,86,94,97,-1,-2,-2
BORDEAUX,GIRONDE,LYCEE ALFRED KASTLER (GENERAL ET TECHNO.),TALENCE,0330135T,33522,PU,118,,102,,15,,,,235,97,,94,,100,,,,96,97,,95,,97,,,,96,0,,-1,,+3,,,,0,64,,58,,53,,,,60,69,,56,,68,,,,63,-5,,+2,,-15,,,,-3,231,262,253,83,91,95,86,93,97,-3,-2,-2
BORDEAUX,GIRONDE,LYCEE HOTEL.TOURISME GASCOGNE (GENERAL ET TECHNO.),TALENCE,0332192D,33522,PU,,,,,,,,76,76,,,,,,,,99,99,,,,,,,,98,98,,,,,,,,+1,+1,,,,,,,,57,57,,,,,,,,69,69,,,,,,,,-12,-12,52,73,63,83,89,99,84,92,96,-1,-3,+3
BORDEAUX,LANDES,LYCEE GASTON CRAMPE (GENERAL ET TECHNO.),AIRE SUR L ADOUR,0400002K,40001,PU,139,,24,,,,,,163,99,,100,,,,,,99,96,,96,,,,,,96,+3,,+4,,,,,,+3,65,,58,,,,,,64,66,,56,,,,,,64,-1,,+2,,,,,,0,184,191,153,87,91,97,87,94,97,0,-3,0
BORDEAUX,LANDES,LYCEE DE BORDA (GENERAL ET TECHNO.),DAX,0400007R,40088,PU,301,110,35,,47,,,,493,98,92,86,,94,,,,95,99,95,96,,97,,,,97,-1,-3,-10,,-3,,,,-2,71,36,66,,51,,,,61,77,49,63,,68,,,,69,-6,-13,+3,,-17,,,,-8,506,517,527,89,93,97,87,94,98,+2,-1,-1
BORDEAUX,LANDES,LYCEE ST JACQUES DE COMPOSTELLE,DAX,0401016M,40088,PR,116,25,,,,24,,,165,99,100,,,,100,,,99,99,97,,,,98,,,98,0,+3,,,,+2,,,+1,78,48,,,,46,,,68,78,53,,,,59,,,71,0,-5,,,,-13,,,-3,143,170,150,86,96,99,88,95,98,-2,+1,+1
BORDEAUX,LANDES,LYCEE VICTOR DURUY,MONT DE MARSAN,0400017B,40192,PU,177,42,35,,,,,,254,99,100,100,,,,,,100,98,93,95,,,,,,97,+1,+7,+5,,,,,,+3,73,50,91,,,,,,72,73,43,56,,,,,,66,0,+7,+35,,,,,,+6,305,254,239,80,94,99,86,94,97,-6,0,+2
BORDEAUX,LANDES,LYCEE CHARLES DESPIAU,MONT DE MARSAN,0400018C,40192,PU,239,104,,,,58,,,401,98,95,,,,100,,,98,99,95,,,,97,,,97,-1,0,,,,+3,,,+1,76,57,,,,66,,,69,76,46,,,,58,,,66,0,+11,,,,+8,,,+3,334,383,366,88,96,98,87,94,97,+1,+2,+1
BORDEAUX,LANDES,LYCEE ANTOINE DE SAINT-EXUPERY (GENERAL ET TECHNO.),PARENTIS EN BORN,0400046H,40217,PU,237,65,26,,,,,,328,99,94,85,,,,,,97,97,92,93,,,,,,96,+2,+2,-8,,,,,,+1,63,40,38,,,,,,56,68,40,48,,,,,,61,-5,0,-10,,,,,,-5,330,283,293,86,92,97,86,93,97,0,-1,0
BORDEAUX,LANDES,LYCEE JEAN TARIS (GENERAL ET TECHNO.),PEYREHORADE,0400027M,40224,PU,68,,,,,,,,68,99,,,,,,,,99,98,,,,,,,,98,+1,,,,,,,,+1,71,,,,,,,,71,69,,,,,,,,69,+2,,,,,,,,+2,76,49,46,82,93,97,87,95,98,-5,-2,-1
BORDEAUX,LANDES,LYCEE HAROUN TAZIEFF (GENERAL ET TECHNO.),SAINT PAUL LES DAX,0401002X,40279,PU,107,,29,26,,31,,,193,96,,86,96,,97,,,95,98,,95,100,,96,,,98,-2,,-9,-4,,+1,,,-3,61,,45,77,,42,,,58,71,,56,87,,54,,,68,-10,,-11,-10,,-12,,,-10,200,188,171,78,89,96,88,95,98,-10,-6,-2
BORDEAUX,LANDES,LYCEE JEAN CASSAIGNE,SAINT PIERRE DU MONT,0400067F,40281,PR,99,18,,,,,,,117,100,100,,,,,,,100,98,95,,,,,,,98,+2,+5,,,,,,,+2,75,61,,,,,,,73,75,47,,,,,,,70,0,+14,,,,,,,+3,131,116,97,90,97,100,88,95,98,+2,+2,+2
BORDEAUX,LANDES,LYCEE SUD DES LANDES,SAINT VINCENT DE TYROSSE,0400933X,40284,PU,369,69,,,,,,,438,98,100,,,,,,,98,99,96,,,,,,,98,-1,+4,,,,,,,0,64,58,,,,,,,63,76,52,,,,,,,72,-12,+6,,,,,,,-9,508,382,430,88,97,98,88,95,98,0,+2,0
BORDEAUX,LOT-ET-GARONNE,LYCEE BERNARD PALISSY,AGEN,0470001W,47001,PU,303,68,,,31,,,,402,98,91,,,97,,,,97,98,94,,,96,,,,97,0,-3,,,+1,,,,0,74,41,,,71,,,,68,76,44,,,62,,,,70,-2,-3,,,+9,,,,-2,432,402,406,86,95,97,86,94,98,0,+1,-1
BORDEAUX,LOT-ET-GARONNE,LYCEE JEAN BAPTISTE DE BAUDRE,AGEN,0470003Y,47001,PU,196,103,97,,,,,,396,95,97,90,,,,,,94,97,93,92,,,,,,95,-2,+4,-2,,,,,,-1,64,36,45,,,,,,52,65,42,44,,,,,,54,-1,-6,+1,,,,,,-2,404,361,362,80,93,96,83,92,96,-3,+1,0
BORDEAUX,LOT-ET-GARONNE,LYCEE ST CAPRAIS,AGEN,0470060K,47001,PR,59,31,,,,,,,90,100,100,,,,,,,100,99,97,,,,,,,99,+1,+3,,,,,,,+1,97,84,,,,,,,92,85,58,,,,,,,76,+12,+26,,,,,,,+16,131,106,94,82,95,99,88,95,99,-6,0,0
BORDEAUX,LOT-ET-GARONNE,LYCEE STENDHAL,AIGUILLON,0470009E,47004,PU,126,,,,,44,,,170,99,,,,,100,,,99,96,,,,,93,,,95,+3,,,,,+7,,,+4,72,,,,,80,,,74,62,,,,,44,,,57,+10,,,,,+36,,,+17,146,169,147,82,95,99,84,93,96,-2,+2,+3
BORDEAUX,LOT-ET-GARONNE,LYCEE MARGUERITE FILHOL,FUMEL,0470018P,47106,PU,96,30,,,,,,,126,94,80,,,,,,,90,97,90,,,,,,,95,-3,-10,,,,,,,-5,61,33,,,,,,,55,69,32,,,,,,,61,-8,+1,,,,,,,-6,124,117,118,91,93,93,85,93,96,+6,0,-3
BORDEAUX,LOT-ET-GARONNE,LYCEE TECH INNOVANTES - V DE GARONNE (GENERAL ET TECHNO.),MARMANDE,0470020S,47157,PU,216,71,29,,14,,,,330,98,93,90,,100,,,,96,98,95,94,,97,,,,97,0,-2,-4,,+3,,,,-1,70,49,34,,93,,,,64,74,47,48,,68,,,,65,-4,+2,-14,,+25,,,,-1,374,350,332,87,91,97,87,94,97,0,-3,0
BORDEAUX,LOT-ET-GARONNE,LYCEE NOTRE DAME LA COMPASSION,MARMANDE,0470063N,47157,PR,39,20,,,,20,,,79,95,80,,,,95,,,91,97,92,,,,97,,,96,-2,-12,,,,-2,,,-5,62,5,,,,65,,,48,65,36,,,,56,,,56,-3,-31,,,,+9,,,-8,108,93,100,67,92,93,85,93,97,-18,-1,-4
BORDEAUX,LOT-ET-GARONNE,LYCEE GEORGE SAND,NERAC,0470028A,47195,PU,83,28,,,,,,,111,100,96,,,,,,,99,98,90,,,,,,,96,+2,+6,,,,,,,+3,75,46,,,,,,,68,74,37,,,,,,,65,+1,+9,,,,,,,+3,139,131,134,79,90,97,85,93,97,-6,-3,0
BORDEAUX,LOT-ET-GARONNE,LYCEE LOT ET BASTIDES (GENERAL ET TECHNO.),VILLENEUVE SUR LOT,0470038L,47323,PU,164,59,24,34,,,,,281,93,90,83,100,,,,,92,95,92,88,99,,,,,95,-2,-2,-5,+1,,,,,-3,57,32,25,79,,,,,52,60,38,32,85,,,,,56,-3,-6,-7,-6,,,,,-4,337,339,335,84,89,94,85,92,96,-1,-3,-2
BORDEAUX,LOT-ET-GARONNE,LYCEE STE CATHERINE,VILLENEUVE SUR LOT,0470065R,47323,PR,86,,8,,,,,,94,100,,100,,,,,,100,97,,ND,,,,,,97,+3,,ND,,,,,,+3,67,,75,,,,,,68,72,,ND,,,,,,69,-5,,ND,,,,,,-1,55,75,80,83,94,100,87,94,97,-4,0,+3
BORDEAUX,PYRENEES-ATLANTIQUES,LYCEE CANTAU (GENERAL ET TECHNO.),ANGLET,0640001D,64024,PU,167,,64,34,,,,,265,97,,95,100,,,,,97,98,,96,99,,,,,98,-1,,-1,+1,,,,,-1,69,,58,79,,,,,68,75,,63,83,,,,,73,-6,,-5,-4,,,,,-5,244,248,236,86,93,96,87,95,98,-1,-2,-2
BORDEAUX,PYRENEES-ATLANTIQUES,LYCEE STELLA MARIS,ANGLET,0641441U,64024,PR,,,,,16,28,,,44,,,,,100,96,,,98,,,,,94,97,,,96,,,,,+6,-1,,,+2,,,,,69,57,,,61,,,,,60,59,,,60,,,,,+9,-2,,,+1,48,72,73,65,89,98,85,93,96,-20,-4,+2
BORDEAUX,PYRENEES-ATLANTIQUES,LYCEE RENE CASSIN,BAYONNE,0640010N,64102,PU,406,,,,,,,,406,99,,,,,,,,99,99,,,,,,,,99,0,,,,,,,,0,76,,,,,,,,76,77,,,,,,,,77,-1,,,,,,,,-1,480,392,389,90,96,99,89,96,99,+1,0,0
BORDEAUX,PYRENEES-ATLANTIQUES,LYCEE LOUIS DE FOIX (GENERAL ET TECHNO.),BAYONNE,0640011P,64102,PU,113,106,51,,,66,,,336,97,93,92,,,98,,,96,97,95,95,,,97,,,96,0,-2,-3,,,+1,,,0,60,44,55,,,65,,,55,66,46,55,,,58,,,56,-6,-2,0,,,+7,,,-1,240,317,276,85,91,96,85,92,96,0,-1,0
BORDEAUX,PYRENEES-ATLANTIQUES,LYCEE LARGENTE,BAYONNE,0640111Y,64102,PR,125,55,,,,,,,180,100,98,,,,,,,99,99,97,,,,,,,98,+1,+1,,,,,,,+1,91,65,,,,,,,83,82,55,,,,,,,74,+9,+10,,,,,,,+9,195,177,186,85,94,97,89,95,98,-4,-1,-1
BORDEAUX,PYRENEES-ATLANTIQUES,LYCEE ST LOUIS VILLA PIA,BAYONNE,0640115C,64102,PR,229,,,,,,,,229,98,,,,,,,,98,99,,,,,,,,99,-1,,,,,,,,-1,69,,,,,,,,69,79,,,,,,,,79,-10,,,,,,,,-10,252,222,225,87,97,99,89,96,99,-2,+1,0
BORDEAUX,PYRENEES-ATLANTIQUES,LYCEE BERNAT  ETXEPARE (GENERAL ET TECHNO.),BAYONNE,0641907A,64102,PR,107,7,,,,,,,114,100,100,,,,,,,100,97,ND,,,,,,,97,+3,ND,,,,,,,+3,85,57,,,,,,,83,62,ND,,,,,,,60,+23,ND,,,,,,,+23,177,135,140,90,99,100,87,94,98,+3,+5,+2
BORDEAUX,PYRENEES-ATLANTIQUES,LYCEE EXPERIMENTAL A.MALRAUX,BIARRITZ,0640017W,64122,PU,204,,,,17,,,,221,98,,,,94,,,,98,98,,,,97,,,,98,0,,,,-3,,,,0,74,,,,71,,,,73,76,,,,68,,,,75,-2,,,,+3,,,,-2,226,215,211,89,95,99,88,95,99,+1,0,0
BORDEAUX,PYRENEES-ATLANTIQUES,LYCEE HOTELLERIE BIARRITZ ATLANTIQUE (GENERAL ET TECHNO.),BIARRITZ,0641823J,64122,PU,,,,,,,,27,27,,,,,,,,96,96,,,,,,,,ND,ND,,,,,,,,ND,ND,,,,,,,,52,52,,,,,,,,ND,ND,,,,,,,,ND,ND,42,45,43,80,88,96,ND,ND,ND,ND,ND,ND
BORDEAUX,PYRENEES-ATLANTIQUES,LYCEE DU PAYS DE SOULE,CHERAUTE,0641779L,64188,PU,75,,22,,,,,,97,99,,95,,,,,,98,97,,97,,,,,,97,+2,,-2,,,,,,+1,65,,50,,,,,,62,68,,68,,,,,,68,-3,,-18,,,,,,-6,91,81,97,87,93,99,88,95,98,-1,-2,+1
BORDEAUX,PYRENEES-ATLANTIQUES,LYCEE ST JOSEPH (GENERAL ET TECHNO.),HASPARREN,0640181Z,64256,PR,76,,21,,,,,,97,99,,100,,,,,,99,98,,97,,,,,,98,+1,,+3,,,,,,+1,80,,67,,,,,,77,75,,66,,,,,,73,+5,,+1,,,,,,+4,84,77,64,85,95,99,88,95,98,-3,0,+1
BORDEAUX,PYRENEES-ATLANTIQUES,LYCEE JACQUES MONOD,LESCAR,0641839B,64335,PU,187,,,,19,48,,,254,97,,,,100,96,,,97,98,,,,96,96,,,98,-1,,,,+4,0,,,-1,72,,,,79,54,,,69,76,,,,68,57,,,72,-4,,,,+11,-3,,,-3,234,254,238,90,95,98,88,95,98,+2,0,0
BORDEAUX,PYRENEES-ATLANTIQUES,LYCEE DE LA CHIMIE ALBERT CAMUS,MOURENX,0640044A,64410,PU,119,,,,15,,,,134,99,,,,100,,,,99,98,,,,96,,,,97,+1,,,,+4,,,,+2,74,,,,53,,,,72,69,,,,63,,,,69,+5,,,,-10,,,,+3,137,114,122,83,95,99,87,95,98,-4,0,+1
BORDEAUX,PYRENEES-ATLANTIQUES,LYCEE PAUL REY,NAY,0640046C,64417,PU,133,24,,,,,,,157,98,92,,,,,,,97,99,97,,,,,,,99,-1,-5,,,,,,,-2,69,54,,,,,,,67,80,54,,,,,,,76,-11,0,,,,,,,-9,174,146,134,85,93,97,88,95,99,-3,-2,-2
BORDEAUX,PYRENEES-ATLANTIQUES,LYCEE ST JOSEPH,NAY,0640125N,64417,PR,83,,,,,,,,83,100,,,,,,,,100,99,,,,,,,,99,+1,,,,,,,,+1,80,,,,,,,,80,81,,,,,,,,81,-1,,,,,,,,-1,103,78,77,90,96,100,90,96,99,0,0,+1
BORDEAUX,PYRENEES-ATLANTIQUES,LYCEE JULES SUPERVIELLE,OLORON SAINTE MARIE,0640047D,64422,PU,150,26,,,,,,,176,100,85,,,,,,,98,98,94,,,,,,,98,+2,-9,,,,,,,0,81,31,,,,,,,73,75,42,,,,,,,70,+6,-11,,,,,,,+3,177,146,143,80,94,98,89,95,98,-9,-1,0
BORDEAUX,PYRENEES-ATLANTIQUES,LYCEE ST JOSEPH,OLORON SAINTE MARIE,0640126P,64422,PR,43,,,,,,,,43,100,,,,,,,,100,97,,,,,,,,97,+3,,,,,,,,+3,72,,,,,,,,72,62,,,,,,,,62,+10,,,,,,,,+10,41,49,37,83,93,98,87,95,98,-4,-2,0
BORDEAUX,PYRENEES-ATLANTIQUES,LYCEE GASTON FEBUS,ORTHEZ,0640052J,64430,PU,181,33,,,,,,,214,99,100,,,,,,,99,98,97,,,,,,,98,+1,+3,,,,,,,+1,73,27,,,,,,,66,77,55,,,,,,,73,-4,-28,,,,,,,-7,228,211,192,88,94,97,88,95,98,0,-1,-1
BORDEAUX,PYRENEES-ATLANTIQUES,LYCEE JEANNE D ARC,ORTHEZ,0640127R,64430,PR,29,,,,,,,,29,100,,,,,,,,100,ND,,,,,,,,ND,ND,,,,,,,,ND,69,,,,,,,,69,ND,,,,,,,,ND,ND,,,,,,,,ND,38,37,35,67,85,97,ND,ND,ND,ND,ND,ND
BORDEAUX,PYRENEES-ATLANTIQUES,LYCEE LOUIS BARTHOU,PAU,0640055M,64445,PU,412,66,,,,,,,478,98,91,,,,,,,97,99,94,,,,,,,98,-1,-3,,,,,,,-1,72,41,,,,,,,68,79,47,,,,,,,75,-7,-6,,,,,,,-7,477,461,464,87,94,98,88,95,98,-1,-1,0
BORDEAUX,PYRENEES-ATLANTIQUES,LYCEE SAINT CRICQ (GENERAL ET TECHNO.),PAU,0640057P,64445,PU,284,,112,,,,,,396,98,,96,,,,,,97,98,,96,,,,,,97,0,,0,,,,,,0,65,,56,,,,,,62,72,,59,,,,,,68,-7,,-3,,,,,,-6,435,364,396,88,96,98,86,94,98,+2,+2,0
BORDEAUX,PYRENEES-ATLANTIQUES,LYCEE IMMAC.CONCEPT.BEAU FRENE,PAU,0640130U,64445,PR,161,,20,,,,,,181,100,,100,,,,,,100,99,,96,,,,,,99,+1,,+4,,,,,,+1,89,,70,,,,,,87,86,,61,,,,,,83,+3,,+9,,,,,,+4,199,169,177,79,95,100,89,96,99,-10,-1,+1
BORDEAUX,PYRENEES-ATLANTIQUES,LYCEE ST DOMINIQUE,PAU,0640131V,64445,PR,91,30,,,23,23,,,167,100,100,,,100,100,,,100,99,98,,,97,97,,,99,+1,+2,,,+3,+3,,,+1,98,67,,,87,57,,,85,89,63,,,70,59,,,77,+9,+4,,,+17,-2,,,+8,190,185,144,89,98,100,89,96,98,0,+2,+2
BORDEAUX,PYRENEES-ATLANTIQUES,LYCEE SAINT-JOHN PERSE,PAU,0641732K,64445,PU,212,97,,,,,,,309,97,92,,,,,,,95,98,93,,,,,,,97,-1,-1,,,,,,,-2,73,41,,,,,,,63,76,44,,,,,,,66,-3,-3,,,,,,,-3,324,320,293,84,92,96,86,94,97,-2,-2,-1
BORDEAUX,PYRENEES-ATLANTIQUES,LYCEE MAURICE RAVEL,SAINT JEAN DE LUZ,0640065Y,64483,PU,183,33,,,,,,,216,98,79,,,,,,,95,96,95,,,,,,,96,+2,-16,,,,,,,-1,73,39,,,,,,,68,65,47,,,,,,,62,+8,-8,,,,,,,+6,242,237,218,81,91,94,86,94,97,-5,-3,-3
BORDEAUX,PYRENEES-ATLANTIQUES,LYCEE ST THOMAS D AQUIN,SAINT JEAN DE LUZ,0640134Y,64483,PR,164,30,,,,,,,194,95,100,,,,,,,96,98,96,,,,,,,98,-3,+4,,,,,,,-2,75,53,,,,,,,72,73,53,,,,,,,70,+2,0,,,,,,,+2,232,206,206,81,95,98,88,95,98,-7,0,0
BORDEAUX,PYRENEES-ATLANTIQUES,LYCEE DE NAVARRE (GENERAL ET TECHNO.),SAINT JEAN PIED DE PORT,0641844G,64485,PU,97,,,,,,,,97,100,,,,,,,,100,99,,,,,,,,99,+1,,,,,,,,+1,87,,,,,,,,87,75,,,,,,,,75,+12,,,,,,,,+12,67,73,72,93,100,100,88,96,99,+5,+4,+1
BORDEAUX,PYRENEES-ATLANTIQUES,LYCEE SAINT JOSEPH,USTARITZ,0640137B,64547,PR,59,23,,,,,,,82,98,100,,,,,,,99,99,98,,,,,,,98,-1,+2,,,,,,,+1,71,65,,,,,,,70,78,61,,,,,,,73,-7,+4,,,,,,,-3,97,77,76,84,95,100,89,95,98,-5,0,+2
CLERMONT-FERRAND,ALLIER,LYCEE GENEVIEVE VINCENT (GENERAL ET TECHNO.),COMMENTRY,0031044U,03082,PU,,,,,,23,,,23,,,,,,100,,,100,,,,,,ND,,,ND,,,,,,ND,,,ND,,,,,,65,,,65,,,,,,ND,,,ND,,,,,,ND,,,ND,20,31,27,89,97,100,ND,ND,ND,ND,ND,ND
CLERMONT-FERRAND,ALLIER,LYCEE ALBERT LONDRES,CUSSET,0030051P,03095,PU,353,143,47,,,,,,543,98,90,96,,,,,,96,97,92,96,,,,,,96,+1,-2,0,,,,,,0,62,36,51,,,,,,55,68,38,58,,,,,,60,-6,-2,-7,,,,,,-5,536,498,462,83,93,98,86,93,97,-3,0,+1
CLERMONT-FERRAND,ALLIER,LYCEE SAINT PIERRE,CUSSET,0030072M,03095,PR,96,,,,,,,,96,97,,,,,,,,97,98,,,,,,,,98,-1,,,,,,,,-1,73,,,,,,,,73,72,,,,,,,,72,+1,,,,,,,,+1,109,106,91,88,96,98,88,95,98,0,+1,0
CLERMONT-FERRAND,ALLIER,LYCEE VALERY LARBAUD (GENERAL ET TECHNO.),CUSSET,0031082K,03095,PU,,,,,,50,,17,67,,,,,,90,,100,93,,,,,,93,,96,94,,,,,,-3,,+4,-1,,,,,,38,,53,42,,,,,,48,,59,51,,,,,,-10,,-6,-9,77,68,66,69,91,95,80,91,94,-11,0,+1
CLERMONT-FERRAND,ALLIER,LYCEE MADAME DE STAEL,MONTLUCON,0030025L,03185,PU,312,,,,,,,,312,97,,,,,,,,97,97,,,,,,,,97,0,,,,,,,,0,67,,,,,,,,67,66,,,,,,,,66,+1,,,,,,,,+1,327,312,274,88,95,98,88,95,98,0,0,0
CLERMONT-FERRAND,ALLIER,LYCEE PAUL CONSTANS (GENERAL ET TECHNO.),MONTLUCON,0030026M,03185,PU,113,92,55,,17,,,,277,99,84,93,,100,,,,93,98,93,93,,91,,,,95,+1,-9,0,,+9,,,,-2,76,29,35,,59,,,,51,73,39,45,,45,,,,55,+3,-10,-10,,+14,,,,-4,307,273,262,85,94,96,84,92,96,+1,+2,0
CLERMONT-FERRAND,ALLIER,LYCEE SAINT-JOSEPH,MONTLUCON,0030445T,03185,PR,22,,,,,,,,22,91,,,,,,,,91,ND,,,,,,,,ND,ND,,,,,,,,ND,50,,,,,,,,50,ND,,,,,,,,ND,ND,,,,,,,,ND,46,38,22,82,87,91,ND,ND,ND,ND,ND,ND
CLERMONT-FERRAND,ALLIER,LYCEE THEODORE DE BANVILLE,MOULINS,0030036Y,03190,PU,342,,,,,,,,342,94,,,,,,,,94,96,,,,,,,,96,-2,,,,,,,,-2,61,,,,,,,,61,61,,,,,,,,61,0,,,,,,,,0,352,315,320,92,96,96,87,94,98,+5,+2,-2
CLERMONT-FERRAND,ALLIER,LYCEE SAINT BENOIT,MOULINS,0030084A,03190,PR,35,,,,,,,,35,86,,,,,,,,86,ND,,,,,,,,ND,ND,,,,,,,,ND,49,,,,,,,,49,ND,,,,,,,,ND,ND,,,,,,,,ND,54,24,28,65,79,91,ND,ND,ND,ND,ND,ND
CLERMONT-FERRAND,ALLIER,LYCEE BLAISE DE VIGENERE,SAINT POURCAIN SUR SIOULE,0030044G,03254,PU,117,,,,,,,,117,97,,,,,,,,97,96,,,,,,,,96,+1,,,,,,,,+1,59,,,,,,,,59,60,,,,,,,,60,-1,,,,,,,,-1,120,115,107,87,93,99,85,94,97,+2,-1,+2
CLERMONT-FERRAND,ALLIER,LYCEE JEAN MONNET (GENERAL ET TECHNO.),YZEURE,0030038A,03321,PU,38,70,41,33,,,,,182,97,83,80,97,,,,,88,98,91,88,99,,,,,93,-1,-8,-8,-2,,,,,-5,58,16,27,79,,,,,38,66,35,27,78,,,,,47,-8,-19,0,+1,,,,,-9,171,164,158,82,89,93,83,91,95,-1,-2,-2
CLERMONT-FERRAND,CANTAL,LYCEE MONNET-MERMOZ (GENERAL ET TECHNO.),AURILLAC,0150006A,15014,PU,99,61,28,,,62,,,250,100,89,96,,,98,,,96,98,95,97,,,96,,,97,+2,-6,-1,,,+2,,,-1,62,26,64,,,34,,,46,69,45,64,,,55,,,59,-7,-19,0,,,-21,,,-13,261,231,220,80,92,96,85,93,97,-5,-1,-1
CLERMONT-FERRAND,CANTAL,LYCEE DE LA COMMUNICATION ST GERAUD (GENERAL ET TECHNO.),AURILLAC,0150047V,15014,PR,,,,35,,,,,35,,,,97,,,,,97,,,,ND,,,,,ND,,,,ND,,,,,ND,,,,89,,,,,89,,,,ND,,,,,ND,,,,ND,,,,,ND,33,36,35,97,100,100,ND,ND,ND,ND,ND,ND
CLERMONT-FERRAND,CANTAL,LYCEE EMILE DUCLAUX,AURILLAC,0150646W,15014,PU,235,,,,,,,,235,100,,,,,,,,100,99,,,,,,,,99,+1,,,,,,,,+1,81,,,,,,,,81,85,,,,,,,,85,-4,,,,,,,,-4,250,180,219,88,98,99,90,96,99,-2,+2,0
CLERMONT-FERRAND,CANTAL,LYCEE GERBERT (GENERAL ET TECHNO.),AURILLAC,0150760V,15014,PR,31,19,,,,6,,,56,94,84,,,,83,,,89,96,95,,,,ND,,,95,-2,-11,,,,ND,,,-6,32,21,,,,50,,,30,58,43,,,,ND,,,52,-26,-22,,,,ND,,,-22,41,47,45,72,84,89,85,93,96,-13,-9,-7
CLERMONT-FERRAND,CANTAL,LYCEE MAURIAC,MAURIAC,0150747F,15120,PU,57,,,,,,,,57,98,,,,,,,,98,98,,,,,,,,98,0,,,,,,,,0,68,,,,,,,,68,71,,,,,,,,71,-3,,,,,,,,-3,70,54,72,88,97,100,88,95,98,0,+2,+2
CLERMONT-FERRAND,CANTAL,LYCEE DE HAUTE AUVERGNE (GENERAL ET TECHNO.),SAINT FLOUR,0150030B,15187,PU,103,26,,,,,,,129,98,96,,,,,,,98,98,95,,,,,,,98,0,+1,,,,,,,0,76,31,,,,,,,67,78,47,,,,,,,72,-2,-16,,,,,,,-5,143,168,119,93,96,98,89,95,98,+4,+1,0
CLERMONT-FERRAND,HAUTE-LOIRE,LYCEE LA FAYETTE,BRIOUDE,0430003V,43040,PU,88,15,,,,,,,103,98,100,,,,,,,98,98,97,,,,,,,98,0,+3,,,,,,,0,70,40,,,,,,,66,74,53,,,,,,,71,-4,-13,,,,,,,-5,130,113,132,83,92,96,86,95,98,-3,-3,-2
CLERMONT-FERRAND,HAUTE-LOIRE,LYCEE SAINT JULIEN (GENERAL ET TECHNO.),BRIOUDE,0430053Z,43040,PR,64,,,,,,,,64,95,,,,,,,,95,96,,,,,,,,96,-1,,,,,,,,-1,64,,,,,,,,64,63,,,,,,,,63,+1,,,,,,,,+1,59,75,52,83,88,97,86,93,97,-3,-5,0
CLERMONT-FERRAND,HAUTE-LOIRE,LYCEE LA CHARTREUSE PARADIS,BRIVES CHARENSAC,0430055B,43041,PR,113,17,16,,,,,,146,100,100,100,,,,,,100,99,97,97,,,,,,99,+1,+3,+3,,,,,,+1,91,47,69,,,,,,84,83,51,65,,,,,,77,+8,-4,+4,,,,,,+7,192,133,142,84,94,100,89,96,99,-5,-2,+1
CLERMONT-FERRAND,HAUTE-LOIRE,LYCEE CHARLES ET ADRIEN DUPUY (GENERAL ET TECHNO.),LE PUY EN VELAY,0430020N,43157,PU,81,,39,,,,,,120,98,,87,,,,,,94,98,,96,,,,,,97,0,,-9,,,,,,-3,70,,44,,,,,,62,73,,57,,,,,,68,-3,,-13,,,,,,-6,141,123,136,86,94,95,87,94,97,-1,0,-2
CLERMONT-FERRAND,HAUTE-LOIRE,LYCEE SIMONE WEIL,LE PUY EN VELAY,0430021P,43157,PU,240,64,,,12,45,,,361,100,95,,,92,98,,,98,99,94,,,91,97,,,98,+1,+1,,,+1,+1,,,0,74,34,,,67,44,,,63,79,47,,,57,60,,,70,-5,-13,,,+10,-16,,,-7,337,346,339,88,95,98,88,95,98,0,0,0
CLERMONT-FERRAND,HAUTE-LOIRE,LYCEE ST-JACQUES DE COMPOSTELLE,LE PUY EN VELAY,0430968U,43157,PR,54,,,,,,,,54,100,,,,,,,,100,96,,,,,,,,96,+4,,,,,,,,+4,65,,,,,,,,65,63,,,,,,,,63,+2,,,,,,,,+2,50,51,30,91,100,100,87,94,97,+4,+6,+3
CLERMONT-FERRAND,HAUTE-LOIRE,LYCEE NOTRE DAME DU CHATEAU,MONISTROL SUR LOIRE,0430058E,43137,PR,215,,24,,,35,,,274,97,,92,,,100,,,97,98,,95,,,98,,,98,-1,,-3,,,+2,,,-1,61,,38,,,51,,,58,69,,52,,,65,,,67,-8,,-14,,,-14,,,-9,232,204,243,92,97,99,88,95,98,+4,+2,+1
CLERMONT-FERRAND,HAUTE-LOIRE,LYCEE LEONARD DE VINCI,MONISTROL SUR LOIRE,0430947W,43137,PU,222,85,,,,,,,307,99,94,,,,,,,98,99,96,,,,,,,98,0,-2,,,,,,,0,73,36,,,,,,,63,76,53,,,,,,,70,-3,-17,,,,,,,-7,312,297,301,90,96,99,88,95,98,+2,+1,+1
CLERMONT-FERRAND,HAUTE-LOIRE,LYCEE SAINT-GABRIEL,YSSINGEAUX,0430065M,43268,PR,66,,,,,,,,66,95,,,,,,,,95,97,,,,,,,,97,-2,,,,,,,,-2,67,,,,,,,,67,67,,,,,,,,67,0,,,,,,,,0,60,60,51,74,83,93,88,95,98,-14,-12,-5
CLERMONT-FERRAND,HAUTE-LOIRE,LYCEE EMMANUEL CHABRIER (GENERAL ET TECHNO.),YSSINGEAUX,0430953C,43268,PU,77,,,,,,,,77,100,,,,,,,,100,98,,,,,,,,98,+2,,,,,,,,+2,75,,,,,,,,75,73,,,,,,,,73,+2,,,,,,,,+2,106,84,72,77,92,100,88,95,98,-11,-3,+2
CLERMONT-FERRAND,PUY-DE-DOME,LYCEE BLAISE PASCAL (GENERAL ET TECHNO.),AMBERT,0630001J,63003,PU,85,,,,,,,,85,98,,,,,,,,98,98,,,,,,,,98,0,,,,,,,,0,73,,,,,,,,73,70,,,,,,,,70,+3,,,,,,,,+3,90,85,89,88,94,97,87,94,98,+1,0,-1
CLERMONT-FERRAND,PUY-DE-DOME,LYCEE SAINTE THECLE,CHAMALIERES,0631070W,63075,PR,87,,,,,31,,,118,100,,,,,100,,,100,99,,,,,97,,,98,+1,,,,,+3,,,+2,68,,,,,48,,,63,78,,,,,57,,,72,-10,,,,,-9,,,-9,101,97,95,84,92,99,88,95,98,-4,-3,+1
CLERMONT-FERRAND,PUY-DE-DOME,LYCEE VALERY GISCARD D'ESTAING (GENERAL ET TECHNO.),CHAMALIERES,0631669X,63075,PU,173,,,,,,,40,213,99,,,,,,,98,99,99,,,,,,,98,99,0,,,,,,,0,0,77,,,,,,,62,74,76,,,,,,,68,75,+1,,,,,,,-6,-1,235,205,194,86,94,98,89,95,98,-3,-1,0
CLERMONT-FERRAND,PUY-DE-DOME,LYCEE BLAISE PASCAL,CLERMONT FERRAND,0630018C,63113,PU,304,,,,,,,,304,94,,,,,,,,94,97,,,,,,,,97,-3,,,,,,,,-3,62,,,,,,,,62,67,,,,,,,,67,-5,,,,,,,,-5,372,283,297,86,94,97,87,95,98,-1,-1,-1
CLERMONT-FERRAND,PUY-DE-DOME,LYCEE JEANNE D'ARC,CLERMONT FERRAND,0630019D,63113,PU,456,,,,,,,,456,97,,,,,,,,97,98,,,,,,,,98,-1,,,,,,,,-1,73,,,,,,,,73,76,,,,,,,,76,-3,,,,,,,,-3,481,439,448,91,96,98,89,96,99,+2,0,-1
CLERMONT-FERRAND,PUY-DE-DOME,LYCEE SIDOINE APOLLINAIRE,CLERMONT FERRAND,0630020E,63113,PU,,144,,,29,158,,,331,,86,,,86,90,,,88,,92,,,91,95,,,93,,-6,,,-5,-5,,,-5,,29,,,38,47,,,38,,39,,,50,52,,,46,,-10,,,-12,-5,,,-8,236,328,323,76,86,90,80,89,93,-4,-3,-3
CLERMONT-FERRAND,PUY-DE-DOME,LYCEE LA FAYETTE (GENERAL ET TECHNO.),CLERMONT FERRAND,0630021F,63113,PU,95,,105,,22,,,,222,99,,90,,95,,,,95,98,,96,,97,,,,97,+1,,-6,,-2,,,,-2,81,,46,,82,,,,64,75,,58,,66,,,,66,+6,,-12,,+16,,,,-2,259,228,225,74,90,95,85,94,97,-11,-4,-2
CLERMONT-FERRAND,PUY-DE-DOME,LYCEE AMBROISE BRUGIERE,CLERMONT FERRAND,0630077S,63113,PU,204,111,,,,,,,315,89,80,,,,,,,86,91,83,,,,,,,88,-2,-3,,,,,,,-2,48,21,,,,,,,38,46,25,,,,,,,38,+2,-4,,,,,,,0,311,291,323,72,85,89,78,87,91,-6,-2,-2
CLERMONT-FERRAND,PUY-DE-DOME,LYCEE GODEFROY DE BOUILLON,CLERMONT FERRAND,0631068U,63113,PR,168,33,34,,,,,,235,98,100,100,,,,,,98,99,97,97,,,,,,98,-1,+3,+3,,,,,,0,76,48,74,,,,,,71,76,48,68,,,,,,71,0,0,+6,,,,,,0,223,221,224,81,93,100,88,95,98,-7,-2,+2
CLERMONT-FERRAND,PUY-DE-DOME,LYCEE FENELON,CLERMONT FERRAND,0631074A,63113,PR,119,,,,,,,,119,100,,,,,,,,100,99,,,,,,,,99,+1,,,,,,,,+1,88,,,,,,,,88,86,,,,,,,,86,+2,,,,,,,,+2,138,132,117,90,97,100,91,97,99,-1,0,+1
CLERMONT-FERRAND,PUY-DE-DOME,LYCEE SAINT ALYRE,CLERMONT FERRAND,0631075B,63113,PR,180,35,,,,,,,215,97,91,,,,,,,96,99,96,,,,,,,98,-2,-5,,,,,,,-2,64,20,,,,,,,57,77,47,,,,,,,72,-13,-27,,,,,,,-15,208,195,224,87,94,99,88,95,98,-1,-1,+1
CLERMONT-FERRAND,PUY-DE-DOME,LYCEE MASSILLON,CLERMONT FERRAND,0631847R,63113,PR,109,,,,,,,,109,98,,,,,,,,98,99,,,,,,,,99,-1,,,,,,,,-1,86,,,,,,,,86,87,,,,,,,,87,-1,,,,,,,,-1,142,121,118,84,92,97,90,97,99,-6,-5,-2
CLERMONT-FERRAND,PUY-DE-DOME,LYCEE RENE DESCARTES,COURNON D AUVERGNE,0631861F,63124,PU,334,98,,31,,,,,463,97,89,,100,,,,,96,98,93,,99,,,,,97,-1,-4,,+1,,,,,-1,65,24,,100,,,,,59,70,40,,89,,,,,65,-5,-16,,+11,,,,,-6,456,434,473,89,94,97,88,94,97,+1,0,0
CLERMONT-FERRAND,PUY-DE-DOME,LYCEE SAINT PIERRE,COURPIERE,0631032E,63125,PR,35,,,,,,,,35,97,,,,,,,,97,ND,,,,,,,,ND,ND,,,,,,,,ND,69,,,,,,,,69,ND,,,,,,,,ND,ND,,,,,,,,ND,25,29,23,62,71,97,ND,ND,ND,ND,ND,ND
CLERMONT-FERRAND,PUY-DE-DOME,LYCEE MURAT,ISSOIRE,0630034V,63178,PU,265,63,,,,,,,328,98,95,,,,,,,98,98,95,,,,,,,97,0,0,,,,,,,+1,73,24,,,,,,,64,71,45,,,,,,,66,+2,-21,,,,,,,-2,345,309,327,87,94,97,87,94,98,0,0,-1
CLERMONT-FERRAND,PUY-DE-DOME,LYCEE SEVIGNE SAINT LOUIS,ISSOIRE,0631033F,63178,PR,69,,,,,,,,69,96,,,,,,,,96,98,,,,,,,,98,-2,,,,,,,,-2,55,,,,,,,,55,69,,,,,,,,69,-14,,,,,,,,-14,80,103,68,87,91,97,89,95,98,-2,-4,-1
CLERMONT-FERRAND,PUY-DE-DOME,LYCEE C. ET P. VIRLOGEUX,RIOM,0630052P,63300,PU,329,100,,,,,,,429,98,89,,,,,,,96,99,95,,,,,,,98,-1,-6,,,,,,,-2,71,37,,,,,,,63,78,48,,,,,,,71,-7,-11,,,,,,,-8,464,434,395,86,94,97,88,95,98,-2,-1,-1
CLERMONT-FERRAND,PUY-DE-DOME,LYCEE SAINTE MARIE,RIOM,0631034G,63300,PR,79,,,,,,,,79,100,,,,,,,,100,99,,,,,,,,99,+1,,,,,,,,+1,70,,,,,,,,70,76,,,,,,,,76,-6,,,,,,,,-6,138,99,83,93,98,99,90,96,99,+3,+2,0
CLERMONT-FERRAND,PUY-DE-DOME,LYCEE PIERRE JOEL BONTE (GENERAL ET TECHNO.),RIOM,0631985R,63300,PU,49,,49,,,,,,98,100,,98,,,,,,99,99,,95,,,,,,97,+1,,+3,,,,,,+2,80,,47,,,,,,63,78,,52,,,,,,65,+2,,-5,,,,,,-2,128,91,95,87,94,98,86,94,97,+1,0,+1
CLERMONT-FERRAND,PUY-DE-DOME,LYCEE MONTDORY,THIERS,0630068G,63430,PU,152,48,,,,,,,200,98,90,,,,,,,96,97,91,,,,,,,96,+1,-1,,,,,,,0,64,54,,,,,,,62,68,38,,,,,,,61,-4,+16,,,,,,,+1,199,181,207,76,90,95,85,93,97,-9,-3,-2
CLERMONT-FERRAND,PUY-DE-DOME,LYCEE JEAN ZAY,THIERS,0630069H,63430,PU,35,,37,,26,,,,98,100,,97,,96,,,,98,99,,94,,96,,,,96,+1,,+3,,0,,,,+2,83,,57,,73,,,,70,80,,49,,67,,,,65,+3,,+8,,+6,,,,+5,95,89,92,83,96,98,85,93,97,-2,+3,+1
CORSE,CORSE-DU-SUD,LYCEE FESCH,AJACCIO,6200001G,2A004,PU,153,31,,,16,29,,,229,92,90,,,88,97,,,92,94,87,,,85,87,,,92,-2,+3,,,+3,+10,,,0,61,35,,,38,41,,,54,54,29,,,34,35,,,47,+7,+6,,,+4,+6,,,+7,272,232,230,84,91,93,81,90,94,+3,+1,-1
CORSE,CORSE-DU-SUD,LYCEE LAETITIA BONAPARTE,AJACCIO,6200002H,2A004,PU,302,56,25,,,,,,383,99,98,100,,,,,,99,97,92,90,,,,,,96,+2,+6,+10,,,,,,+3,79,61,64,,,,,,75,66,37,37,,,,,,60,+13,+24,+27,,,,,,+15,407,405,399,95,98,99,86,93,97,+9,+5,+2
CORSE,CORSE-DU-SUD,INSTITUTION SAINT-PAUL,AJACCIO,6200650M,2A004,PR,102,,,,,,,,102,99,,,,,,,,99,91,,,,,,,,91,+8,,,,,,,,+8,66,,,,,,,,66,42,,,,,,,,42,+24,,,,,,,,+24,100,102,78,78,85,96,81,90,95,-3,-5,+1
CORSE,CORSE-DU-SUD,LYCEE JEAN PAUL DE ROCCA SERRA (GENERAL ET TECHNO.),PORTO VECCHIO,6200063Z,2A247,PU,181,55,,,,,,,236,96,91,,,,,,,95,94,86,,,,,,,92,+2,+5,,,,,,,+3,69,31,,,,,,,60,55,28,,,,,,,48,+14,+3,,,,,,,+12,223,216,178,86,92,94,82,90,94,+4,+2,0
CORSE,CORSE-DU-SUD,LYCEE GEORGES CLEMENCEAU SARTENE,SARTENE,6200043C,2A272,PU,64,18,,,,,,,82,95,94,,,,,,,95,91,83,,,,,,,89,+4,+11,,,,,,,+6,61,44,,,,,,,57,43,21,,,,,,,39,+18,+23,,,,,,,+18,81,75,52,86,93,95,81,88,93,+5,+5,+2
CORSE,HAUTE-CORSE,LYCEE GIOCANTE DE CASABIANCA,BASTIA,7200009X,2B033,PU,342,50,,,,,,,392,97,80,,,,,,,95,96,88,,,,,,,95,+1,-8,,,,,,,0,70,20,,,,,,,63,64,30,,,,,,,60,+6,-10,,,,,,,+3,427,398,416,89,94,96,85,93,96,+4,+1,0
CORSE,HAUTE-CORSE,PENSIONNAT JEANNE D ARC,BASTIA,7200073S,2B033,PR,85,,,,,,,,85,99,,,,,,,,99,98,,,,,,,,98,+1,,,,,,,,+1,75,,,,,,,,75,68,,,,,,,,68,+7,,,,,,,,+7,93,93,82,87,94,98,87,95,98,0,-1,0
CORSE,HAUTE-CORSE,LYCEE PAUL VINCENSINI,BASTIA,7200583W,2B033,PU,159,62,52,,,71,,,344,98,89,90,,,100,,,96,94,89,91,,,91,,,92,+4,0,-1,,,+9,,,+4,66,48,44,,,61,,,58,53,33,38,,,41,,,44,+13,+15,+6,,,+20,,,+14,383,377,338,84,91,96,81,89,93,+3,+2,+3
CORSE,HAUTE-CORSE,LYCEE PASCAL PAOLI,CORTE,7200021K,2B096,PU,67,25,,,,,,,92,97,92,,,,,,,96,96,91,,,,,,,95,+1,+1,,,,,,,+1,66,52,,,,,,,62,60,36,,,,,,,53,+6,+16,,,,,,,+9,101,89,92,87,92,95,84,93,96,+3,-1,-1
CORSE,HAUTE-CORSE,LYCEE DE BALAGNE (GENERAL ET TECHNO.),L ILE ROUSSE,7200123W,2B134,PU,71,27,,,,,,,98,97,100,,,,,,,98,95,82,,,,,,,91,+2,+18,,,,,,,+7,76,44,,,,,,,67,54,25,,,,,,,46,+22,+19,,,,,,,+21,140,103,110,87,94,98,80,90,93,+7,+4,+5
CORSE,HAUTE-CORSE,LYCEE DU FIUM'ORBU,PRUNELLI DI FIUMORBO,7200719U,2B251,PU,90,32,,,,,,,122,100,100,,,,,,,100,96,87,,,,,,,94,+4,+13,,,,,,,+6,78,47,,,,,,,70,60,30,,,,,,,52,+18,+17,,,,,,,+18,170,107,116,87,97,99,82,91,95,+5,+6,+4
CRETEIL,SEINE-ET-MARNE,LYCEE URUGUAY FRANCE (GENERAL ET TECHNO.),AVON,0770918E,77014,PU,140,67,,,25,46,,,278,93,72,,,100,93,,,88,97,92,,,96,93,,,95,-4,-20,,,+4,0,,,-7,53,22,,,64,52,,,46,63,38,,,68,48,,,55,-10,-16,,,-4,+4,,,-9,253,287,309,84,92,92,83,92,96,+1,0,-4
CRETEIL,SEINE-ET-MARNE,LYCEE BLAISE PASCAL (GENERAL ET TECHNO.),BRIE COMTE ROBERT,0772230F,77053,PU,210,69,,,,,,,279,96,94,,,,,,,95,98,95,,,,,,,97,-2,-1,,,,,,,-2,64,54,,,,,,,61,71,42,,,,,,,64,-7,+12,,,,,,,-3,349,301,313,92,95,96,86,94,97,+6,+1,-1
CRETEIL,SEINE-ET-MARNE,LYCEE MAURICE RONDEAU (GENERAL ET TECHNO.),BUSSY SAINT GEORGES,0772275E,77058,PR,165,,21,,,,,,186,100,,95,,,,,,99,99,,97,,,,,,99,+1,,-2,,,,,,0,87,,57,,,,,,84,87,,62,,,,,,84,0,,-5,,,,,,0,198,195,198,91,96,99,91,96,99,0,0,0
CRETEIL,SEINE-ET-MARNE,LYCEE MARTIN LUTHER KING,BUSSY SAINT GEORGES,0772292Y,77058,PU,254,68,60,,,,,,382,95,97,85,,,,,,94,98,95,91,,,,,,96,-3,+2,-6,,,,,,-2,63,34,23,,,,,,52,74,46,40,,,,,,64,-11,-12,-17,,,,,,-12,382,381,391,89,93,95,86,93,97,+3,0,-2
CRETEIL,SEINE-ET-MARNE,LYCEE SONIA DELAUNAY (GENERAL ET TECHNO.),CESSON,0772332S,77067,PU,167,34,,,,,,,201,97,97,,,,,,,97,98,93,,,,,,,97,-1,+4,,,,,,,0,69,44,,,,,,,65,74,43,,,,,,,69,-5,+1,,,,,,,-4,242,200,214,90,98,99,88,95,98,+2,+3,+1
CRETEIL,SEINE-ET-MARNE,LYCEE LA FAYETTE (GENERAL ET TECHNO.),CHAMPAGNE SUR SEINE,0770920G,77079,PU,30,,75,,,,,,105,83,,91,,,,,,89,94,,93,,,,,,93,-11,,-2,,,,,,-4,33,,35,,,,,,34,53,,44,,,,,,47,-20,,-9,,,,,,-13,54,74,83,85,92,95,81,91,95,+4,+1,0
CRETEIL,SEINE-ET-MARNE,LYCEE RENE DESCARTES (GENERAL ET TECHNO.),CHAMPS SUR MARNE,0772223Y,77083,PU,164,54,,,,,,,218,98,78,,,,,,,93,97,92,,,,,,,96,+1,-14,,,,,,,-3,68,30,,,,,,,59,67,38,,,,,,,60,+1,-8,,,,,,,-1,228,199,180,86,93,95,85,93,97,+1,0,-2
CRETEIL,SEINE-ET-MARNE,LYCEE GASTON BACHELARD,CHELLES,0770922J,77108,PU,371,98,59,,,,,,528,95,95,93,,,,,,95,96,90,90,,,,,,94,-1,+5,+3,,,,,,+1,55,32,27,,,,,,47,65,34,37,,,,,,56,-10,-2,-10,,,,,,-9,552,515,512,88,94,96,85,92,96,+3,+2,0
CRETEIL,SEINE-ET-MARNE,LYCEE GUY GASNIER-SAINTE BATHILDE,CHELLES,0771720B,77108,PR,94,,,,,,,,94,99,,,,,,,,99,98,,,,,,,,98,+1,,,,,,,,+1,73,,,,,,,,73,74,,,,,,,,74,-1,,,,,,,,-1,132,98,92,90,96,100,89,96,99,+1,0,+1
CRETEIL,SEINE-ET-MARNE,LYCEE JEHAN DE CHELLES (GENERAL ET TECHNO.),CHELLES,0772276F,77108,PU,139,66,,,,56,,,261,85,88,,,,95,,,88,96,92,,,,94,,,94,-11,-4,,,,+1,,,-6,36,26,,,,39,,,34,57,35,,,,46,,,49,-21,-9,,,,-7,,,-15,339,291,281,71,88,92,83,91,95,-12,-3,-3
CRETEIL,SEINE-ET-MARNE,LYCEE GALILEE,COMBS LA VILLE,0772127U,77122,PU,192,70,,,,,,,262,97,87,,,,,,,94,97,92,,,,,,,96,0,-5,,,,,,,-2,63,36,,,,,,,56,67,36,,,,,,,59,-4,0,,,,,,,-3,274,254,270,87,94,95,86,93,97,+1,+1,-2
CRETEIL,SEINE-ET-MARNE,LYCEE DU GUE A TRESMES (GENERAL ET TECHNO.),CONGIS SUR THEROUANNE,0771658J,77126,PU,,,11,32,,,,5,48,,,73,97,,,,100,92,,,92,99,,,,ND,97,,,-19,-2,,,,ND,-5,,,36,59,,,,60,54,,,43,79,,,,ND,69,,,-7,-20,,,,ND,-15,42,53,65,84,95,98,85,94,98,-1,+1,0
CRETEIL,SEINE-ET-MARNE,LYCEE DE COULOMMIERS (GENERAL ET TECHNO.),COULOMMIERS,0770924L,77131,PU,271,97,34,,,35,,,437,95,94,79,,,94,,,94,96,94,89,,,92,,,95,-1,0,-10,,,+2,,,-1,53,38,29,,,71,,,49,60,42,36,,,44,,,53,-7,-4,-7,,,+27,,,-4,481,337,381,82,92,97,85,92,96,-3,0,+1
CRETEIL,SEINE-ET-MARNE,LYCEE FREDERIC JOLIOT CURIE (GENERAL ET TECHNO.),DAMMARIE LES LYS,0771027Y,77152,PU,194,99,33,,,,,,326,95,84,70,,,,,,89,96,92,92,,,,,,95,-1,-8,-22,,,,,,-6,55,35,15,,,,,,45,60,39,44,,,,,,52,-5,-4,-29,,,,,,-7,366,364,370,85,90,93,83,92,95,+2,-2,-2
CRETEIL,SEINE-ET-MARNE,LYCEE CHARLOTTE DELBO (GENERAL ET TECHNO.),DAMMARTIN EN GOELE,0772751X,77153,PU,89,,26,,,,,,115,96,,69,,,,,,90,97,,87,,,,,,95,-1,,-18,,,,,,-5,58,,19,,,,,,50,67,,33,,,,,,59,-9,,-14,,,,,,-9,197,149,169,85,93,94,86,93,97,-1,0,-3
CRETEIL,SEINE-ET-MARNE,LYCEE FRANCOIS COUPERIN,FONTAINEBLEAU,0770926N,77186,PU,357,69,,,,,,,426,96,90,,,,,,,95,98,94,,,,,,,98,-2,-4,,,,,,,-3,61,52,,,,,,,59,74,42,,,,,,,69,-13,+10,,,,,,,-10,472,369,395,82,94,95,88,95,98,-6,-1,-3
CRETEIL,SEINE-ET-MARNE,LYCEE INTERNATIONAL FRANCOIS 1ER,FONTAINEBLEAU,0770927P,77186,PU,337,,,,,,,,337,99,,,,,,,,99,99,,,,,,,,99,0,,,,,,,,0,77,,,,,,,,77,82,,,,,,,,82,-5,,,,,,,,-5,310,293,299,91,95,99,89,96,99,+2,-1,0
CRETEIL,SEINE-ET-MARNE,LYCEE ICEF SAINT ASPAIS,FONTAINEBLEAU,0771232W,77186,PR,141,,,,,,,,141,100,,,,,,,,100,99,,,,,,,,99,+1,,,,,,,,+1,85,,,,,,,,85,83,,,,,,,,83,+2,,,,,,,,+2,172,141,112,95,98,100,90,96,99,+5,+2,+1
CRETEIL,SEINE-ET-MARNE,LYCEE SAINTE CELINE,LA FERTE SOUS JOUARRE,0772602K,77183,PR,101,,8,,,,,,109,99,,100,,,,,,99,98,,ND,,,,,,98,+1,,ND,,,,,,+1,80,,100,,,,,,82,77,,ND,,,,,,76,+3,,ND,,,,,,+6,126,97,100,93,98,99,89,96,99,+4,+2,0
CRETEIL,SEINE-ET-MARNE,LYCEE SAMUEL BECKETT,LA FERTE SOUS JOUARRE,0772685A,77183,PU,150,51,,,,,,,201,87,92,,,,,,,89,93,91,,,,,,,93,-6,+1,,,,,,,-4,31,39,,,,,,,33,50,33,,,,,,,46,-19,+6,,,,,,,-13,254,165,227,82,89,92,83,91,95,-1,-2,-3
CRETEIL,SEINE-ET-MARNE,LYCEE ST LAURENT-LA PAIX NOTRE DAME,LAGNY SUR MARNE,0771237B,77243,PR,222,28,,,20,26,,,296,99,100,,,95,100,,,99,99,97,,,98,98,,,99,0,+3,,,-3,+2,,,0,91,79,,,85,73,,,88,85,55,,,78,66,,,80,+6,+24,,,+7,+7,,,+8,307,305,307,91,97,99,90,96,99,+1,+1,0
CRETEIL,SEINE-ET-MARNE,LYCEE VAN DONGEN,LAGNY SUR MARNE,0771512A,77243,PU,256,86,,,,29,,,371,93,90,,,,86,,,91,97,91,,,,92,,,95,-4,-1,,,,-6,,,-4,56,23,,,,48,,,48,67,35,,,,44,,,58,-11,-12,,,,+4,,,-10,412,400,369,89,93,96,84,92,96,+5,+1,0
CRETEIL,SEINE-ET-MARNE,LYCEE GEORGE SAND,LE MEE SUR SEINE,0771663P,77285,PU,130,56,,,18,,,,204,84,96,,,72,,,,86,89,87,,,92,,,,89,-5,+9,,,-20,,,,-3,33,38,,,28,,,,34,42,29,,,52,,,,39,-9,+9,,,-24,,,,-5,216,193,209,75,87,90,80,88,92,-5,-1,-2
CRETEIL,SEINE-ET-MARNE,LYCEE EMILY BRONTE,LOGNES,0772294A,77258,PU,186,94,,,29,,,,309,96,79,,,93,,,,90,98,92,,,96,,,,96,-2,-13,,,-3,,,,-6,56,20,,,55,,,,45,70,38,,,59,,,,59,-14,-18,,,-4,,,,-14,309,299,325,87,91,93,86,93,97,+1,-2,-4
CRETEIL,SEINE-ET-MARNE,LYCEE CHARLES DE GAULLE (GENERAL ET TECHNO.),LONGPERRIER,0772228D,77259,PU,156,87,,,,35,,,278,88,91,,,,89,,,89,96,92,,,,91,,,94,-8,-1,,,,-2,,,-5,38,37,,,,29,,,37,55,38,,,,39,,,48,-17,-1,,,,-10,,,-11,238,236,291,88,90,93,83,91,95,+5,-1,-2
CRETEIL,SEINE-ET-MARNE,LYCEE HENRI MOISSAN,MEAUX,0770930T,77284,PU,255,96,,,25,32,,,408,97,96,,,96,100,,,97,97,93,,,95,95,,,96,0,+3,,,+1,+5,,,+1,61,36,,,64,56,,,55,66,42,,,60,49,,,58,-5,-6,,,+4,+7,,,-3,461,411,409,83,94,98,84,93,96,-1,+1,+2
CRETEIL,SEINE-ET-MARNE,LYCEE PIERRE DE COUBERTIN (GENERAL ET TECHNO.),MEAUX,0770931U,77284,PU,263,106,65,,,,,,434,94,90,83,,,,,,91,97,93,89,,,,,,95,-3,-3,-6,,,,,,-4,48,24,22,,,,,,38,63,38,38,,,,,,53,-15,-14,-16,,,,,,-15,415,371,418,79,90,93,84,92,96,-5,-2,-3
CRETEIL,SEINE-ET-MARNE,LYCEE BOSSUET,MEAUX,0771246L,77284,PR,296,56,,,,45,,,397,100,100,,,,100,,,100,99,97,,,,98,,,99,+1,+3,,,,+2,,,+1,80,68,,,,69,,,77,84,57,,,,64,,,78,-4,+11,,,,+5,,,-1,431,397,371,92,97,100,90,96,99,+2,+1,+1
CRETEIL,SEINE-ET-MARNE,LYCEE JEAN VILAR,MEAUX,0772229E,77284,PU,307,93,,,,44,,,444,92,87,,,,93,,,91,96,91,,,,93,,,94,-4,-4,,,,0,,,-3,52,37,,,,59,,,49,58,37,,,,45,,,52,-6,0,,,,+14,,,-3,468,470,441,88,92,94,83,92,96,+5,0,-2
CRETEIL,SEINE-ET-MARNE,LYCEE JACQUES AMYOT,MELUN,0770933W,77288,PU,151,67,,,,,,,218,93,88,,,,,,,91,94,92,,,,,,,93,-1,-4,,,,,,,-2,57,39,,,,,,,51,55,37,,,,,,,50,+2,+2,,,,,,,+1,245,218,232,88,93,95,82,91,95,+6,+2,0
CRETEIL,SEINE-ET-MARNE,LYCEE LEONARD DE VINCI (GENERAL ET TECHNO.),MELUN,0770934X,77288,PU,60,35,31,,,,,,126,78,89,74,,,,,,80,86,89,85,,,,,,87,-8,0,-11,,,,,,-7,43,26,32,,,,,,36,38,30,29,,,,,,33,+5,-4,+3,,,,,,+3,119,126,140,70,81,83,75,86,91,-5,-5,-8
CRETEIL,SEINE-ET-MARNE,LYCEE SAINT ASPAIS (GENERAL ET TECHNO.),MELUN,0771238C,77288,PR,304,60,,,,,,,364,100,98,,,,,,,99,99,98,,,,,,,99,+1,0,,,,,,,0,85,60,,,,,,,81,83,62,,,,,,,80,+2,-2,,,,,,,+1,401,377,369,96,99,100,90,96,99,+6,+3,+1
CRETEIL,SEINE-ET-MARNE,LYCEE HONORE DE BALZAC,MITRY MORY,0771996B,77294,PU,326,123,,,,,,,449,94,93,,,,,,,94,96,91,,,,,,,95,-2,+2,,,,,,,-1,57,30,,,,,,,50,62,38,,,,,,,55,-5,-8,,,,,,,-5,548,426,468,91,95,96,84,92,96,+7,+3,0
CRETEIL,SEINE-ET-MARNE,LYCEE DE LA MARE CARREE (GENERAL ET TECHNO.),MOISSY CRAMAYEL,0772296C,77296,PU,245,84,86,,,,,,415,92,85,80,,,,,,88,96,89,92,,,,,,94,-4,-4,-12,,,,,,-6,56,27,33,,,,,,46,60,32,42,,,,,,51,-4,-5,-9,,,,,,-5,344,426,424,85,90,93,82,91,95,+3,-1,-2
CRETEIL,SEINE-ET-MARNE,LYCEE ANDRE MALRAUX (GENERAL ET TECHNO.),MONTEREAU FAULT YONNE,0770938B,77305,PU,241,,26,32,,,,,299,90,,65,91,,,,,88,95,,87,99,,,,,95,-5,,-22,-8,,,,,-7,51,,19,34,,,,,46,60,,31,70,,,,,58,-9,,-12,-36,,,,,-12,383,281,284,81,90,93,85,93,96,-4,-3,-3
CRETEIL,SEINE-ET-MARNE,LYCEE HENRI BECQUEREL (GENERAL ET TECHNO.),NANGIS,0772277G,77327,PU,134,51,,,,,,,185,84,92,,,,,,,86,95,94,,,,,,,95,-11,-2,,,,,,,-9,49,39,,,,,,,46,57,40,,,,,,,53,-8,-1,,,,,,,-7,219,184,184,79,88,92,84,92,96,-5,-4,-4
CRETEIL,SEINE-ET-MARNE,LYCEE ETIENNE BEZOUT (GENERAL ET TECHNO.),NEMOURS,0770940D,77333,PU,153,69,,,,,,,222,98,96,,,,,,,97,97,92,,,,,,,96,+1,+4,,,,,,,+1,63,54,,,,,,,60,68,40,,,,,,,59,-5,+14,,,,,,,+1,262,252,223,90,96,99,85,93,96,+5,+3,+3
CRETEIL,SEINE-ET-MARNE,LYCEE SIMONE VEIL (GENERAL ET TECHNO.),NOISIEL,0771940R,77337,PU,113,36,44,,,,,,193,95,100,89,,,,,,94,97,94,90,,,,,,95,-2,+6,-1,,,,,,-1,53,56,34,,,,,,49,64,44,36,,,,,,54,-11,+12,-2,,,,,,-5,241,233,199,86,92,94,83,92,96,+3,0,-2
CRETEIL,SEINE-ET-MARNE,LYCEE CAMPUS SAINTE THERESE,OZOIR LA FERRIERE,0772324H,77350,PR,143,,12,,,,,,155,100,,100,,,,,,100,100,,99,,,,,,99,0,,+1,,,,,,+1,88,,100,,,,,,89,90,,80,,,,,,89,-2,,+20,,,,,,0,194,163,160,93,99,100,91,97,99,+2,+2,+1
CRETEIL,SEINE-ET-MARNE,LYCEE CAMILLE CLAUDEL,PONTAULT COMBAULT,0772243V,77373,PU,243,80,,,13,,,,336,93,86,,,77,,,,90,97,92,,,96,,,,96,-4,-6,,,-19,,,,-6,57,20,,,38,,,,48,68,37,,,57,,,,60,-11,-17,,,-19,,,,-12,403,303,334,80,88,91,85,93,96,-5,-5,-5
CRETEIL,SEINE-ET-MARNE,LYCEE THIBAUT DE CHAMPAGNE (GENERAL ET TECHNO.),PROVINS,0770942F,77379,PU,156,98,,,,,,,254,97,89,,,,,,,94,97,89,,,,,,,94,0,0,,,,,,,0,61,46,,,,,,,55,63,33,,,,,,,51,-2,+13,,,,,,,+4,242,210,219,85,91,96,84,92,95,+1,-1,+1
CRETEIL,SEINE-ET-MARNE,LYCEE LES PANNEVELLES (GENERAL ET TECHNO.),PROVINS,0771336J,77379,PU,53,,32,,,45,,,130,96,,88,,,96,,,94,97,,92,,,93,,,94,-1,,-4,,,+3,,,0,62,,41,,,53,,,54,64,,41,,,47,,,53,-2,,0,,,+6,,,+1,126,139,147,77,86,92,83,92,95,-6,-6,-3
CRETEIL,SEINE-ET-MARNE,LYCEE SAINTE CROIX,PROVINS,0772290W,77379,PR,69,,,,,,,,69,94,,,,,,,,94,98,,,,,,,,98,-4,,,,,,,,-4,61,,,,,,,,61,70,,,,,,,,70,-9,,,,,,,,-9,69,63,75,83,88,94,87,95,98,-4,-7,-4
CRETEIL,SEINE-ET-MARNE,LYCEE CHARLES LE CHAUVE,ROISSY EN BRIE,0771763Y,77390,PU,296,103,,,,34,,,433,96,99,,,,94,,,97,96,90,,,,92,,,94,0,+9,,,,+2,,,+3,59,32,,,,47,,,52,61,34,,,,41,,,53,-2,-2,,,,+6,,,-1,467,464,429,90,97,98,84,92,95,+6,+5,+3
CRETEIL,SEINE-ET-MARNE,LYCEE LA TOUR DES DAMES (GENERAL ET TECHNO.),ROZAY EN BRIE,0772295B,77393,PU,174,43,,,6,24,,,247,95,91,,,100,88,,,94,97,94,,,ND,94,,,96,-2,-3,,,ND,-6,,,-2,67,37,,,33,67,,,61,65,44,,,ND,46,,,59,+2,-7,,,ND,+21,,,+2,275,235,227,86,90,95,86,93,97,0,-3,-2
CRETEIL,SEINE-ET-MARNE,LYCEE LA SALLE - SAINTE MARIE,SAINT PIERRE LES NEMOURS,0772840U,77431,PR,61,,,,,,,,61,93,,,,,,,,93,97,,,,,,,,97,-4,,,,,,,,-4,49,,,,,,,,49,67,,,,,,,,67,-18,,,,,,,,-18,48,50,42,88,94,98,87,95,98,+1,-1,0
CRETEIL,SEINE-ET-MARNE,LYCEE PIERRE MENDES-FRANCE,SAVIGNY LE TEMPLE,0772188K,77445,PU,155,68,,,,29,,,252,94,94,,,,86,,,93,96,88,,,,89,,,93,-2,+6,,,,-3,,,0,45,32,,,,21,,,39,56,30,,,,36,,,47,-11,+2,,,,-15,,,-8,275,270,278,85,95,96,83,91,94,+2,+4,+2
CRETEIL,SEINE-ET-MARNE,LYCEE EMILIE DU CHATELET (GENERAL ET TECHNO.),SERRIS,0772688D,77449,PU,328,,,,,,,20,348,91,,,,,,,100,91,97,,,,,,,97,97,-6,,,,,,,+3,-6,52,,,,,,,55,52,66,,,,,,,57,65,-14,,,,,,,-2,-13,367,333,398,88,93,95,86,94,98,+2,-1,-3
CRETEIL,SEINE-ET-MARNE,LYCEE INTERNAT D'EXCELLENCE SOURDUN,SOURDUN,0772737G,77459,PU,65,,,,,,,,65,98,,,,,,,,98,94,,,,,,,,94,+4,,,,,,,,+4,42,,,,,,,,42,57,,,,,,,,57,-15,,,,,,,,-15,83,71,70,87,96,98,85,92,96,+2,+4,+2
CRETEIL,SEINE-ET-MARNE,LYCEE JEAN MOULIN (GENERAL ET TECHNO.),TORCY,0772120L,77468,PU,111,44,,,,33,,,188,94,89,,,,88,,,91,93,90,,,,89,,,92,+1,-1,,,,-1,,,-1,42,14,,,,45,,,36,53,31,,,,39,,,45,-11,-17,,,,+6,,,-9,167,145,147,80,89,93,81,89,93,-1,0,0
CRETEIL,SEINE-ET-MARNE,LYCEE CLEMENT ADER (GENERAL ET TECHNO.),TOURNAN EN BRIE,0772342C,77470,PU,185,,62,,,,,,247,95,,95,,,,,,95,97,,92,,,,,,95,-2,,+3,,,,,,0,62,,32,,,,,,54,63,,41,,,,,,58,-1,,-9,,,,,,-4,242,230,243,89,92,95,86,93,97,+3,-1,-2
CRETEIL,SEINE-ET-MARNE,LYCEE SIMONE SIGNORET (GENERAL ET TECHNO.),VAUX LE PENIL,0772310T,77487,PU,173,35,,,,63,,,271,92,97,,,,84,,,91,98,93,,,,92,,,96,-6,+4,,,,-8,,,-5,61,34,,,,43,,,54,70,42,,,,44,,,60,-9,-8,,,,-1,,,-6,261,257,277,81,95,96,85,93,97,-4,+2,-1
CRETEIL,SEINE-SAINT-DENIS,LYCEE HENRI WALLON,AUBERVILLIERS,0930116W,93001,PU,170,87,,,24,,,,281,91,91,,,67,,,,89,86,80,,,69,,,,83,+5,+11,,,-2,,,,+6,51,28,,,21,,,,41,40,22,,,20,,,,33,+11,+6,,,+1,,,,+8,272,270,273,83,89,92,72,82,86,+11,+7,+6
CRETEIL,SEINE-SAINT-DENIS,LYCEE LE CORBUSIER,AUBERVILLIERS,0930117X,93001,PU,181,101,72,,,,,,354,94,90,81,,,,,,90,86,78,65,,,,,,79,+8,+12,+16,,,,,,+11,49,40,22,,,,,,41,36,20,11,,,,,,27,+13,+20,+11,,,,,,+14,368,356,368,80,91,93,71,81,85,+9,+10,+8
CRETEIL,SEINE-SAINT-DENIS,LYCEE CHNE OR,AUBERVILLIERS,0932110N,93001,PR,47,,,,,,,,47,96,,,,,,,,96,92,,,,,,,,92,+4,,,,,,,,+4,45,,,,,,,,45,40,,,,,,,,40,+5,,,,,,,,+5,21,50,51,76,90,96,80,91,95,-4,-1,+1
CRETEIL,SEINE-SAINT-DENIS,LYCEE JEAN ZAY,AULNAY SOUS BOIS,0930833A,93005,PU,325,98,,,,,,,423,95,95,,,,,,,95,92,86,,,,,,,91,+3,+9,,,,,,,+4,49,43,,,,,,,48,48,26,,,,,,,43,+1,+17,,,,,,,+5,445,436,421,89,95,97,79,89,93,+10,+6,+4
CRETEIL,SEINE-SAINT-DENIS,LYCEE VOILLAUME,AULNAY SOUS BOIS,0930834B,93005,PU,245,73,59,,,60,,,437,88,90,85,,,85,,,88,85,74,60,,,81,,,79,+3,+16,+25,,,+4,,,+9,34,26,19,,,40,,,32,34,16,8,,,31,,,27,0,+10,+11,,,+9,,,+5,410,403,433,75,91,92,73,82,86,+2,+9,+6
CRETEIL,SEINE-SAINT-DENIS,LYCEE ESPERANCE,AULNAY SOUS BOIS,0930961P,93005,PR,184,,,,,,,,184,100,,,,,,,,100,99,,,,,,,,99,+1,,,,,,,,+1,79,,,,,,,,79,83,,,,,,,,83,-4,,,,,,,,-4,209,197,184,93,99,100,90,96,99,+3,+3,+1
CRETEIL,SEINE-SAINT-DENIS,LYCEE SAINT BENOIST DE L'EUROPE (GENERAL ET TECHNO.),BAGNOLET,0930936M,93006,PR,59,25,,,,,,,84,98,92,,,,,,,96,97,95,,,,,,,96,+1,-3,,,,,,,0,69,60,,,,,,,67,63,45,,,,,,,57,+6,+15,,,,,,,+10,87,77,80,89,92,96,86,93,97,+3,-1,-1
CRETEIL,SEINE-SAINT-DENIS,LYCEE EUGENE HENAFF (GENERAL ET TECHNO.),BAGNOLET,0932119Y,93006,PU,177,,30,,,,,,207,86,,90,,,,,,86,86,,73,,,,,,84,0,,+17,,,,,,+2,45,,33,,,,,,43,38,,17,,,,,,35,+7,,+16,,,,,,+8,240,198,198,85,93,95,76,86,90,+9,+7,+5
CRETEIL,SEINE-SAINT-DENIS,LYCEE CHARLES PEGUY,BOBIGNY,0930962R,93008,PR,83,,,,,,,,83,99,,,,,,,,99,99,,,,,,,,99,0,,,,,,,,0,86,,,,,,,,86,84,,,,,,,,84,+2,,,,,,,,+2,91,65,61,88,96,99,91,97,99,-3,-1,0
CRETEIL,SEINE-SAINT-DENIS,LYCEE LOUISE MICHEL,BOBIGNY,0931613Y,93008,PU,229,103,,,,33,,,365,92,84,,,,79,,,89,87,80,,,,78,,,84,+5,+4,,,,+1,,,+5,55,28,,,,27,,,45,39,20,,,,25,,,32,+16,+8,,,,+2,,,+13,359,362,365,84,88,90,75,84,88,+9,+4,+2
CRETEIL,SEINE-SAINT-DENIS,LYCEE JEAN RENOIR,BONDY,0930118Y,93010,PU,309,122,,,,51,,,482,89,89,,,,86,,,89,89,83,,,,84,,,87,0,+6,,,,+2,,,+2,37,24,,,,39,,,34,42,23,,,,31,,,36,-5,+1,,,,+8,,,-2,419,414,448,83,91,93,77,87,91,+6,+4,+2
CRETEIL,SEINE-SAINT-DENIS,LYCEE ASSOMPTION (GENERAL ET TECHNO.),BONDY,0930933J,93010,PR,56,14,,29,,11,,,110,100,100,,97,,100,,,99,98,97,,99,,95,,,98,+2,+3,,-2,,+5,,,+1,71,71,,62,,73,,,69,72,59,,81,,57,,,71,-1,+12,,-19,,+16,,,-2,109,114,102,88,97,99,87,94,98,+1,+3,+1
CRETEIL,SEINE-SAINT-DENIS,LYCEE ALFRED NOBEL (GENERAL ET TECHNO.),CLICHY SOUS BOIS,0932026X,93014,PU,142,82,,,,,,,224,88,88,,,,,,,88,87,82,,,,,,,85,+1,+6,,,,,,,+3,41,30,,,,,,,37,37,24,,,,,,,32,+4,+6,,,,,,,+5,236,198,197,80,87,92,75,84,89,+5,+3,+3
CRETEIL,SEINE-SAINT-DENIS,LYCEE EUGENE DELACROIX (GENERAL ET TECHNO.),DRANCY,0930119Z,93029,PU,260,136,,,,34,,,430,93,87,,,,85,,,90,90,80,,,,82,,,86,+3,+7,,,,+3,,,+4,53,30,,,,44,,,45,46,22,,,,27,,,37,+7,+8,,,,+17,,,+8,498,420,420,84,91,93,75,85,89,+9,+6,+4
CRETEIL,SEINE-SAINT-DENIS,LYCEE PAUL LE ROLLAND (GENERAL ET TECHNO.),DRANCY,0932229T,93029,PU,70,,24,,,,,,94,93,,92,,,,,,93,84,,78,,,,,,83,+9,,+14,,,,,,+10,44,,29,,,,,,40,38,,19,,,,,,33,+6,,+10,,,,,,+7,46,120,117,84,90,95,69,82,87,+15,+8,+8
CRETEIL,SEINE-SAINT-DENIS,LYCEE SAINT GERMAIN,DRANCY,0932619S,93029,PR,109,,,,,,,,109,98,,,,,,,,98,98,,,,,,,,98,0,,,,,,,,0,66,,,,,,,,66,70,,,,,,,,70,-4,,,,,,,,-4,113,103,101,88,93,98,88,95,98,0,-2,0
CRETEIL,SEINE-SAINT-DENIS,LYCEE FRANCOIS RABELAIS (GENERAL ET TECHNO.),DUGNY,0932126F,93030,PU,,,,,,,,20,20,,,,,,,,75,75,,,,,,,,ND,ND,,,,,,,,ND,ND,,,,,,,,20,20,,,,,,,,ND,ND,,,,,,,,ND,ND,16,23,24,64,72,75,ND,ND,ND,ND,ND,ND
CRETEIL,SEINE-SAINT-DENIS,LYCEE JACQUES FEYDER,EPINAY SUR SEINE,0930120A,93031,PU,309,113,,,,47,,,469,92,88,,,,81,,,90,89,82,,,,81,,,86,+3,+6,,,,0,,,+4,42,24,,,,32,,,37,41,23,,,,29,,,36,+1,+1,,,,+3,,,+1,470,459,457,84,92,93,77,86,90,+7,+6,+3
CRETEIL,SEINE-SAINT-DENIS,LYCEE LOUISE MICHEL (GENERAL ET TECHNO.),EPINAY SUR SEINE,0931735F,93031,PU,,71,,,,,,,71,,87,,,,,,,87,,77,,,,,,,77,,+10,,,,,,,+10,,21,,,,,,,21,,17,,,,,,,17,,+4,,,,,,,+4,47,63,70,81,82,89,65,74,79,+16,+8,+10
CRETEIL,SEINE-SAINT-DENIS,LYCEE R.E.V.E,EPINAY SUR SEINE,0932861E,93031,PR,22,,,,,,,,22,100,,,,,,,,100,ND,,,,,,,,ND,ND,,,,,,,,ND,91,,,,,,,,91,ND,,,,,,,,ND,ND,,,,,,,,ND,13,5,17,95,95,100,ND,ND,ND,ND,ND,ND
CRETEIL,SEINE-SAINT-DENIS,LYCEE GUSTAVE EIFFEL,GAGNY,0931272C,93032,PU,258,65,60,,,,,,383,88,86,70,,,,,,85,92,82,76,,,,,,88,-4,+4,-6,,,,,,-3,44,23,12,,,,,,35,48,24,17,,,,,,39,-4,-1,-5,,,,,,-4,328,375,315,78,85,87,78,87,91,0,-2,-4
CRETEIL,SEINE-SAINT-DENIS,LYCEE MERKAZ HATORAH GARCONS,GAGNY,0931464L,93032,PR,27,,,,,,,,27,100,,,,,,,,100,ND,,,,,,,,ND,ND,,,,,,,,ND,48,,,,,,,,48,ND,,,,,,,,ND,ND,,,,,,,,ND,26,27,20,82,91,100,ND,ND,ND,ND,ND,ND
CRETEIL,SEINE-SAINT-DENIS,LYCEE JACQUES BREL,LA COURNEUVE,0931430Z,93027,PU,205,90,,,,35,,,330,88,91,,,,91,,,89,83,77,,,,81,,,81,+5,+14,,,,+10,,,+8,38,23,,,,40,,,34,32,18,,,,28,,,28,+6,+5,,,,+12,,,+6,300,305,323,84,93,95,71,81,86,+13,+12,+9
CRETEIL,SEINE-SAINT-DENIS,LYCEE WOLFGANG AMADEUS MOZART,LE BLANC MESNIL,0932034F,93007,PU,347,107,,,,,,,454,93,84,,,,,,,91,87,79,,,,,,,85,+6,+5,,,,,,,+6,40,22,,,,,,,36,38,21,,,,,,,34,+2,+1,,,,,,,+2,416,403,461,84,91,93,75,85,89,+9,+6,+4
CRETEIL,SEINE-SAINT-DENIS,LYCEE JEAN MOULIN (GENERAL ET TECHNO.),LE BLANC MESNIL,0932118X,93007,PU,,24,,,,60,,,84,,96,,,,82,,,86,,83,,,,76,,,78,,+13,,,,+6,,,+8,,33,,,,28,,,30,,27,,,,25,,,26,,+6,,,,+3,,,+4,119,72,71,65,83,91,66,77,82,-1,+6,+9
CRETEIL,SEINE-SAINT-DENIS,LYCEE GERMAINE TILLION,LE BOURGET,0932577W,93013,PU,199,28,,,,,,,227,97,82,,,,,,,96,84,70,,,,,,,82,+13,+12,,,,,,,+14,53,25,,,,,,,49,36,13,,,,,,,33,+17,+12,,,,,,,+16,237,232,233,88,94,96,75,84,88,+13,+10,+8
CRETEIL,SEINE-SAINT-DENIS,LYCEE ALBERT SCHWEITZER,LE RAINCY,0930830X,93062,PU,312,70,,,,,,,382,96,91,,,,,,,95,97,88,,,,,,,95,-1,+3,,,,,,,0,56,31,,,,,,,51,67,32,,,,,,,60,-11,-1,,,,,,,-9,385,406,382,92,96,97,84,93,96,+8,+3,+1
CRETEIL,SEINE-SAINT-DENIS,LYCEE SAINT LOUIS-SAINTE CLOTILDE,LE RAINCY,0931812P,93062,PR,105,30,,,,,,,135,97,100,,,,,,,98,98,95,,,,,,,98,-1,+5,,,,,,,0,75,53,,,,,,,70,72,46,,,,,,,66,+3,+7,,,,,,,+4,165,125,147,84,96,98,87,94,98,-3,+2,0
CRETEIL,SEINE-SAINT-DENIS,LYCEE RENE CASSIN (GENERAL ET TECHNO.),LE RAINCY,0932222K,93062,PU,,,48,,,,,,48,,,85,,,,,,85,,,86,,,,,,86,,,-1,,,,,,-1,,,21,,,,,,21,,,29,,,,,,29,,,-8,,,,,,-8,59,48,46,82,85,89,70,79,87,+12,+6,+2
CRETEIL,SEINE-SAINT-DENIS,LYCEE MERKAZ HATORAH FILLES,LE RAINCY,0932303Y,93062,PR,32,,,,,,,,32,100,,,,,,,,100,ND,,,,,,,,ND,ND,,,,,,,,ND,88,,,,,,,,88,ND,,,,,,,,ND,ND,,,,,,,,ND,15,25,33,97,97,100,ND,ND,ND,ND,ND,ND
CRETEIL,SEINE-SAINT-DENIS,LYCEE PAUL ROBERT (GENERAL ET TECHNO.),LES LILAS,0932073Y,93045,PU,163,34,,,,,,,197,89,91,,,,,,,89,93,87,,,,,,,92,-4,+4,,,,,,,-3,43,21,,,,,,,39,51,27,,,,,,,47,-8,-6,,,,,,,-8,203,193,193,87,91,92,82,91,94,+5,0,-2
CRETEIL,SEINE-SAINT-DENIS,LYCEE CLAUDE-NICOLAS LEDOUX (GENERAL ET TECHNO.),LES PAVILLONS SOUS BOIS,0930136T,93057,PU,48,,,,,,,,48,90,,,,,,,,90,87,,,,,,,,87,+3,,,,,,,,+3,33,,,,,,,,33,37,,,,,,,,37,-4,,,,,,,,-4,70,47,46,87,91,96,78,89,93,+9,+2,+3
CRETEIL,SEINE-SAINT-DENIS,LYCEE ALLIANCE,LES PAVILLONS SOUS BOIS,0931813R,93057,PR,49,,,,,,,,49,100,,,,,,,,100,97,,,,,,,,97,+3,,,,,,,,+3,84,,,,,,,,84,66,,,,,,,,66,+18,,,,,,,,+18,64,54,48,86,98,100,89,95,98,-3,+3,+2
CRETEIL,SEINE-SAINT-DENIS,LYCEE ANDRE BOULLOCHE,LIVRY GARGAN,0931585T,93046,PU,310,72,,,,,,,382,95,96,,,,,,,96,96,90,,,,,,,95,-1,+6,,,,,,,+1,53,39,,,,,,,51,64,34,,,,,,,58,-11,+5,,,,,,,-7,380,343,392,92,96,98,86,93,96,+6,+3,+2
CRETEIL,SEINE-SAINT-DENIS,LYCEE HENRI SELLIER (GENERAL ET TECHNO.),LIVRY GARGAN,0932120Z,93046,PU,,62,,,,68,,,130,,85,,,,91,,,88,,86,,,,88,,,87,,-1,,,,+3,,,+1,,16,,,,35,,,26,,26,,,,36,,,31,,-10,,,,-1,,,-5,222,278,129,78,87,88,74,83,88,+4,+4,0
CRETEIL,SEINE-SAINT-DENIS,LYCEE JEAN JAURES,MONTREUIL,0930121B,93048,PU,271,153,,,,60,,,484,85,86,,,,85,,,85,94,85,,,,89,,,91,-9,+1,,,,-4,,,-6,54,26,,,,38,,,43,55,27,,,,37,,,44,-1,-1,,,,+1,,,-1,371,490,476,81,87,89,79,89,93,+2,-2,-4
CRETEIL,SEINE-SAINT-DENIS,LYCEE CONDORCET,MONTREUIL,0930122C,93048,PU,152,,83,,,,,,235,88,,41,,,,,,71,89,,72,,,,,,83,-1,,-31,,,,,,-12,39,,7,,,,,,28,43,,12,,,,,,32,-4,,-5,,,,,,-4,245,205,254,71,79,80,75,85,90,-4,-6,-10
CRETEIL,SEINE-SAINT-DENIS,LYCEE HENRI MATISSE,MONTREUIL,0930965U,93048,PR,87,,,,,,,,87,100,,,,,,,,100,99,,,,,,,,99,+1,,,,,,,,+1,84,,,,,,,,84,83,,,,,,,,83,+1,,,,,,,,+1,124,114,92,98,100,100,90,96,99,+8,+4,+1
CRETEIL,SEINE-SAINT-DENIS,LYCEE ORT,MONTREUIL,0931796X,93048,PR,10,24,11,,,,,,45,100,96,100,,,,,,98,89,96,93,,,,,,94,+11,0,+7,,,,,,+4,40,46,64,,,,,,49,36,43,44,,,,,,42,+4,+3,+20,,,,,,+7,57,49,39,46,73,94,81,90,94,-35,-17,0
CRETEIL,SEINE-SAINT-DENIS,LYCEE EUGENIE COTTON (GENERAL ET TECHNO.),MONTREUIL,0932116V,93048,PU,,,,75,,,,,75,,,,89,,,,,89,,,,98,,,,,98,,,,-9,,,,,-9,,,,47,,,,,47,,,,73,,,,,73,,,,-26,,,,,-26,58,71,70,83,88,91,84,93,97,-1,-5,-6
CRETEIL,SEINE-SAINT-DENIS,LYCEE NICOLAS-JOSEPH CUGNOT (GENERAL ET TECHNO.),NEUILLY SUR MARNE,0932291K,93050,PU,77,,26,,,,,,103,83,,77,,,,,,82,90,,88,,,,,,90,-7,,-11,,,,,,-8,32,,23,,,,,,30,43,,33,,,,,,40,-11,,-10,,,,,,-10,143,113,105,72,83,87,77,89,93,-5,-6,-6
CRETEIL,SEINE-SAINT-DENIS,LYCEE FLORA TRISTAN,NOISY LE GRAND,0931565W,93051,PU,223,94,,,,,,,317,96,96,,,,,,,96,96,88,,,,,,,93,0,+8,,,,,,,+3,53,33,,,,,,,47,61,30,,,,,,,52,-8,+3,,,,,,,-5,320,283,281,93,96,98,82,91,95,+11,+5,+3
CRETEIL,SEINE-SAINT-DENIS,LYCEE FRANCOISE CABRINI,NOISY LE GRAND,0932036H,93051,PR,188,44,32,,,,,,264,99,100,100,,,,,,100,100,98,98,,,,,,99,-1,+2,+2,,,,,,+1,91,80,81,,,,,,88,89,63,69,,,,,,82,+2,+17,+12,,,,,,+6,281,304,282,95,97,99,90,96,99,+5,+1,0
CRETEIL,SEINE-SAINT-DENIS,LYCEE EVARISTE GALOIS (GENERAL ET TECHNO.),NOISY LE GRAND,0932047V,93051,PU,165,70,32,,,,,,267,95,93,97,,,,,,94,98,90,93,,,,,,95,-3,+3,+4,,,,,,-1,73,44,59,,,,,,64,76,36,46,,,,,,62,-3,+8,+13,,,,,,+2,313,308,300,91,95,96,84,92,96,+7,+3,0
CRETEIL,SEINE-SAINT-DENIS,LYCEE INTERNATIONAL DE L'EST PARISIEN,NOISY LE GRAND,0932638M,93051,PU,175,,,,,,,,175,100,,,,,,,,100,99,,,,,,,,99,+1,,,,,,,,+1,95,,,,,,,,95,88,,,,,,,,88,+7,,,,,,,,+7,232,193,204,97,100,100,90,97,99,+7,+3,+1
CRETEIL,SEINE-SAINT-DENIS,LYCEE OLYMPE DE GOUGES,NOISY LE SEC,0930123D,93053,PU,242,89,,,,,,,331,92,89,,,,,,,91,91,84,,,,,,,89,+1,+5,,,,,,,+2,54,18,,,,,,,44,47,23,,,,,,,40,+7,-5,,,,,,,+4,323,312,314,89,93,94,79,88,92,+10,+5,+2
CRETEIL,SEINE-SAINT-DENIS,LYCEE MARCELIN BERTHELOT,PANTIN,0930124E,93055,PU,170,105,,,,,,,275,91,96,,,,,,,93,86,82,,,,,,,84,+5,+14,,,,,,,+9,45,35,,,,,,,41,37,23,,,,,,,32,+8,+12,,,,,,,+9,314,268,270,69,90,94,73,83,88,-4,+7,+6
CRETEIL,SEINE-SAINT-DENIS,LYCEE LUCIE AUBRAC (GENERAL ET TECHNO.),PANTIN,0932117W,93055,PU,61,,52,,,,,,113,84,,69,,,,,,77,88,,73,,,,,,81,-4,,-4,,,,,,-4,43,,17,,,,,,31,42,,16,,,,,,30,+1,,+1,,,,,,+1,93,123,120,71,74,77,73,81,86,-2,-7,-9
CRETEIL,SEINE-SAINT-DENIS,LYCEE SAINT JOSEPH LA SALLE,PANTIN,0932653D,93055,PR,80,,,,,,,,80,99,,,,,,,,99,96,,,,,,,,96,+3,,,,,,,,+3,74,,,,,,,,74,58,,,,,,,,58,+16,,,,,,,,+16,111,97,96,92,96,99,86,93,97,+6,+3,+2
CRETEIL,SEINE-SAINT-DENIS,LYCEE JOSEPHINE BAKER,PIERREFITTE SUR SEINE,0932783V,93059,PU,144,,,,,,,,144,95,,,,,,,,95,87,,,,,,,,87,+8,,,,,,,,+8,58,,,,,,,,58,39,,,,,,,,39,+19,,,,,,,,+19,241,116,126,91,96,97,78,89,92,+13,+7,+5
CRETEIL,SEINE-SAINT-DENIS,LYCEE LIBERTE (GENERAL ET TECHNO.),ROMAINVILLE,0932267J,93063,PU,,,,,28,26,,,54,,,,,75,69,,,72,,,,,81,88,,,84,,,,,-6,-19,,,-12,,,,,18,35,,,26,,,,,27,33,,,30,,,,,-9,+2,,,-4,69,77,51,65,71,72,74,83,88,-9,-12,-16
CRETEIL,SEINE-SAINT-DENIS,LYCEE CHARLES DE GAULLE,ROSNY SOUS BOIS,0932031C,93064,PU,196,89,,,,,,,285,90,87,,,,,,,89,89,86,,,,,,,88,+1,+1,,,,,,,+1,45,31,,,,,,,41,42,26,,,,,,,37,+3,+5,,,,,,,+4,312,287,251,85,88,91,78,87,91,+7,+1,0
CRETEIL,SEINE-SAINT-DENIS,LYCEE PAUL ELUARD,SAINT DENIS,0930125F,93066,PU,237,136,95,,53,,,,521,87,79,80,,72,,,,82,89,80,67,,74,,,,81,-2,-1,+13,,-2,,,,+1,41,21,18,,17,,,,29,41,21,12,,24,,,,29,0,0,+6,,-7,,,,0,383,500,503,74,83,90,73,82,86,+1,+1,+4
CRETEIL,SEINE-SAINT-DENIS,LYCEE MAISON DE LA LEGION D'HONNEUR,SAINT DENIS,0930863H,93066,PU,116,18,,,,,,,134,100,100,,,,,,,100,100,99,,,,,,,100,0,+1,,,,,,,0,100,100,,,,,,,100,96,84,,,,,,,95,+4,+16,,,,,,,+5,149,144,147,98,99,100,94,98,100,+4,+1,0
CRETEIL,SEINE-SAINT-DENIS,LYCEE JEAN-BAPTISTE DE LA SALLE (GENERAL ET TECHNO.),SAINT DENIS,0931797Y,93066,PR,114,35,39,,,,,,188,98,100,100,,,,,,99,98,95,94,,,,,,97,0,+5,+6,,,,,,+2,76,49,77,,,,,,71,72,46,51,,,,,,63,+4,+3,+26,,,,,,+8,245,189,184,90,96,99,87,94,97,+3,+2,+2
CRETEIL,SEINE-SAINT-DENIS,LYCEE SUGER (GENERAL ET TECHNO.),SAINT DENIS,0932121A,93066,PU,115,89,,,,,,,204,85,88,,,,,,,86,83,81,,,,,,,82,+2,+7,,,,,,,+4,43,36,,,,,,,40,31,23,,,,,,,28,+12,+13,,,,,,,+12,169,216,200,75,83,89,71,81,86,+4,+2,+3
CRETEIL,SEINE-SAINT-DENIS,LYCEE ROSA PARKS (GENERAL ET TECHNO.),SAINT DENIS,0932667U,93066,PU,191,,,,,87,,,278,82,,,,,82,,,82,82,,,,,75,,,80,0,,,,,+7,,,+2,34,,,,,44,,,37,34,,,,,24,,,31,0,,,,,+20,,,+6,217,232,247,82,84,86,73,82,87,+9,+2,-1
CRETEIL,SEINE-SAINT-DENIS,LYCEE AUGUSTE BLANQUI (GENERAL ET TECHNO.),SAINT OUEN,0930126G,93070,PU,178,81,,,,,,,259,87,79,,,,,,,85,90,80,,,,,,,87,-3,-1,,,,,,,-2,36,16,,,,,,,30,42,20,,,,,,,35,-6,-4,,,,,,,-5,206,215,259,80,84,87,77,86,90,+3,-2,-3
CRETEIL,SEINE-SAINT-DENIS,LYCEE MARCEL CACHIN (GENERAL ET TECHNO.),SAINT OUEN SUR SEINE,0932074Z,93070,PU,66,,29,,,,,,95,86,,83,,,,,,85,75,,71,,,,,,74,+11,,+12,,,,,,+11,32,,28,,,,,,31,24,,12,,,,,,21,+8,,+16,,,,,,+10,130,82,93,67,87,92,66,79,83,+1,+8,+9
CRETEIL,SEINE-SAINT-DENIS,LYCEE BLAISE CENDRARS (GENERAL ET TECHNO.),SEVRAN,0932048W,93071,PU,241,84,,,22,,,,347,79,89,,,73,,,,81,87,81,,,88,,,,85,-8,+8,,,-15,,,,-4,32,33,,,55,,,,34,38,22,,,43,,,,35,-6,+11,,,+12,,,,-1,233,297,305,82,89,91,76,86,90,+6,+3,+1
CRETEIL,SEINE-SAINT-DENIS,LYCEE MAURICE UTRILLO (GENERAL ET TECHNO.),STAINS,0932030B,93072,PU,207,70,,,,,,,277,82,79,,,,,,,81,79,77,,,,,,,79,+3,+2,,,,,,,+2,35,31,,,,,,,34,29,21,,,,,,,27,+6,+10,,,,,,,+7,275,283,274,75,84,84,71,82,86,+4,+2,-2
CRETEIL,SEINE-SAINT-DENIS,LYCEE SAINTE MARIE,STAINS,0932654E,93072,PR,62,,,,,,,,62,100,,,,,,,,100,97,,,,,,,,97,+3,,,,,,,,+3,71,,,,,,,,71,62,,,,,,,,62,+9,,,,,,,,+9,85,39,50,95,98,100,87,94,98,+8,+4,+2
CRETEIL,SEINE-SAINT-DENIS,LYCEE LEONARD DE VINCI (GENERAL ET TECHNO.),TREMBLAY EN FRANCE,0932046U,93073,PU,170,61,,,,,,,231,93,93,,,,,,,93,92,87,,,,,,,91,+1,+6,,,,,,,+2,48,36,,,,,,,45,45,29,,,,,,,40,+3,+7,,,,,,,+5,320,268,235,94,95,95,81,89,93,+13,+6,+2
CRETEIL,SEINE-SAINT-DENIS,LYCEE FENELON,VAUJOURS,0931799A,93074,PR,139,31,,,,,,,170,99,100,,,,,,,99,98,96,,,,,,,98,+1,+4,,,,,,,+1,78,71,,,,,,,76,74,55,,,,,,,70,+4,+16,,,,,,,+6,195,177,177,88,95,99,88,95,98,0,0,+1
CRETEIL,SEINE-SAINT-DENIS,LYCEE GEORGES CLEMENCEAU,VILLEMOMBLE,0930127H,93077,PU,294,93,,,,,,,387,91,83,,,,,,,89,94,87,,,,,,,92,-3,-4,,,,,,,-3,48,20,,,,,,,41,53,28,,,,,,,47,-5,-8,,,,,,,-6,439,387,403,85,91,93,81,90,94,+4,+1,-1
CRETEIL,SEINE-SAINT-DENIS,LYCEE BLANCHE DE CASTILLE,VILLEMOMBLE,0930974D,93077,PR,215,,,,,,,,215,100,,,,,,,,100,99,,,,,,,,99,+1,,,,,,,,+1,88,,,,,,,,88,82,,,,,,,,82,+6,,,,,,,,+6,243,215,207,96,99,100,91,96,99,+5,+3,+1
CRETEIL,SEINE-SAINT-DENIS,LYCEE BLAISE PASCAL (GENERAL ET TECHNO.),VILLEMOMBLE,0932221J,93077,PU,,,,,,30,,,30,,,,,,93,,,93,,,,,,ND,,,ND,,,,,,ND,,,ND,,,,,,40,,,40,,,,,,ND,,,ND,,,,,,ND,,,ND,24,31,29,79,86,97,ND,ND,ND,ND,ND,ND
CRETEIL,SEINE-SAINT-DENIS,LYCEE JEAN ROSTAND (GENERAL ET TECHNO.),VILLEPINTE,0931584S,93078,PU,274,132,83,,,,,,489,88,88,78,,,,,,87,92,86,76,,,,,,88,-4,+2,+2,,,,,,-1,48,33,11,,,,,,38,48,29,15,,,,,,37,0,+4,-4,,,,,,+1,389,409,419,81,89,90,78,87,91,+3,+2,-1
CRETEIL,SEINE-SAINT-DENIS,LYCEE GEORGES BRASSENS (GENERAL ET TECHNO.),VILLEPINTE,0932260B,93078,PU,,72,,,,,,,72,,79,,,,,,,79,,78,,,,,,,78,,+1,,,,,,,+1,,24,,,,,,,24,,18,,,,,,,18,,+6,,,,,,,+6,67,48,47,73,78,83,65,73,77,+8,+5,+6
CRETEIL,VAL-DE-MARNE,LYCEE MAXIMILIEN PERRET (GENERAL ET TECHNO.),ALFORTVILLE,0940126B,94002,PU,164,,57,,,,,,221,83,,68,,,,,,79,90,,84,,,,,,89,-7,,-16,,,,,,-10,41,,19,,,,,,36,44,,26,,,,,,39,-3,,-7,,,,,,-3,202,177,221,81,85,87,79,89,93,+2,-4,-6
CRETEIL,VAL-DE-MARNE,LYCEE POLYVALENT DE CACHAN (GENERAL ET TECHNO.),CACHAN,0940580V,94016,PU,280,79,111,,18,34,,,522,95,90,90,,78,88,,,92,96,87,90,,83,87,,,92,-1,+3,0,,-5,+1,,,0,62,49,38,,44,44,,,53,65,28,41,,35,35,,,51,-3,+21,-3,,+9,+9,,,+2,387,493,495,83,91,94,81,90,94,+2,+1,0
CRETEIL,VAL-DE-MARNE,LYCEE LOUISE MICHEL (GENERAL ET TECHNO.),CHAMPIGNY SUR MARNE,0940112L,94017,PU,139,,,,15,53,,,207,94,,,,100,94,,,94,95,,,,83,85,,,92,-1,,,,+17,+9,,,+2,58,,,,47,40,,,52,58,,,,37,33,,,50,0,,,,+10,+7,,,+2,209,211,215,83,89,93,83,91,94,0,-2,-1
CRETEIL,VAL-DE-MARNE,LYCEE LANGEVIN-WALLON (GENERAL ET TECHNO.),CHAMPIGNY SUR MARNE,0940113M,94017,PU,97,57,28,,,,,,182,92,89,86,,,,,,90,83,84,78,,,,,,83,+9,+5,+8,,,,,,+7,41,33,18,,,,,,35,36,22,19,,,,,,29,+5,+11,-1,,,,,,+6,172,193,189,85,89,92,74,83,87,+11,+6,+5
CRETEIL,VAL-DE-MARNE,LYCEE MARX DORMOY (GENERAL ET TECHNO.),CHAMPIGNY SUR MARNE,0941951K,94017,PU,133,76,,,,,,,209,95,95,,,,,,,95,96,91,,,,,,,94,-1,+4,,,,,,,+1,62,39,,,,,,,54,60,33,,,,,,,50,+2,+6,,,,,,,+4,209,210,213,92,94,96,83,91,95,+9,+3,+1
CRETEIL,VAL-DE-MARNE,LYCEE NOTRE DAME DES MISSIONS,CHARENTON LE PONT,0941877E,94018,PR,145,,,,,,,,145,100,,,,,,,,100,100,,,,,,,,100,0,,,,,,,,0,96,,,,,,,,96,93,,,,,,,,93,+3,,,,,,,,+3,159,139,160,97,99,100,93,97,100,+4,+2,0
CRETEIL,VAL-DE-MARNE,LYCEE ROBERT SCHUMAN (GENERAL ET TECHNO.),CHARENTON LE PONT,0941974K,94018,PU,162,54,,,,,,,216,93,89,,,,,,,92,97,89,,,,,,,95,-4,0,,,,,,,-3,49,33,,,,,,,45,66,33,,,,,,,58,-17,0,,,,,,,-13,199,203,189,86,94,95,85,93,96,+1,+1,-1
CRETEIL,VAL-DE-MARNE,LYCEE SAMUEL DE CHAMPLAIN (GENERAL ET TECHNO.),CHENNEVIERES SUR MARNE,0941470M,94019,PU,281,108,31,,,,,,420,95,90,84,,,,,,93,97,92,86,,,,,,95,-2,-2,-2,,,,,,-2,52,24,39,,,,,,44,65,36,28,,,,,,55,-13,-12,+11,,,,,,-11,445,397,392,90,94,96,84,92,96,+6,+2,0
CRETEIL,VAL-DE-MARNE,LYCEE PAULINE ROLAND (GENERAL ET TECHNO.),CHEVILLY LARUE,0942269F,94021,PU,98,65,,,,,,,163,96,98,,,,,,,97,96,90,,,,,,,94,0,+8,,,,,,,+3,53,46,,,,,,,50,61,33,,,,,,,50,-8,+13,,,,,,,0,262,171,191,88,94,98,82,91,95,+6,+3,+3
CRETEIL,VAL-DE-MARNE,LYCEE SAINT ANDRE,CHOISY LE ROI,0940885B,94022,PR,143,,,,,,,,143,98,,,,,,,,98,96,,,,,,,,96,+2,,,,,,,,+2,62,,,,,,,,62,62,,,,,,,,62,0,,,,,,,,0,156,130,121,99,99,99,87,94,97,+12,+5,+2
CRETEIL,VAL-DE-MARNE,LYCEE ANTOINE DE SAINT EXUPERY (GENERAL ET TECHNO.),CRETEIL,0940114N,94028,PU,190,73,,,,,,,263,92,74,,,,,,,87,92,85,,,,,,,90,0,-11,,,,,,,-3,57,19,,,,,,,46,51,27,,,,,,,44,+6,-8,,,,,,,+2,240,238,272,86,91,92,81,90,93,+5,+1,-1
CRETEIL,VAL-DE-MARNE,LYCEE EDOUARD BRANLY (GENERAL ET TECHNO.),CRETEIL,0941018W,94028,PU,60,30,60,,,,,,150,92,77,82,,,,,,85,95,76,86,,,,,,87,-3,+1,-4,,,,,,-2,50,13,18,,,,,,30,54,16,27,,,,,,36,-4,-3,-9,,,,,,-6,143,181,155,67,83,89,73,84,89,-6,-1,0
CRETEIL,VAL-DE-MARNE,LYCEE LEON BLUM (GENERAL ET TECHNO.),CRETEIL,0941413A,94028,PU,179,92,,,,,,,271,92,84,,,,,,,89,92,83,,,,,,,89,0,+1,,,,,,,0,55,27,,,,,,,45,47,24,,,,,,,39,+8,+3,,,,,,,+6,278,276,288,90,92,94,79,88,91,+11,+4,+3
CRETEIL,VAL-DE-MARNE,LYCEE OZAR HATORAH FILLES,CRETEIL,0941711Z,94028,PR,38,,,,,,,,38,97,,,,,,,,97,ND,,,,,,,,ND,ND,,,,,,,,ND,79,,,,,,,,79,ND,,,,,,,,ND,ND,,,,,,,,ND,35,49,46,93,93,97,ND,ND,ND,ND,ND,ND
CRETEIL,VAL-DE-MARNE,LYCEE JOHANNES GUTENBERG (GENERAL ET TECHNO.),CRETEIL,0941930M,94028,PU,140,116,,,,67,,,323,84,82,,,,93,,,85,87,84,,,,88,,,86,-3,-2,,,,+5,,,-1,38,31,,,,46,,,37,37,27,,,,34,,,33,+1,+4,,,,+12,,,+4,245,310,314,79,84,90,75,85,89,+4,-1,+1
CRETEIL,VAL-DE-MARNE,LYCEE OZAR HATORAH GARCONS,CRETEIL,0941943B,94028,PR,33,,,,,,,,33,91,,,,,,,,91,ND,,,,,,,,ND,ND,,,,,,,,ND,24,,,,,,,,24,ND,,,,,,,,ND,ND,,,,,,,,ND,41,25,29,69,84,97,ND,ND,ND,ND,ND,ND
CRETEIL,VAL-DE-MARNE,ENSEMBLE SAINTE MARIE,CRETEIL,0942354Y,94028,PR,103,49,,,,,,,152,98,100,,,,,,,99,98,96,,,,,,,97,0,+4,,,,,,,+2,65,51,,,,,,,61,72,46,,,,,,,63,-7,+5,,,,,,,-2,146,153,153,88,97,99,86,93,97,+2,+4,+2
CRETEIL,VAL-DE-MARNE,LYCEE PABLO PICASSO,FONTENAY SOUS BOIS,0941347D,94033,PU,182,63,,,,,,,245,96,95,,,,,,,96,97,88,,,,,,,95,-1,+7,,,,,,,+1,65,27,,,,,,,56,66,31,,,,,,,57,-1,-4,,,,,,,-1,286,244,231,88,93,98,83,92,96,+5,+1,+2
CRETEIL,VAL-DE-MARNE,LYCEE FREDERIC MISTRAL (GENERAL ET TECHNO.),FRESNES,0941301D,94034,PU,292,98,,,,,,,390,98,89,,,,,,,95,98,92,,,,,,,96,0,-3,,,,,,,-1,71,34,,,,,,,62,73,38,,,,,,,64,-2,-4,,,,,,,-2,369,347,354,88,93,96,85,93,97,+3,0,-1
CRETEIL,VAL-DE-MARNE,LYCEE ROMAIN ROLLAND,IVRY SUR SEINE,0940115P,94041,PU,263,95,,,,,,,358,89,87,,,,,,,89,91,82,,,,,,,89,-2,+5,,,,,,,0,54,33,,,,,,,48,47,22,,,,,,,41,+7,+11,,,,,,,+7,402,361,370,80,89,90,78,88,92,+2,+1,-2
CRETEIL,VAL-DE-MARNE,LYCEE FERNAND LEGER (GENERAL ET TECHNO.),IVRY SUR SEINE,0941972H,94041,PU,,,,,19,46,,,65,,,,,53,91,,,80,,,,,79,83,,,82,,,,,-26,+8,,,-2,,,,,16,43,,,35,,,,,32,34,,,34,,,,,-16,+9,,,+1,94,66,67,73,79,83,68,79,85,+5,0,-2
CRETEIL,VAL-DE-MARNE,LYCEE CONDORCET (GENERAL ET TECHNO.),LA VARENNE SAINT HILAIRE,0940122X,94068,PU,195,47,,,,,,,242,95,98,,,,,,,95,99,95,,,,,,,98,-4,+3,,,,,,,-3,79,43,,,,,,,72,82,48,,,,,,,76,-3,-5,,,,,,,-4,243,249,261,94,97,98,89,95,98,+5,+2,0
CRETEIL,VAL-DE-MARNE,LYCEE DARIUS MILHAUD (GENERAL ET TECHNO.),LE KREMLIN BICETRE,0941474S,94043,PU,278,92,,,,35,,,405,86,88,,,,69,,,85,91,89,,,,84,,,90,-5,-1,,,,-15,,,-5,42,43,,,,17,,,40,45,31,,,,29,,,40,-3,+12,,,,-12,,,0,402,380,359,84,88,92,80,89,93,+4,-1,-1
CRETEIL,VAL-DE-MARNE,LYCEE PAUL DOUMER,LE PERREUX SUR MARNE,0940119U,94058,PU,231,56,,,,27,,,314,96,84,,,,93,,,94,97,93,,,,87,,,96,-1,-9,,,,+6,,,-2,59,20,,,,26,,,49,69,38,,,,36,,,61,-10,-18,,,,-10,,,-12,278,287,316,92,95,96,86,93,97,+6,+2,-1
CRETEIL,VAL-DE-MARNE,LYCEE GUILLAUME BUDE (GENERAL ET TECHNO.),LIMEIL BREVANNES,0940742W,94044,PU,304,90,,,,47,,,441,94,99,,,,87,,,94,96,92,,,,90,,,95,-2,+7,,,,-3,,,-1,59,41,,,,34,,,53,66,40,,,,40,,,58,-7,+1,,,,-6,,,-5,520,430,440,82,95,97,83,92,96,-1,+3,+1
CRETEIL,VAL-DE-MARNE,LYCEE EUGENE DELACROIX,MAISONS ALFORT,0940116R,94046,PU,317,70,,,,,,,387,97,89,,,,,,,95,98,90,,,,,,,96,-1,-1,,,,,,,-1,73,30,,,,,,,65,73,31,,,,,,,65,0,-1,,,,,,,0,440,360,407,89,95,97,86,94,97,+3,+1,0
CRETEIL,VAL-DE-MARNE,LYCEE EDOUARD BRANLY,NOGENT SUR MARNE,0940117S,94052,PU,261,29,,,,,,,290,97,97,,,,,,,97,99,94,,,,,,,98,-2,+3,,,,,,,-1,74,31,,,,,,,70,78,43,,,,,,,75,-4,-12,,,,,,,-5,267,246,266,93,96,99,88,95,98,+5,+1,+1
CRETEIL,VAL-DE-MARNE,LYCEE LOUIS ARMAND (GENERAL ET TECHNO.),NOGENT SUR MARNE,0940118T,94052,PU,83,,51,,,,,,134,94,,90,,,,,,93,96,,86,,,,,,93,-2,,+4,,,,,,0,67,,25,,,,,,51,68,,30,,,,,,53,-1,,-5,,,,,,-2,109,142,152,86,92,95,81,91,95,+5,+1,0
CRETEIL,VAL-DE-MARNE,LYCEE ALBERT DE MUN,NOGENT SUR MARNE,0940880W,94052,PR,184,,,,,,,,184,99,,,,,,,,99,100,,,,,,,,100,-1,,,,,,,,-1,92,,,,,,,,92,93,,,,,,,,93,-1,,,,,,,,-1,203,188,179,97,99,99,92,97,100,+5,+2,-1
CRETEIL,VAL-DE-MARNE,LYCEE MONTALEMBERT,NOGENT SUR MARNE,0940881X,94052,PR,118,,,,,,,,118,99,,,,,,,,99,100,,,,,,,,100,-1,,,,,,,,-1,94,,,,,,,,94,93,,,,,,,,93,+1,,,,,,,,+1,129,119,101,90,96,99,92,97,100,-2,-1,-1
CRETEIL,VAL-DE-MARNE,LYCEE SAINT MICHEL,SAINT MANDE,0940882Y,94067,PR,124,,,,,,,,124,99,,,,,,,,99,99,,,,,,,,99,0,,,,,,,,0,87,,,,,,,,87,87,,,,,,,,87,0,,,,,,,,0,152,112,136,88,98,99,91,97,99,-3,+1,0
CRETEIL,VAL-DE-MARNE,LYCEE MARCELIN BERTHELOT,SAINT MAUR DES FOSSES,0940120V,94068,PU,331,24,,,,,,,355,100,92,,,,,,,99,100,95,,,,,,,99,0,-3,,,,,,,0,92,67,,,,,,,90,89,41,,,,,,,86,+3,+26,,,,,,,+4,362,364,365,94,97,98,90,96,99,+4,+1,-1
CRETEIL,VAL-DE-MARNE,LYCEE D'ARSONVAL,SAINT MAUR DES FOSSES,0940121W,94068,PU,271,,,,58,,,,329,97,,,,81,,,,94,98,,,,94,,,,98,-1,,,,-13,,,,-4,66,,,,52,,,,64,74,,,,56,,,,71,-8,,,,-4,,,,-7,349,328,334,93,94,97,86,94,98,+7,0,-1
CRETEIL,VAL-DE-MARNE,LYCEE FRANCOIS MANSART (GENERAL ET TECHNO.),SAINT MAUR DES FOSSES,0940585A,94068,PU,69,49,20,25,,,,,163,99,94,80,96,,,,,94,97,92,90,98,,,,,95,+2,+2,-10,-2,,,,,-1,61,22,40,60,,,,,47,69,37,39,63,,,,,55,-8,-15,+1,-3,,,,,-8,162,139,138,78,90,94,83,92,95,-5,-2,-1
CRETEIL,VAL-DE-MARNE,LYCEE TEILHARD DE CHARDIN,SAINT MAUR DES FOSSES,0940878U,94068,PR,209,80,,,,22,,,311,100,99,,,,100,,,100,99,97,,,,98,,,99,+1,+2,,,,+2,,,+1,83,76,,,,73,,,80,85,58,,,,64,,,76,-2,+18,,,,+9,,,+4,322,320,328,91,96,99,89,96,99,+2,0,0
CRETEIL,VAL-DE-MARNE,LYCEE PETIT VAL,SUCY EN BRIE,0940891H,94071,PR,130,,,,,,,,130,99,,,,,,,,99,99,,,,,,,,99,0,,,,,,,,0,82,,,,,,,,82,82,,,,,,,,82,0,,,,,,,,0,155,147,127,95,98,99,90,96,99,+5,+2,0
CRETEIL,VAL-DE-MARNE,LYCEE CHRISTOPHE COLOMB (GENERAL ET TECHNO.),SUCY EN BRIE,0941918Z,94071,PU,256,,48,,,,,,304,97,,81,,,,,,94,98,,89,,,,,,97,-1,,-8,,,,,,-3,68,,23,,,,,,61,73,,34,,,,,,67,-5,,-11,,,,,,-6,324,264,263,91,94,97,87,94,98,+4,0,-1
CRETEIL,VAL-DE-MARNE,LYCEE MONTALEAU (GENERAL ET TECHNO.),SUCY EN BRIE,0942130E,94071,PU,,,,,,,,23,23,,,,,,,,91,91,,,,,,,,ND,ND,,,,,,,,ND,ND,,,,,,,,30,30,,,,,,,,ND,ND,,,,,,,,ND,ND,13,19,24,78,88,95,ND,ND,ND,ND,ND,ND
CRETEIL,VAL-DE-MARNE,LYCEE GUILLAUME APOLLINAIRE,THIAIS,0940123Y,94073,PU,308,129,,,,,,,437,91,91,,,,,,,91,95,91,,,,,,,94,-4,0,,,,,,,-3,49,47,,,,,,,48,57,36,,,,,,,51,-8,+11,,,,,,,-3,518,428,452,88,93,95,82,91,95,+6,+2,0
CRETEIL,VAL-DE-MARNE,LYCEE SAINT-JOSEPH,VILLEJUIF,0942443V,94076,PR,67,,,,,,,,67,93,,,,,,,,93,95,,,,,,,,95,-2,,,,,,,,-2,43,,,,,,,,43,58,,,,,,,,58,-15,,,,,,,,-15,85,75,85,83,92,95,85,94,97,-2,-2,-2
CRETEIL,VAL-DE-MARNE,LYCEE MARIANNE (GENERAL ET TECHNO.),VILLENEUVE LE ROI,0940743X,94077,PU,242,73,,,,29,,,344,88,81,,,,90,,,86,93,87,,,,88,,,91,-5,-6,,,,+2,,,-5,36,22,,,,17,,,32,51,27,,,,33,,,44,-15,-5,,,,-16,,,-12,361,353,340,89,92,93,81,89,93,+8,+3,0
CRETEIL,VAL-DE-MARNE,LYCEE FRANCOIS ARAGO (GENERAL ET TECHNO.),VILLENEUVE SAINT GEORGES,0941952L,94078,PU,122,62,23,,,,,,207,89,94,96,,,,,,91,93,89,88,,,,,,92,-4,+5,+8,,,,,,-1,47,45,17,,,,,,43,51,34,33,,,,,,44,-4,+11,-16,,,,,,-1,254,206,193,75,92,95,79,89,93,-4,+3,+2
CRETEIL,VAL-DE-MARNE,LYCEE HECTOR BERLIOZ,VINCENNES,0940124Z,94080,PU,334,51,,,,,,,385,97,94,,,,,,,96,99,95,,,,,,,99,-2,-1,,,,,,,-3,78,43,,,,,,,74,85,46,,,,,,,80,-7,-3,,,,,,,-6,346,380,353,80,95,98,89,96,99,-9,-1,-1
CRETEIL,VAL-DE-MARNE,LYCEE GREGOR MENDEL,VINCENNES,0940821G,94080,PR,53,56,,,17,26,,,152,100,98,,,94,100,,,99,98,96,,,98,97,,,97,+2,+2,,,-4,+3,,,+2,58,55,,,82,65,,,61,72,51,,,81,60,,,63,-14,+4,,,+1,+5,,,-2,83,135,157,85,97,98,87,93,97,-2,+4,+1
CRETEIL,VAL-DE-MARNE,LYCEE CLAUDE-NICOLAS LEDOUX,VINCENNES,0940822H,94080,PR,100,,38,39,,,,,177,100,,100,100,,,,,100,99,,96,99,,,,,98,+1,,+4,+1,,,,,+2,86,,61,87,,,,,81,79,,57,91,,,,,77,+7,,+4,-4,,,,,+4,169,154,183,87,97,99,89,96,99,-2,+1,0
CRETEIL,VAL-DE-MARNE,LYCEE NOTRE DAME DE LA PROVIDENCE,VINCENNES,0940877T,94080,PR,131,,,,,,,,131,99,,,,,,,,99,100,,,,,,,,100,-1,,,,,,,,-1,94,,,,,,,,94,94,,,,,,,,94,0,,,,,,,,0,147,112,113,89,96,100,92,97,100,-3,-1,0
CRETEIL,VAL-DE-MARNE,LYCEE JEAN MACE (GENERAL ET TECHNO.),VITRY SUR SEINE,0940129E,94081,PU,232,161,29,,,,,,422,85,75,93,,,,,,82,89,80,73,,,,,,84,-4,-5,+20,,,,,,-2,41,19,3,,,,,,30,42,22,13,,,,,,32,-1,-3,-10,,,,,,-2,337,421,426,78,83,87,74,83,88,+4,0,-1
CRETEIL,VAL-DE-MARNE,LYCEE ADOLPHE CHERIOUX (GENERAL ET TECHNO.),VITRY SUR SEINE,0941294W,94081,PU,122,,60,47,,,,,229,89,,82,85,,,,,86,89,,77,96,,,,,87,0,,+5,-11,,,,,-1,45,,17,49,,,,,38,42,,22,52,,,,,39,+3,,-5,-3,,,,,-1,293,223,228,78,88,91,78,87,91,0,+1,0
CRETEIL,VAL-DE-MARNE,LYCEE EPIN,VITRY SUR SEINE,0941719H,94081,PR,91,14,,,,,,,105,100,100,,,,,,,100,100,99,,,,,,,99,0,+1,,,,,,,+1,98,100,,,,,,,98,91,67,,,,,,,87,+7,+33,,,,,,,+11,125,109,122,91,100,100,92,97,99,-1,+3,+1
DIJON,COTE D'OR,LYCEE PRIEUR DE LA COTE D'OR (GENERAL ET TECHNO.),AUXONNE,0210003P,21038,PU,141,43,,,,,,,184,94,95,,,,,,,95,97,92,,,,,,,96,-3,+3,,,,,,,-1,62,42,,,,,,,58,63,37,,,,,,,57,-1,+5,,,,,,,+1,208,224,199,89,96,98,85,93,96,+4,+3,+2
DIJON,COTE D'OR,CLOS MAIRE (GENERAL ET TECHNO.),BEAUNE,0210006T,21054,PU,189,,45,,,,,,234,95,,89,,,,,,94,98,,92,,,,,,97,-3,,-3,,,,,,-3,69,,31,,,,,,62,72,,44,,,,,,67,-3,,-13,,,,,,-5,225,208,216,88,93,96,87,94,98,+1,-1,-2
DIJON,COTE D'OR,LYCEE DU SAINT COEUR,BEAUNE,0211068X,21054,PR,55,,,,,12,,,67,100,,,,,100,,,100,100,,,,,97,,,99,0,,,,,+3,,,+1,95,,,,,75,,,91,88,,,,,58,,,83,+7,,,,,+17,,,+8,76,58,80,73,91,96,89,96,99,-16,-5,-3
DIJON,COTE D'OR,LYCEE E.J. MAREY (GENERAL ET TECHNO.),BEAUNE,0212045J,21054,PU,113,55,,,,,,,168,97,93,,,,,,,96,97,95,,,,,,,96,0,-2,,,,,,,0,65,40,,,,,,,57,68,44,,,,,,,60,-3,-4,,,,,,,-3,162,163,184,85,93,99,86,93,97,-1,0,+2
DIJON,COTE D'OR,LYCEE STEPHEN LIEGEARD,BROCHON,0210012Z,21110,PU,183,69,,,,,,,252,98,88,,,,,,,96,97,90,,,,,,,95,+1,-2,,,,,,,+1,62,20,,,,,,,50,68,32,,,,,,,58,-6,-12,,,,,,,-8,276,241,226,82,91,96,85,93,96,-3,-2,0
DIJON,COTE D'OR,LYCEE DESIRE NISARD (GENERAL ET TECHNO.),CHATILLON SUR SEINE,0210013A,21154,PU,72,,,,,,,,72,97,,,,,,,,97,94,,,,,,,,94,+3,,,,,,,,+3,60,,,,,,,,60,53,,,,,,,,53,+7,,,,,,,,+7,96,62,70,81,97,99,84,92,96,-3,+5,+3
DIJON,COTE D'OR,LYCEE JEAN-MARC BOIVIN,CHEVIGNY SAINT SAUVEUR,0211909L,21171,PU,157,,,,,,,,157,94,,,,,,,,94,96,,,,,,,,96,-2,,,,,,,,-2,62,,,,,,,,62,60,,,,,,,,60,+2,,,,,,,,+2,205,186,168,83,93,96,86,94,97,-3,-1,-1
DIJON,COTE D'OR,LYCEE CARNOT,DIJON,0210015C,21231,PU,277,,,,,,11,,288,95,,,,,,100,,95,97,,,,,,99,,97,-2,,,,,,+1,,-2,64,,,,,,91,,65,73,,,,,,89,,74,-9,,,,,,+2,,-9,328,289,290,89,93,97,87,95,98,+2,-2,-1
DIJON,COTE D'OR,LYCEE MONTCHAPET,DIJON,0210017E,21231,PU,194,105,,,,,,,299,97,94,,,,,,,96,97,93,,,,,,,96,0,+1,,,,,,,0,71,44,,,,,,,62,73,41,,,,,,,62,-2,+3,,,,,,,0,235,281,306,85,91,95,85,93,96,0,-2,-1
DIJON,COTE D'OR,LYCEE HIPPOLYTE FONTAINE (GENERAL ET TECHNO.),DIJON,0210018F,21231,PU,140,,24,,18,,,,182,97,,79,,67,,,,92,97,,94,,95,,,,97,0,,-15,,-28,,,,-5,64,,29,,39,,,,57,68,,51,,55,,,,65,-4,,-22,,-16,,,,-8,202,160,191,81,89,95,86,94,98,-5,-5,-3
DIJON,COTE D'OR,LYCEE LE CASTEL (GENERAL ET TECHNO.),DIJON,0210019G,21231,PU,185,103,,,21,,,21,330,90,84,,,86,,,95,88,94,87,,,89,,,96,91,-4,-3,,,-3,,,-1,-3,55,27,,,43,,,57,46,56,29,,,44,,,52,46,-1,-2,,,-1,,,+5,0,282,377,342,81,89,93,79,88,93,+2,+1,0
DIJON,COTE D'OR,LYCEE GUSTAVE EIFFEL,DIJON,0211033J,21231,PU,216,,72,,,,,,288,97,,85,,,,,,94,99,,93,,,,,,97,-2,,-8,,,,,,-3,71,,35,,,,,,62,77,,46,,,,,,69,-6,,-11,,,,,,-7,277,273,282,90,92,96,86,94,98,+4,-2,-2
DIJON,COTE D'OR,LYCEE NOTRE DAME,DIJON,0211074D,21231,PR,189,,,,,,,,189,99,,,,,,,,99,99,,,,,,,,99,0,,,,,,,,0,72,,,,,,,,72,83,,,,,,,,83,-11,,,,,,,,-11,215,161,193,88,97,98,90,97,99,-2,0,-1
DIJON,COTE D'OR,LYCEE SAINT JOSEPH - LA SALLE (GENERAL ET TECHNO.),DIJON,0211089V,21231,PR,194,,26,,,,,,220,100,,100,,,,,,100,99,,97,,,,,,99,+1,,+3,,,,,,+1,79,,92,,,,,,81,81,,68,,,,,,79,-2,,+24,,,,,,+2,272,235,256,87,95,100,89,96,99,-2,-1,+1
DIJON,COTE D'OR,LYCEE SAINT BENIGNE (GENERAL ET TECHNO.),DIJON,0211090W,21231,PR,64,88,,,,,,11,163,95,98,,,,,,100,97,98,95,,,,,,99,97,-3,+3,,,,,,+1,0,64,49,,,,,,100,58,70,47,,,,,,77,58,-6,+2,,,,,,+23,0,111,180,179,80,92,96,85,93,96,-5,-1,0
DIJON,COTE D'OR,LYCEE LES ARCADES (GENERAL ET TECHNO.),DIJON,0211091X,21231,PR,74,50,,,,49,,,173,96,92,,,,96,,,95,97,96,,,,97,,,97,-1,-4,,,,-1,,,-2,47,28,,,,49,,,42,66,49,,,,60,,,59,-19,-21,,,,-11,,,-17,139,183,181,80,90,95,86,94,97,-6,-4,-2
DIJON,COTE D'OR,LYCEE INTERNATIONAL CHARLES DE GAULLE,DIJON,0211928G,21231,PU,317,,,,,,,,317,98,,,,,,,,98,99,,,,,,,,99,-1,,,,,,,,-1,85,,,,,,,,85,85,,,,,,,,85,0,,,,,,,,0,402,345,322,91,95,98,90,96,99,+1,-1,-1
DIJON,COTE D'OR,LYCEE SIMONE WEIL (GENERAL ET TECHNO.),DIJON,0212015B,21231,PU,,,,,,86,,,86,,,,,,80,,,80,,,,,,93,,,93,,,,,,-13,,,-13,,,,,,34,,,34,,,,,,47,,,47,,,,,,-13,,,-13,59,94,67,73,81,90,81,89,93,-8,-8,-3
DIJON,COTE D'OR,LYCEE DE LA CERAMIQUE HENRY MOISAND (GENERAL ET TECHNO.),LONGCHAMP,0210032W,21351,PU,,,,23,,,,,23,,,,100,,,,,100,,,,ND,,,,,ND,,,,ND,,,,,ND,,,,74,,,,,74,,,,ND,,,,,ND,,,,ND,,,,,ND,24,24,24,96,100,100,ND,ND,ND,ND,ND,ND
DIJON,COTE D'OR,LYCEE ANNA JUDIC (GENERAL ET TECHNO.),SEMUR EN AUXOIS,0210047M,21603,PU,140,28,,,,,,,168,95,93,,,,,,,95,96,93,,,,,,,96,-1,0,,,,,,,-1,57,29,,,,,,,52,61,39,,,,,,,57,-4,-10,,,,,,,-5,151,153,144,88,93,95,86,93,97,+2,0,-2
DIJON,NIEVRE,LYCEE ROMAIN ROLLAND (GENERAL ET TECHNO.),CLAMECY,0580008U,58079,PU,61,11,,,,,,,72,93,100,,,,,,,94,95,94,,,,,,,95,-2,+6,,,,,,,-1,72,45,,,,,,,68,60,37,,,,,,,57,+12,+8,,,,,,,+11,92,75,90,86,93,94,83,93,96,+3,0,-2
DIJON,NIEVRE,LYCEE PIERRE GILLES DE GENNES (GENERAL ET TECHNO.),COSNE COURS SUR LOIRE,0580014A,58086,PU,102,,,,12,,,,114,97,,,,100,,,,97,97,,,,93,,,,97,0,,,,+7,,,,0,64,,,,58,,,,63,66,,,,54,,,,64,-2,,,,+4,,,,-1,148,109,105,86,94,97,86,94,97,0,0,0
DIJON,NIEVRE,LYCEE SIMONE DOUNON (GENERAL ET TECHNO.),COSNE COURS SUR LOIRE,0580076T,58086,PR,,27,,,,12,,,39,,93,,,,100,,,95,,ND,,,,ND,,,ND,,ND,,,,ND,,,ND,,33,,,,25,,,31,,ND,,,,ND,,,ND,,ND,,,,ND,,,ND,25,45,37,78,83,100,ND,ND,ND,ND,ND,ND
DIJON,NIEVRE,LYCEE MAURICE GENEVOIX (GENERAL ET TECHNO.),DECIZE,0580761M,58095,PU,103,26,,,,,,,129,96,88,,,,,,,95,97,93,,,,,,,96,-1,-5,,,,,,,-1,58,23,,,,,,,51,65,37,,,,,,,59,-7,-14,,,,,,,-8,142,115,122,85,91,95,87,94,97,-2,-3,-2
DIJON,NIEVRE,LYCEE JULES RENARD,NEVERS,0580031U,58194,PU,199,,46,,9,,,,254,95,,93,,89,,,,95,98,,94,,ND,,,,97,-3,,-1,,ND,,,,-2,64,,46,,44,,,,60,73,,48,,ND,,,,68,-9,,-2,,ND,,,,-8,244,204,234,85,93,97,87,94,98,-2,-1,-1
DIJON,NIEVRE,LYCEE RAOUL FOLLEREAU,NEVERS,0580032V,58194,PU,115,89,,,,45,,,249,98,80,,,,89,,,90,98,91,,,,96,,,95,0,-11,,,,-7,,,-5,66,26,,,,47,,,48,69,37,,,,55,,,55,-3,-11,,,,-8,,,-7,201,220,224,80,89,92,84,92,96,-4,-3,-4
DIJON,NIEVRE,LYCEE NOTRE DAME (GENERAL ET TECHNO.),NEVERS,0580071M,58194,PR,51,20,,,,11,,,82,100,100,,,,100,,,100,99,96,,,,97,,,98,+1,+4,,,,+3,,,+2,80,50,,,,73,,,72,76,52,,,,53,,,67,+4,-2,,,,+20,,,+5,72,90,100,90,97,99,88,94,98,+2,+3,+1
DIJON,NIEVRE,LYCEE ALAIN COLAS,NEVERS,0580753D,58194,PU,145,,,33,,,,,178,99,,,100,,,,,99,97,,,100,,,,,98,+2,,,0,,,,,+1,59,,,88,,,,,64,67,,,93,,,,,72,-8,,,-5,,,,,-8,234,192,181,84,92,96,88,95,98,-4,-3,-2
DIJON,SAONE-ET-LOIRE,LYCEE BONAPARTE (GENERAL ET TECHNO.),AUTUN,0710001R,71014,PU,131,,,,,,,,131,98,,,,,,,,98,98,,,,,,,,98,0,,,,,,,,0,74,,,,,,,,74,70,,,,,,,,70,+4,,,,,,,,+4,165,135,128,87,95,98,88,95,98,-1,0,0
DIJON,SAONE-ET-LOIRE,LYCEE MILITAIRE NATIONAL,AUTUN,0711064W,71014,PU,99,19,15,,,,,,133,99,100,100,,,,,,99,99,97,99,,,,,,98,0,+3,+1,,,,,,+1,81,63,80,,,,,,78,78,53,81,,,,,,75,+3,+10,-1,,,,,,+3,147,140,134,92,97,99,89,95,98,+3,+2,+1
DIJON,SAONE-ET-LOIRE,LYCEE MATHIAS (GENERAL ET TECHNO.),CHALON SUR SAONE,0710010A,71076,PU,124,73,,,,75,,,272,96,96,,,,89,,,94,96,93,,,,94,,,94,0,+3,,,,-5,,,0,66,41,,,,53,,,56,60,40,,,,49,,,52,+6,+1,,,,+4,,,+4,277,307,327,78,89,94,84,92,95,-6,-3,-1
DIJON,SAONE-ET-LOIRE,LYCEE PONTUS DE TYARD,CHALON SUR SAONE,0710011B,71076,PU,245,,,,,,,,245,98,,,,,,,,98,99,,,,,,,,99,-1,,,,,,,,-1,77,,,,,,,,77,79,,,,,,,,79,-2,,,,,,,,-2,292,268,259,91,95,99,90,96,99,+1,-1,0
DIJON,SAONE-ET-LOIRE,LYCEE NIEPCE-BALLEURE (GENERAL ET TECHNO.),CHALON SUR SAONE,0710012C,71076,PU,109,,56,,22,,,,187,98,,95,,95,,,,97,99,,94,,92,,,,96,-1,,+1,,+3,,,,+1,70,,38,,55,,,,58,76,,52,,62,,,,67,-6,,-14,,-7,,,,-9,193,153,196,88,93,98,85,94,97,+3,-1,+1
DIJON,SAONE-ET-LOIRE,LYCEE HILAIRE DE CHARDONNET,CHALON SUR SAONE,0711422K,71076,PU,156,51,,,,,,,207,99,92,,,,,,,97,97,89,,,,,,,95,+2,+3,,,,,,,+2,69,37,,,,,,,61,67,37,,,,,,,60,+2,0,,,,,,,+1,192,190,160,77,92,99,83,92,96,-6,0,+3
DIJON,SAONE-ET-LOIRE,LYCEE EMILAND GAUTHEY (GENERAL ET TECHNO.),CHALON SUR SAONE,0711729U,71076,PU,118,54,,,,,,,172,96,94,,,,,,,95,96,88,,,,,,,94,0,+6,,,,,,,+1,59,26,,,,,,,49,61,28,,,,,,,51,-2,-2,,,,,,,-2,165,188,188,82,92,95,83,91,95,-1,+1,0
DIJON,SAONE-ET-LOIRE,LYCEE SAINT CHARLES (GENERAL ET TECHNO.),CHALON SUR SAONE,0711896A,71076,PR,65,21,,,,20,,,106,100,100,,,,95,,,99,98,95,,,,93,,,96,+2,+5,,,,+2,,,+3,75,43,,,,60,,,66,68,41,,,,46,,,58,+7,+2,,,,+14,,,+8,111,115,107,81,91,99,85,93,97,-4,-2,+2
DIJON,SAONE-ET-LOIRE,LYCEE JULIEN WITTMER (GENERAL ET TECHNO.),CHAROLLES,0710018J,71106,PU,102,28,,,13,,,,143,97,82,,,92,,,,94,98,92,,,98,,,,97,-1,-10,,,-6,,,,-3,60,25,,,62,,,,53,74,44,,,79,,,,69,-14,-19,,,-17,,,,-16,159,177,158,86,93,97,88,95,97,-2,-2,0
DIJON,SAONE-ET-LOIRE,LYCEE LA PRAT'S,CLUNY,0710023P,71137,PU,115,,13,,,,,,128,98,,85,,,,,,97,98,,93,,,,,,98,0,,-8,,,,,,-1,75,,46,,,,,,72,72,,43,,,,,,69,+3,,+3,,,,,,+3,123,120,118,78,90,97,88,95,98,-10,-5,-1
DIJON,SAONE-ET-LOIRE,LYCEE CAMILLE CLAUDEL,DIGOIN,0711137A,71176,PU,119,37,17,,,,,,173,100,84,94,,,,,,96,97,92,97,,,,,,96,+3,-8,-3,,,,,,0,62,32,47,,,,,,54,67,39,63,,,,,,61,-5,-7,-16,,,,,,-7,164,165,148,84,94,98,85,93,97,-1,+1,+1
DIJON,SAONE-ET-LOIRE,LYCEE LEON BLUM (GENERAL ET TECHNO.),LE CREUSOT,0710026T,71153,PU,117,51,16,,,,,,184,97,92,88,,,,,,95,98,93,88,,,,,,96,-1,-1,0,,,,,,-1,62,20,44,,,,,,48,70,39,37,,,,,,58,-8,-19,+7,,,,,,-10,232,207,176,89,94,97,85,93,97,+4,+1,0
DIJON,SAONE-ET-LOIRE,LYCEE HENRI VINCENOT (GENERAL ET TECHNO.),LOUHANS,0710042K,71263,PU,120,22,22,,,,,,164,97,95,91,,,,,,96,98,92,92,,,,,,96,-1,+3,-1,,,,,,0,73,32,32,,,,,,62,70,38,42,,,,,,62,+3,-6,-10,,,,,,0,178,199,143,82,91,95,86,94,97,-4,-3,-2
DIJON,SAONE-ET-LOIRE,LYCEE LAMARTINE,MACON,0710045N,71270,PU,331,163,,,,,,,494,97,83,,,,,,,92,96,90,,,,,,,94,+1,-7,,,,,,,-2,61,23,,,,,,,49,64,35,,,,,,,54,-3,-12,,,,,,,-5,498,482,503,84,92,95,84,92,95,0,0,0
DIJON,SAONE-ET-LOIRE,LYCEE RENE CASSIN (GENERAL ET TECHNO.),MACON,0710048S,71270,PU,166,,39,,,,,,205,95,,95,,,,,,95,96,,93,,,,,,96,-1,,+2,,,,,,-1,52,,31,,,,,,48,62,,47,,,,,,59,-10,,-16,,,,,,-11,278,262,212,84,93,97,84,93,97,0,0,0
DIJON,SAONE-ET-LOIRE,LYCEE FREDERIC OZANAM (GENERAL ET TECHNO.),MACON,0711249X,71270,PR,129,20,,,,,,,149,99,100,,,,,,,99,99,97,,,,,,,99,0,+3,,,,,,,0,82,55,,,,,,,79,80,54,,,,,,,77,+2,+1,,,,,,,+2,174,148,139,89,93,99,89,96,99,0,-3,0
DIJON,SAONE-ET-LOIRE,LYCEE HENRI PARRIAT,MONTCEAU LES MINES,0710054Y,71306,PU,263,41,10,,,,,,314,93,95,100,,,,,,94,94,90,93,,,,,,94,-1,+5,+7,,,,,,0,52,32,50,,,,,,49,55,34,48,,,,,,52,-3,-2,+2,,,,,,-3,250,263,276,86,92,95,84,92,95,+2,0,0
DIJON,SAONE-ET-LOIRE,LYCEE JEANNE D'ARC,PARAY LE MONIAL,0710112L,71342,PR,100,23,,,,25,,,148,100,100,,,,96,,,99,98,94,,,,97,,,98,+2,+6,,,,-1,,,+1,72,48,,,,52,,,65,74,43,,,,55,,,66,-2,+5,,,,-3,,,-1,131,134,129,88,96,98,88,94,98,0,+2,0
DIJON,SAONE-ET-LOIRE,LYCEE GABRIEL VOISIN,TOURNUS,0710071S,71543,PU,115,,19,,,,,,134,97,,100,,,,,,97,98,,94,,,,,,97,-1,,+6,,,,,,0,69,,68,,,,,,69,71,,53,,,,,,68,-2,,+15,,,,,,+1,170,117,121,83,92,98,88,95,98,-5,-3,0
DIJON,YONNE,LYCEE JACQUES AMYOT,AUXERRE,0890003V,89024,PU,268,,,,,,,,268,99,,,,,,,,99,97,,,,,,,,97,+2,,,,,,,,+2,70,,,,,,,,70,65,,,,,,,,65,+5,,,,,,,,+5,310,277,262,92,96,98,88,95,98,+4,+1,0
DIJON,YONNE,LYCEE POLYVALENT FOURIER SAINT-GERMAIN (GENERAL ET TECHNO.),AUXERRE,0890005X,89024,PU,96,68,45,,10,53,,,272,98,88,91,,100,96,,,94,96,89,94,,89,94,,,93,+2,-1,-3,,+11,+2,,,+1,55,32,44,,50,45,,,46,61,32,50,,41,49,,,49,-6,0,-6,,+9,-4,,,-3,230,280,267,83,92,97,81,90,94,+2,+2,+3
DIJON,YONNE,LYCEE SAINT JOSEPH - LA SALLE (GENERAL ET TECHNO.),AUXERRE,0890070T,89024,PR,126,27,,,,,,,153,98,100,,,,,,,99,98,95,,,,,,,98,0,+5,,,,,,,+1,71,59,,,,,,,69,73,46,,,,,,,68,-2,+13,,,,,,,+1,154,142,123,84,94,98,88,95,98,-4,-1,0
DIJON,YONNE,LYCEE DU PARC DES CHAUMES (GENERAL ET TECHNO.),AVALLON,0890008A,89025,PU,80,13,,,,,,,93,98,100,,,,,,,98,98,93,,,,,,,97,0,+7,,,,,,,+1,69,62,,,,,,,68,71,39,,,,,,,67,-2,+23,,,,,,,+1,117,87,108,91,99,99,87,95,98,+4,+4,+1
DIJON,YONNE,LYCEE LOUIS DAVIER (GENERAL ET TECHNO.),JOIGNY,0891199V,89206,PU,216,67,13,,,,,,296,93,93,100,,,,,,93,95,91,92,,,,,,94,-2,+2,+8,,,,,,-1,56,36,38,,,,,,51,55,34,35,,,,,,49,+1,+2,+3,,,,,,+2,304,304,290,79,88,95,83,92,95,-4,-4,0
DIJON,YONNE,LYCEE SAINT ETIENNE,SENS,0890067P,89387,PR,73,,12,,,11,,,96,100,,100,,,91,,,99,98,,97,,,97,,,98,+2,,+3,,,-6,,,+1,84,,58,,,64,,,78,74,,61,,,54,,,71,+10,,-3,,,+10,,,+7,162,121,104,78,89,99,88,95,98,-10,-6,+1
DIJON,YONNE,LYCEE CATHERINE ET RAYMOND JANOT,SENS,0891200W,89387,PU,366,165,49,,21,44,,,645,95,90,80,,81,84,,,91,95,90,90,,96,92,,,93,0,0,-10,,-15,-8,,,-2,56,28,31,,48,36,,,45,55,30,35,,59,43,,,47,+1,-2,-4,,-11,-7,,,-2,738,646,633,78,88,92,82,91,94,-4,-3,-2
DIJON,YONNE,LYCEE CHEVALIER D'EON (GENERAL ET TECHNO.),TONNERRE,0890032B,89418,PU,121,,,,,,,,121,95,,,,,,,,95,95,,,,,,,,95,0,,,,,,,,0,55,,,,,,,,55,57,,,,,,,,57,-2,,,,,,,,-2,118,127,117,86,92,95,86,94,97,0,-2,-2
DIJON,YONNE,LYCEE PIERRE LAROUSSE,TOUCY,0891168L,89419,PU,75,25,,,,,,,100,99,96,,,,,,,98,98,92,,,,,,,96,+1,+4,,,,,,,+2,71,44,,,,,,,64,72,38,,,,,,,63,-1,+6,,,,,,,+1,150,143,125,88,94,97,86,94,97,+2,0,0
GRENOBLE,ARDECHE,LYCEE BOISSY D'ANGLAS (GENERAL ET TECHNO.),ANNONAY,0070001N,07010,PU,186,81,25,,,,,,292,95,89,88,,,,,,92,96,91,87,,,,,,94,-1,-2,+1,,,,,,-2,59,31,64,,,,,,51,60,37,33,,,,,,51,-1,-6,+31,,,,,,0,282,310,297,84,90,95,83,91,95,+1,-1,0
GRENOBLE,ARDECHE,LYCEE SAINT DENIS,ANNONAY,0071126L,07010,PR,230,48,25,,15,36,,,354,100,100,100,,100,97,,,100,98,96,97,,98,98,,,98,+2,+4,+3,,+2,-1,,,+2,71,54,80,,80,56,,,68,75,54,68,,78,62,,,71,-4,0,+12,,+2,-6,,,-3,306,332,352,92,97,99,88,95,98,+4,+2,+1
GRENOBLE,ARDECHE,LYCEE MARCEL GIMOND (GENERAL ET TECHNO.),AUBENAS,0070003R,07019,PU,183,53,,,,,,,236,96,92,,,,,,,95,97,94,,,,,,,96,-1,-2,,,,,,,-1,68,40,,,,,,,61,69,46,,,,,,,64,-1,-6,,,,,,,-3,298,298,240,84,90,94,86,94,97,-2,-4,-3
GRENOBLE,ARDECHE,LYCEE ASTIER (GENERAL ET TECHNO.),AUBENAS,0070004S,07019,PU,19,,34,34,,,,,87,100,,88,100,,,,,95,98,,92,98,,,,,96,+2,,-4,+2,,,,,-1,63,,44,62,,,,,55,74,,43,59,,,,,56,-11,,+1,+3,,,,,-1,90,101,79,79,86,93,84,92,96,-5,-6,-3
GRENOBLE,ARDECHE,LYCEE JULES FROMENT (GENERAL ET TECHNO.),AUBENAS,0070064G,07019,PR,142,42,,,,36,,,220,97,100,,,,83,,,95,98,96,,,,96,,,97,-1,+4,,,,-13,,,-2,66,38,,,,39,,,56,70,52,,,,53,,,64,-4,-14,,,,-14,,,-8,201,186,209,88,93,99,87,94,98,+1,-1,+1
GRENOBLE,ARDECHE,LYCEE MARIE RIVIER,BOURG SAINT ANDEOL,0070066J,07042,PR,105,26,22,,,,,,153,100,96,95,,,,,,99,98,94,95,,,,,,97,+2,+2,0,,,,,,+2,62,35,41,,,,,,54,75,43,56,,,,,,67,-13,-8,-15,,,,,,-13,173,174,162,93,96,99,88,94,97,+5,+2,+2
GRENOBLE,ARDECHE,LYCEE LE CHEYLARD (GENERAL ET TECHNO.),LE CHEYLARD,0071397F,07064,PU,75,,16,,,,,,91,97,,94,,,,,,97,98,,93,,,,,,97,-1,,+1,,,,,,0,67,,50,,,,,,64,70,,48,,,,,,66,-3,,+2,,,,,,-2,81,94,87,84,92,97,87,94,98,-3,-2,-1
GRENOBLE,ARDECHE,LYCEE XAVIER MALLET (GENERAL ET TECHNO.),LE TEIL,0071351F,07319,PU,89,28,,,,,,,117,94,89,,,,,,,93,97,93,,,,,,,96,-3,-4,,,,,,,-3,67,43,,,,,,,62,68,42,,,,,,,61,-1,+1,,,,,,,+1,165,114,122,91,96,96,87,94,97,+4,+2,-1
GRENOBLE,ARDECHE,LYCEE VINCENT D'INDY (GENERAL ET TECHNO.),PRIVAS,0070021K,07186,PU,165,48,,,,,,,213,95,83,,,,,,,92,98,90,,,,,,,96,-3,-7,,,,,,,-4,64,33,,,,,,,57,71,37,,,,,,,63,-7,-4,,,,,,,-6,244,219,231,81,90,93,86,94,97,-5,-4,-4
GRENOBLE,ARDECHE,LYCEE SACRE COEUR  NOTRE DAME,PRIVAS,0070069M,07186,PR,31,,,,,23,,,54,97,,,,,100,,,98,96,,,,,97,,,96,+1,,,,,+3,,,+2,61,,,,,70,,,65,63,,,,,55,,,60,-2,,,,,+15,,,+5,36,63,40,64,77,96,82,93,97,-18,-16,-1
GRENOBLE,ARDECHE,LYCEE GABRIEL FAURE (GENERAL ET TECHNO.),TOURNON SUR RHONE,0070029U,07324,PU,133,62,,,,47,,,242,97,85,,,,98,,,94,98,93,,,,96,,,96,-1,-8,,,,+2,,,-2,66,42,,,,60,,,59,70,43,,,,56,,,60,-4,-1,,,,+4,,,-1,261,237,272,80,89,95,86,93,97,-6,-4,-2
GRENOBLE,ARDECHE,LYCEE SACRE COEUR (GENERAL ET TECHNO.),TOURNON SUR RHONE,0070071P,07324,PR,144,27,14,,,,,,185,99,96,100,,,,,,99,98,97,96,,,,,,98,+1,-1,+4,,,,,,+1,70,48,79,,,,,,68,75,51,62,,,,,,71,-5,-3,+17,,,,,,-3,184,196,158,85,92,99,88,95,98,-3,-3,+1
GRENOBLE,DROME,LYCEE LES TROIS SOURCES,BOURG LES VALENCE,0261277X,26058,PU,154,80,,,,48,,,282,94,90,,,,100,,,94,96,90,,,,96,,,94,-2,0,,,,+4,,,0,55,26,,,,54,,,47,63,32,,,,53,,,53,-8,-6,,,,+1,,,-6,260,230,222,82,92,96,83,91,95,-1,+1,+1
GRENOBLE,DROME,LYCEE NOTRE DAME DE LA GALAURE,CHATEAUNEUF DE GALAURE,0260063C,26083,PR,169,,,,,,,,169,100,,,,,,,,100,99,,,,,,,,99,+1,,,,,,,,+1,89,,,,,,,,89,87,,,,,,,,87,+2,,,,,,,,+2,169,168,176,93,98,99,91,97,99,+2,+1,0
GRENOBLE,DROME,LYCEE FRANCOIS JEAN ARMORIN (GENERAL ET TECHNO.),CREST,0260006R,26108,PU,92,,,,,,,,92,98,,,,,,,,98,98,,,,,,,,98,0,,,,,,,,0,73,,,,,,,,73,73,,,,,,,,73,0,,,,,,,,0,155,102,87,80,88,94,89,96,99,-9,-8,-5
GRENOBLE,DROME,LYCEE SAINT LOUIS (GENERAL ET TECHNO.),CREST,0260072M,26108,PR,36,,25,,,,,,61,100,,100,,,,,,100,98,,97,,,,,,97,+2,,+3,,,,,,+3,75,,88,,,,,,80,72,,63,,,,,,68,+3,,+25,,,,,,+12,67,57,54,81,90,100,86,94,98,-5,-4,+2
GRENOBLE,DROME,LYCEE DU DIOIS,DIE,0260008T,26113,PU,81,,,,,,,,81,100,,,,,,,,100,98,,,,,,,,98,+2,,,,,,,,+2,84,,,,,,,,84,75,,,,,,,,75,+9,,,,,,,,+9,90,81,79,89,98,100,88,95,98,+1,+3,+2
GRENOBLE,DROME,LYCEE ALAIN BORNE,MONTELIMAR,0260015A,26198,PU,295,135,,,,,,,430,95,90,,,,,,,93,97,94,,,,,,,96,-2,-4,,,,,,,-3,63,43,,,,,,,57,67,44,,,,,,,60,-4,-1,,,,,,,-3,377,354,353,86,91,96,86,93,97,0,-2,-1
GRENOBLE,DROME,LYCEE CHABRILLAN ST JEAN-BAPTISTE,MONTELIMAR,0260064D,26198,PR,58,,,,,,,,58,100,,,,,,,,100,98,,,,,,,,98,+2,,,,,,,,+2,67,,,,,,,,67,73,,,,,,,,73,-6,,,,,,,,-6,82,83,52,86,91,100,89,96,99,-3,-5,+1
GRENOBLE,DROME,LYCEE LES CATALINS (GENERAL ET TECHNO.),MONTELIMAR,0260113G,26198,PU,36,,147,,21,48,,,252,100,,90,,95,96,,,93,98,,92,,94,96,,,94,+2,,-2,,+1,0,,,-1,78,,47,,76,60,,,56,73,,45,,59,53,,,52,+5,,+2,,+17,+7,,,+4,269,271,264,90,94,96,82,91,95,+8,+3,+1
GRENOBLE,DROME,LYCEE ROUMANILLE,NYONS,0260017C,26220,PU,110,36,,,,,,,146,100,94,,,,,,,99,98,92,,,,,,,97,+2,+2,,,,,,,+2,73,42,,,,,,,65,75,39,,,,,,,66,-2,+3,,,,,,,-1,165,158,146,87,95,99,87,94,97,0,+1,+2
GRENOBLE,DROME,LYCEE DR. GUSTAVE JAUME (GENERAL ET TECHNO.),PIERRELATTE,0260019E,26235,PU,201,65,,,,,,,266,97,94,,,,,,,96,98,90,,,,,,,96,-1,+4,,,,,,,0,73,38,,,,,,,65,70,34,,,,,,,61,+3,+4,,,,,,,+4,237,209,210,91,96,97,86,93,97,+5,+3,0
GRENOBLE,DROME,LYCEE ALBERT TRIBOULET,ROMANS SUR ISERE,0260022H,26281,PU,270,,,,,,,,270,99,,,,,,,,99,98,,,,,,,,98,+1,,,,,,,,+1,71,,,,,,,,71,67,,,,,,,,67,+4,,,,,,,,+4,287,249,288,88,99,100,88,95,98,0,+4,+2
GRENOBLE,DROME,LYCEE DU DAUPHINE (GENERAL ET TECHNO.),ROMANS SUR ISERE,0260023J,26281,PU,120,86,70,,,,,,276,95,85,90,,,,,,91,97,94,92,,,,,,95,-2,-9,-2,,,,,,-4,60,27,39,,,,,,44,66,41,44,,,,,,53,-6,-14,-5,,,,,,-9,312,323,269,83,89,93,84,91,96,-1,-2,-3
GRENOBLE,DROME,LYCEE SAINT MAURICE,ROMANS SUR ISERE,0260066F,26281,PR,116,,,,,,,,116,98,,,,,,,,98,99,,,,,,,,99,-1,,,,,,,,-1,75,,,,,,,,75,76,,,,,,,,76,-1,,,,,,,,-1,132,116,110,82,92,99,90,96,99,-8,-4,0
GRENOBLE,DROME,LYCEE HENRI LAURENS (GENERAL ET TECHNO.),SAINT VALLIER,0261397C,26333,PU,116,,,,,,,,116,88,,,,,,,,88,93,,,,,,,,93,-5,,,,,,,,-5,53,,,,,,,,53,49,,,,,,,,49,+4,,,,,,,,+4,200,146,129,82,88,94,84,92,95,-2,-4,-1
GRENOBLE,DROME,LYCEE EMILE LOUBET,VALENCE,0260034W,26362,PU,191,,,,,,,,191,94,,,,,,,,94,97,,,,,,,,97,-3,,,,,,,,-3,64,,,,,,,,64,64,,,,,,,,64,0,,,,,,,,0,274,196,181,83,90,95,87,95,98,-4,-5,-3
GRENOBLE,DROME,LYCEE CAMILLE VERNET,VALENCE,0260035X,26362,PU,271,,,,,,,,271,95,,,,,,,,95,97,,,,,,,,97,-2,,,,,,,,-2,68,,,,,,,,68,70,,,,,,,,70,-2,,,,,,,,-2,276,273,303,89,94,97,86,95,98,+3,-1,-1
GRENOBLE,DROME,LYCEE NOTRE DAME,VALENCE,0260069J,26362,PR,225,,,,,,,,225,100,,,,,,,,100,98,,,,,,,,98,+2,,,,,,,,+2,76,,,,,,,,76,77,,,,,,,,77,-1,,,,,,,,-1,274,224,197,80,95,100,89,96,99,-9,-1,+1
GRENOBLE,DROME,LYCEE SAINT VICTOR,VALENCE,0260071L,26362,PR,115,,,,,,,,115,100,,,,,,,,100,99,,,,,,,,99,+1,,,,,,,,+1,85,,,,,,,,85,79,,,,,,,,79,+6,,,,,,,,+6,140,125,117,88,96,100,89,96,99,-1,0,+1
GRENOBLE,DROME,LYCEE MONTPLAISIR,VALENCE,0260074P,26362,PR,,56,,47,,51,,,154,,100,,100,,100,,,100,,97,,99,,97,,,98,,+3,,+1,,+3,,,+2,,45,,81,,61,,,61,,51,,77,,57,,,61,,-6,,+4,,+4,,,0,135,162,156,86,95,100,86,93,97,0,+2,+3
GRENOBLE,DROME,LYCEE ALGOUD - LAFFEMAS (GENERAL ET TECHNO.),VALENCE,0261505V,26362,PU,233,148,94,,29,,,,504,97,86,86,,97,,,,91,98,91,92,,93,,,,94,-1,-5,-6,,+4,,,,-3,62,28,38,,59,,,,47,69,36,46,,57,,,,54,-7,-8,-8,,+2,,,,-7,372,482,502,83,88,92,84,92,95,-1,-4,-3
GRENOBLE,HAUTE SAVOIE,LYCEE SAINTE CROIX DES NEIGES,ABONDANCE,0741443S,74001,PR,20,,,,,,,,20,85,,,,,,,,85,ND,,,,,,,,ND,ND,,,,,,,,ND,30,,,,,,,,30,ND,,,,,,,,ND,ND,,,,,,,,ND,35,20,21,56,79,94,ND,ND,ND,ND,ND,ND
GRENOBLE,HAUTE SAVOIE,LYCEE CLAUDE LOUIS BERTHOLLET,ANNECY,0740003B,74010,PU,451,,,,,,,,451,96,,,,,,,,96,98,,,,,,,,98,-2,,,,,,,,-2,76,,,,,,,,76,78,,,,,,,,78,-2,,,,,,,,-2,486,446,438,90,95,98,88,96,99,+2,-1,-1
GRENOBLE,HAUTE SAVOIE,LYCEE GABRIEL FAURE,ANNECY,0740005D,74010,PU,333,134,,,,87,27,,581,97,91,,,,87,93,,94,98,95,,,,97,98,,97,-1,-4,,,,-10,-5,,-3,74,43,,,,54,89,,64,75,46,,,,61,88,,67,-1,-3,,,,-7,+1,,-3,482,551,569,82,90,95,87,94,97,-5,-4,-2
GRENOBLE,HAUTE SAVOIE,LYCEE SAINT MICHEL,ANNECY,0740082M,74010,PR,251,,25,,,,,,276,100,,100,,,,,,100,99,,99,,,,,,99,+1,,+1,,,,,,+1,88,,68,,,,,,86,87,,81,,,,,,86,+1,,-13,,,,,,0,315,292,264,87,95,100,91,97,99,-4,-2,+1
GRENOBLE,HAUTE SAVOIE,LYCEE LES BRESSIS (GENERAL ET TECHNO.),ANNECY,0741101V,74010,PR,23,34,,,,28,,,85,100,100,,,,93,,,98,96,97,,,,98,,,97,+4,+3,,,,-5,,,+1,74,56,,,,43,,,56,57,55,,,,63,,,58,+17,+1,,,,-20,,,-2,59,87,91,89,89,95,86,93,97,+3,-4,-2
GRENOBLE,HAUTE SAVOIE,LYCEE CHARLES BAUDELAIRE,ANNECY,0741418P,74010,PU,320,104,,,,,,,424,97,80,,,,,,,93,98,93,,,,,,,97,-1,-13,,,,,,,-4,71,29,,,,,,,60,74,42,,,,,,,66,-3,-13,,,,,,,-6,407,428,408,85,92,97,87,94,98,-2,-2,-1
GRENOBLE,HAUTE SAVOIE,LYCEE DES GLIERES (GENERAL ET TECHNO.),ANNEMASSE,0740009H,74012,PU,229,146,,,,,,,375,90,82,,,,,,,87,95,89,,,,,,,93,-5,-7,,,,,,,-6,47,21,,,,,,,37,54,32,,,,,,,45,-7,-11,,,,,,,-8,404,290,322,75,89,92,81,90,94,-6,-1,-2
GRENOBLE,HAUTE SAVOIE,LYCEE JEAN MONNET (GENERAL ET TECHNO.),ANNEMASSE,0741476C,74012,PU,220,,100,,14,,,,334,97,,79,,71,,,,91,97,,91,,91,,,,95,0,,-12,,-20,,,,-4,62,,31,,43,,,,52,66,,40,,46,,,,57,-4,,-9,,-3,,,,-5,402,320,347,82,90,93,84,92,96,-2,-2,-3
GRENOBLE,HAUTE SAVOIE,LYCEE LOUIS LACHENAL (GENERAL ET TECHNO.),ARGONAY,0740006E,74019,PU,258,,172,,,,,,430,98,,94,,,,,,97,98,,96,,,,,,97,0,,-2,,,,,,0,76,,65,,,,,,72,78,,63,,,,,,72,-2,,+2,,,,,,0,453,434,447,85,95,98,88,95,98,-3,0,0
GRENOBLE,HAUTE SAVOIE,LYCEE GUILLAUME FICHET (GENERAL ET TECHNO.),BONNEVILLE,0740013M,74042,PU,189,77,,,,,,,266,96,87,,,,,,,93,97,90,,,,,,,95,-1,-3,,,,,,,-2,64,35,,,,,,,56,66,36,,,,,,,57,-2,-1,,,,,,,-1,314,294,303,83,92,95,85,93,96,-2,-1,-1
GRENOBLE,HAUTE SAVOIE,LYCEE ROGER FRISON ROCHE (GENERAL ET TECHNO.),CHAMONIX MONT BLANC,0741669M,74056,PU,117,,,,,,,,117,100,,,,,,,,100,98,,,,,,,,98,+2,,,,,,,,+2,75,,,,,,,,75,75,,,,,,,,75,0,,,,,,,,0,159,124,119,94,98,98,89,95,98,+5,+3,0
GRENOBLE,HAUTE SAVOIE,LYCEE CHARLES PONCET (GENERAL ET TECHNO.),CLUSES,0740017S,74081,PU,282,101,56,,,,,,439,93,88,84,,,,,,91,95,88,90,,,,,,93,-2,0,-6,,,,,,-2,64,39,43,,,,,,55,57,33,40,,,,,,49,+7,+6,+3,,,,,,+6,449,399,407,81,90,94,83,91,95,-2,-1,-1
GRENOBLE,HAUTE SAVOIE,LYCEE ST JEAN BOSCO LES CORDELIERS (GENERAL ET TECHNO.),CLUSES,0740143D,74081,PR,67,,,,,,,,67,99,,,,,,,,99,99,,,,,,,,99,0,,,,,,,,0,67,,,,,,,,67,78,,,,,,,,78,-11,,,,,,,,-11,98,102,88,91,95,99,90,96,99,+1,-1,0
GRENOBLE,HAUTE SAVOIE,LYCEE ANNA DE NOAILLES (GENERAL ET TECHNO.),EVIAN LES BAINS,0740051D,74119,PU,226,43,,,,,,,269,97,81,,,,,,,95,98,94,,,,,,,97,-1,-13,,,,,,,-2,62,33,,,,,,,58,71,45,,,,,,,67,-9,-12,,,,,,,-9,292,281,225,80,92,96,87,94,98,-7,-2,-2
GRENOBLE,HAUTE SAVOIE,LYCEE SAINTE FAMILLE (GENERAL ET TECHNO.),LA ROCHE SUR FORON,0740092Y,74224,PR,173,36,,,,,,,209,99,97,,,,,,,99,99,98,,,,,,,99,0,-1,,,,,,,0,80,47,,,,,,,74,85,66,,,,,,,82,-5,-19,,,,,,,-8,241,225,207,88,96,100,90,96,99,-2,0,+1
GRENOBLE,HAUTE SAVOIE,LYCEE MONT BLANC RENE DAYVE (GENERAL ET TECHNO.),PASSY,0740027C,74208,PU,252,65,37,,,,,,354,97,88,95,,,,,,95,99,95,94,,,,,,97,-2,-7,+1,,,,,,-2,74,20,59,,,,,,62,77,45,51,,,,,,68,-3,-25,+8,,,,,,-6,272,309,319,84,94,97,87,94,98,-3,0,-1
GRENOBLE,HAUTE SAVOIE,LYCEE DEMOTZ DE LA SALLE (GENERAL ET TECHNO.),RUMILLY,0741469V,74225,PR,66,,,,,22,,,88,97,,,,,95,,,97,98,,,,,97,,,97,-1,,,,,-2,,,0,58,,,,,41,,,53,64,,,,,58,,,63,-6,,,,,-17,,,-10,102,105,107,87,93,99,88,95,98,-1,-2,+1
GRENOBLE,HAUTE SAVOIE,LYCEE DE L'ALBANAIS,RUMILLY,0741532N,74225,PU,265,91,43,,,,,,399,100,91,100,,,,,,98,99,96,96,,,,,,98,+1,-5,+4,,,,,,0,80,47,63,,,,,,71,79,49,60,,,,,,70,+1,-2,+3,,,,,,+1,466,427,370,90,95,97,87,95,98,+3,0,-1
GRENOBLE,HAUTE SAVOIE,LYCEE MME DE STAEL,SAINT JULIEN EN GENEVOIS,0740037N,74243,PU,259,62,,,,35,,,356,94,74,,,,77,,,89,98,94,,,,89,,,96,-4,-20,,,,-12,,,-7,68,29,,,,17,,,56,74,43,,,,42,,,66,-6,-14,,,,-25,,,-10,357,307,328,80,90,95,86,94,97,-6,-4,-2
GRENOBLE,HAUTE SAVOIE,LYCEE LA PRESENTATION DE MARIE,SAINT JULIEN EN GENEVOIS,0740097D,74243,PR,85,,,,,,,,85,99,,,,,,,,99,99,,,,,,,,99,0,,,,,,,,0,84,,,,,,,,84,84,,,,,,,,84,0,,,,,,,,0,125,102,95,76,92,99,90,96,99,-14,-4,0
GRENOBLE,HAUTE SAVOIE,LYCEE SAINT JOSEPH,SALLANCHES,0740098E,74256,PR,64,29,,,,,,,93,98,97,,,,,,,98,98,94,,,,,,,97,0,+3,,,,,,,+1,77,45,,,,,,,67,79,48,,,,,,,69,-2,-3,,,,,,,-2,82,88,81,78,91,97,87,94,97,-9,-3,0
GRENOBLE,HAUTE SAVOIE,LYCEE SAINT-JOSEPH,THONES,0740099F,74280,PR,89,,,,,,,,89,100,,,,,,,,100,99,,,,,,,,99,+1,,,,,,,,+1,85,,,,,,,,85,81,,,,,,,,81,+4,,,,,,,,+4,127,104,86,87,92,99,90,96,99,-3,-4,0
GRENOBLE,HAUTE SAVOIE,LYCEE LA VERSOIE,THONON LES BAINS,0740046Y,74281,PU,387,101,,,,35,,,523,97,89,,,,91,,,95,98,93,,,,95,,,97,-1,-4,,,,-4,,,-2,72,44,,,,40,,,65,70,42,,,,52,,,63,+2,+2,,,,-12,,,+2,590,516,503,86,94,97,86,94,97,0,0,0
GRENOBLE,HAUTE SAVOIE,LYCEE SAVOIE LEMAN (GENERAL ET TECHNO.),THONON LES BAINS,0740047Z,74281,PU,,,,,,,,89,89,,,,,,,,100,100,,,,,,,,99,99,,,,,,,,+1,+1,,,,,,,,73,73,,,,,,,,74,74,,,,,,,,-1,-1,103,106,98,91,97,99,85,93,96,+6,+4,+3
GRENOBLE,HAUTE SAVOIE,LYCEE SAINT JOSEPH LA SALLE,THONON LES BAINS,0740100G,74281,PR,151,,,,30,,,,181,100,,,,100,,,,100,99,,,,98,,,,99,+1,,,,+2,,,,+1,88,,,,83,,,,87,87,,,,78,,,,85,+1,,,,+5,,,,+2,244,231,197,88,97,99,90,96,99,-2,+1,0
GRENOBLE,HAUTE SAVOIE,LYCEE JEANNE D'ARC (GENERAL ET TECHNO.),THONON LES BAINS,0741307U,74281,PR,,30,,,,19,,,49,,93,,,,100,,,96,,94,,,,97,,,95,,-1,,,,+3,,,+1,,40,,,,47,,,43,,47,,,,61,,,52,,-7,,,,-14,,,-9,34,61,60,86,94,98,85,92,95,+1,+2,+3
GRENOBLE,HAUTE SAVOIE,LYCEE SAINT FRANCOIS,VILLE LA GRAND,0740104L,74305,PR,156,,,,,,,,156,99,,,,,,,,99,99,,,,,,,,99,0,,,,,,,,0,82,,,,,,,,82,76,,,,,,,,76,+6,,,,,,,,+6,171,145,131,90,98,100,90,96,99,0,+2,+1
GRENOBLE,ISERE,LYCEE L'OISELET,BOURGOIN JALLIEU,0380008C,38053,PU,379,176,97,,,,,,652,95,94,94,,,,,,95,97,92,91,,,,,,94,-2,+2,+3,,,,,,+1,62,36,48,,,,,,53,64,38,43,,,,,,54,-2,-2,+5,,,,,,-1,570,610,627,87,93,96,84,92,96,+3,+1,0
GRENOBLE,ISERE,LYCEE PHILIPPINE DUCHESNE (GENERAL ET TECHNO.),CORENC,0383208F,38126,PR,166,69,,,,36,,,271,99,100,,,,100,,,100,100,98,,,,98,,,99,-1,+2,,,,+2,,,+1,87,61,,,,83,,,80,89,63,,,,68,,,79,-2,-2,,,,+15,,,+1,283,257,287,91,96,99,89,96,99,+2,0,0
GRENOBLE,ISERE,LYCEE MARIE CURIE,ECHIROLLES,0382920T,38151,PU,248,121,,,,,,,369,92,83,,,,,,,89,95,88,,,,,,,92,-3,-5,,,,,,,-3,59,27,,,,,,,49,55,29,,,,,,,46,+4,-2,,,,,,,+3,411,379,420,81,88,93,82,90,94,-1,-2,-1
GRENOBLE,ISERE,LYCEE CHAMPOLLION,GRENOBLE,0380027Y,38185,PU,271,,,,,,,,271,99,,,,,,,,99,99,,,,,,,,99,0,,,,,,,,0,83,,,,,,,,83,87,,,,,,,,87,-4,,,,,,,,-4,374,306,280,92,96,100,90,97,99,+2,-1,+1
GRENOBLE,ISERE,LYCEE STENDHAL,GRENOBLE,0380028Z,38185,PU,146,,,,,,,,146,96,,,,,,,,96,99,,,,,,,,99,-3,,,,,,,,-3,79,,,,,,,,79,79,,,,,,,,79,0,,,,,,,,0,173,130,151,84,93,99,88,96,99,-4,-3,0
GRENOBLE,ISERE,LYCEE LES EAUX CLAIRES,GRENOBLE,0380029A,38185,PU,222,68,,,,,,,290,97,97,,,,,,,97,98,95,,,,,,,98,-1,+2,,,,,,,-1,78,57,,,,,,,73,76,48,,,,,,,69,+2,+9,,,,,,,+4,342,295,292,89,96,98,87,95,98,+2,+1,0
GRENOBLE,ISERE,LYCEE EMMANUEL  MOUNIER (GENERAL ET TECHNO.),GRENOBLE,0380032D,38185,PU,135,127,,,,,,,262,89,80,,,,,,,84,92,82,,,,,,,87,-3,-2,,,,,,,-3,52,29,,,,,,,41,47,24,,,,,,,36,+5,+5,,,,,,,+5,237,224,250,71,84,91,76,86,90,-5,-2,+1
GRENOBLE,ISERE,LYCEE VAUCANSON (GENERAL ET TECHNO.),GRENOBLE,0380033E,38185,PU,94,,90,,,,,,184,100,,87,,,,,,93,98,,93,,,,,,96,+2,,-6,,,,,,-3,71,,43,,,,,,58,72,,49,,,,,,61,-1,,-6,,,,,,-3,173,163,191,78,92,97,84,93,97,-6,-1,0
GRENOBLE,ISERE,LYCEE LOUISE MICHEL (GENERAL ET TECHNO.),GRENOBLE,0380034F,38185,PU,45,101,,,41,86,,,273,93,86,,,80,94,,,89,91,88,,,94,94,,,91,+2,-2,,,-14,0,,,-2,44,25,,,32,52,,,38,45,30,,,56,47,,,42,-1,-5,,,-24,+5,,,-4,130,246,256,81,84,91,80,88,92,+1,-4,-1
GRENOBLE,ISERE,LYCEE LESDIGUIERES (GENERAL ET TECHNO.),GRENOBLE,0380035G,38185,PU,,,,,,,,56,56,,,,,,,,100,100,,,,,,,,99,99,,,,,,,,+1,+1,,,,,,,,75,75,,,,,,,,73,73,,,,,,,,+2,+2,68,80,67,95,97,98,87,94,97,+8,+3,+1
GRENOBLE,ISERE,LYCEE ANDRE  ARGOUGES (GENERAL ET TECHNO.),GRENOBLE,0381603L,38185,PU,150,57,,70,16,,,,293,96,72,,100,94,,,,92,95,87,,100,89,,,,94,+1,-15,,0,+5,,,,-2,68,23,,86,88,,,,65,67,29,,91,54,,,,64,+1,-6,,-5,+34,,,,+1,236,261,269,73,87,94,84,92,96,-11,-5,-2
GRENOBLE,ISERE,LYCEE PIERRE TERMIER,GRENOBLE,0381666E,38185,PR,190,,48,,,,,,238,98,,98,,,,,,98,99,,98,,,,,,99,-1,,0,,,,,,-1,83,,62,,,,,,79,85,,73,,,,,,83,-2,,-11,,,,,,-4,248,233,225,84,94,98,89,96,99,-5,-2,-1
GRENOBLE,ISERE,EXTERNAT NOTRE DAME,GRENOBLE,0381803D,38185,PR,125,,,,,,,,125,100,,,,,,,,100,99,,,,,,,,99,+1,,,,,,,,+1,86,,,,,,,,86,83,,,,,,,,83,+3,,,,,,,,+3,148,122,135,93,97,100,90,97,99,+3,0,+1
GRENOBLE,ISERE,LYCEE INTERNATIONAL EUROPOLE,GRENOBLE,0383242T,38185,PU,149,,,,,,,,149,100,,,,,,,,100,99,,,,,,,,99,+1,,,,,,,,+1,95,,,,,,,,95,88,,,,,,,,88,+7,,,,,,,,+7,166,159,153,95,98,99,90,96,99,+5,+2,0
GRENOBLE,ISERE,LYCEE PHILIBERT DELORME (GENERAL ET TECHNO.),L ISLE D ABEAU,0382895R,38193,PU,180,100,,,11,35,,,326,95,84,,,82,91,,,91,97,90,,,95,96,,,94,-2,-6,,,-13,-5,,,-3,64,22,,,45,43,,,48,64,34,,,59,51,,,53,0,-12,,,-14,-8,,,-5,314,337,327,79,83,92,84,92,95,-5,-9,-3
GRENOBLE,ISERE,LYCEE HECTOR BERLIOZ (GENERAL ET TECHNO.),LA COTE SAINT ANDRE,0380014J,38130,PU,203,73,,,,,,,276,97,92,,,,,,,95,96,92,,,,,,,95,+1,0,,,,,,,0,61,23,,,,,,,51,62,36,,,,,,,55,-1,-13,,,,,,,-4,223,240,229,88,94,97,85,93,96,+3,+1,+1
GRENOBLE,ISERE,LYCEE SAINTE CECILE,LA COTE SAINT ANDRE,0381660Y,38130,PR,109,,,,,,,,109,98,,,,,,,,98,98,,,,,,,,98,0,,,,,,,,0,72,,,,,,,,72,75,,,,,,,,75,-3,,,,,,,,-3,111,95,97,88,95,98,89,96,99,-1,-1,-1
GRENOBLE,ISERE,LYCEE DE LA MATHEYSINE (GENERAL ET TECHNO.),LA MURE D ISERE,0380049X,38269,PU,91,23,,,,,,,114,99,91,,,,,,,97,98,95,,,,,,,98,+1,-4,,,,,,,-1,68,57,,,,,,,66,71,46,,,,,,,66,-3,+11,,,,,,,0,133,119,104,86,91,98,88,95,98,-2,-4,0
GRENOBLE,ISERE,LYCEE ELIE CARTAN (GENERAL ET TECHNO.),LA TOUR DU PIN,0380073Y,38509,PU,162,,,,,,,,162,96,,,,,,,,96,97,,,,,,,,97,-1,,,,,,,,-1,61,,,,,,,,61,69,,,,,,,,69,-8,,,,,,,,-8,233,166,145,87,97,99,88,95,98,-1,+2,+1
GRENOBLE,ISERE,LYCEE JEANNE D'ARC,LE PEAGE DE ROUSSILLON,0381670J,38298,PR,85,,,,,,,,85,95,,,,,,,,95,97,,,,,,,,97,-2,,,,,,,,-2,55,,,,,,,,55,62,,,,,,,,62,-7,,,,,,,,-7,96,95,77,92,97,99,88,95,98,+4,+2,+1
GRENOBLE,ISERE,LYCEE CHARLES GABRIEL PRAVAZ (GENERAL ET TECHNO.),LE PONT DE BEAUVOISIN,0380053B,38315,PU,136,52,37,,,,,,225,97,98,86,,,,,,96,98,95,94,,,,,,97,-1,+3,-8,,,,,,-1,71,48,41,,,,,,61,69,49,53,,,,,,62,+2,-1,-12,,,,,,-1,226,251,240,89,94,96,87,94,97,+2,0,-1
GRENOBLE,ISERE,LYCEE DU GRESIVAUDAN (GENERAL ET TECHNO.),MEYLAN,0382863F,38229,PU,283,80,30,,,,,,393,100,96,97,,,,,,99,99,95,97,,,,,,98,+1,+1,0,,,,,,+1,90,45,60,,,,,,78,87,50,64,,,,,,78,+3,-5,-4,,,,,,0,395,383,369,87,92,98,88,95,98,-1,-3,0
GRENOBLE,ISERE,LYCEE PIERRE BEGHIN,MOIRANS,0383119J,38239,PU,171,62,,,,,,,233,99,98,,,,,,,99,98,97,,,,,,,98,+1,+1,,,,,,,+1,67,45,,,,,,,61,75,54,,,,,,,69,-8,-9,,,,,,,-8,279,262,223,91,96,99,88,95,98,+3,+1,+1
GRENOBLE,ISERE,LYCEE CAMILLE COROT,MORESTEL,0383069E,38261,PU,168,68,,,,,,,236,97,99,,,,,,,97,98,95,,,,,,,97,-1,+4,,,,,,,0,67,38,,,,,,,59,71,48,,,,,,,64,-4,-10,,,,,,,-5,265,253,239,88,96,98,87,94,97,+1,+2,+1
GRENOBLE,ISERE,LYCEE SAINT MARC (GENERAL ET TECHNO.),NIVOLAS VERMELLE,0383072H,38276,PR,354,,26,,,30,,,410,100,,100,,,100,,,100,99,,98,,,98,,,99,+1,,+2,,,+2,,,+1,90,,73,,,77,,,88,88,,73,,,69,,,86,+2,,0,,,+8,,,+2,465,413,381,91,97,100,91,97,99,0,0,+1
GRENOBLE,ISERE,LYCEE LA PLEIADE,PONT DE CHERUY,0382838D,38316,PU,207,100,30,,,,,,337,94,91,90,,,,,,93,98,94,89,,,,,,96,-4,-3,+1,,,,,,-3,62,33,50,,,,,,53,72,41,36,,,,,,59,-10,-8,+14,,,,,,-6,431,382,373,88,94,96,85,93,97,+3,+1,-1
GRENOBLE,ISERE,LYCEE PIERRE DU TERRAIL,PONTCHARRA,0382270L,38314,PU,239,62,,,,17,,,318,98,94,,,,100,,,97,99,97,,,,98,,,98,-1,-3,,,,+2,,,-1,81,40,,,,76,,,73,80,57,,,,67,,,75,+1,-17,,,,+9,,,-2,362,356,338,88,93,97,89,95,98,-1,-2,-1
GRENOBLE,ISERE,LYCEE DE L'EDIT (GENERAL ET TECHNO.),ROUSSILLON,0381599G,38344,PU,122,59,,,,,,,181,97,78,,,,,,,91,94,88,,,,,,,92,+3,-10,,,,,,,-1,56,37,,,,,,,50,54,34,,,,,,,48,+2,+3,,,,,,,+2,200,195,184,82,88,95,82,90,94,0,-2,+1
GRENOBLE,ISERE,LYCEE LA SAULAIE (GENERAL ET TECHNO.),SAINT MARCELLIN,0380063M,38416,PU,147,61,,,14,,,,222,98,90,,,93,,,,95,98,94,,,95,,,,97,0,-4,,,-2,,,,-2,72,39,,,50,,,,62,73,42,,,62,,,,64,-1,-3,,,-12,,,,-2,234,234,223,88,94,96,87,94,97,+1,0,-1
GRENOBLE,ISERE,LYCEE PABLO NERUDA (GENERAL ET TECHNO.),SAINT MARTIN D HERES,0382203N,38421,PU,229,,72,,,,,,301,99,,83,,,,,,95,97,,90,,,,,,95,+2,,-7,,,,,,0,71,,47,,,,,,65,67,,41,,,,,,61,+4,,+6,,,,,,+4,342,259,299,84,90,95,85,94,97,-1,-4,-2
GRENOBLE,ISERE,LYCEE ARISTIDE BERGES,SEYSSINET PARISET,0382780R,38485,PU,234,109,,,,,,,343,98,84,,,,,,,94,98,91,,,,,,,96,0,-7,,,,,,,-2,69,25,,,,,,,55,73,34,,,,,,,61,-4,-9,,,,,,,-6,371,344,339,89,94,97,85,93,97,+4,+1,0
GRENOBLE,ISERE,LYCEE ELLA FITZGERALD (GENERAL ET TECHNO.),VIENNE,0380081G,38544,PU,355,114,,,,,,,469,98,83,,,,,,,94,96,91,,,,,,,95,+2,-8,,,,,,,-1,65,31,,,,,,,57,64,37,,,,,,,57,+1,-6,,,,,,,0,508,535,525,90,94,97,85,93,96,+5,+1,+1
GRENOBLE,ISERE,LYCEE GALILEE (GENERAL ET TECHNO.),VIENNE,0380083J,38544,PU,52,,126,,12,,,,190,100,,97,,75,,,,96,99,,95,,95,,,,96,+1,,+2,,-20,,,,0,85,,63,,50,,,,68,80,,57,,57,,,,63,+5,,+6,,-7,,,,+5,171,168,155,86,93,97,84,93,97,+2,0,0
GRENOBLE,ISERE,LYCEE ROBIN (GENERAL ET TECHNO.),VIENNE,0381678T,38544,PR,226,60,,,,,,,286,100,100,,,,,,,100,99,97,,,,,,,99,+1,+3,,,,,,,+1,81,55,,,,,,,76,85,55,,,,,,,78,-4,0,,,,,,,-2,299,287,292,95,99,100,89,96,99,+6,+3,+1
GRENOBLE,ISERE,LYCEE SAINT CHARLES,VIENNE,0382854W,38544,PR,157,,,,,23,,,180,100,,,,,100,,,100,99,,,,,98,,,99,+1,,,,,+2,,,+1,82,,,,,65,,,80,79,,,,,69,,,78,+3,,,,,-4,,,+2,206,185,162,93,97,100,89,96,99,+4,+1,+1
GRENOBLE,ISERE,LYCEE MARIE REYNOARD,VILLARD BONNOT,0383263R,38547,PU,229,65,,,,,,,294,99,91,,,,,,,97,99,95,,,,,,,98,0,-4,,,,,,,-1,79,48,,,,,,,72,80,45,,,,,,,72,-1,+3,,,,,,,0,297,269,276,92,95,98,88,95,98,+4,0,0
GRENOBLE,ISERE,LYCEE ET SPORTIF JEAN PREVOST,VILLARD DE LANS,0380097Z,38548,PU,119,,,,,,,,119,99,,,,,,,,99,98,,,,,,,,98,+1,,,,,,,,+1,78,,,,,,,,78,71,,,,,,,,71,+7,,,,,,,,+7,153,112,137,86,93,98,88,95,99,-2,-2,-1
GRENOBLE,ISERE,LYCEE LEONARD DE VINCI (GENERAL ET TECHNO.),VILLEFONTAINE,0382440W,38553,PU,255,70,,33,,,,,358,94,89,,100,,,,,93,96,92,,100,,,,,96,-2,-3,,0,,,,,-3,56,21,,94,,,,,53,62,38,,89,,,,,60,-6,-17,,+5,,,,,-7,365,357,314,82,88,96,85,93,96,-3,-5,0
GRENOBLE,ISERE,LYCEE SOEUR EMMANUELLE,VILLEMOIRIEU,0383550C,38554,PR,22,,,,,,,,22,100,,,,,,,,100,ND,,,,,,,,ND,ND,,,,,,,,ND,41,,,,,,,,41,ND,,,,,,,,ND,ND,,,,,,,,ND,63,36,23,22,70,100,ND,ND,ND,ND,ND,ND
GRENOBLE,ISERE,LYCEE PORTES DE L'OISANS (GENERAL ET TECHNO.),VIZILLE,0380089R,38562,PU,179,49,34,,20,,,,282,99,90,100,,90,,,,97,98,95,97,,95,,,,97,+1,-5,+3,,-5,,,,0,70,22,50,,45,,,,58,75,45,69,,60,,,,68,-5,-23,-19,,-15,,,,-10,263,274,273,87,94,98,87,94,98,0,0,0
GRENOBLE,ISERE,LYCEE EDOUARD HERRIOT (GENERAL ET TECHNO.),VOIRON,0380091T,38563,PU,227,91,,,,,,,318,96,95,,,,,,,96,99,96,,,,,,,98,-3,-1,,,,,,,-2,78,55,,,,,,,72,78,51,,,,,,,70,0,+4,,,,,,,+2,362,333,335,86,92,95,88,95,98,-2,-3,-3
GRENOBLE,ISERE,LYCEE FERDINAND BUISSON (GENERAL ET TECHNO.),VOIRON,0380092U,38563,PU,131,,200,,,,,,331,100,,96,,,,,,98,99,,96,,,,,,98,+1,,0,,,,,,0,90,,54,,,,,,68,88,,62,,,,,,72,+2,,-8,,,,,,-4,312,314,339,90,95,99,87,95,98,+3,0,+1
GRENOBLE,ISERE,LYCEE NOTRE DAME DES VICTOIRES,VOIRON,0381683Y,38563,PR,129,31,,,,42,,,202,100,100,,,,98,,,100,99,98,,,,98,,,99,+1,+2,,,,0,,,+1,85,71,,,,36,,,73,86,65,,,,64,,,79,-1,+6,,,,-28,,,-6,196,198,160,87,94,99,89,96,99,-2,-2,0
GRENOBLE,SAVOIE,LYCEE MARLIOZ (GENERAL ET TECHNO.),AIX LES BAINS,0730003G,73008,PU,258,76,,,,,,,334,99,89,,,,,,,97,99,93,,,,,,,97,0,-4,,,,,,,0,78,34,,,,,,,68,79,43,,,,,,,71,-1,-9,,,,,,,-3,369,319,312,88,92,98,88,95,98,0,-3,0
GRENOBLE,SAVOIE,LYCEE JEAN MOULIN (GENERAL ET TECHNO.),ALBERTVILLE,0730005J,73011,PU,188,66,,,11,,,,265,98,89,,,100,,,,96,97,93,,,96,,,,96,+1,-4,,,+4,,,,0,69,32,,,45,,,,59,69,45,,,67,,,,63,0,-13,,,-22,,,,-4,248,253,308,89,94,95,87,94,97,+2,0,-2
GRENOBLE,SAVOIE,LYCEE JEANNE D'ARC (GENERAL ET TECHNO.),ALBERTVILLE,0730760E,73011,PR,50,25,,,,,,,75,96,96,,,,,,,96,95,95,,,,,,,95,+1,+1,,,,,,,+1,56,44,,,,,,,52,62,47,,,,,,,57,-6,-3,,,,,,,-5,61,81,75,84,91,92,86,93,96,-2,-2,-4
GRENOBLE,SAVOIE,LYCEE SAINT EXUPERY,BOURG SAINT MAURICE,0731507S,73054,PU,89,,,,,,,,89,97,,,,,,,,97,98,,,,,,,,98,-1,,,,,,,,-1,75,,,,,,,,75,69,,,,,,,,69,+6,,,,,,,,+6,134,82,103,88,96,97,88,95,98,0,+1,-1
GRENOBLE,SAVOIE,LYCEE VAUGELAS,CHAMBERY,0730013T,73065,PU,330,,,,,,,,330,100,,,,,,,,100,99,,,,,,,,99,+1,,,,,,,,+1,83,,,,,,,,83,84,,,,,,,,84,-1,,,,,,,,-1,384,354,354,90,96,98,90,96,99,0,0,-1
GRENOBLE,SAVOIE,LYCEE MONGE (GENERAL ET TECHNO.),CHAMBERY,0730016W,73065,PU,200,136,66,,,,,,402,98,91,95,,,,,,95,98,94,96,,,,,,97,0,-3,-1,,,,,,-2,68,38,64,,,,,,57,77,45,64,,,,,,64,-9,-7,0,,,,,,-7,378,419,385,86,93,96,86,94,97,0,-1,-1
GRENOBLE,SAVOIE,LYCEE SAINT AMBROISE,CHAMBERY,0730763H,73065,PR,192,51,20,,,21,,,284,99,100,100,,,100,,,100,99,98,96,,,99,,,99,0,+2,+4,,,+1,,,+1,80,55,70,,,52,,,73,85,59,59,,,67,,,77,-5,-4,+11,,,-15,,,-4,310,299,268,87,95,99,89,95,99,-2,0,0
GRENOBLE,SAVOIE,LYCEE LOUIS ARMAND (GENERAL ET TECHNO.),CHAMBERY,0731248K,73065,PU,235,,59,,45,,,,339,96,,86,,98,,,,95,98,,93,,97,,,,97,-2,,-7,,+1,,,,-2,72,,37,,67,,,,65,73,,51,,71,,,,69,-1,,-14,,-4,,,,-4,372,363,344,85,92,95,87,95,98,-2,-3,-3
GRENOBLE,SAVOIE,LYCEE DU GRANIER,LA RAVOIRE,0731392S,73213,PU,287,80,,,,47,,,414,99,95,,,,94,,,98,99,95,,,,97,,,98,0,0,,,,-3,,,0,80,52,,,,66,,,73,80,47,,,,57,,,71,0,+5,,,,+9,,,+2,402,404,405,87,93,99,88,95,98,-1,-2,+1
GRENOBLE,SAVOIE,LYCEE AMBROISE CROIZAT (GENERAL ET TECHNO.),MOUTIERS TARENTAISE,0730029K,73181,PU,167,47,,,,,,,214,100,98,,,,,,,100,98,96,,,,,,,98,+2,+2,,,,,,,+2,79,55,,,,,,,74,74,50,,,,,,,69,+5,+5,,,,,,,+5,207,268,188,89,96,99,88,95,98,+1,+1,+1
GRENOBLE,SAVOIE,LYCEE PAUL HEROULT (GENERAL ET TECHNO.),SAINT JEAN DE MAURIENNE,0730037U,73248,PU,148,35,26,,,,,,209,97,100,96,,,,,,98,97,91,94,,,,,,96,0,+9,+2,,,,,,+2,66,26,50,,,,,,57,66,36,48,,,,,,59,0,-10,+2,,,,,,-2,212,219,189,92,98,98,85,93,97,+7,+5,+1
GRENOBLE,SAVOIE,LYCEE RENE PERRIN (GENERAL ET TECHNO.),UGINE,0730043A,73303,PU,85,,37,,,,,,122,98,,95,,,,,,97,96,,97,,,,,,96,+2,,-2,,,,,,+1,73,,62,,,,,,70,64,,60,,,,,,63,+9,,+2,,,,,,+7,131,107,118,89,97,98,86,94,97,+3,+3,+1
GUADELOUPE,GUADELOUPE,LYCEE CHARLES COEFFIN (GENERAL ET TECHNO.),BAIE MAHAULT,9711032V,97103,PU,262,,38,,27,,,,327,100,,95,,89,,,,98,98,,87,,92,,,,96,+2,,+8,,-3,,,,+2,73,,16,,41,,,,64,71,,29,,49,,,,64,+2,,-13,,-8,,,,0,330,307,310,90,96,98,85,94,97,+5,+2,+1
GUADELOUPE,GUADELOUPE,LYCEE GERVILLE REACHE,BASSE TERRE,9710002A,97105,PU,258,29,,,,32,,,319,93,100,,,,97,,,94,90,91,,,,92,,,91,+3,+9,,,,+5,,,+3,51,72,,,,50,,,53,49,36,,,,43,,,47,+2,+36,,,,+7,,,+6,309,303,320,89,95,96,81,90,94,+8,+5,+2
GUADELOUPE,GUADELOUPE,PENSIONNAT DE VERSAILLES (GENERAL ET TECHNO.),BASSE TERRE,9710055H,97105,PR,63,16,,,,,,,79,98,100,,,,,,,99,97,95,,,,,,,97,+1,+5,,,,,,,+2,81,38,,,,,,,72,63,45,,,,,,,59,+18,-7,,,,,,,+13,46,55,55,86,95,99,83,94,97,+3,+1,+2
GUADELOUPE,GUADELOUPE,LYCEE RAOUL GEORGES NICOLO (GENERAL ET TECHNO.),BASSE TERRE,9710884J,97105,PU,82,,61,32,18,,,,193,90,,90,100,83,,,,91,92,,77,98,75,,,,87,-2,,+13,+2,+8,,,,+4,46,,20,75,22,,,,40,44,,20,61,27,,,,38,+2,,0,+14,-5,,,,+2,143,144,160,93,94,96,79,87,91,+14,+7,+5
GUADELOUPE,GUADELOUPE,LYCEE HYACINTHE BASTARAUD (GENERAL ET TECHNO.),GRAND BOURG,9711012Y,97112,PU,47,18,,,,,,,65,100,94,,,,,,,98,96,89,,,,,,,94,+4,+5,,,,,,,+4,51,61,,,,,,,54,59,33,,,,,,,52,-8,+28,,,,,,,+2,56,50,52,94,98,98,82,91,95,+12,+7,+3
GUADELOUPE,GUADELOUPE,LYCEE HOTELLERIE ET TOURISME ARCHIPEL GUADELOUPE (GENERAL ET TECHNO.),LE GOSIER,9711066G,97113,PU,,,,,,,,20,20,,,,,,,,95,95,,,,,,,,ND,ND,,,,,,,,ND,ND,,,,,,,,55,55,,,,,,,,ND,ND,,,,,,,,ND,ND,18,22,22,96,96,100,ND,ND,ND,ND,ND,ND
GUADELOUPE,GUADELOUPE,LYCEE BAIMBRIDGE,LES ABYMES,9710003B,97101,PU,286,115,,,,,,,401,92,94,,,,,,,93,86,84,,,,,,,86,+6,+10,,,,,,,+7,49,49,,,,,,,49,39,27,,,,,,,36,+10,+22,,,,,,,+13,390,369,401,87,92,94,76,86,90,+11,+6,+4
GUADELOUPE,GUADELOUPE,LYCEE FELIX PROTO,LES ABYMES,9710921Z,97101,PU,142,,,,7,47,,,196,92,,,,100,98,,,93,82,,,,ND,90,,,84,+10,,,,ND,+8,,,+9,38,,,,71,32,,,38,31,,,,ND,38,,,34,+7,,,,ND,-6,,,+4,173,171,174,87,92,95,77,86,91,+10,+6,+4
GUADELOUPE,GUADELOUPE,LYCEE JARDIN D'ESSAI,LES ABYMES,9710923B,97101,PU,245,26,,,,,,,271,96,92,,,,,,,95,94,89,,,,,,,94,+2,+3,,,,,,,+1,63,46,,,,,,,61,56,34,,,,,,,54,+7,+12,,,,,,,+7,247,244,258,85,93,96,84,93,96,+1,0,0
GUADELOUPE,GUADELOUPE,LYCEE CHEVALIER DE SAINT-GEORGES (GENERAL ET TECHNO.),LES ABYMES,9711046K,97101,PU,73,,32,,7,,,,112,71,,78,,71,,,,73,58,,72,,ND,,,,63,+13,,+6,,ND,,,,+10,11,,12,,14,,,,12,12,,17,,ND,,,,14,-1,,-5,,ND,,,,-2,107,97,89,61,71,80,64,74,79,-3,-3,+1
GUADELOUPE,GUADELOUPE,LYCEE FAUSTIN FLERET,MORNE A L EAU,9710774P,97116,PU,247,66,29,,,,,,342,96,92,97,,,,,,95,93,88,81,,,,,,91,+3,+4,+16,,,,,,+4,58,41,34,,,,,,53,52,31,21,,,,,,45,+6,+10,+13,,,,,,+8,320,344,348,92,95,96,81,90,94,+11,+5,+2
GUADELOUPE,GUADELOUPE,LYCEE DES DROITS DE L'HOMME,PETIT BOURG,9710882G,97118,PU,245,95,,,,62,,,402,98,98,,,,94,,,97,95,86,,,,86,,,91,+3,+12,,,,+8,,,+6,60,34,,,,31,,,49,56,25,,,,33,,,45,+4,+9,,,,-2,,,+4,340,342,375,87,95,98,80,89,93,+7,+6,+5
GUADELOUPE,GUADELOUPE,LYCEE MAITRISE DE MASSABIELLE,POINTE A PITRE,9710054G,97120,PR,123,,,,,12,,,135,96,,,,,83,,,95,98,,,,,84,,,97,-2,,,,,-1,,,-2,76,,,,,17,,,70,71,,,,,37,,,68,+5,,,,,-20,,,+2,154,127,107,82,95,96,86,94,97,-4,+1,-1
GUADELOUPE,GUADELOUPE,LYCEE LA PERSEVERANCE MIXTE,POINTE A PITRE,9710062R,97120,PR,24,,,,,13,,,37,100,,,,,100,,,100,ND,,,,,ND,,,ND,ND,,,,,ND,,,ND,58,,,,,54,,,57,ND,,,,,ND,,,ND,ND,,,,,ND,,,ND,54,70,67,90,94,97,ND,ND,ND,ND,ND,ND
GUADELOUPE,GUADELOUPE,LYCEE CARNOT (GENERAL ET TECHNO.),POINTE A PITRE,9710722H,97120,PU,17,8,,,,7,11,,43,88,62,,,,86,100,,86,66,ND,,,,ND,99,,79,+22,ND,,,,ND,+1,,+7,24,0,,,,14,100,,37,11,ND,,,,ND,95,,37,+13,ND,,,,ND,+5,,0,10,50,38,49,49,80,70,79,86,-21,-30,-6
GUADELOUPE,GUADELOUPE,LYCEE POINTE NOIRE (GENERAL ET TECHNO.),POINTE NOIRE,9711033W,97121,PU,68,,14,,,,,,82,97,,100,,,,,,98,93,,88,,,,,,92,+4,,+12,,,,,,+6,63,,57,,,,,,62,52,,32,,,,,,49,+11,,+25,,,,,,+13,62,69,59,88,94,98,83,91,95,+5,+3,+3
GUADELOUPE,GUADELOUPE,LYCEE NORD GRANDE TERRE (GENERAL ET TECHNO.),PORT LOUIS,9711082Z,97122,PU,50,,,,,53,,,103,98,,,,,94,,,96,89,,,,,85,,,87,+9,,,,,+9,,,+9,56,,,,,36,,,46,41,,,,,34,,,37,+15,,,,,+2,,,+9,70,84,91,82,94,96,77,86,90,+5,+8,+6
GUADELOUPE,GUADELOUPE,LYCEE ROBERT WEINUM,SAINT MARTIN,9711252J,97801,PU,148,62,26,,,32,,,268,95,95,100,,,97,,,96,87,78,73,,,77,,,82,+8,+17,+27,,,+20,,,+14,55,32,27,,,31,,,44,36,19,15,,,25,,,29,+19,+13,+12,,,+6,,,+15,256,234,232,87,93,96,72,82,87,+15,+11,+9
GUADELOUPE,GUADELOUPE,LYCEE YVES LEBORGNE,SAINTE ANNE,9710922A,97128,PU,250,41,18,,,,,,309,97,95,89,,,,,,96,94,85,78,,,,,,92,+3,+10,+11,,,,,,+4,61,41,28,,,,,,56,55,24,15,,,,,,48,+6,+17,+13,,,,,,+8,324,297,323,86,93,97,81,91,95,+5,+2,+2
GUADELOUPE,GUADELOUPE,LYCEE SONNY RUPAIRE,SAINTE ROSE,9710940V,97129,PU,115,31,8,,,,,,154,96,97,75,,,,,,95,94,89,ND,,,,,,92,+2,+8,ND,,,,,,+3,62,45,12,,,,,,56,53,32,ND,,,,,,47,+9,+13,ND,,,,,,+9,171,148,148,80,88,97,82,91,95,-2,-3,+2
GUYANE,GUYANE,LYCEE FELIX EBOUE,CAYENNE,9730001N,97302,PU,208,83,,,24,,,,315,89,93,,,75,,,,89,74,78,,,66,,,,74,+15,+15,,,+9,,,,+15,44,36,,,21,,,,40,27,21,,,16,,,,25,+17,+15,,,+5,,,,+15,331,311,339,80,89,92,66,77,82,+14,+12,+10
GUYANE,GUYANE,EXTERNAT SAINT JOSEPH,CAYENNE,9730010Y,97302,PR,143,,,,,,,,143,97,,,,,,,,97,96,,,,,,,,96,+1,,,,,,,,+1,58,,,,,,,,58,62,,,,,,,,62,-4,,,,,,,,-4,182,130,142,88,99,100,85,94,97,+3,+5,+3
GUYANE,GUYANE,LYCEE MELKIOR-GARRE (GENERAL ET TECHNO.),CAYENNE,9730309Y,97302,PU,182,55,,,,78,,27,342,79,95,,,,86,,85,83,80,86,,,,78,,88,81,-1,+9,,,,+8,,-3,+2,38,42,,,,32,,33,37,35,29,,,,30,,30,32,+3,+13,,,,+2,,+3,+5,271,383,381,74,81,84,70,81,86,+4,0,-2
GUYANE,GUYANE,LYCEE ANNE MARIE JAVOUHEY (GENERAL ET TECHNO.),CAYENNE,9730328U,97302,PR,,29,,,,15,,,44,,97,,,,67,,,86,,ND,,,,ND,,,ND,,ND,,,,ND,,,ND,,62,,,,13,,,45,,ND,,,,ND,,,ND,,ND,,,,ND,,,ND,58,27,27,30,60,86,55,69,78,-25,-9,+8
GUYANE,GUYANE,LYCEE GASTON MONNERVILLE,KOUROU,9730108E,97304,PU,108,55,44,,10,52,,,269,93,87,86,,90,79,,,88,92,79,74,,80,77,,,83,+1,+8,+12,,+10,+2,,,+5,56,42,11,,20,21,,,38,54,25,18,,34,28,,,36,+2,+17,-7,,-14,-7,,,+2,208,251,303,85,89,91,71,81,86,+14,+8,+5
GUYANE,GUYANE,LYCEE ELIE CASTOR (GENERAL ET TECHNO.),KOUROU,9730308X,97304,PU,43,,,,,,,,43,86,,,,,,,,86,76,,,,,,,,76,+10,,,,,,,,+10,23,,,,,,,,23,32,,,,,,,,32,-9,,,,,,,,-9,62,18,31,70,78,90,68,81,85,+2,-3,+5
GUYANE,GUYANE,LYCEE LEOPOLD ELFORT (GENERAL ET TECHNO.),MANA,9730421V,97306,PU,47,33,,,,,,,80,83,88,,,,,,,85,90,78,,,,,,,85,-7,+10,,,,,,,0,55,33,,,,,,,46,50,23,,,,,,,39,+5,+10,,,,,,,+7,127,68,85,81,84,88,73,84,89,+8,0,-1
GUYANE,GUYANE,LYCEE BALATA (GENERAL ET TECHNO.),MATOURY,9730514W,97307,PU,130,,,,,,,,130,85,,,,,,,,85,69,,,,,,,,69,+16,,,,,,,,+16,32,,,,,,,,32,26,,,,,,,,26,+6,,,,,,,,+6,109,96,118,84,85,92,62,76,82,+22,+9,+10
GUYANE,GUYANE,LYCEE LEON-GONTRAN DAMAS,REMIRE MONTJOLY,9730196A,97309,PU,305,,59,,,,,,364,91,,98,,,,,,93,82,,81,,,,,,82,+9,,+17,,,,,,+11,44,,24,,,,,,41,37,,20,,,,,,34,+7,,+4,,,,,,+7,407,323,345,85,90,94,72,84,89,+13,+6,+5
GUYANE,GUYANE,LYCEE LAMA PREVOT (GENERAL ET TECHNO.),REMIRE MONTJOLY,9730423X,97309,PU,147,,,,16,,,,163,96,,,,75,,,,94,94,,,,82,,,,93,+2,,,,-7,,,,+1,59,,,,44,,,,57,56,,,,35,,,,54,+3,,,,+9,,,,+3,245,197,182,80,90,95,81,91,95,-1,-1,0
GUYANE,GUYANE,LYCEE SAINTE THERESE,REMIRE MONTJOLY,9730511T,97309,PR,50,,,,,,,,50,100,,,,,,,,100,99,,,,,,,,99,+1,,,,,,,,+1,80,,,,,,,,80,78,,,,,,,,78,+2,,,,,,,,+2,49,56,49,95,100,100,89,96,99,+6,+4,+1
GUYANE,GUYANE,LYCEE BERTENE JUMINER (GENERAL ET TECHNO.),SAINT LAURENT DU MARONI,9730235T,97311,PU,154,,,,,65,,,219,77,,,,,60,,,72,74,,,,,65,,,71,+3,,,,,-5,,,+1,32,,,,,8,,,25,25,,,,,17,,,23,+7,,,,,-9,,,+2,266,201,205,66,77,79,70,79,83,-4,-2,-4
GUYANE,GUYANE,LYCEE LUMINA SOPHIE (GENERAL ET TECHNO.),SAINT LAURENT DU MARONI,9730371R,97311,PU,71,57,,,,,,,128,94,93,,,,,,,94,76,73,,,,,,,75,+18,+20,,,,,,,+19,38,40,,,,,,,39,25,16,,,,,,,21,+13,+24,,,,,,,+18,189,166,134,84,89,93,67,77,82,+17,+12,+11
GUYANE,GUYANE,LYCEE RAYMOND TARCY (GENERAL ET TECHNO.),SAINT LAURENT DU MARONI,9730513V,97311,PU,56,,,,,,,,56,68,,,,,,,,68,64,,,,,,,,64,+4,,,,,,,,+4,23,,,,,,,,23,19,,,,,,,,19,+4,,,,,,,,+4,76,47,63,58,66,70,65,76,80,-7,-10,-10
LA REUNION,LA REUNION,LYCEE PAUL MOREAU (GENERAL ET TECHNO.),BRAS PANON,9741051Z,97402,PU,83,,30,,,,,,113,93,,77,,,,,,88,95,,85,,,,,,93,-2,,-8,,,,,,-5,51,,27,,,,,,44,58,,31,,,,,,51,-7,,-4,,,,,,-7,148,130,128,76,82,88,84,92,95,-8,-10,-7
LA REUNION,LA REUNION,LYCEE MOULIN JOLI (GENERAL ET TECHNO.),LA POSSESSION,9741173G,97408,PU,208,67,,,,,,,275,97,90,,,,,,,95,96,90,,,,,,,94,+1,0,,,,,,,+1,62,27,,,,,,,54,61,33,,,,,,,54,+1,-6,,,,,,,0,340,279,295,89,93,95,84,92,96,+5,+1,-1
LA REUNION,LA REUNION,LYCEE JEAN HINGLO (GENERAL ET TECHNO.),LE PORT,9740979W,97407,PU,130,70,44,,,,,,244,95,93,93,,,,,,94,93,86,84,,,,,,89,+2,+7,+9,,,,,,+5,62,37,27,,,,,,48,49,29,27,,,,,,39,+13,+8,0,,,,,,+9,319,279,281,81,91,96,80,89,92,+1,+2,+4
LA REUNION,LA REUNION,LYCEE ROLAND GARROS (GENERAL ET TECHNO.),LE TAMPON,9740002J,97422,PU,286,98,41,,30,80,,,535,96,92,83,,87,94,,,93,97,91,88,,92,92,,,94,-1,+1,-5,,-5,+2,,,-1,69,43,44,,40,45,,,57,68,40,36,,51,42,,,56,+1,+3,+8,,-11,+3,,,+1,379,510,516,81,88,93,84,92,95,-3,-4,-2
LA REUNION,LA REUNION,LYCEE BOISJOLY POTIER (GENERAL ET TECHNO.),LE TAMPON,9741087N,97422,PU,116,67,,,,,,,183,91,96,,,,,,,93,94,90,,,,,,,92,-3,+6,,,,,,,+1,47,30,,,,,,,41,51,34,,,,,,,45,-4,-4,,,,,,,-4,170,167,140,81,90,97,82,91,94,-1,-1,+3
LA REUNION,LA REUNION,LYCEE PIERRE LAGOURGUE (GENERAL ET TECHNO.),LE TAMPON,9741263E,97422,PU,127,,18,,,28,,,173,98,,94,,,100,,,98,98,,91,,,95,,,97,0,,+3,,,+5,,,+1,80,,56,,,54,,,73,71,,46,,,49,,,65,+9,,+10,,,+5,,,+8,247,193,179,80,93,98,85,94,97,-5,-1,+1
LA REUNION,LA REUNION,LYCEE ANTOINE DE SAINT-EXUPERY (GENERAL ET TECHNO.),LES AVIRONS,9740045F,97401,PU,179,56,,,,,,,235,99,93,,,,,,,97,98,90,,,,,,,96,+1,+3,,,,,,,+1,80,27,,,,,,,67,70,32,,,,,,,61,+10,-5,,,,,,,+6,256,284,259,92,95,99,87,94,97,+5,+1,+2
LA REUNION,LA REUNION,LYCEE PAULE PIGNOLET DE FRESNE RIVIERE (GENERAL ET TECHNO.),LES TROIS BASSINS,9741186W,97423,PU,118,34,35,,,,,,187,96,88,89,,,,,,93,95,85,81,,,,,,91,+1,+3,+8,,,,,,+2,57,26,37,,,,,,48,56,31,24,,,,,,46,+1,-5,+13,,,,,,+2,203,213,182,81,91,95,82,90,94,-1,+1,+1
LA REUNION,LA REUNION,LYCEE SARDA GARRIGA,SAINT ANDRE,9740043D,97409,PU,209,100,30,,,,,,339,93,99,87,,,,,,94,95,87,86,,,,,,92,-2,+12,+1,,,,,,+2,50,32,23,,,,,,42,60,29,30,,,,,,48,-10,+3,-7,,,,,,-6,333,363,378,90,93,95,82,91,94,+8,+2,+1
LA REUNION,LA REUNION,LYCEE MAHATMA GANDHI,SAINT ANDRE,9741324W,97409,PU,183,100,,,,20,,,303,89,90,,,,95,,,90,93,86,,,,96,,,91,-4,+4,,,,-1,,,-1,51,25,,,,50,,,43,54,30,,,,54,,,46,-3,-5,,,,-4,,,-3,280,301,309,79,86,89,81,89,93,-2,-3,-4
LA REUNION,LA REUNION,LYCEE JEAN-CLAUDE FRUTEAU,SAINT BENOIT,9740471U,97410,PU,166,,53,,,,,,219,96,,96,,,,,,96,94,,86,,,,,,92,+2,,+10,,,,,,+4,54,,45,,,,,,52,55,,32,,,,,,49,-1,,+13,,,,,,+3,334,230,257,88,95,96,82,91,95,+6,+4,+1
LA REUNION,LA REUNION,LYCEE MARIE CURIE (GENERAL ET TECHNO.),SAINT BENOIT,9741231V,97410,PU,95,,,,20,45,,,160,89,,,,80,96,,,90,93,,,,89,90,,,91,-4,,,,-9,+6,,,-1,55,,,,30,42,,,48,53,,,,48,40,,,49,+2,,,,-18,+2,,,-1,169,174,161,81,88,95,83,91,94,-2,-3,+1
LA REUNION,LA REUNION,LYCEE LECONTE DE LISLE,SAINT DENIS,9740001H,97411,PU,229,108,,,,,,,337,97,86,,,,,,,94,97,86,,,,,,,93,0,0,,,,,,,+1,70,34,,,,,,,58,66,28,,,,,,,54,+4,+6,,,,,,,+4,278,339,325,88,90,95,83,91,94,+5,-1,+1
LA REUNION,LA REUNION,LYCEE MARGUERITE JAUZELON,SAINT DENIS,9741046U,97411,PU,201,86,,,,68,,,355,96,88,,,,91,,,93,97,89,,,,88,,,93,-1,-1,,,,+3,,,0,64,30,,,,35,,,50,67,34,,,,35,,,53,-3,-4,,,,0,,,-3,303,331,344,87,92,95,83,92,95,+4,0,0
LA REUNION,LA REUNION,LYCEE CATHOLIQUE LEVAVASSEUR,SAINT DENIS,9741256X,97411,PR,226,25,,,,,,,251,100,100,,,,,,,100,99,97,,,,,,,99,+1,+3,,,,,,,+1,86,52,,,,,,,83,83,53,,,,,,,80,+3,-1,,,,,,,+3,288,270,248,93,96,100,90,96,99,+3,0,+1
LA REUNION,LA REUNION,LYCEE PIERRE POIVRE,SAINT JOSEPH,9740952S,97412,PU,167,52,26,,,,,,245,98,94,73,,,,,,94,97,91,86,,,,,,95,+1,+3,-13,,,,,,-1,71,37,27,,,,,,59,67,35,26,,,,,,56,+4,+2,+1,,,,,,+3,276,259,244,79,89,95,85,93,96,-6,-4,-1
LA REUNION,LA REUNION,LYCEE DE VINCENDO (GENERAL ET TECHNO.),SAINT JOSEPH,9741230U,97412,PU,95,35,,,,35,,,165,97,91,,,,100,,,96,96,88,,,,87,,,93,+1,+3,,,,+13,,,+3,64,51,,,,43,,,57,62,32,,,,32,,,49,+2,+19,,,,+11,,,+8,179,173,206,90,94,98,82,91,94,+8,+3,+4
LA REUNION,LA REUNION,LYCEE GERARD ETHEVE (GENERAL ET TECHNO.),SAINT LEU,9741052A,97413,PU,199,,26,,,,,,225,96,,100,,,,,,96,96,,85,,,,,,95,0,,+15,,,,,,+1,68,,42,,,,,,65,63,,23,,,,,,59,+5,,+19,,,,,,+6,293,244,213,83,93,98,85,93,96,-2,0,+2
LA REUNION,LA REUNION,LYCEE ANTOINE ROUSSIN,SAINT LOUIS,9740787M,97414,PU,118,100,,,18,,,,236,93,79,,,89,,,,87,92,86,,,89,,,,89,+1,-7,,,0,,,,-2,43,24,,,33,,,,34,46,30,,,43,,,,39,-3,-6,,,-10,,,,-5,211,221,194,75,84,89,80,89,92,-5,-5,-3
LA REUNION,LA REUNION,LYCEE JEAN JOLY (GENERAL ET TECHNO.),SAINT LOUIS,9741182S,97414,PU,146,,45,,,65,,,256,96,,87,,,92,,,93,96,,88,,,91,,,93,0,,-1,,,+1,,,0,60,,38,,,31,,,49,62,,33,,,39,,,51,-2,,+5,,,-8,,,-2,269,255,276,86,91,96,84,92,95,+2,-1,+1
LA REUNION,LA REUNION,LYCEE EVARISTE DE PARNY,SAINT PAUL,9740597F,97415,PU,267,95,29,,,,,,391,97,89,83,,,,,,94,97,88,80,,,,,,94,0,+1,+3,,,,,,0,65,35,41,,,,,,56,68,33,20,,,,,,56,-3,+2,+21,,,,,,0,409,366,398,81,90,93,84,92,96,-3,-2,-3
LA REUNION,LA REUNION,LYCEE HOTELIER CHRISTIAN ANTOU (GENERAL ET TECHNO.),SAINT PAUL,9740738J,97415,PU,,,,,,,,26,26,,,,,,,,96,96,,,,,,,,ND,ND,,,,,,,,ND,ND,,,,,,,,58,58,,,,,,,,ND,ND,,,,,,,,ND,ND,28,27,26,85,92,96,ND,ND,ND,ND,ND,ND
LA REUNION,LA REUNION,LYCEE LOUIS PAYEN,SAINT PAUL,9741050Y,97415,PU,126,68,,,,,,,194,97,90,,,,,,,94,98,89,,,,,,,95,-1,+1,,,,,,,-1,77,28,,,,,,,60,71,34,,,,,,,58,+6,-6,,,,,,,+2,164,177,172,75,90,94,84,92,96,-9,-2,-2
LA REUNION,LA REUNION,LYCEE PAUL VERGES (GENERAL ET TECHNO.),SAINT PAUL,9741380G,97415,PU,112,,,,47,86,,,245,98,,,,79,94,,,93,97,,,,88,90,,,92,+1,,,,-9,+4,,,+1,68,,,,34,50,,,55,67,,,,44,36,,,52,+1,,,,-10,+14,,,+3,229,275,256,83,90,93,83,91,94,0,-1,-1
LA REUNION,LA REUNION,LYCEE CATHOLIQUE MAISON BLANCHE,SAINT PAUL,9741556Y,97415,PR,103,19,,,,,,,122,100,100,,,,,,,100,99,97,,,,,,,99,+1,+3,,,,,,,+1,90,79,,,,,,,89,88,55,,,,,,,83,+2,+24,,,,,,,+6,134,122,109,83,93,100,90,96,99,-7,-3,+1
LA REUNION,LA REUNION,LYCEE AMBROISE VOLLARD (GENERAL ET TECHNO.),SAINT PIERRE,9740019C,97416,PU,231,101,,24,,34,,,390,94,87,,100,,100,,,93,93,86,,99,,92,,,92,+1,+1,,+1,,+8,,,+1,54,33,,88,,56,,,51,50,29,,81,,42,,,46,+4,+4,,+7,,+14,,,+5,347,394,409,75,86,93,82,90,94,-7,-4,-1
LA REUNION,LA REUNION,LYCEE DE BOIS D'OLIVE (GENERAL ET TECHNO.),SAINT PIERRE,9741206T,97416,PU,147,,39,,,,,,186,93,,90,,,,,,92,93,,84,,,,,,92,0,,+6,,,,,,0,65,,31,,,,,,58,52,,31,,,,,,48,+13,,0,,,,,,+10,336,248,206,80,90,95,83,91,95,-3,-1,0
LA REUNION,LA REUNION,LYCEE LA SALLE SAINT-CHARLES (GENERAL ET TECHNO.),SAINT PIERRE,9741255W,97416,PR,208,47,,,,,,,255,99,96,,,,,,,98,99,94,,,,,,,98,0,+2,,,,,,,0,78,51,,,,,,,73,80,43,,,,,,,73,-2,+8,,,,,,,0,305,272,233,87,95,99,88,95,98,-1,0,+1
LA REUNION,LA REUNION,LYCEE GEORGES BRASSENS (GENERAL ET TECHNO.),SAINTE CLOTILDE,9740053P,97411,PU,127,69,33,,,,,,229,94,91,97,,,,,,94,96,89,84,,,,,,92,-2,+2,+13,,,,,,+2,60,36,55,,,,,,52,65,31,28,,,,,,50,-5,+5,+27,,,,,,+2,232,265,238,77,91,95,81,90,94,-4,+1,+1
LA REUNION,LA REUNION,LYCEE LISLET GEOFFROY,SAINTE CLOTILDE,9740054R,97411,PU,173,,63,,22,,,,258,98,,98,,100,,,,98,91,,86,,83,,,,89,+7,,+12,,+17,,,,+9,56,,41,,41,,,,51,44,,31,,35,,,,40,+12,,+10,,+6,,,,+11,310,245,247,86,94,97,80,89,92,+6,+5,+5
LA REUNION,LA REUNION,LYCEE MEMONA HINTERMANN-AFFEJEE (GENERAL ET TECHNO.),SAINTE CLOTILDE,9741620T,97411,PU,188,,32,,,,,,220,95,,91,,,,,,95,96,,79,,,,,,93,-1,,+12,,,,,,+2,65,,25,,,,,,60,65,,21,,,,,,59,0,,+4,,,,,,+1,263,211,234,86,91,95,84,92,96,+2,-1,-1
LA REUNION,LA REUNION,LYCEE LE VERGER,SAINTE MARIE,9741185V,97418,PU,179,70,,,,,,,249,93,94,,,,,,,94,94,87,,,,,,,92,-1,+7,,,,,,,+2,49,24,,,,,,,42,52,28,,,,,,,45,-3,-4,,,,,,,-3,294,259,245,83,89,95,83,91,94,0,-2,+1
LA REUNION,LA REUNION,LYCEE BEL AIR (GENERAL ET TECHNO.),SAINTE SUZANNE,9741270M,97420,PU,117,,39,,,,,,156,96,,92,,,,,,95,97,,90,,,,,,95,-1,,+2,,,,,,0,62,,28,,,,,,54,65,,36,,,,,,58,-3,,-8,,,,,,-4,188,134,130,85,94,97,85,93,96,0,+1,+1
LILLE,NORD,LYCEE PAUL HAZARD,ARMENTIERES,0590010R,59017,PU,290,101,,,,,,,391,96,86,,,,,,,94,97,91,,,,,,,95,-1,-5,,,,,,,-1,66,44,,,,,,,60,65,34,,,,,,,57,+1,+10,,,,,,,+3,298,335,347,77,89,96,86,93,96,-9,-4,0
LILLE,NORD,LYCEE GUSTAVE EIFFEL (GENERAL ET TECHNO.),ARMENTIERES,0590011S,59017,PU,166,,70,,9,,,,245,97,,91,,100,,,,96,98,,93,,ND,,,,96,-1,,-2,,ND,,,,0,78,,51,,78,,,,70,74,,45,,ND,,,,65,+4,,+6,,ND,,,,+5,296,284,242,92,95,98,86,94,97,+6,+1,+1
LILLE,NORD,LYCEE SAINT JUDE,ARMENTIERES,0592926K,59017,PR,235,29,,,,,,,264,100,100,,,,,,,100,99,96,,,,,,,99,+1,+4,,,,,,,+1,91,62,,,,,,,88,83,48,,,,,,,79,+8,+14,,,,,,,+9,237,252,251,88,94,100,89,96,99,-1,-2,+1
LILLE,NORD,LYCEE SAINTE JEANNE D'ARC (GENERAL ET TECHNO.),AULNOYE AYMERIES,0592928M,59033,PR,41,15,,,,,,3,59,95,93,,,,,,100,95,94,91,,,,,,ND,93,+1,+2,,,,,,ND,+2,63,20,,,,,,33,51,50,32,,,,,,ND,44,+13,-12,,,,,,ND,+7,84,85,57,62,74,97,82,90,94,-20,-16,+3
LILLE,NORD,LYCEE JESSE DE FOREST (GENERAL ET TECHNO.),AVESNES SUR HELPE,0590018Z,59036,PU,135,38,,,,,,14,187,97,89,,,,,,100,96,96,86,,,,,,95,94,+1,+3,,,,,,+5,+2,74,34,,,,,,79,66,61,26,,,,,,52,53,+13,+8,,,,,,+27,+13,223,200,208,77,89,98,83,92,96,-6,-3,+2
LILLE,NORD,LYCEE SAINTE THERESE,AVESNES SUR HELPE,0592929N,59036,PR,41,,,,,23,,,64,100,,,,,100,,,100,98,,,,,95,,,97,+2,,,,,+5,,,+3,78,,,,,43,,,66,74,,,,,49,,,65,+4,,,,,-6,,,+1,46,52,41,72,92,98,87,94,97,-15,-2,+1
LILLE,NORD,LYCEE DES NERVIENS,BAVAY,0590024F,59053,PU,114,,,,,,,,114,93,,,,,,,,93,96,,,,,,,,96,-3,,,,,,,,-3,68,,,,,,,,68,61,,,,,,,,61,+7,,,,,,,,+7,138,106,119,83,92,96,87,94,97,-4,-2,-1
LILLE,NORD,LYCEE SAINTE MARIE,BEAUCAMPS LIGNY,0592932S,59056,PR,341,,,,,,,,341,100,,,,,,,,100,99,,,,,,,,99,+1,,,,,,,,+1,91,,,,,,,,91,85,,,,,,,,85,+6,,,,,,,,+6,388,366,338,88,95,100,91,97,99,-3,-2,+1
LILLE,NORD,LYCEE LA CROIX BLANCHE,BONDUES,0592935V,59090,PR,165,,,,,,,,165,99,,,,,,,,99,99,,,,,,,,99,0,,,,,,,,0,87,,,,,,,,87,84,,,,,,,,84,+3,,,,,,,,+3,223,180,199,90,97,100,91,96,99,-1,+1,+1
LILLE,NORD,LYCEE PAUL DUEZ,CAMBRAI,0590034S,59122,PU,264,81,60,,,75,,,480,98,95,93,,,89,,,96,97,91,87,,,92,,,94,+1,+4,+6,,,-3,,,+2,73,49,37,,,47,,,60,63,35,34,,,44,,,52,+10,+14,+3,,,+3,,,+8,415,525,476,88,93,96,84,92,95,+4,+1,+1
LILLE,NORD,LYCEE FENELON,CAMBRAI,0590035T,59122,PU,161,50,,,,,,,211,98,96,,,,,,,97,96,90,,,,,,,95,+2,+6,,,,,,,+2,61,14,,,,,,,50,61,30,,,,,,,54,0,-16,,,,,,,-4,218,180,196,79,92,97,84,92,96,-5,0,+1
LILLE,NORD,LYCEE SAINT LUC (GENERAL ET TECHNO.),CAMBRAI,0593061G,59122,PR,165,20,,,,28,,,213,99,100,,,,96,,,99,98,96,,,,96,,,98,+1,+4,,,,0,,,+1,84,55,,,,54,,,77,74,47,,,,51,,,69,+10,+8,,,,+3,,,+8,222,193,214,87,95,100,87,95,98,0,0,+2
LILLE,NORD,LYCEE JOSEPH MARIE JACQUARD (GENERAL ET TECHNO.),CAUDRY,0590044C,59139,PU,136,,,,23,,,,159,99,,,,96,,,,98,92,,,,81,,,,90,+7,,,,+15,,,,+8,64,,,,48,,,,62,47,,,,28,,,,44,+17,,,,+20,,,,+18,188,149,165,88,93,99,83,90,94,+5,+3,+5
LILLE,NORD,LYCEE DU PAYS DE CONDE (GENERAL ET TECHNO.),CONDE SUR L ESCAUT,0596854E,59153,PU,121,46,24,,,,,,191,94,96,96,,,,,,95,91,87,84,,,,,,89,+3,+9,+12,,,,,,+6,60,43,42,,,,,,54,43,30,28,,,,,,38,+17,+13,+14,,,,,,+16,261,220,208,85,91,96,80,88,92,+5,+3,+4
LILLE,NORD,LYCEE ALFRED KASTLER,DENAIN,0590060V,59172,PU,102,,20,,,,,,122,87,,80,,,,,,86,92,,70,,,,,,89,-5,,+10,,,,,,-3,48,,15,,,,,,43,47,,13,,,,,,42,+1,,+2,,,,,,+1,195,133,143,66,80,91,80,89,92,-14,-9,-1
LILLE,NORD,LYCEE JULES MOUSSERON,DENAIN,0590282L,59172,PU,111,53,,,,56,,,220,99,87,,,,95,,,95,91,87,,,,93,,,91,+8,0,,,,+2,,,+4,55,28,,,,57,,,49,44,29,,,,45,,,41,+11,-1,,,,+12,,,+8,240,241,206,71,86,95,80,88,92,-9,-2,+3
LILLE,NORD,LYCEE ALBERT CHATELET,DOUAI,0590063Y,59178,PU,298,,,,,,,,298,98,,,,,,,,98,98,,,,,,,,98,0,,,,,,,,0,76,,,,,,,,76,71,,,,,,,,71,+5,,,,,,,,+5,340,304,309,92,94,98,88,95,98,+4,-1,0
LILLE,NORD,LYCEE JEAN-BAPTISTE COROT,DOUAI,0590064Z,59178,PU,195,90,,,,,16,,301,93,88,,,,,100,,92,95,91,,,,,99,,94,-2,-3,,,,,+1,,-2,60,30,,,,,75,,52,57,36,,,,,84,,52,+3,-6,,,,,-9,,0,338,314,306,79,91,95,83,92,95,-4,-1,0
LILLE,NORD,LYCEE ELISA LEMONNIER (GENERAL ET TECHNO.),DOUAI,0590065A,59178,PU,31,35,66,,,56,,,188,87,91,92,,,95,,,92,90,89,88,,,90,,,89,-3,+2,+4,,,+5,,,+3,45,54,52,,,45,,,49,39,33,35,,,41,,,37,+6,+21,+17,,,+4,,,+12,171,206,186,69,87,94,78,87,91,-9,0,+3
LILLE,NORD,LYCEE SAINT JEAN,DOUAI,0592940A,59178,PR,167,,,,,,,,167,100,,,,,,,,100,99,,,,,,,,99,+1,,,,,,,,+1,87,,,,,,,,87,84,,,,,,,,84,+3,,,,,,,,+3,185,185,180,88,96,100,90,96,99,-2,0,+1
LILLE,NORD,LYCEE DEFOREST DE LEWARDE (GENERAL ET TECHNO.),DOUAI,0593071T,59178,PR,,,19,,,29,,,48,,,79,,,93,,,88,,,89,,,93,,,92,,,-10,,,0,,,-4,,,32,,,55,,,46,,,37,,,46,,,42,,,-5,,,+9,,,+4,25,58,36,66,80,89,79,89,93,-13,-9,-4
LILLE,NORD,LYCEE D'EXCELLENCE EDGAR MORIN,DOUAI,0596892W,59178,PU,54,,,,,,,,54,94,,,,,,,,94,86,,,,,,,,86,+8,,,,,,,,+8,54,,,,,,,,54,39,,,,,,,,39,+15,,,,,,,,+15,50,45,58,81,89,94,78,88,93,+3,+1,+1
LILLE,NORD,LYCEE JEAN BART,DUNKERQUE,0590071G,59183,PU,357,64,,,,,,,421,96,86,,,,,,,95,97,91,,,,,,,96,-1,-5,,,,,,,-1,70,30,,,,,,,64,65,36,,,,,,,61,+5,-6,,,,,,,+3,423,428,415,84,91,95,85,93,97,-1,-2,-2
LILLE,NORD,LYCEE DE L'EUROPE,DUNKERQUE,0590072H,59183,PU,208,,47,,,,,,255,93,,87,,,,,,92,94,,86,,,,,,92,-1,,+1,,,,,,0,50,,38,,,,,,47,51,,33,,,,,,47,-1,,+5,,,,,,0,277,231,259,78,91,94,82,91,95,-4,0,-1
LILLE,NORD,LYCEE AUGUSTE ANGELLIER,DUNKERQUE,0590073J,59183,PU,274,30,,,10,65,,,379,99,100,,,90,97,,,98,98,95,,,94,95,,,97,+1,+5,,,-4,+2,,,+1,82,80,,,70,65,,,78,75,49,,,59,53,,,68,+7,+31,,,+11,+12,,,+10,363,390,366,87,96,98,86,94,98,+1,+2,0
LILLE,NORD,LYCEE VAUBAN (GENERAL ET TECHNO.),DUNKERQUE,0593058D,59183,PR,,20,,,,42,,,62,,80,,,,98,,,92,,91,,,,94,,,93,,-11,,,,+4,,,-1,,40,,,,45,,,44,,38,,,,48,,,45,,+2,,,,-3,,,-1,53,65,62,76,90,98,83,89,93,-7,+1,+5
LILLE,NORD,LYCEE NOTRE-DAME DES DUNES,DUNKERQUE,0593102B,59183,PR,169,,,,,,,,169,100,,,,,,,,100,99,,,,,,,,99,+1,,,,,,,,+1,83,,,,,,,,83,82,,,,,,,,82,+1,,,,,,,,+1,210,176,184,79,94,99,90,96,99,-11,-2,0
LILLE,NORD,LYCEE E.P.I.D.,DUNKERQUE,0594278E,59183,PR,24,,40,,5,,,,69,100,,100,,80,,,,99,98,,97,,ND,,,,98,+2,,+3,,ND,,,,+1,79,,70,,60,,,,72,75,,68,,ND,,,,70,+4,,+2,,ND,,,,+2,54,58,70,81,99,99,85,94,97,-4,+5,+2
LILLE,NORD,LYCEE DU VAL DE LYS (GENERAL ET TECHNO.),ESTAIRES,0597005U,59212,PU,101,41,,,,,,,142,98,93,,,,,,,96,96,95,,,,,,,96,+2,-2,,,,,,,0,60,39,,,,,,,54,61,47,,,,,,,57,-1,-8,,,,,,,-3,191,172,151,83,95,98,85,93,96,-2,+2,+2
LILLE,NORD,LYCEE CAMILLE CLAUDEL (GENERAL ET TECHNO.),FOURMIES,0590083V,59249,PU,97,24,8,,,,,,129,99,92,88,,,,,,97,94,85,ND,,,,,,92,+5,+7,ND,,,,,,+5,64,33,25,,,,,,56,55,28,ND,,,,,,48,+9,+5,ND,,,,,,+8,148,132,125,83,89,97,83,91,94,0,-2,+3
LILLE,NORD,LYCEE SAINT PIERRE (GENERAL ET TECHNO.),FOURMIES,0593104D,59249,PR,22,,,,,,,,22,95,,,,,,,,95,ND,,,,,,,,ND,ND,,,,,,,,ND,64,,,,,,,,64,ND,,,,,,,,ND,ND,,,,,,,,ND,11,17,15,80,90,95,ND,ND,ND,ND,ND,ND
LILLE,NORD,LYCEE CHARLOTTE PERRIAND (GENERAL ET TECHNO.),GENECH,0596925G,59258,PU,337,20,,,8,,,,365,97,95,,,100,,,,97,98,95,,,ND,,,,98,-1,0,,,ND,,,,-1,74,50,,,62,,,,73,74,44,,,ND,,,,72,0,+6,,,ND,,,,+1,436,366,379,87,96,98,88,95,98,-1,+1,0
LILLE,NORD,LYCEE MARGUERITE DE FLANDRE,GONDECOURT,0590086Y,59266,PU,354,69,,,,,,,423,99,99,,,,,,,99,98,95,,,,,,,98,+1,+4,,,,,,,+1,85,54,,,,,,,80,76,45,,,,,,,71,+9,+9,,,,,,,+9,473,440,394,91,97,98,88,95,98,+3,+2,0
LILLE,NORD,LYCEE DU NOORDOVER,GRANDE SYNTHE,0595616J,59271,PU,215,51,,,,,,,266,93,88,,,,,,,92,93,87,,,,,,,92,0,+1,,,,,,,0,55,29,,,,,,,50,50,31,,,,,,,46,+5,-2,,,,,,,+4,253,219,239,75,89,95,82,91,94,-7,-2,+1
LILLE,NORD,LYCEE BEAUPRE (GENERAL ET TECHNO.),HAUBOURDIN,0590093F,59286,PU,240,82,,,,,,,322,96,95,,,,,,,96,97,89,,,,,,,95,-1,+6,,,,,,,+1,67,49,,,,,,,62,66,32,,,,,,,57,+1,+17,,,,,,,+5,365,328,303,86,93,97,85,93,96,+1,0,+1
LILLE,NORD,LYCEE DES FLANDRES,HAZEBROUCK,0590101P,59295,PU,287,63,19,,,,,,369,99,90,100,,,,,,98,98,95,97,,,,,,98,+1,-5,+3,,,,,,0,80,59,84,,,,,,77,77,47,64,,,,,,71,+3,+12,+20,,,,,,+6,365,382,380,91,97,99,88,95,98,+3,+2,+1
LILLE,NORD,LYCEE SAINT JOSEPH (GENERAL ET TECHNO.),HAZEBROUCK,0593077Z,59295,PR,,,32,,,,,,32,,,100,,,,,,100,,,ND,,,,,,ND,,,ND,,,,,,ND,,,81,,,,,,81,,,ND,,,,,,ND,,,ND,,,,,,ND,49,49,31,92,97,100,ND,ND,ND,ND,ND,ND
LILLE,NORD,LYCEE FONDATION DEPOORTER (GENERAL ET TECHNO.),HAZEBROUCK,0593078A,59295,PR,,,,,,58,,,58,,,,,,95,,,95,,,,,,97,,,97,,,,,,-2,,,-2,,,,,,60,,,60,,,,,,56,,,56,,,,,,+4,,,+4,51,64,49,92,96,98,86,93,96,+6,+3,+2
LILLE,NORD,LYCEE SAINT JACQUES,HAZEBROUCK,0593136N,59295,PR,153,24,,,,,,,177,98,96,,,,,,,98,99,97,,,,,,,99,-1,-1,,,,,,,-1,80,42,,,,,,,75,81,59,,,,,,,78,-1,-17,,,,,,,-3,150,175,161,89,95,98,89,96,99,0,-1,-1
LILLE,NORD,LYCEE VALENTINE LABBE (GENERAL ET TECHNO.),LA MADELEINE,0590122M,59368,PU,63,,,,39,170,,,272,94,,,,92,85,,,88,92,,,,92,88,,,90,+2,,,,0,-3,,,-2,52,,,,54,37,,,43,45,,,,51,37,,,41,+7,,,,+3,0,,,+2,181,256,223,74,82,92,79,88,92,-5,-6,0
LILLE,NORD,LYCEE JEAN PERRIN,LAMBERSART,0590110Z,59328,PU,241,57,,,,,,,298,98,91,,,,,,,97,98,88,,,,,,,96,0,+3,,,,,,,+1,76,42,,,,,,,69,74,29,,,,,,,65,+2,+13,,,,,,,+4,314,259,266,81,94,97,86,94,97,-5,0,0
LILLE,NORD,LYCEE SAINTE ODILE,LAMBERSART,0593106F,59328,PR,153,,,,,,,,153,99,,,,,,,,99,98,,,,,,,,98,+1,,,,,,,,+1,81,,,,,,,,81,68,,,,,,,,68,+13,,,,,,,,+13,163,140,156,88,95,99,87,95,98,+1,0,+1
LILLE,NORD,LYCEE DUPLEIX,LANDRECIES,0590112B,59331,PU,104,31,,,,,,,135,95,94,,,,,,,95,97,88,,,,,,,95,-2,+6,,,,,,,0,75,42,,,,,,,67,63,32,,,,,,,56,+12,+10,,,,,,,+11,126,120,101,87,95,97,85,93,96,+2,+2,+1
LILLE,NORD,LYCEE CAMILLE DESMOULINS (GENERAL ET TECHNO.),LE CATEAU CAMBRESIS,0590042A,59136,PU,61,15,,,,,,,76,98,93,,,,,,,97,91,88,,,,,,,90,+7,+5,,,,,,,+7,59,40,,,,,,,55,43,28,,,,,,,40,+16,+12,,,,,,,+15,75,66,73,86,96,99,82,90,94,+4,+6,+5
LILLE,NORD,LYCEE EUGENE THOMAS (GENERAL ET TECHNO.),LE QUESNOY,0590168M,59481,PU,178,,,,,26,,,204,97,,,,,92,,,97,97,,,,,91,,,96,0,,,,,+1,,,+1,69,,,,,50,,,67,68,,,,,41,,,64,+1,,,,,+9,,,+3,232,190,180,83,95,98,86,94,97,-3,+1,+1
LILLE,NORD,LYCEE FENELON,LILLE,0590116F,59350,PU,185,,,,,,,,185,92,,,,,,,,92,95,,,,,,,,95,-3,,,,,,,,-3,64,,,,,,,,64,57,,,,,,,,57,+7,,,,,,,,+7,277,192,174,78,89,93,84,93,97,-6,-4,-4
LILLE,NORD,LYCEE LOUIS PASTEUR,LILLE,0590117G,59350,PU,273,77,,,,,8,,358,96,95,,,,,100,,96,97,90,,,,,ND,,96,-1,+5,,,,,ND,,0,71,49,,,,,100,,67,67,34,,,,,ND,,60,+4,+15,,,,,ND,,+7,350,371,370,81,90,96,84,93,97,-3,-3,-1
LILLE,NORD,LYCEE FAIDHERBE,LILLE,0590119J,59350,PU,376,,,,,,,,376,98,,,,,,,,98,97,,,,,,,,97,+1,,,,,,,,+1,71,,,,,,,,71,69,,,,,,,,69,+2,,,,,,,,+2,440,378,379,87,93,98,87,95,98,0,-2,0
LILLE,NORD,LYCEE CESAR BAGGIO,LILLE,0590121L,59350,PU,65,93,78,,,,,,236,89,85,91,,,,,,88,92,78,79,,,,,,82,-3,+7,+12,,,,,,+6,51,29,24,,,,,,33,46,19,21,,,,,,27,+5,+10,+3,,,,,,+6,257,263,241,66,84,91,69,81,85,-3,+3,+6
LILLE,NORD,LYCEE HOTELIER INTERNATIONAL DE LILLE (GENERAL ET TECHNO.),LILLE,0590125R,59350,PU,,,,,,,,20,20,,,,,,,,90,90,,,,,,,,ND,ND,,,,,,,,ND,ND,,,,,,,,70,70,,,,,,,,ND,ND,,,,,,,,ND,ND,16,18,26,76,90,90,ND,ND,ND,ND,ND,ND
LILLE,NORD,LYCEE THERESE D'AVILA,LILLE,0592922F,59350,PR,208,,,,,,,,208,100,,,,,,,,100,100,,,,,,,,100,0,,,,,,,,0,91,,,,,,,,91,89,,,,,,,,89,+2,,,,,,,,+2,238,230,217,84,90,98,91,97,99,-7,-7,-1
LILLE,NORD,LYCEE NOTRE-DAME D'ANNAY (GENERAL ET TECHNO.),LILLE,0593006X,59350,PR,,58,,,13,84,,,155,,97,,,100,96,,,97,,96,,,96,98,,,97,,+1,,,+4,-2,,,0,,53,,,62,60,,,57,,49,,,66,61,,,57,,+4,,,-4,-1,,,0,63,117,144,86,94,97,82,92,96,+4,+2,+1
LILLE,NORD,LYCEE FREDERIC OZANAM,LILLE,0593007Y,59350,PR,210,,52,,,,,,262,95,,98,,,,,,96,97,,94,,,,,,97,-2,,+4,,,,,,-1,51,,60,,,,,,53,66,,48,,,,,,63,-15,,+12,,,,,,-10,289,312,277,84,92,97,85,93,97,-1,-1,0
LILLE,NORD,LYCEE NOTRE-DAME DE LA PAIX,LILLE,0593109J,59350,PR,100,,,,,,,,100,100,,,,,,,,100,99,,,,,,,,99,+1,,,,,,,,+1,79,,,,,,,,79,78,,,,,,,,78,+1,,,,,,,,+1,142,132,89,75,87,99,89,96,99,-14,-9,0
LILLE,NORD,LYCEE SAINTE CLAIRE,LILLE,0593113N,59350,PR,68,,,,,,,,68,100,,,,,,,,100,98,,,,,,,,98,+2,,,,,,,,+2,76,,,,,,,,76,74,,,,,,,,74,+2,,,,,,,,+2,43,32,63,65,83,99,86,95,98,-21,-12,+1
LILLE,NORD,LYCEE SAINT PAUL,LILLE,0593114P,59350,PR,334,,,,,,,,334,100,,,,,,,,100,100,,,,,,,,100,0,,,,,,,,0,92,,,,,,,,92,89,,,,,,,,89,+3,,,,,,,,+3,350,327,318,93,98,100,91,97,99,+2,+1,+1
LILLE,NORD,LYCEE LA SALLE (GENERAL ET TECHNO.),LILLE,0593117T,59350,PR,129,128,,,,,,,257,99,99,,,,,,,99,98,98,,,,,,,98,+1,+1,,,,,,,+1,82,60,,,,,,,71,75,60,,,,,,,67,+7,0,,,,,,,+4,253,313,278,89,94,99,87,95,98,+2,-1,+1
LILLE,NORD,LYCEE INTERNATIONAL MONTEBELLO,LILLE,0595867G,59350,PU,357,72,,,,,,,429,96,93,,,,,,,96,95,86,,,,,,,94,+1,+7,,,,,,,+2,71,42,,,,,,,66,64,30,,,,,,,58,+7,+12,,,,,,,+8,456,455,412,81,93,97,83,92,95,-2,+1,+2
LILLE,NORD,LYCEE JEAN PROUVE,LOMME,0595786U,59350,PU,38,,33,,,,,,71,89,,85,,,,,,87,93,,91,,,,,,92,-4,,-6,,,,,,-5,63,,33,,,,,,49,55,,42,,,,,,49,+8,,-9,,,,,,0,127,93,88,79,86,94,79,90,95,0,-4,-1
LILLE,NORD,INSTITUT SAINT VINCENT DE PAUL (GENERAL ET TECHNO.),LOOS,0595657D,59360,PR,76,24,,59,,29,,,188,96,100,,97,,97,,,97,96,92,,99,,95,,,96,0,+8,,-2,,+2,,,+1,67,54,,64,,48,,,62,61,35,,71,,50,,,59,+6,+19,,-7,,-2,,,+3,203,198,212,76,92,97,86,93,97,-10,-1,0
LILLE,NORD,LYCEE YVES KERNANEC,MARCQ EN BAROEUL,0590143K,59378,PU,224,,,,,,,,224,97,,,,,,,,97,97,,,,,,,,97,0,,,,,,,,0,71,,,,,,,,71,67,,,,,,,,67,+4,,,,,,,,+4,320,294,252,84,93,98,86,94,98,-2,-1,0
LILLE,NORD,LYCEE PRIVE DE MARCQ,MARCQ EN BAROEUL,0593225K,59378,PR,302,,,,,,,,302,100,,,,,,,,100,100,,,,,,,,100,0,,,,,,,,0,97,,,,,,,,97,95,,,,,,,,95,+2,,,,,,,,+2,326,307,324,91,98,100,93,98,100,-2,0,0
LILLE,NORD,LYCEE JEANNINE MANUEL,MARCQ EN BAROEUL,0596122J,59378,PR,96,,,,,,,,96,100,,,,,,,,100,99,,,,,,,,99,+1,,,,,,,,+1,98,,,,,,,,98,87,,,,,,,,87,+11,,,,,,,,+11,65,78,80,93,99,100,91,97,99,+2,+2,+1
LILLE,NORD,LYCEE PIERRE FOREST (GENERAL ET TECHNO.),MAUBEUGE,0590149S,59392,PU,241,6,55,,,65,,,367,95,83,76,,,92,,,92,94,ND,81,,,90,,,91,+1,ND,-5,,,+2,,,+1,59,50,31,,,58,,,54,54,ND,24,,,40,,,47,+5,ND,+7,,,+18,,,+7,366,341,369,79,88,93,82,90,94,-3,-2,-1
LILLE,NORD,LYCEE NOTRE-DAME DE GRACE,MAUBEUGE,0592916Z,59392,PR,75,16,,,,30,,,121,99,100,,,,100,,,99,97,94,,,,93,,,96,+2,+6,,,,+7,,,+3,76,44,,,,53,,,66,68,37,,,,45,,,58,+8,+7,,,,+8,,,+8,130,108,123,84,95,99,85,93,96,-1,+2,+3
LILLE,NORD,LYCEE THEOPHILE LEGRAND (GENERAL ET TECHNO.),MAUBEUGE,0593034C,59365,PR,,,10,26,,,,,36,,,80,96,,,,,92,,,ND,ND,,,,,ND,,,ND,ND,,,,,ND,,,20,77,,,,,61,,,ND,ND,,,,,ND,,,ND,ND,,,,,ND,27,25,31,82,86,92,ND,ND,ND,ND,ND,ND
LILLE,NORD,LYCEE ANDRE LURCAT (GENERAL ET TECHNO.),MAUBEUGE,0595884A,59392,PU,98,58,,,13,,,,169,74,78,,,85,,,,76,82,80,,,80,,,,81,-8,-2,,,+5,,,,-5,38,22,,,23,,,,31,31,23,,,21,,,,27,+7,-1,,,+2,,,,+4,178,193,173,69,77,84,75,84,88,-6,-7,-4
LILLE,NORD,LYCEE NOTRE-DAME DE LA PROVIDENCE (GENERAL ET TECHNO.),ORCHIES,0593040J,59449,PR,51,,,,,15,,18,84,98,,,,,87,,94,95,97,,,,,98,,99,98,+1,,,,,-11,,-5,-3,76,,,,,47,,78,71,68,,,,,62,,75,69,+8,,,,,-15,,+3,+2,102,76,86,74,88,96,86,94,98,-12,-6,-2
LILLE,NORD,LYCEE MAXENCE VAN DER MEERSCH,ROUBAIX,0590181B,59512,PU,155,,,,13,,,,168,90,,,,77,,,,89,91,,,,76,,,,90,-1,,,,+1,,,,-1,54,,,,15,,,,51,47,,,,20,,,,45,+7,,,,-5,,,,+6,228,201,179,85,91,95,81,90,94,+4,+1,+1
LILLE,NORD,LYCEE BAUDELAIRE,ROUBAIX,0590182C,59512,PU,184,,,,,,,,184,89,,,,,,,,89,91,,,,,,,,91,-2,,,,,,,,-2,49,,,,,,,,49,44,,,,,,,,44,+5,,,,,,,,+5,265,181,188,69,81,88,80,91,94,-11,-10,-6
LILLE,NORD,LYCEE JEAN ROSTAND,ROUBAIX,0590184E,59512,PU,30,,,,,,,,30,77,,,,,,,,77,ND,,,,,,,,ND,ND,,,,,,,,ND,33,,,,,,,,33,ND,,,,,,,,ND,ND,,,,,,,,ND,95,37,35,48,65,79,ND,ND,ND,ND,ND,ND
LILLE,NORD,LYCEE JEAN MOULIN (GENERAL ET TECHNO.),ROUBAIX,0590185F,59512,PU,38,106,,,,57,,,201,63,81,,,,79,,,77,71,74,,,,73,,,73,-8,+7,,,,+6,,,+4,24,23,,,,30,,,25,21,19,,,,25,,,21,+3,+4,,,,+5,,,+4,109,192,196,69,75,82,63,72,78,+6,+3,+4
LILLE,NORD,LYCEE SAINT REMI,ROUBAIX,0592921E,59512,PR,348,73,31,,,,,,452,97,90,97,,,,,,96,95,91,88,,,,,,94,+2,-1,+9,,,,,,+2,64,25,55,,,,,,57,58,34,39,,,,,,53,+6,-9,+16,,,,,,+4,465,419,500,79,91,96,83,92,96,-4,-1,0
LILLE,NORD,LYCEE SAINT MARTIN (GENERAL ET TECHNO.),ROUBAIX,0592963A,59512,PR,,,,,15,70,,,85,,,,,100,90,,,92,,,,,91,88,,,89,,,,,+9,+2,,,+3,,,,,73,30,,,38,,,,,54,34,,,37,,,,,+19,-4,,,+1,53,74,82,80,87,94,78,86,91,+2,+1,+3
LILLE,NORD,LYCEE EC SUP ARTS APPLIQUES TEXTILE,ROUBAIX,0594391C,59512,PU,,,,80,,,,,80,,,,100,,,,,100,,,,99,,,,,99,,,,+1,,,,,+1,,,,100,,,,,100,,,,92,,,,,92,,,,+8,,,,,+8,67,77,75,97,99,100,91,97,99,+6,+2,+1
LILLE,NORD,LYCEE ERNEST COUTEAUX (GENERAL ET TECHNO.),SAINT AMAND LES EAUX,0590192N,59526,PU,179,42,,,,40,,,261,95,90,,,,90,,,93,96,89,,,,91,,,94,-1,+1,,,,-1,,,-1,60,40,,,,40,,,54,57,30,,,,40,,,50,+3,+10,,,,0,,,+4,257,242,244,82,89,94,83,92,95,-1,-3,-1
LILLE,NORD,LYCEE NOTRE-DAME DES ANGES,SAINT AMAND LES EAUX,0592913W,59526,PR,154,,,,,,,,154,97,,,,,,,,97,99,,,,,,,,99,-2,,,,,,,,-2,82,,,,,,,,82,76,,,,,,,,76,+6,,,,,,,,+6,165,160,154,92,96,99,90,96,99,+2,0,0
LILLE,NORD,LYCEE ARTHUR RIMBAUD,SIN LE NOBLE,0595885B,59569,PU,254,98,,,,,,,352,96,87,,,,,,,93,96,89,,,,,,,94,0,-2,,,,,,,-1,71,40,,,,,,,62,58,35,,,,,,,52,+13,+5,,,,,,,+10,331,304,332,80,90,94,84,92,95,-4,-2,-1
LILLE,NORD,LYCEE SAINT MICHEL,SOLESMES,0593138R,59571,PR,74,,,,,,,,74,100,,,,,,,,100,99,,,,,,,,99,+1,,,,,,,,+1,91,,,,,,,,91,77,,,,,,,,77,+14,,,,,,,,+14,66,64,68,72,92,99,89,96,99,-17,-4,0
LILLE,NORD,LYCEE LOUIS PASTEUR,SOMAIN,0590207E,59574,PU,231,57,,,,,,,288,97,86,,,,,,,94,95,90,,,,,,,94,+2,-4,,,,,,,0,72,47,,,,,,,67,57,35,,,,,,,53,+15,+12,,,,,,,+14,342,287,307,82,95,96,85,92,96,-3,+3,0
LILLE,NORD,LYCEE HELENE BOUCHER (GENERAL ET TECHNO.),SOMAIN,0592976P,59574,PR,,15,,,,21,,,36,,93,,,,95,,,94,,ND,,,,ND,,,ND,,ND,,,,ND,,,ND,,53,,,,33,,,42,,ND,,,,ND,,,ND,,ND,,,,ND,,,ND,40,44,47,75,87,94,ND,ND,ND,ND,ND,ND
LILLE,NORD,LYCEE DE TOURCOING,TOURCOING,0590212K,59599,PU,255,,,,,,,,255,89,,,,,,,,89,92,,,,,,,,92,-3,,,,,,,,-3,49,,,,,,,,49,49,,,,,,,,49,0,,,,,,,,0,346,258,307,77,89,92,83,92,95,-6,-3,-3
LILLE,NORD,LYCEE COLBERT (GENERAL ET TECHNO.),TOURCOING,0590214M,59599,PU,79,,91,,,,,,170,99,,88,,,,,,93,97,,77,,,,,,86,+2,,+11,,,,,,+7,73,,31,,,,,,51,63,,18,,,,,,39,+10,,+13,,,,,,+12,192,159,163,72,91,96,74,86,91,-2,+5,+5
LILLE,NORD,LYCEE EIC LICP (GENERAL ET TECHNO.),TOURCOING,0592965C,59599,PR,279,77,55,,,,,,411,99,100,100,,,,,,100,97,95,95,,,,,,97,+2,+5,+5,,,,,,+3,74,64,47,,,,,,68,67,45,51,,,,,,61,+7,+19,-4,,,,,,+7,522,427,410,70,87,99,85,94,97,-15,-7,+2
LILLE,NORD,LYCEE EIC JEHANNE D'ARC (GENERAL ET TECHNO.),TOURCOING,0592966D,59599,PR,,44,,,,,,,44,,100,,,,,,,100,,96,,,,,,,96,,+4,,,,,,,+4,,64,,,,,,,64,,47,,,,,,,47,,+17,,,,,,,+17,32,47,56,35,54,98,84,92,96,-49,-38,+2
LILLE,NORD,LYCEE EIC MARIE NOEL (GENERAL ET TECHNO.),TOURCOING,0592980U,59599,PR,,,,,,83,,,83,,,,,,93,,,93,,,,,,94,,,94,,,,,,-1,,,-1,,,,,,57,,,57,,,,,,46,,,46,,,,,,+11,,,+11,61,88,75,62,78,94,80,89,94,-18,-11,0
LILLE,NORD,LYCEE SACRE COEUR,TOURCOING,0593139S,59599,PR,324,,,,,,,,324,99,,,,,,,,99,98,,,,,,,,98,+1,,,,,,,,+1,71,,,,,,,,71,73,,,,,,,,73,-2,,,,,,,,-2,431,366,358,89,96,99,89,95,98,0,+1,+1
LILLE,NORD,LYCEE HENRI WALLON,VALENCIENNES,0590221V,59606,PU,226,101,,,,,,,327,96,92,,,,,,,95,96,82,,,,,,,92,0,+10,,,,,,,+3,65,35,,,,,,,56,64,25,,,,,,,52,+1,+10,,,,,,,+4,345,391,345,87,93,97,83,91,94,+4,+2,+3
LILLE,NORD,LYCEE WATTEAU,VALENCIENNES,0590222W,59606,PU,273,55,,,,,,,328,98,85,,,,,,,96,97,91,,,,,,,96,+1,-6,,,,,,,0,70,29,,,,,,,63,70,34,,,,,,,64,0,-5,,,,,,,-1,336,345,354,88,95,97,86,94,97,+2,+1,0
LILLE,NORD,LYCEE DU HAINAUT,VALENCIENNES,0590223X,59606,PU,35,,76,,,,,,111,94,,86,,,,,,88,91,,87,,,,,,88,+3,,-1,,,,,,0,37,,30,,,,,,32,41,,32,,,,,,34,-4,,-2,,,,,,-2,92,109,97,64,82,90,79,88,92,-15,-6,-2
LILLE,NORD,LYCEE LA SAGESSE (GENERAL ET TECHNO.),VALENCIENNES,0592967E,59606,PR,,30,,,13,85,,,128,,97,,,92,85,,,88,,95,,,97,94,,,95,,+2,,,-5,-9,,,-7,,50,,,54,31,,,38,,46,,,66,48,,,50,,+4,,,-12,-17,,,-12,91,121,128,78,87,93,84,91,95,-6,-4,-2
LILLE,NORD,LYCEE DAMPIERRE (GENERAL ET TECHNO.),VALENCIENNES,0592969G,59606,PR,,12,29,,,,,,41,,92,90,,,,,,90,,91,93,,,,,,93,,+1,-3,,,,,,-3,,50,52,,,,,,51,,33,47,,,,,,42,,+17,+5,,,,,,+9,13,27,30,63,76,90,79,88,93,-16,-12,-3
LILLE,NORD,LYCEE NOTRE-DAME,VALENCIENNES,0593141U,59606,PR,203,,,,,,,,203,100,,,,,,,,100,99,,,,,,,,99,+1,,,,,,,,+1,82,,,,,,,,82,81,,,,,,,,81,+1,,,,,,,,+1,261,237,216,89,96,100,90,96,99,-1,0,+1
LILLE,NORD,LYCEE DE L'ESCAUT,VALENCIENNES,0595809U,59606,PU,303,,,,68,,,,371,95,,,,84,,,,93,95,,,,91,,,,94,0,,,,-7,,,,-1,61,,,,44,,,,58,57,,,,46,,,,55,+4,,,,-2,,,,+3,421,390,374,80,91,94,83,93,96,-3,-2,-2
LILLE,NORD,LYCEE SAINT ADRIEN LA SALLE,VILLENEUVE D ASCQ,0592944E,59009,PR,264,,,,,,,,264,100,,,,,,,,100,99,,,,,,,,99,+1,,,,,,,,+1,87,,,,,,,,87,88,,,,,,,,88,-1,,,,,,,,-1,320,281,271,85,95,99,91,97,99,-6,-2,0
LILLE,NORD,LYCEE RAYMOND QUENEAU,VILLENEUVE D ASCQ,0594424N,59009,PU,230,68,,,,,,,298,94,94,,,,,,,94,96,87,,,,,,,94,-2,+7,,,,,,,0,68,46,,,,,,,63,60,30,,,,,,,53,+8,+16,,,,,,,+10,292,259,272,83,94,96,82,91,95,+1,+3,+1
LILLE,NORD,LYCEE EMILE ZOLA (GENERAL ET TECHNO.),WATTRELOS,0590233H,59650,PU,82,70,,,,,,,152,82,77,,,,,,,80,83,75,,,,,,,79,-1,+2,,,,,,,+1,30,14,,,,,,,23,30,16,,,,,,,24,0,-2,,,,,,,-1,108,119,140,65,74,81,72,81,86,-7,-7,-5
LILLE,PAS-DE-CALAIS,LYCEE VAUBAN (GENERAL ET TECHNO.),AIRE SUR LA LYS,0623981R,62014,PU,173,61,,,,,,,234,98,92,,,,,,,97,98,94,,,,,,,97,0,-2,,,,,,,0,76,43,,,,,,,68,75,43,,,,,,,67,+1,0,,,,,,,+1,287,217,214,86,95,97,87,94,97,-1,+1,0
LILLE,PAS-DE-CALAIS,LYCEE ROBESPIERRE,ARRAS,0620006V,62041,PU,265,56,,,,,,,321,97,88,,,,,,,96,98,91,,,,,,,96,-1,-3,,,,,,,0,70,41,,,,,,,65,70,36,,,,,,,64,0,+5,,,,,,,+1,358,312,316,85,94,97,86,94,97,-1,0,0
LILLE,PAS-DE-CALAIS,LYCEE GUY MOLLET,ARRAS,0620256S,62041,PU,290,100,,,20,84,,,494,98,91,,,80,81,,,93,97,90,,,92,90,,,94,+1,+1,,,-12,-9,,,-1,73,34,,,55,45,,,60,62,31,,,53,40,,,52,+11,+3,,,+2,+5,,,+8,493,493,494,83,91,95,84,91,95,-1,0,0
LILLE,PAS-DE-CALAIS,LYCEE BAUDIMONT (GENERAL ET TECHNO.),ARRAS,0622196A,62041,PR,269,65,29,,9,48,,,420,100,100,100,,100,100,,,100,99,98,97,,ND,98,,,99,+1,+2,+3,,ND,+2,,,+1,91,43,59,,78,69,,,78,86,59,65,,ND,65,,,78,+5,-16,-6,,ND,+4,,,0,356,348,366,91,97,100,89,96,99,+2,+1,+1
LILLE,PAS-DE-CALAIS,LYCEE GAMBETTA CARNOT,ARRAS,0624430D,62041,PU,275,69,55,,,,,,399,97,93,85,,,,,,94,98,94,88,,,,,,96,-1,-1,-3,,,,,,-2,77,30,33,,,,,,63,71,43,36,,,,,,61,+6,-13,-3,,,,,,+2,386,338,380,79,92,98,85,94,97,-6,-2,+1
LILLE,PAS-DE-CALAIS,LYCEE LAVOISIER,AUCHEL,0620017G,62048,PU,86,48,,,,,,,134,91,85,,,,,,,89,90,83,,,,,,,88,+1,+2,,,,,,,+1,62,23,,,,,,,48,43,25,,,,,,,37,+19,-2,,,,,,,+11,176,144,169,77,87,93,80,88,92,-3,-1,+1
LILLE,PAS-DE-CALAIS,LYCEE PABLO PICASSO,AVION,0620027T,62065,PU,76,49,,,,,,,125,96,65,,,,,,,84,93,86,,,,,,,90,+3,-21,,,,,,,-6,51,16,,,,,,,38,48,28,,,,,,,40,+3,-12,,,,,,,-2,122,95,130,77,86,91,81,89,93,-4,-3,-2
LILLE,PAS-DE-CALAIS,LYCEE JAN LAVEZZARI (GENERAL ET TECHNO.),BERCK,0622276M,62108,PU,136,25,,,,42,,,203,99,96,,,,88,,,97,98,91,,,,95,,,97,+1,+5,,,,-7,,,0,72,36,,,,43,,,62,73,41,,,,51,,,64,-1,-5,,,,-8,,,-2,177,186,167,85,92,97,85,93,97,0,-1,0
LILLE,PAS-DE-CALAIS,LYCEE LOUIS BLARINGHEM,BETHUNE,0620040G,62119,PU,333,68,,,,,,,401,100,96,,,,,,,99,98,94,,,,,,,97,+2,+2,,,,,,,+2,78,44,,,,,,,73,74,39,,,,,,,68,+4,+5,,,,,,,+5,404,399,408,89,96,98,88,95,98,+1,+1,0
LILLE,PAS-DE-CALAIS,LYCEE ANDRE MALRAUX,BETHUNE,0620042J,62119,PU,76,49,43,,15,,,,183,100,82,95,,100,,,,94,98,88,90,,92,,,,93,+2,-6,+5,,+8,,,,+1,66,27,21,,53,,,,44,65,31,36,,52,,,,48,+1,-4,-15,,+1,,,,-4,133,171,184,83,93,98,83,91,95,0,+2,+3
LILLE,PAS-DE-CALAIS,LYCEE SAINT VAAST-SAINT DOMINIQUE,BETHUNE,0622106C,62119,PR,169,,,,,,,,169,99,,,,,,,,99,99,,,,,,,,99,0,,,,,,,,0,70,,,,,,,,70,81,,,,,,,,81,-11,,,,,,,,-11,185,174,188,90,96,99,90,96,99,0,0,0
LILLE,PAS-DE-CALAIS,LYCEE MARGUERITE YOURCENAR (GENERAL ET TECHNO.),BEUVRY,0623902E,62126,PU,94,,,,,70,,10,174,94,,,,,91,,80,92,96,,,,,93,,92,95,-2,,,,,-2,,-12,-3,50,,,,,56,,50,52,58,,,,,45,,48,52,-8,,,,,+11,,+2,0,186,142,141,70,83,92,83,92,96,-13,-9,-4
LILLE,PAS-DE-CALAIS,LYCEE EDOUARD BRANLY (GENERAL ET TECHNO.),BOULOGNE SUR MER,0620052V,62160,PU,186,,48,,23,,,,257,96,,96,,83,,,,95,96,,89,,92,,,,94,0,,+7,,-9,,,,+1,69,,44,,43,,,,62,61,,35,,48,,,,55,+8,,+9,,-5,,,,+7,261,279,272,79,91,96,84,93,96,-5,-2,0
LILLE,PAS-DE-CALAIS,LYCEE NAZARETH HAFFREINGUE,BOULOGNE SUR MER,0622107D,62160,PR,202,,,,,,,,202,100,,,,,,,,100,99,,,,,,,,99,+1,,,,,,,,+1,84,,,,,,,,84,84,,,,,,,,84,0,,,,,,,,0,212,188,177,89,96,100,90,96,99,-1,0,+1
LILLE,PAS-DE-CALAIS,LYCEE MARIETTE,BOULOGNE SUR MER,0622949U,62160,PU,286,58,,,,57,,,401,99,86,,,,96,,,97,97,82,,,,91,,,94,+2,+4,,,,+5,,,+3,70,26,,,,67,,,63,69,24,,,,42,,,59,+1,+2,,,,+25,,,+4,377,411,385,80,89,95,85,92,96,-5,-3,-1
LILLE,PAS-DE-CALAIS,LYCEE CARNOT (GENERAL ET TECHNO.),BRUAY LA BUISSIERE,0620056Z,62178,PU,177,81,42,,,44,,,344,98,95,88,,,95,,,96,97,91,84,,,93,,,93,+1,+4,+4,,,+2,,,+3,71,49,26,,,64,,,60,66,38,28,,,46,,,52,+5,+11,-2,,,+18,,,+8,351,351,358,85,93,95,82,91,95,+3,+2,0
LILLE,PAS-DE-CALAIS,LYCEE LEO LAGRANGE (GENERAL ET TECHNO.),BULLY LES MINES,0620059C,62186,PU,59,,,,,55,,,114,93,,,,,91,,,92,95,,,,,94,,,95,-2,,,,,-3,,,-3,51,,,,,47,,,49,58,,,,,48,,,53,-7,,,,,-1,,,-4,142,134,137,83,88,91,84,92,96,-1,-4,-5
LILLE,PAS-DE-CALAIS,LYCEE PIERRE DE COUBERTIN,CALAIS,0620062F,62193,PU,178,47,,,,57,,,282,96,91,,,,98,,,95,97,89,,,,91,,,95,-1,+2,,,,+7,,,0,68,40,,,,65,,,63,66,34,,,,42,,,56,+2,+6,,,,+23,,,+7,286,316,307,79,89,93,85,92,96,-6,-3,-3
LILLE,PAS-DE-CALAIS,LYCEE SOPHIE BERTHELOT,CALAIS,0620063G,62193,PU,280,84,,,,,,,364,95,88,,,,,,,93,97,90,,,,,,,95,-2,-2,,,,,,,-2,66,36,,,,,,,59,63,35,,,,,,,56,+3,+1,,,,,,,+3,395,405,420,85,91,94,85,93,96,0,-2,-2
LILLE,PAS-DE-CALAIS,LYCEE SAINT PIERRE,CALAIS,0622110G,62193,PR,135,,,,,,,,135,98,,,,,,,,98,98,,,,,,,,98,0,,,,,,,,0,77,,,,,,,,77,73,,,,,,,,73,+4,,,,,,,,+4,150,130,135,92,97,98,89,96,98,+3,+1,0
LILLE,PAS-DE-CALAIS,LYCEE LEONARD DE VINCI (GENERAL ET TECHNO.),CALAIS,0624141P,62193,PU,180,,73,,12,,,,265,98,,95,,75,,,,96,96,,87,,85,,,,93,+2,,+8,,-10,,,,+3,73,,44,,58,,,,65,61,,32,,37,,,,52,+12,,+12,,+21,,,,+13,267,252,239,85,93,97,83,92,95,+2,+1,+2
LILLE,PAS-DE-CALAIS,LYCEE DIDEROT,CARVIN,0620070P,62215,PU,119,57,,,,,,,176,96,89,,,,,,,94,96,87,,,,,,,93,0,+2,,,,,,,+1,62,40,,,,,,,55,58,26,,,,,,,48,+4,+14,,,,,,,+7,209,181,150,73,87,94,83,91,94,-10,-4,0
LILLE,PAS-DE-CALAIS,LYCEE FERNAND DARCHICOURT,HENIN BEAUMONT,0620093P,62427,PU,289,104,,,,87,,,480,96,91,,,,86,,,93,96,90,,,,91,,,94,0,+1,,,,-5,,,-1,62,28,,,,45,,,52,60,35,,,,41,,,51,+2,-7,,,,+4,,,+1,496,515,482,80,89,94,84,92,95,-4,-3,-1
LILLE,PAS-DE-CALAIS,LYCEE LOUIS PASTEUR (GENERAL ET TECHNO.),HENIN BEAUMONT,0620095S,62427,PU,136,,50,,19,,,,205,96,,92,,95,,,,95,94,,85,,90,,,,92,+2,,+7,,+5,,,,+3,57,,28,,68,,,,51,52,,29,,44,,,,45,+5,,-1,,+24,,,,+6,202,189,172,85,95,98,82,91,94,+3,+4,+4
LILLE,PAS-DE-CALAIS,LYCEE HOTELIER (GENERAL ET TECHNO.),LE TOUQUET PARIS PLAGE,0622807P,62826,PU,,,,,,,,35,35,,,,,,,,100,100,,,,,,,,ND,ND,,,,,,,,ND,ND,,,,,,,,74,74,,,,,,,,ND,ND,,,,,,,,ND,ND,30,37,35,95,95,97,ND,ND,ND,ND,ND,ND
LILLE,PAS-DE-CALAIS,LYCEE CONDORCET,LENS,0620108F,62498,PU,145,92,,,,,,,237,99,84,,,,,,,93,95,85,,,,,,,91,+4,-1,,,,,,,+2,66,20,,,,,,,48,55,26,,,,,,,44,+11,-6,,,,,,,+4,265,231,221,82,93,96,81,89,93,+1,+4,+3
LILLE,PAS-DE-CALAIS,LYCEE AUGUSTE BEHAL,LENS,0620109G,62498,PU,52,32,23,18,,60,,,185,94,81,96,94,,75,,,86,92,87,88,99,,88,,,90,+2,-6,+8,-5,,-13,,,-4,46,34,43,89,,20,,,39,45,31,32,76,,35,,,41,+1,+3,+11,+13,,-15,,,-2,170,180,215,60,83,86,81,89,92,-21,-6,-6
LILLE,PAS-DE-CALAIS,LYCEE SAINT PAUL (GENERAL ET TECHNO.),LENS,0622114L,62498,PR,288,38,,,,46,,,372,100,100,,,,98,,,100,99,97,,,,98,,,99,+1,+3,,,,0,,,+1,91,61,,,,78,,,87,82,54,,,,65,,,77,+9,+7,,,,+13,,,+10,410,386,351,92,98,99,90,96,99,+2,+2,0
LILLE,PAS-DE-CALAIS,LYCEE HENRI DARRAS,LIEVIN,0620113L,62510,PU,282,80,52,,16,,,,430,97,84,83,,94,,,,93,96,90,87,,89,,,,93,+1,-6,-4,,+5,,,,0,63,22,31,,38,,,,51,57,34,31,,46,,,,49,+6,-12,0,,-8,,,,+2,407,416,437,81,91,96,83,91,95,-2,0,+1
LILLE,PAS-DE-CALAIS,LYCEE ANATOLE FRANCE,LILLERS,0620120U,62516,PU,158,46,,,,,,,204,99,100,,,,,,,99,98,92,,,,,,,97,+1,+8,,,,,,,+2,75,50,,,,,,,69,72,40,,,,,,,64,+3,+10,,,,,,,+5,230,207,205,87,97,97,87,94,97,0,+3,0
LILLE,PAS-DE-CALAIS,LYCEE LA MALASSISE,LONGUENESSE,0622116N,62525,PR,200,,,,,,,,200,100,,,,,,,,100,99,,,,,,,,99,+1,,,,,,,,+1,90,,,,,,,,90,88,,,,,,,,88,+2,,,,,,,,+2,191,213,180,88,96,100,91,97,99,-3,-1,+1
LILLE,PAS-DE-CALAIS,LYCEE BLAISE PASCAL,LONGUENESSE,0622803K,62525,PU,160,,64,,17,60,,,301,97,,95,,100,93,,,96,98,,92,,96,95,,,96,-1,,+3,,+4,-2,,,0,72,,44,,65,65,,,64,74,,44,,63,50,,,63,-2,,0,,+2,+15,,,+1,316,307,291,80,93,97,86,94,97,-6,-1,0
LILLE,PAS-DE-CALAIS,LYCEE EUGENE WOILLEZ (GENERAL ET TECHNO.),MONTREUIL SUR MER,0620140R,62588,PU,272,59,,,,,,,331,96,97,,,,,,,96,98,94,,,,,,,97,-2,+3,,,,,,,-1,65,41,,,,,,,61,70,43,,,,,,,65,-5,-2,,,,,,,-4,315,245,300,80,93,97,86,94,97,-6,-1,0
LILLE,PAS-DE-CALAIS,LYCEE D'ARTOIS (GENERAL ET TECHNO.),NOEUX LES MINES,0624440P,62617,PU,120,52,,,,,,,172,95,96,,,,,,,95,95,89,,,,,,,93,0,+7,,,,,,,+2,65,29,,,,,,,54,56,30,,,,,,,48,+9,-1,,,,,,,+6,196,163,175,86,93,96,84,91,95,+2,+2,+1
LILLE,PAS-DE-CALAIS,LYCEE ET CAMPUS SAINT JOSEPH (GENERAL ET TECHNO.),SAINT MARTIN BOULOGNE,0622198C,62758,PR,59,30,32,,,40,,,161,100,100,91,,,100,,,98,98,95,93,,,96,,,96,+2,+5,-2,,,+4,,,+2,69,57,47,,,65,,,61,69,47,50,,,57,,,58,0,+10,-3,,,+8,,,+3,188,170,146,83,89,98,85,93,96,-2,-4,+2
LILLE,PAS-DE-CALAIS,LYCEE GIRAUX SANNIER (GENERAL ET TECHNO.),SAINT MARTIN BOULOGNE,0624109E,62758,PU,126,55,,,,,,,181,99,98,,,,,,,99,98,94,,,,,,,97,+1,+4,,,,,,,+2,65,45,,,,,,,59,70,42,,,,,,,62,-5,+3,,,,,,,-3,188,171,187,82,95,99,87,94,97,-5,+1,+2
LILLE,PAS-DE-CALAIS,LYCEE ALEXANDRE RIBOT,SAINT OMER,0620161N,62765,PU,273,90,,,,,,,363,99,96,,,,,,,98,98,91,,,,,,,96,+1,+5,,,,,,,+2,71,34,,,,,,,62,72,37,,,,,,,63,-1,-3,,,,,,,-1,344,384,361,87,96,98,87,94,97,0,+2,+1
LILLE,PAS-DE-CALAIS,LYCEE NOTRE-DAME DE SION,SAINT OMER,0622120T,62765,PR,85,,,,,,,,85,98,,,,,,,,98,99,,,,,,,,99,-1,,,,,,,,-1,75,,,,,,,,75,80,,,,,,,,80,-5,,,,,,,,-5,65,85,98,87,96,98,89,96,99,-2,0,-1
LILLE,PAS-DE-CALAIS,LYCEE SAINT DENIS (GENERAL ET TECHNO.),SAINT OMER,0622199D,62765,PR,,6,,52,,20,,,78,,100,,100,,80,,,95,,ND,,98,,94,,,97,,ND,,+2,,-14,,,-2,,33,,71,,30,,,58,,ND,,65,,45,,,59,,ND,,+6,,-15,,,-1,53,67,70,75,89,97,84,93,96,-9,-4,+1
LILLE,PAS-DE-CALAIS,LYCEE ALBERT CHATELET,SAINT POL SUR TERNOISE,0620166U,62767,PU,175,62,19,,,,,,256,97,77,84,,,,,,91,97,93,93,,,,,,96,0,-16,-9,,,,,,-5,59,29,53,,,,,,52,67,38,53,,,,,,59,-8,-9,0,,,,,,-7,283,253,268,81,90,94,86,93,97,-5,-3,-3
LILLE,PAS-DE-CALAIS,LYCEE VOLTAIRE,WINGLES,0623915U,62895,PU,222,87,,,,,,,309,98,95,,,,,,,97,97,93,,,,,,,96,+1,+2,,,,,,,+1,70,47,,,,,,,64,66,39,,,,,,,58,+4,+8,,,,,,,+6,400,323,313,87,96,97,85,93,96,+2,+3,+1
LIMOGES,CORREZE,LYCEE GEORGES CABANIS,BRIVE LA GAILLARDE,0190010H,19031,PU,178,,60,,,,,,238,98,,82,,,,,,94,97,,90,,,,,,96,+1,,-8,,,,,,-2,57,,30,,,,,,50,65,,37,,,,,,58,-8,,-7,,,,,,-8,303,247,239,84,92,95,85,94,97,-1,-2,-2
LIMOGES,CORREZE,LYCEE D ARSONVAL,BRIVE LA GAILLARDE,0190011J,19031,PU,355,,,,,,,,355,98,,,,,,,,98,97,,,,,,,,97,+1,,,,,,,,+1,69,,,,,,,,69,65,,,,,,,,65,+4,,,,,,,,+4,413,340,342,89,96,99,88,95,98,+1,+1,+1
LIMOGES,CORREZE,LYCEE SIMONE VEIL (GENERAL ET TECHNO.),BRIVE LA GAILLARDE,0190012K,19031,PU,,100,,,20,56,,,176,,86,,,100,95,,,90,,90,,,95,93,,,91,,-4,,,+5,+2,,,-1,,32,,,65,52,,,42,,34,,,59,44,,,40,,-2,,,+6,+8,,,+2,94,186,210,82,86,92,80,88,93,+2,-2,-1
LIMOGES,CORREZE,LYCEE BOSSUET,BRIVE LA GAILLARDE,0190058K,19031,PR,192,,,,,,,,192,97,,,,,,,,97,98,,,,,,,,98,-1,,,,,,,,-1,64,,,,,,,,64,69,,,,,,,,69,-5,,,,,,,,-5,241,188,174,88,95,98,88,95,98,0,0,0
LIMOGES,CORREZE,LYCEE MARGUERITE BAHUET (GENERAL ET TECHNO.),BRIVE LA GAILLARDE,0190083M,19031,PR,,26,,,,28,,,54,,100,,,,100,,,100,,96,,,,96,,,96,,+4,,,,+4,,,+4,,42,,,,64,,,54,,52,,,,56,,,54,,-10,,,,+8,,,0,29,53,38,89,89,100,85,92,95,+4,-3,+5
LIMOGES,CORREZE,LYCEE PIERRE CARAMINOT (GENERAL ET TECHNO.),EGLETONS,0190018S,19073,PU,44,,20,,,,,,64,93,,100,,,,,,95,92,,90,,,,,,91,+1,,+10,,,,,,+4,36,,55,,,,,,42,48,,41,,,,,,46,-12,,+14,,,,,,-4,76,64,77,81,92,98,81,91,94,0,+1,+4
LIMOGES,CORREZE,LYCEE EDMOND PERRIER,TULLE,0190032G,19272,PU,292,47,,,,,,,339,98,87,,,,,,,96,98,96,,,,,,,98,0,-9,,,,,,,-2,67,36,,,,,,,63,74,52,,,,,,,71,-7,-16,,,,,,,-8,285,289,311,85,93,98,88,95,98,-3,-2,0
LIMOGES,CORREZE,LYCEE BERNART DE VENTADOUR,USSEL,0190038N,19275,PU,111,25,,,,15,,,151,97,96,,,,80,,,95,97,89,,,,92,,,95,0,+7,,,,-12,,,0,77,52,,,,47,,,70,68,31,,,,43,,,60,+9,+21,,,,+4,,,+10,137,166,123,84,93,97,85,93,96,-1,0,+1
LIMOGES,CREUSE,LYCEE EUGENE JAMOT,AUBUSSON,0230002C,23008,PU,51,18,,,,,,,69,98,100,,,,,,,99,96,93,,,,,,,95,+2,+7,,,,,,,+4,73,33,,,,,,,62,63,39,,,,,,,57,+10,-6,,,,,,,+5,112,103,87,83,92,97,85,93,96,-2,-1,+1
LIMOGES,CREUSE,LYCEE PIERRE BOURDAN,GUERET,0230020X,23096,PU,155,56,,,,,,,211,99,86,,,,,,,95,98,93,,,,,,,97,+1,-7,,,,,,,-2,65,29,,,,,,,55,73,38,,,,,,,64,-8,-9,,,,,,,-9,204,190,196,89,95,99,88,94,97,+1,+1,+2
LIMOGES,CREUSE,LYCEE JEAN FAVARD (GENERAL ET TECHNO.),GUERET,0230051F,23096,PU,59,,34,,34,61,,,188,100,,91,,94,95,,,96,99,,93,,95,95,,,96,+1,,-2,,-1,0,,,0,78,,41,,62,49,,,59,77,,48,,62,48,,,60,+1,,-7,,0,+1,,,-1,163,161,168,85,92,96,84,93,96,+1,-1,0
LIMOGES,CREUSE,LYCEE RAYMOND LOEWY,LA SOUTERRAINE,0230025C,23176,PU,61,,,35,,,,,96,95,,,100,,,,,97,97,,,99,,,,,98,-2,,,+1,,,,,-1,61,,,91,,,,,72,63,,,90,,,,,73,-2,,,+1,,,,,-1,112,113,93,90,96,98,88,95,98,+2,+1,0
LIMOGES,HAUTE-VIENNE,LYCEE JEAN GIRAUDOUX,BELLAC,0870003F,87011,PU,87,22,,,,,,,109,97,100,,,,,,,97,95,92,,,,,,,94,+2,+8,,,,,,,+3,62,41,,,,,,,58,58,36,,,,,,,54,+4,+5,,,,,,,+4,125,99,96,80,94,97,84,92,96,-4,+2,+1
LIMOGES,HAUTE-VIENNE,LYCEE GAY LUSSAC,LIMOGES,0870015U,87085,PU,293,70,,,,,,,363,98,99,,,,,,,98,98,93,,,,,,,97,0,+6,,,,,,,+1,72,50,,,,,,,67,73,39,,,,,,,66,-1,+11,,,,,,,+1,428,382,340,85,97,99,87,95,98,-2,+2,+1
LIMOGES,HAUTE-VIENNE,LYCEE LEONARD LIMOSIN,LIMOGES,0870016V,87085,PU,251,,,,,,,,251,99,,,,,,,,99,98,,,,,,,,98,+1,,,,,,,,+1,79,,,,,,,,79,73,,,,,,,,73,+6,,,,,,,,+6,281,256,243,90,98,99,88,95,98,+2,+3,+1
LIMOGES,HAUTE-VIENNE,LYCEE AUGUSTE RENOIR,LIMOGES,0870017W,87085,PU,260,101,,,,,,,361,97,84,,,,,,,94,96,89,,,,,,,94,+1,-5,,,,,,,0,67,32,,,,,,,57,65,31,,,,,,,55,+2,+1,,,,,,,+2,376,349,370,86,91,95,84,92,95,+2,-1,0
LIMOGES,HAUTE-VIENNE,LYCEE SUZANNE VALADON (GENERAL ET TECHNO.),LIMOGES,0870019Y,87085,PU,97,106,,,,97,,,300,91,85,,,,89,,,88,92,86,,,,91,,,89,-1,-1,,,,-2,,,-1,54,32,,,,60,,,48,46,25,,,,44,,,38,+8,+7,,,,+16,,,+10,239,306,336,79,85,90,79,87,91,0,-2,-1
LIMOGES,HAUTE-VIENNE,LYCEE TURGOT (GENERAL ET TECHNO.),LIMOGES,0870056N,87085,PU,158,,59,,,,,,217,99,,88,,,,,,96,98,,92,,,,,,97,+1,,-4,,,,,,-1,72,,39,,,,,,63,72,,42,,,,,,64,0,,-3,,,,,,-1,224,195,206,89,94,98,85,94,97,+4,0,+1
LIMOGES,HAUTE-VIENNE,LYCEE BEAUPEYRAT,LIMOGES,0870081R,87085,PR,43,29,,,,,,,72,100,100,,,,,,,100,98,96,,,,,,,98,+2,+4,,,,,,,+2,74,41,,,,,,,61,75,49,,,,,,,65,-1,-8,,,,,,,-4,91,87,67,88,96,100,88,94,98,0,+2,+2
LIMOGES,HAUTE-VIENNE,LYCEE RAOUL DAUTRY,LIMOGES,0870118F,87085,PU,141,,61,,46,,,,248,95,,87,,87,,,,92,97,,89,,92,,,,94,-2,,-2,,-5,,,,-2,55,,39,,46,,,,50,67,,36,,51,,,,56,-12,,+3,,-5,,,,-6,224,219,247,84,90,93,84,92,96,0,-2,-3
LIMOGES,HAUTE-VIENNE,LYCEE ST JEAN,LIMOGES,0870864S,87085,PR,195,,,,,,,,195,100,,,,,,,,100,99,,,,,,,,99,+1,,,,,,,,+1,86,,,,,,,,86,81,,,,,,,,81,+5,,,,,,,,+5,198,180,186,92,98,99,90,96,99,+2,+2,0
LIMOGES,HAUTE-VIENNE,LYCEE PAUL ELUARD,SAINT JUNIEN,0870040W,87154,PU,126,25,,,,,,,151,95,96,,,,,,,95,97,94,,,,,,,96,-2,+2,,,,,,,-1,67,36,,,,,,,62,65,44,,,,,,,61,+2,-8,,,,,,,+1,141,141,153,84,94,97,86,94,97,-2,0,0
LIMOGES,HAUTE-VIENNE,LYCEE BERNARD PALISSY,SAINT LEONARD DE NOBLAT,0870045B,87161,PU,89,,,,,,,,89,99,,,,,,,,99,96,,,,,,,,96,+3,,,,,,,,+3,71,,,,,,,,71,64,,,,,,,,64,+7,,,,,,,,+7,119,96,81,88,89,96,87,94,97,+1,-5,-1
LIMOGES,HAUTE-VIENNE,LYCEE JEAN BAPTISTE DARNET,SAINT YRIEIX LA PERCHE,0870050G,87187,PU,90,22,,,,,,,112,97,82,,,,,,,94,97,91,,,,,,,96,0,-9,,,,,,,-2,72,18,,,,,,,62,67,34,,,,,,,61,+5,-16,,,,,,,+1,160,143,69,81,86,95,86,94,97,-5,-8,-2
LYON,AIN,LYCEE DE LA PLAINE DE L'AIN,AMBERIEU EN BUGEY,0011194T,01004,PU,333,103,53,,32,,,,521,100,97,91,,100,,,,98,99,96,93,,96,,,,98,+1,+1,-2,,+4,,,,0,73,42,49,,59,,,,64,80,53,55,,68,,,,71,-7,-11,-6,,-9,,,,-7,573,526,484,89,95,98,87,94,98,+2,+1,0
LYON,AIN,LYCEE DU BUGEY (GENERAL ET TECHNO.),BELLEY,0010010F,01034,PU,145,51,12,,,,,,208,92,86,92,,,,,,90,97,92,92,,,,,,95,-5,-6,0,,,,,,-5,62,43,67,,,,,,58,69,41,46,,,,,,60,-7,+2,+21,,,,,,-2,229,205,191,88,91,94,85,93,96,+3,-2,-2
LYON,AIN,INSTITUTION SAINTE ANNE - LAMARTINE,BELLEY,0010069V,01034,PR,41,,10,,,21,,,72,100,,100,,,100,,,100,98,,96,,,96,,,97,+2,,+4,,,+4,,,+3,68,,80,,,57,,,67,77,,65,,,58,,,70,-9,,+15,,,-1,,,-3,102,84,74,80,89,99,87,95,98,-7,-6,+1
LYON,AIN,LYCEE ARBEZ CARME (GENERAL ET TECHNO.),BELLIGNAT,0011119L,01031,PU,112,,56,35,,,,,203,99,,95,100,,,,,98,98,,92,99,,,,,96,+1,,+3,+1,,,,,+2,71,,43,86,,,,,66,72,,45,76,,,,,65,-1,,-2,+10,,,,,+1,208,183,183,79,93,98,86,93,97,-7,0,+1
LYON,AIN,LYCEE LALANDE,BOURG EN BRESSE,0010013J,01053,PU,330,,,,,,,,330,99,,,,,,,,99,99,,,,,,,,99,0,,,,,,,,0,81,,,,,,,,81,84,,,,,,,,84,-3,,,,,,,,-3,383,346,344,87,92,98,90,96,99,-3,-4,-1
LYON,AIN,LYCEE EDGAR QUINET,BOURG EN BRESSE,0010014K,01053,PU,234,107,,,10,60,,,411,94,92,,,100,98,,,94,98,95,,,99,98,,,97,-4,-3,,,+1,0,,,-3,59,36,,,90,62,,,54,72,49,,,81,65,,,65,-13,-13,,,+9,-3,,,-11,430,379,381,77,91,94,86,94,97,-9,-3,-3
LYON,AIN,LYCEE JOSEPH-MARIE CARRIAT (GENERAL ET TECHNO.),BOURG EN BRESSE,0010016M,01053,PU,233,137,106,,,,,,476,96,87,97,,,,,,94,98,94,96,,,,,,96,-2,-7,+1,,,,,,-2,59,28,55,,,,,,49,71,44,59,,,,,,61,-12,-16,-4,,,,,,-12,402,486,455,83,91,95,85,93,97,-2,-2,-2
LYON,AIN,LYCEE SAINT PIERRE,BOURG EN BRESSE,0010070W,01053,PR,150,20,,,,,,,170,98,100,,,,,,,98,98,97,,,,,,,98,0,+3,,,,,,,0,68,35,,,,,,,64,77,50,,,,,,,74,-9,-15,,,,,,,-10,170,154,160,73,89,98,89,95,98,-16,-6,0
LYON,AIN,LYCEE JEANNE D'ARC (GENERAL ET TECHNO.),CESSY,0010878Z,01071,PR,128,,,,,,,,128,100,,,,,,,,100,100,,,,,,,,100,0,,,,,,,,0,85,,,,,,,,85,89,,,,,,,,89,-4,,,,,,,,-4,156,138,114,88,96,99,91,97,99,-3,-1,0
LYON,AIN,LYCEE INTERNATIONAL (GENERAL ET TECHNO.),FERNEY VOLTAIRE,0010072Y,01160,PU,634,72,16,,,,,,722,92,93,81,,,,,,92,98,93,97,,,,,,97,-6,0,-16,,,,,,-5,64,38,31,,,,,,61,74,41,67,,,,,,70,-10,-3,-36,,,,,,-9,715,737,723,81,91,96,87,94,98,-6,-3,-2
LYON,AIN,LYCEE DE LA COTIERE,LA BOISSE,0011326L,01049,PU,353,70,,,,,,,423,98,100,,,,,,,98,99,97,,,,,,,99,-1,+3,,,,,,,-1,75,61,,,,,,,72,85,58,,,,,,,81,-10,+3,,,,,,,-9,501,453,440,94,98,99,89,96,99,+5,+2,0
LYON,AIN,LYCEE SAINT JOSEPH,MIRIBEL,0010075B,01249,PR,50,21,,,,,,,71,96,100,,,,,,,97,99,98,,,,,,,99,-3,+2,,,,,,,-2,66,71,,,,,,,68,78,68,,,,,,,75,-12,+3,,,,,,,-7,93,81,65,89,93,96,89,95,99,0,-2,-3
LYON,AIN,LYCEE XAVIER BICHAT (GENERAL ET TECHNO.),NANTUA,0010032E,01269,PU,122,,,,,30,,,152,98,,,,,93,,,97,98,,,,,97,,,98,0,,,,,-4,,,-1,62,,,,,43,,,59,74,,,,,55,,,70,-12,,,,,-12,,,-11,170,135,148,87,94,98,88,95,98,-1,-1,0
LYON,AIN,LYCEE PAUL PAINLEVE (GENERAL ET TECHNO.),OYONNAX,0010034G,01283,PU,103,71,,,,35,,,209,96,89,,,,100,,,94,95,90,,,,96,,,93,+1,-1,,,,+4,,,+1,55,25,,,,71,,,48,57,36,,,,52,,,49,-2,-11,,,,+19,,,-1,167,180,178,79,90,93,83,91,94,-4,-1,-1
LYON,AIN,LYCEE SAINT JOSEPH,SAINT DIDIER SUR CHALARONNE,0011431A,01348,PR,56,,,,,,,,56,98,,,,,,,,98,98,,,,,,,,98,0,,,,,,,,0,68,,,,,,,,68,71,,,,,,,,71,-3,,,,,,,,-3,84,61,50,88,94,98,88,95,98,0,-1,0
LYON,AIN,LYCEE DU VAL DE SAONE,TREVOUX,0011276G,01427,PU,267,96,45,,,,,,408,98,92,96,,,,,,96,99,96,98,,,,,,98,-1,-4,-2,,,,,,-2,77,41,58,,,,,,66,83,53,70,,,,,,75,-6,-12,-12,,,,,,-9,389,414,408,93,96,98,88,95,98,+5,+1,0
LYON,AIN,LYCEE SAINT-EXUPERY (GENERAL ET TECHNO.),VALSERHONE,0010006B,01033,PU,104,40,30,,,,,,174,98,82,97,,,,,,94,97,90,94,,,,,,95,+1,-8,+3,,,,,,-1,63,28,60,,,,,,55,68,34,53,,,,,,58,-5,-6,+7,,,,,,-3,192,139,171,84,91,93,83,92,96,+1,-1,-3
LYON,LOIRE,LYCEE FRANCOIS MAURIAC-FOREZ,ANDREZIEUX BOUTHEON,0421976V,42005,PU,293,69,63,,,,,,425,99,91,97,,,,,,97,98,95,96,,,,,,97,+1,-4,+1,,,,,,0,68,41,70,,,,,,64,75,46,59,,,,,,68,-7,-5,+11,,,,,,-4,428,449,436,87,96,97,88,95,98,-1,+1,-1
LYON,LOIRE,LYCEE L'ASTREE,BOEN SUR LIGNON,0422132P,42019,PU,56,,,,,,,,56,100,,,,,,,,100,98,,,,,,,,98,+2,,,,,,,,+2,64,,,,,,,,64,69,,,,,,,,69,-5,,,,,,,,-5,105,88,78,90,96,100,88,95,98,+2,+1,+2
LYON,LOIRE,LYCEE JEREMIE DE LA RUE (GENERAL ET TECHNO.),CHARLIEU,0420008F,42052,PU,102,,,,,,,,102,99,,,,,,,,99,99,,,,,,,,99,0,,,,,,,,0,76,,,,,,,,76,76,,,,,,,,76,0,,,,,,,,0,166,132,97,90,96,98,89,96,99,+1,0,-1
LYON,LOIRE,LYCEE NOTRE DAME,CHARLIEU,0421025L,42052,PR,44,,,,,,,,44,98,,,,,,,,98,99,,,,,,,,99,-1,,,,,,,,-1,57,,,,,,,,57,77,,,,,,,,77,-20,,,,,,,,-20,52,43,46,81,91,95,89,96,99,-8,-5,-4
LYON,LOIRE,LYCEE DES HORIZONS,CHAZELLES SUR LYON,0422284E,42059,PU,152,34,,,,,,,186,99,94,,,,,,,98,99,95,,,,,,,98,0,-1,,,,,,,0,65,38,,,,,,,60,83,47,,,,,,,76,-18,-9,,,,,,,-16,242,224,187,87,97,98,89,96,99,-2,+1,-1
LYON,LOIRE,LYCEE DU FOREZ,FEURS,0421788R,42094,PU,206,52,,,,48,,,306,100,96,,,,98,,,99,99,95,,,,98,,,98,+1,+1,,,,0,,,+1,72,48,,,,52,,,65,81,49,,,,63,,,73,-9,-1,,,,-11,,,-8,275,281,301,89,97,99,89,95,98,0,+2,+1
LYON,LOIRE,LYCEE ALBERT CAMUS,FIRMINY,0420013L,42095,PU,163,34,,,,59,,,256,97,94,,,,76,,,92,97,93,,,,91,,,95,0,+1,,,,-15,,,-3,68,53,,,,20,,,55,69,47,,,,42,,,60,-1,+6,,,,-22,,,-5,205,217,226,81,91,94,85,93,96,-4,-2,-2
LYON,LOIRE,LYCEE JACOB HOLTZER,FIRMINY,0420014M,42095,PU,83,,21,,,,,,104,92,,90,,,,,,91,96,,89,,,,,,95,-4,,+1,,,,,,-4,40,,38,,,,,,39,58,,33,,,,,,53,-18,,+5,,,,,,-14,186,92,110,77,93,96,85,93,96,-8,0,0
LYON,LOIRE,LYCEE BEAUREGARD,MONTBRISON,0420018S,42147,PU,245,72,45,,,,,,362,100,94,96,,,,,,98,99,96,96,,,,,,98,+1,-2,0,,,,,,0,73,56,67,,,,,,69,77,48,61,,,,,,69,-4,+8,+6,,,,,,0,352,331,301,87,97,99,88,95,98,-1,+2,+1
LYON,LOIRE,LYCEE SAINT PAUL FOREZ,MONTBRISON,0420973E,42147,PR,75,28,,,,,,,103,100,100,,,,,,,100,99,97,,,,,,,99,+1,+3,,,,,,,+1,73,39,,,,,,,64,83,59,,,,,,,76,-10,-20,,,,,,,-12,139,118,99,83,93,100,89,96,98,-6,-3,+2
LYON,LOIRE,LYCEE SAINT PIERRE,MONTROND LES BAINS,0422318S,42149,PR,50,,,,,,,,50,94,,,,,,,,94,98,,,,,,,,98,-4,,,,,,,,-4,50,,,,,,,,50,70,,,,,,,,70,-20,,,,,,,,-20,56,55,49,81,86,98,89,95,98,-8,-9,0
LYON,LOIRE,LYCEE GEORGES BRASSENS,RIVE DE GIER,0420027B,42186,PU,196,70,35,,,,,,301,96,77,89,,,,,,91,98,94,95,,,,,,97,-2,-17,-6,,,,,,-6,57,24,46,,,,,,48,72,41,53,,,,,,63,-15,-17,-7,,,,,,-15,316,286,296,85,93,95,87,94,97,-2,-1,-2
LYON,LOIRE,LYCEE JEAN PUY,ROANNE,0420031F,42187,PU,203,28,,,,,,,231,99,100,,,,,,,99,98,98,,,,,,,98,+1,+2,,,,,,,+1,73,79,,,,,,,74,77,65,,,,,,,76,-4,+14,,,,,,,-2,301,265,270,87,96,99,88,95,98,-1,+1,+1
LYON,LOIRE,LYCEE ALBERT THOMAS,ROANNE,0420033H,42187,PU,93,119,,,13,60,,,285,98,86,,,100,95,,,92,98,94,,,97,96,,,96,0,-8,,,+3,-1,,,-4,69,43,,,92,50,,,55,74,46,,,69,56,,,58,-5,-3,,,+23,-6,,,-3,176,242,199,79,88,94,84,92,96,-5,-4,-2
LYON,LOIRE,LYCEE CARNOT,ROANNE,0420034J,42187,PU,204,,90,,,,,,294,100,,96,,,,,,99,99,,96,,,,,,98,+1,,0,,,,,,+1,78,,67,,,,,,74,80,,63,,,,,,74,-2,,+4,,,,,,0,274,313,293,93,97,98,87,95,98,+6,+2,0
LYON,LOIRE,LYCEE SAINT PAUL,ROANNE,0421023J,42187,PR,80,,,,,,,,80,100,,,,,,,,100,99,,,,,,,,99,+1,,,,,,,,+1,65,,,,,,,,65,79,,,,,,,,79,-14,,,,,,,,-14,92,83,76,84,93,99,89,96,99,-5,-3,0
LYON,LOIRE,LYCEE CLAUDE LEBOIS,SAINT CHAMOND,0420040R,42207,PU,175,73,16,,,,,,264,97,82,69,,,,,,91,97,91,91,,,,,,95,0,-9,-22,,,,,,-4,62,32,50,,,,,,53,65,34,45,,,,,,56,-3,-2,+5,,,,,,-3,279,273,332,81,90,94,84,92,96,-3,-2,-2
LYON,LOIRE,LYCEE SAINTE MARIE LA GRAND'GRANGE,SAINT CHAMOND,0421022H,42207,PR,122,,,,,,,,122,100,,,,,,,,100,99,,,,,,,,99,+1,,,,,,,,+1,82,,,,,,,,82,83,,,,,,,,83,-1,,,,,,,,-1,165,116,98,85,97,100,90,97,99,-5,0,+1
LYON,LOIRE,LYCEE CLAUDE FAURIEL,SAINT ETIENNE,0420041S,42218,PU,269,36,,,,,,,305,94,92,,,,,,,94,97,93,,,,,,,97,-3,-1,,,,,,,-3,63,36,,,,,,,60,72,43,,,,,,,68,-9,-7,,,,,,,-8,349,274,318,84,95,97,85,94,98,-1,+1,-1
LYON,LOIRE,LYCEE HONORE D'URFE,SAINT ETIENNE,0420042T,42218,PU,220,78,,,36,73,,,407,94,82,,,97,86,,,90,97,88,,,97,92,,,94,-3,-6,,,0,-6,,,-4,67,26,,,72,42,,,55,67,31,,,77,46,,,58,0,-5,,,-5,-4,,,-3,350,415,419,82,90,93,82,92,95,0,-2,-2
LYON,LOIRE,LYCEE JEAN MONNET,SAINT ETIENNE,0420043U,42218,PU,86,34,,36,,,,,156,91,82,,100,,,,,91,95,90,,99,,,,,95,-4,-8,,+1,,,,,-4,56,15,,72,,,,,51,60,31,,83,,,,,59,-4,-16,,-11,,,,,-8,207,178,206,80,90,93,82,93,96,-2,-3,-3
LYON,LOIRE,LYCEE ETIENNE MIMARD,SAINT ETIENNE,0420046X,42218,PU,50,,91,,,,,,141,86,,93,,,,,,91,97,,92,,,,,,94,-11,,+1,,,,,,-3,54,,44,,,,,,48,66,,45,,,,,,52,-12,,-1,,,,,,-4,157,155,155,84,92,95,80,90,94,+4,+2,+1
LYON,LOIRE,LYCEE LA SALLE SAINT LOUIS SAINTE BARBE,SAINT ETIENNE,0420976H,42218,PR,53,,15,,,,,,68,98,,87,,,,,,96,97,,96,,,,,,97,+1,,-9,,,,,,-1,60,,27,,,,,,53,70,,52,,,,,,66,-10,,-25,,,,,,-13,52,71,57,77,88,96,86,93,97,-9,-5,-1
LYON,LOIRE,LYCEE TEZENAS DU MONTCEL,SAINT ETIENNE,0420979L,42218,PR,48,56,,,,,,,104,98,98,,,,,,,98,98,96,,,,,,,97,0,+2,,,,,,,+1,71,34,,,,,,,51,68,51,,,,,,,59,+3,-17,,,,,,,-8,99,96,91,73,93,97,86,93,97,-13,0,0
LYON,LOIRE,EXTERNAT SAINT MICHEL,SAINT ETIENNE,0421021G,42218,PR,175,,,,,,,,175,98,,,,,,,,98,99,,,,,,,,99,-1,,,,,,,,-1,71,,,,,,,,71,83,,,,,,,,83,-12,,,,,,,,-12,214,169,145,90,96,98,90,96,99,0,0,-1
LYON,LOIRE,LYCEE SAINT PAUL,SAINT ETIENNE,0421035X,42218,PR,154,,,,,,,,154,98,,,,,,,,98,99,,,,,,,,99,-1,,,,,,,,-1,75,,,,,,,,75,85,,,,,,,,85,-10,,,,,,,,-10,192,152,173,90,97,99,90,97,99,0,0,0
LYON,LOIRE,LYCEE LA SALESIENNE (GENERAL ET TECHNO.),SAINT ETIENNE,0422158T,42218,PR,,,,,15,33,,,48,,,,,93,100,,,98,,,,,97,97,,,97,,,,,-4,+3,,,+1,,,,,60,67,,,65,,,,,72,62,,,65,,,,,-12,+5,,,0,29,43,48,82,96,100,88,93,97,-6,+3,+3
LYON,LOIRE,LYCEE RENOUVEAU (GENERAL ET TECHNO.),SAINT GENESAINT LERPT,0422160V,42223,PR,,,,,,,,22,22,,,,,,,,100,100,,,,,,,,ND,ND,,,,,,,,ND,ND,,,,,,,,86,86,,,,,,,,ND,ND,,,,,,,,ND,ND,22,28,21,100,100,100,ND,ND,ND,ND,ND,ND
LYON,LOIRE,LYCEE SIMONE WEIL,SAINT PRIESAINT EN JAREZ,0420044V,42275,PU,168,71,,,,,,,239,98,92,,,,,,,96,98,95,,,,,,,97,0,-3,,,,,,,-1,71,38,,,,,,,61,76,47,,,,,,,68,-5,-9,,,,,,,-7,349,266,238,84,95,98,87,94,98,-3,+1,0
LYON,RHONE,LYCEE AIGUERANDE (GENERAL ET TECHNO.),BELLEVILLE EN BEAUJOLAIS,0693734J,69019,PU,257,70,,,,64,,,391,94,96,,,,92,,,94,98,95,,,,94,,,97,-4,+1,,,,-2,,,-3,60,53,,,,42,,,55,74,51,,,,50,,,66,-14,+2,,,,-8,,,-11,434,369,373,86,95,97,87,94,97,-1,+1,0
LYON,RHONE,LYCEE JEAN-PAUL SARTRE,BRON,0693044J,69029,PU,291,71,,31,32,68,,,493,95,94,,97,97,78,,,93,98,96,,99,94,90,,,97,-3,-2,,-2,+3,-12,,,-4,68,42,,68,66,28,,,59,77,50,,85,57,42,,,68,-9,-8,,-17,+9,-14,,,-9,479,441,506,81,91,94,86,94,97,-5,-3,-3
LYON,RHONE,LYCEE BLAISE PASCAL,CHARBONNIERES LES BAINS,0693518Z,69044,PU,317,105,34,,,,,,456,97,92,97,,,,,,96,99,96,96,,,,,,98,-2,-4,+1,,,,,,-2,69,44,59,,,,,,63,82,51,62,,,,,,73,-13,-7,-3,,,,,,-10,476,457,474,90,96,98,88,95,98,+2,+1,0
LYON,RHONE,LYCEE FRANCOIS RABELAIS (GENERAL ET TECHNO.),DARDILLY,0693504J,69072,PU,,,,,,,,63,63,,,,,,,,100,100,,,,,,,,98,98,,,,,,,,+2,+2,,,,,,,,60,60,,,,,,,,65,65,,,,,,,,-5,-5,42,66,64,94,97,100,85,92,96,+9,+5,+4
LYON,RHONE,LYCEE CHARLIE CHAPLIN (GENERAL ET TECHNO.),DECINES CHARPIEU,0692800U,69275,PU,309,102,62,,,,,,473,94,92,85,,,,,,92,97,91,90,,,,,,95,-3,+1,-5,,,,,,-3,50,34,40,,,,,,45,67,39,41,,,,,,57,-17,-5,-1,,,,,,-12,298,295,472,79,88,92,83,92,96,-4,-4,-4
LYON,RHONE,LYCEE AL KINDI,DECINES CHARPIEU,0694086S,69275,PR,38,16,,,,,,,54,100,100,,,,,,,100,99,96,,,,,,,98,+1,+4,,,,,,,+2,87,75,,,,,,,83,80,53,,,,,,,72,+7,+22,,,,,,,+11,50,63,60,84,90,96,86,95,98,-2,-5,-2
LYON,RHONE,LYCEE ARAGON-PICASSO (GENERAL ET TECHNO.),GIVORS,0693330V,69091,PU,196,70,47,,,,,,313,97,87,98,,,,,,95,97,89,93,,,,,,94,0,-2,+5,,,,,,+1,53,40,43,,,,,,49,67,32,51,,,,,,57,-14,+8,-8,,,,,,-8,407,342,331,82,92,95,83,92,95,-1,0,0
LYON,RHONE,LYCEE ASSOMPTION BELLEVUE,LA MULATIERE,0690539L,69142,PR,160,,,,,39,,,199,100,,,,,100,,,100,99,,,,,99,,,99,+1,,,,,+1,,,+1,82,,,,,77,,,81,87,,,,,71,,,84,-5,,,,,+6,,,-3,211,219,202,91,95,98,90,96,99,+1,-1,-1
LYON,RHONE,LYCEE LA MARTINIERE DIDEROT,LYON 01,0690037R,69381,PU,89,,66,59,57,,,,271,97,,86,97,88,,,,92,99,,93,99,92,,,,96,-2,,-7,-2,-4,,,,-4,70,,36,85,49,,,,61,80,,47,89,51,,,,68,-10,,-11,-4,-2,,,,-7,279,236,204,74,89,93,84,93,97,-10,-4,-4
LYON,RHONE,LYCEE SAINT LOUIS-SAINT BRUNO,LYON 01,0690563M,69381,PR,141,33,,,,,,,174,99,100,,,,,,,99,99,97,,,,,,,99,0,+3,,,,,,,0,65,48,,,,,,,61,81,56,,,,,,,76,-16,-8,,,,,,,-15,207,170,155,77,94,100,88,95,99,-11,-1,+1
LYON,RHONE,INSTITUTION DES CHARTREUX,LYON 01,0690564N,69381,PR,280,,,,,,,,280,100,,,,,,,,100,100,,,,,,,,100,0,,,,,,,,0,98,,,,,,,,98,94,,,,,,,,94,+4,,,,,,,,+4,325,325,262,89,96,99,92,97,100,-3,-1,-1
LYON,RHONE,LYCEE AUX LAZARISTES LA SALLE,LYON 01,0690671E,69381,PR,,31,47,,32,,,,110,,100,98,,100,,,,99,,98,98,,98,,,,98,,+2,0,,+2,,,,+1,,52,74,,66,,,,65,,62,78,,77,,,,73,,-10,-4,,-11,,,,-8,93,102,104,80,91,98,84,94,98,-4,-3,0
LYON,RHONE,LYCEE AMPERE,LYON 02,0690023A,69382,PU,265,69,,,,,,,334,97,93,,,,,,,96,98,92,,,,,,,97,-1,+1,,,,,,,-1,68,45,,,,,,,63,78,42,,,,,,,71,-10,+3,,,,,,,-8,302,247,298,78,93,97,86,94,98,-8,-1,-1
LYON,RHONE,LYCEE JULIETTE RECAMIER,LYON 02,0690032K,69382,PU,119,70,,,,,,,189,94,87,,,,,,,92,97,90,,,,,,,95,-3,-3,,,,,,,-3,66,34,,,,,,,54,71,37,,,,,,,59,-5,-3,,,,,,,-5,198,191,179,79,91,93,82,92,96,-3,-1,-3
LYON,RHONE,LYCEE SAINT MARC,LYON 02,0690571W,69382,PR,262,,,,,,,,262,100,,,,,,,,100,100,,,,,,,,100,0,,,,,,,,0,92,,,,,,,,92,92,,,,,,,,92,0,,,,,,,,0,290,290,280,85,93,98,92,97,100,-7,-4,-2
LYON,RHONE,LYCEE LACASSAGNE,LYON 03,0690029G,69383,PU,137,69,,,,,,,206,94,68,,,,,,,85,98,86,,,,,,,94,-4,-18,,,,,,,-9,61,17,,,,,,,46,71,27,,,,,,,56,-10,-10,,,,,,,-10,202,196,208,75,86,88,82,91,95,-7,-5,-7
LYON,RHONE,LYCEE CHARLES DE FOUCAULD,LYON 03,0690514J,69383,PR,201,31,,,,,,,232,100,100,,,,,,,100,100,98,,,,,,,99,0,+2,,,,,,,+1,93,48,,,,,,,87,92,63,,,,,,,88,+1,-15,,,,,,,-1,253,223,232,83,94,98,91,97,99,-8,-3,-1
LYON,RHONE,LYCEE ANTOINE DE SAINT-EXUPERY,LYON 04,0690031J,69384,PU,338,70,,,,,16,,424,97,80,,,,,100,,94,99,92,,,,,100,,98,-2,-12,,,,,0,,-4,72,34,,,,,100,,67,79,35,,,,,91,,72,-7,-1,,,,,+9,,-5,480,460,459,88,92,96,88,95,98,0,-3,-2
LYON,RHONE,LYCEE SAINT JUST,LYON 05,0690028F,69385,PU,337,69,,,,,,,406,96,87,,,,,,,95,99,94,,,,,,,98,-3,-7,,,,,,,-3,67,32,,,,,,,61,83,44,,,,,,,76,-16,-12,,,,,,,-15,424,377,371,86,92,96,88,95,98,-2,-3,-2
LYON,RHONE,LYCEE EDOUARD BRANLY (GENERAL ET TECHNO.),LYON 05,0690128P,69385,PU,129,35,92,,,,,,256,95,94,91,,,,,,94,98,91,94,,,,,,95,-3,+3,-3,,,,,,-1,66,29,50,,,,,,55,73,38,50,,,,,,60,-7,-9,0,,,,,,-5,264,241,253,79,91,96,82,92,96,-3,-1,0
LYON,RHONE,LYCEE NOTRE DAME DES MINIMES,LYON 05,0690519P,69385,PR,142,,,,20,,,,162,99,,,,100,,,,99,99,,,,98,,,,99,0,,,,+2,,,,0,75,,,,65,,,,74,87,,,,77,,,,86,-12,,,,-12,,,,-12,250,215,180,79,93,99,90,96,99,-11,-3,0
LYON,RHONE,LYCEE LA FAVORITE SAINTE THERESE,LYON 05,0690520R,69385,PR,157,59,,,,,,,216,99,100,,,,,,,99,100,99,,,,,,,99,-1,+1,,,,,,,0,80,73,,,,,,,78,88,71,,,,,,,84,-8,+2,,,,,,,-6,203,222,195,88,96,99,91,96,99,-3,0,0
LYON,RHONE,LYCEE SAINTE MARIE LYON,LYON 05,0690521S,69385,PR,573,100,,,,,,,673,100,100,,,,,,,100,100,99,,,,,,,100,0,+1,,,,,,,0,90,65,,,,,,,87,92,70,,,,,,,88,-2,-5,,,,,,,-1,692,600,628,89,96,100,90,97,99,-1,-1,+1
LYON,RHONE,LYCEE AUX LAZARISTES LA SALLE FOURVIERE,LYON 05,0690522T,69385,PR,292,,30,,,,,,322,100,,100,,,,,,100,100,,99,,,,,,100,0,,+1,,,,,,0,92,,97,,,,,,92,93,,86,,,,,,92,-1,,+11,,,,,,0,336,359,301,93,95,100,91,97,100,+2,-2,0
LYON,RHONE,LYCEE ICOF,LYON 05,0690631L,69385,PR,,85,,,,,,,85,,99,,,,,,,99,,97,,,,,,,97,,+2,,,,,,,+2,,42,,,,,,,42,,57,,,,,,,57,,-15,,,,,,,-15,31,77,75,78,86,98,81,91,97,-3,-5,+1
LYON,RHONE,LYCEE DON BOSCO,LYON 05,0691659D,69385,PR,,,,,,49,,,49,,,,,,100,,,100,,,,,,98,,,98,,,,,,+2,,,+2,,,,,,53,,,53,,,,,,66,,,66,,,,,,-13,,,-13,25,41,40,89,96,98,88,94,98,+1,+2,0
LYON,RHONE,LYCEE DU PARC,LYON 06,0690026D,69386,PU,228,,,,,,,,228,100,,,,,,,,100,99,,,,,,,,99,+1,,,,,,,,+1,79,,,,,,,,79,85,,,,,,,,85,-6,,,,,,,,-6,245,228,230,92,96,100,89,97,99,+3,-1,+1
LYON,RHONE,LYCEE EDOUARD HERRIOT,LYON 06,0690027E,69386,PU,186,71,,,,,,,257,98,93,,,,,,,97,99,96,,,,,,,98,-1,-3,,,,,,,-1,82,38,,,,,,,70,85,51,,,,,,,76,-3,-13,,,,,,,-6,302,264,276,89,98,99,88,95,98,+1,+3,+1
LYON,RHONE,LYCEE DEBORDE,LYON 06,0690529A,69386,PR,50,,,,,,,,50,100,,,,,,,,100,99,,,,,,,,99,+1,,,,,,,,+1,86,,,,,,,,86,84,,,,,,,,84,+2,,,,,,,,+2,61,42,57,84,93,100,88,96,99,-4,-3,+1
LYON,RHONE,EXTERNAT DE LA TRINITE,LYON 06,0690533E,69386,PR,126,,,,,,,,126,100,,,,,,,,100,99,,,,,,,,99,+1,,,,,,,,+1,88,,,,,,,,88,88,,,,,,,,88,0,,,,,,,,0,185,150,185,87,94,98,91,97,99,-4,-3,-1
LYON,RHONE,LYCEE CARREL,LYON 06,0690646C,69386,PR,,,,,,31,,,31,,,,,,97,,,97,,,,,,ND,,,ND,,,,,,ND,,,ND,,,,,,42,,,42,,,,,,ND,,,ND,,,,,,ND,,,ND,15,27,26,77,82,97,ND,ND,ND,ND,ND,ND
LYON,RHONE,LYCEE BELMONT-CAPDEPON,LYON 07,0690536H,69387,PR,87,31,,,,,,,118,99,100,,,,,,,99,96,98,,,,,,,97,+3,+2,,,,,,,+2,64,58,,,,,,,63,64,62,,,,,,,63,0,-4,,,,,,,0,176,120,105,83,92,98,87,94,98,-4,-2,0
LYON,RHONE,LYCEE CHEVREUL LESTONNAC,LYON 07,0690574Z,69387,PR,231,58,,,,39,,,328,99,100,,,,97,,,99,99,99,,,,99,,,99,0,+1,,,,-2,,,0,81,71,,,,67,,,78,88,67,,,,75,,,83,-7,+4,,,,-8,,,-5,290,323,277,86,94,99,90,96,99,-4,-2,0
LYON,RHONE,CITE SCOLAIRE INTERNATIONALE,LYON 07,0693446W,69387,PU,256,,,,,,,,256,99,,,,,,,,99,99,,,,,,,,99,0,,,,,,,,0,86,,,,,,,,86,84,,,,,,,,84,+2,,,,,,,,+2,313,276,270,90,97,99,87,96,99,+3,+1,0
LYON,RHONE,LYCEE DOCTEUR CHARLES MERIEUX,LYON 07,0694405N,69387,PU,176,,37,,,,,,213,94,,86,,,,,,92,97,,88,,,,,,96,-3,,-2,,,,,,-4,60,,35,,,,,,56,69,,37,,,,,,63,-9,,-2,,,,,,-7,244,234,215,83,93,96,84,93,97,-1,0,-1
LYON,RHONE,LYCEE AUGUSTE ET LOUIS LUMIERE,LYON 08,0690035N,69388,PU,226,70,,,,108,,,404,90,91,,,,75,,,86,94,87,,,,87,,,91,-4,+4,,,,-12,,,-5,46,26,,,,28,,,38,54,29,,,,37,,,45,-8,-3,,,,-9,,,-7,349,417,407,78,88,91,81,89,93,-3,-1,-2
LYON,RHONE,LYCEE COLBERT,LYON 08,0690042W,69388,PU,92,72,,,,,,,164,92,88,,,,,,,90,94,86,,,,,,,91,-2,+2,,,,,,,-1,48,24,,,,,,,37,55,30,,,,,,,44,-7,-6,,,,,,,-7,261,204,175,73,88,91,79,88,92,-6,0,-1
LYON,RHONE,LYCEE PIERRE TERMIER,LYON 08,0690538K,69388,PR,117,,,,,,,,117,100,,,,,,,,100,100,,,,,,,,100,0,,,,,,,,0,82,,,,,,,,82,89,,,,,,,,89,-7,,,,,,,,-7,163,141,105,90,100,100,92,97,99,-2,+3,+1
LYON,RHONE,LYCEE LA MACHE,LYON 08,0690634P,69388,PR,,,116,,,,,,116,,,99,,,,,,99,,,98,,,,,,98,,,+1,,,,,,+1,,,79,,,,,,79,,,77,,,,,,77,,,+2,,,,,,+2,64,108,114,87,94,98,87,94,98,0,0,0
LYON,RHONE,LYCEE O R T,LYON 08,0690642Y,69388,PR,,13,12,,,,,,25,,100,92,,,,,,96,,ND,ND,,,,,,ND,,ND,ND,,,,,,ND,,54,50,,,,,,52,,ND,ND,,,,,,ND,,ND,ND,,,,,,ND,14,27,25,71,85,96,ND,ND,ND,ND,ND,ND
LYON,RHONE,LYCEE LA MARTINIERE MONPLAISIR,LYON 08,0692866R,69388,PU,230,,133,,,,,,363,93,,77,,,,,,87,96,,90,,,,,,93,-3,,-13,,,,,,-6,43,,26,,,,,,37,59,,41,,,,,,53,-16,,-15,,,,,,-16,311,291,316,78,87,90,82,91,95,-4,-4,-5
LYON,RHONE,LYCEE LA XAVIERE,LYON 08,0693587Z,69388,PR,127,,,,,,,,127,99,,,,,,,,99,99,,,,,,,,99,0,,,,,,,,0,82,,,,,,,,82,87,,,,,,,,87,-5,,,,,,,,-5,157,156,131,85,97,99,90,96,99,-5,+1,0
LYON,RHONE,LYCEE LA MARTINIERE  DUCHERE,LYON 09,0690038S,69389,PU,160,74,,,34,70,,,338,90,84,,,85,91,,,88,95,89,,,87,90,,,92,-5,-5,,,-2,+1,,,-4,42,19,,,32,39,,,36,61,32,,,43,42,,,49,-19,-13,,,-11,-3,,,-13,272,336,326,85,91,93,80,90,94,+5,+1,-1
LYON,RHONE,LYCEE JEAN PERRIN,LYON 09,0690082P,69389,PU,182,67,,,,,,,249,95,84,,,,,,,92,98,91,,,,,,,96,-3,-7,,,,,,,-4,66,25,,,,,,,55,76,33,,,,,,,64,-10,-8,,,,,,,-9,261,227,216,82,93,97,84,93,97,-2,0,0
LYON,RHONE,LYCEE JEHANNE DE FRANCE (GENERAL ET TECHNO.),LYON 09,0693786R,69389,PR,,,,,,,,21,21,,,,,,,,100,100,,,,,,,,ND,ND,,,,,,,,ND,ND,,,,,,,,81,81,,,,,,,,ND,ND,,,,,,,,ND,ND,22,19,20,87,87,100,ND,ND,ND,ND,ND,ND
LYON,RHONE,LYCEE NOTRE DAME DE BELLEGARDE,NEUVILLE SUR SAONE,0690540M,69143,PR,211,,,,,,,,211,100,,,,,,,,100,100,,,,,,,,100,0,,,,,,,,0,88,,,,,,,,88,90,,,,,,,,90,-2,,,,,,,,-2,271,231,225,90,97,100,92,97,100,-2,0,0
LYON,RHONE,LYCEE ROSA PARKS,NEUVILLE SUR SAONE,0694026B,69143,PU,234,,32,,,,,,266,97,,100,,,,,,97,98,,96,,,,,,98,-1,,+4,,,,,,-1,62,,59,,,,,,61,74,,58,,,,,,72,-12,,+1,,,,,,-11,339,234,244,87,96,98,88,95,98,-1,+1,0
LYON,RHONE,LYCEE PARC CHABRIERES,OULLINS PIERRE BENITE,0690074F,69149,PU,168,77,35,,,,,,280,91,83,74,,,,,,87,96,91,88,,,,,,93,-5,-8,-14,,,,,,-6,53,26,34,,,,,,43,63,38,38,,,,,,53,-10,-12,-4,,,,,,-10,266,263,263,76,85,89,81,91,95,-5,-6,-6
LYON,RHONE,LYCEE DES CHASSAGNES,OULLINS PIERRE BENITE,0690542P,69149,PR,51,21,,,,,,,72,98,95,,,,,,,97,98,98,,,,,,,98,0,-3,,,,,,,-1,53,38,,,,,,,49,68,63,,,,,,,67,-15,-25,,,,,,,-18,92,89,60,85,91,97,88,94,98,-3,-3,-1
LYON,RHONE,LYCEE SAINT THOMAS D'AQUIN VERITAS,OULLINS PIERRE BENITE,0690543R,69149,PR,313,22,24,,,,,,359,100,100,100,,,,,,100,100,99,99,,,,,,100,0,+1,+1,,,,,,0,92,73,92,,,,,,91,92,74,86,,,,,,91,0,-1,+6,,,,,,0,423,354,342,87,98,100,91,97,99,-4,+1,+1
LYON,RHONE,LYCEE CAMUS-SERMENAZ (GENERAL ET TECHNO.),RILLIEUX LA PAPE,0692517L,69286,PU,132,68,28,,,50,,,278,86,79,82,,,88,,,85,92,83,89,,,89,,,89,-6,-4,-7,,,-1,,,-4,42,21,36,,,24,,,33,51,25,37,,,38,,,41,-9,-4,-1,,,-14,,,-8,246,266,246,70,80,85,77,87,91,-7,-7,-6
LYON,RHONE,LYCEE SAINT CHARLES,RILLIEUX LA PAPE,0694197M,69286,PR,48,,,,,,,,48,98,,,,,,,,98,98,,,,,,,,98,0,,,,,,,,0,54,,,,,,,,54,76,,,,,,,,76,-22,,,,,,,,-22,81,79,58,81,95,100,89,96,99,-8,-1,+1
LYON,RHONE,LYCEE GERMAINE TILLION,SAIN BEL,0694069Y,69171,PU,258,,24,,,,,,282,96,,100,,,,,,96,99,,96,,,,,,99,-3,,+4,,,,,,-3,70,,62,,,,,,70,82,,68,,,,,,81,-12,,-6,,,,,,-11,350,252,280,91,96,97,90,96,99,+1,0,-2
LYON,RHONE,LYCEE RENE DESCARTES,SAINT GENIS LAVAL,0693654X,69204,PU,339,72,32,,25,,,,468,96,88,97,,92,,,,95,99,96,98,,97,,,,98,-3,-8,-1,,-5,,,,-3,73,24,66,,72,,,,65,84,48,72,,70,,,,77,-11,-24,-6,,+2,,,,-12,548,513,480,84,94,97,88,95,99,-4,-1,-2
LYON,RHONE,LYCEE CONDORCET,SAINT PRIEST,0693478F,69290,PU,293,106,57,,,,,,456,84,92,70,,,,,,84,92,90,86,,,,,,91,-8,+2,-16,,,,,,-7,41,33,21,,,,,,37,54,36,33,,,,,,47,-13,-3,-12,,,,,,-10,481,460,484,82,87,89,81,90,94,+1,-3,-5
LYON,RHONE,LYCEE CHAMPAGNAT,SAINT SYMPHORIEN SUR COISE,0691654Y,69238,PR,136,31,29,,,,,,196,100,100,100,,,,,,100,99,98,98,,,,,,99,+1,+2,+2,,,,,,+1,84,61,93,,,,,,82,87,66,81,,,,,,83,-3,-5,+12,,,,,,-1,200,198,169,91,97,99,90,96,99,+1,+1,0
LYON,RHONE,LYCEE RENE CASSIN (GENERAL ET TECHNO.),TARARE,0690085T,69243,PU,120,66,19,,,,,,205,99,92,100,,,,,,97,99,95,97,,,,,,97,0,-3,+3,,,,,,0,81,58,63,,,,,,72,77,54,64,,,,,,69,+4,+4,-1,,,,,,+3,205,187,190,86,94,97,87,94,98,-1,0,-1
LYON,RHONE,LYCEE NOTRE DAME DE BEL AIR,TARARE,0693267B,69243,PR,111,,31,,,26,,,168,100,,100,,,100,,,100,99,,97,,,99,,,99,+1,,+3,,,+1,,,+1,77,,52,,,58,,,69,82,,66,,,69,,,77,-5,,-14,,,-11,,,-8,189,194,150,91,95,100,89,95,98,+2,0,+2
LYON,RHONE,LYCEE SAINT JOSEPH,TASSIN LA DEMI LUNE,0690550Y,69244,PR,145,,,,,,,,145,100,,,,,,,,100,100,,,,,,,,100,0,,,,,,,,0,86,,,,,,,,86,90,,,,,,,,90,-4,,,,,,,,-4,192,147,166,82,96,100,92,97,100,-10,-1,0
LYON,RHONE,LYCEE FRANCOIS MANSART (GENERAL ET TECHNO.),THIZY LES BOURGS,0693566B,69248,PU,51,22,,,,,,,73,94,95,,,,,,,95,97,95,,,,,,,97,-3,0,,,,,,,-2,53,50,,,,,,,52,67,46,,,,,,,60,-14,+4,,,,,,,-8,76,79,69,79,86,90,86,93,96,-7,-7,-6
LYON,RHONE,LYCEE ROBERT DOISNEAU,VAULX EN VELIN,0693619J,69256,PU,136,36,58,,,37,,,267,81,89,57,,,68,,,75,89,91,79,,,85,,,87,-8,-2,-22,,,-17,,,-12,38,50,12,,,8,,,30,43,36,22,,,31,,,36,-5,+14,-10,,,-23,,,-6,262,259,256,72,81,84,76,87,91,-4,-6,-7
LYON,RHONE,LYCEE MARCEL SEMBAT,VENISSIEUX,0690104N,69259,PU,96,34,50,,,,,,180,84,79,76,,,,,,81,92,87,80,,,,,,87,-8,-8,-4,,,,,,-6,31,21,8,,,,,,23,46,28,16,,,,,,34,-15,-7,-8,,,,,,-11,204,162,203,67,85,88,76,86,91,-9,-1,-3
LYON,RHONE,LYCEE JACQUES BREL (GENERAL ET TECHNO.),VENISSIEUX,0692717D,69259,PU,97,59,,,,60,,,216,87,68,,,,78,,,79,87,85,,,,88,,,87,0,-17,,,,-10,,,-8,36,14,,,,22,,,26,38,29,,,,39,,,36,-2,-15,,,,-17,,,-10,207,217,232,72,80,85,78,87,91,-6,-7,-6
LYON,RHONE,LYCEE CLAUDE BERNARD (GENERAL ET TECHNO.),VILLEFRANCHE SUR SAONE,0690097F,69264,PU,195,103,,,,,,,298,95,86,,,,,,,92,96,92,,,,,,,95,-1,-6,,,,,,,-3,57,28,,,,,,,47,64,39,,,,,,,56,-7,-11,,,,,,,-9,329,278,293,81,89,93,84,92,96,-3,-3,-3
LYON,RHONE,LYCEE NOTRE DAME DE MONGRE,VILLEFRANCHE SUR SAONE,0690552A,69264,PR,211,,,,,,,,211,100,,,,,,,,100,99,,,,,,,,99,+1,,,,,,,,+1,83,,,,,,,,83,86,,,,,,,,86,-3,,,,,,,,-3,254,210,201,86,97,100,91,97,99,-5,0,+1
LYON,RHONE,LYCEE NOTRE DAME,VILLEFRANCHE SUR SAONE,0690553B,69264,PR,26,52,,,10,38,,,126,100,100,,,100,100,,,100,99,98,,,99,99,,,99,+1,+2,,,+1,+1,,,+1,77,63,,,90,79,,,73,80,64,,,81,73,,,71,-3,-1,,,+9,+6,,,+2,92,123,113,84,93,99,88,95,98,-4,-2,+1
LYON,RHONE,LYCEE LOUIS ARMAND (GENERAL ET TECHNO.),VILLEFRANCHE SUR SAONE,0691644M,69264,PU,318,,97,,,,,,415,100,,95,,,,,,99,99,,96,,,,,,98,+1,,-1,,,,,,+1,79,,63,,,,,,75,82,,63,,,,,,78,-3,,0,,,,,,-3,479,445,407,88,96,99,88,95,98,0,+1,+1
LYON,RHONE,LYCEE FREDERIC FAYS (GENERAL ET TECHNO.),VILLEURBANNE,0690103M,69266,PU,201,102,35,,,,,,338,89,73,89,,,,,,84,89,84,86,,,,,,87,0,-11,+3,,,,,,-3,35,15,17,,,,,,27,43,26,29,,,,,,36,-8,-11,-12,,,,,,-9,352,338,368,76,86,91,77,87,91,-1,-1,0
LYON,RHONE,LYCEE PIERRE BROSSOLETTE,VILLEURBANNE,0690132U,69266,PU,174,118,,,,,,,292,90,82,,,,,,,87,94,88,,,,,,,91,-4,-6,,,,,,,-4,45,27,,,,,,,38,56,32,,,,,,,46,-11,-5,,,,,,,-8,375,298,322,79,88,89,80,89,93,-1,-1,-4
LYON,RHONE,LYCEE IMMACULEE CONCEPTION,VILLEURBANNE,0690554C,69266,PR,139,,,,,,,,139,100,,,,,,,,100,99,,,,,,,,99,+1,,,,,,,,+1,75,,,,,,,,75,84,,,,,,,,84,-9,,,,,,,,-9,185,164,149,83,94,99,91,96,99,-8,-2,0
LYON,RHONE,LYCEE JUIF DE LYON,VILLEURBANNE,0693769X,69266,PR,31,,,,,,,,31,100,,,,,,,,100,ND,,,,,,,,ND,ND,,,,,,,,ND,77,,,,,,,,77,ND,,,,,,,,ND,ND,,,,,,,,ND,63,35,38,59,97,97,ND,ND,ND,ND,ND,ND
MARTINIQUE,MARTINIQUE,LYCEE DU NORD CARAIBE (GENERAL ET TECHNO.),BELLEFONTAINE,9720823M,97234,PU,40,,,,,,,19,59,98,,,,,,,89,95,94,,,,,,,86,91,+4,,,,,,,+3,+4,58,,,,,,,53,56,54,,,,,,,42,50,+4,,,,,,,+11,+6,61,41,62,85,91,97,81,91,95,+4,0,+2
MARTINIQUE,MARTINIQUE,LYCEE PAULETTE NARDAL (EX CENTRE SUD),DUCOS,9720825P,97207,PU,180,61,,,,,,,241,99,98,,,,,,,99,96,91,,,,,,,95,+3,+7,,,,,,,+4,64,34,,,,,,,57,63,32,,,,,,,55,+1,+2,,,,,,,+2,198,260,252,95,98,100,85,93,96,+10,+5,+4
MARTINIQUE,MARTINIQUE,LYCEE VICTOR SCHOELCHER,FORT DE FRANCE,9720002V,97209,PU,180,64,,,,,,,244,96,92,,,,,,,95,95,92,,,,,,,94,+1,0,,,,,,,+1,56,47,,,,,,,53,57,40,,,,,,,53,-1,+7,,,,,,,0,341,309,282,89,92,95,84,92,96,+5,0,-1
MARTINIQUE,MARTINIQUE,LYCEE BELLEVUE,FORT DE FRANCE,9720003W,97209,PU,278,33,,,14,32,,,357,96,97,,,100,100,,,97,94,90,,,97,92,,,94,+2,+7,,,+3,+8,,,+3,56,39,,,50,47,,,54,53,34,,,64,45,,,51,+3,+5,,,-14,+2,,,+3,341,344,342,87,96,98,82,92,96,+5,+4,+2
MARTINIQUE,MARTINIQUE,LYCEE JOSEPH GAILLARD,FORT DE FRANCE,9720004X,97209,PU,54,53,28,,,55,,,190,83,92,96,,,89,,,89,74,85,83,,,83,,,81,+9,+7,+13,,,+6,,,+8,17,21,32,,,22,,,22,20,24,22,,,31,,,24,-3,-3,+10,,,-9,,,-2,113,209,203,80,86,92,72,82,87,+8,+4,+5
MARTINIQUE,MARTINIQUE,LYCEE ST JOSEPH DE CLUNY,FORT DE FRANCE,9720063L,97209,PR,147,22,,,,,,,169,99,91,,,,,,,98,99,97,,,,,,,99,0,-6,,,,,,,-1,74,41,,,,,,,70,83,51,,,,,,,79,-9,-10,,,,,,,-9,177,194,163,93,96,98,90,96,99,+3,0,-1
MARTINIQUE,MARTINIQUE,LYCEE AMEP (GENERAL ET TECHNO.),FORT DE FRANCE,9720615L,97209,PR,19,13,7,,,,,,39,89,100,100,,,,,,95,ND,ND,ND,,,,,,ND,ND,ND,ND,,,,,,ND,53,46,43,,,,,,49,ND,ND,ND,,,,,,ND,ND,ND,ND,,,,,,ND,31,46,40,86,97,97,ND,ND,ND,ND,ND,ND
MARTINIQUE,MARTINIQUE,SEMINAIRE-COLLEGE STE MARIE,FORT DE FRANCE,9720829U,97209,PR,79,,,,,,,,79,100,,,,,,,,100,98,,,,,,,,98,+2,,,,,,,,+2,68,,,,,,,,68,70,,,,,,,,70,-2,,,,,,,,-2,89,91,63,89,99,100,85,94,98,+4,+5,+2
MARTINIQUE,MARTINIQUE,LYCEE FRANTZ FANON,LA TRINITE,9720350Y,97230,PU,133,59,22,,,53,,,267,99,98,91,,,94,,,97,94,89,88,,,91,,,92,+5,+9,+3,,,+3,,,+5,61,31,27,,,43,,,48,50,31,32,,,39,,,42,+11,0,-5,,,+4,,,+6,217,313,282,92,94,97,81,90,94,+11,+4,+3
MARTINIQUE,MARTINIQUE,LYCEE LA JETEE (GENERAL ET TECHNO.),LE FRANCOIS,9720771F,97210,PU,108,31,,,,,,,139,88,100,,,,,,,91,93,92,,,,,,,93,-5,+8,,,,,,,-2,55,29,,,,,,,49,56,36,,,,,,,51,-1,-7,,,,,,,-2,160,129,115,79,92,94,83,92,96,-4,0,-2
MARTINIQUE,MARTINIQUE,LYCEE ACAJOU 1,LE LAMENTIN,9720694X,97213,PU,54,34,,,,,,,88,94,85,,,,,,,91,91,86,,,,,,,89,+3,-1,,,,,,,+2,57,18,,,,,,,42,44,26,,,,,,,37,+13,-8,,,,,,,+5,75,92,81,75,85,92,77,88,92,-2,-3,0
MARTINIQUE,MARTINIQUE,LYCEE ACAJOU 2 (GENERAL ET TECHNO.),LE LAMENTIN,9720695Y,97213,PU,136,,31,,,,,,167,97,,94,,,,,,96,94,,85,,,,,,92,+3,,+9,,,,,,+4,60,,13,,,,,,51,50,,30,,,,,,46,+10,,-17,,,,,,+5,175,123,151,73,89,97,83,91,95,-10,-2,+2
MARTINIQUE,MARTINIQUE,LYCEE JOSEPH PERNOCK (GENERAL ET TECHNO.),LE LORRAIN,9720726G,97214,PU,23,23,,,19,,,,65,91,96,,,95,,,,94,91,88,,,80,,,,87,0,+8,,,+15,,,,+7,39,48,,,37,,,,42,42,32,,,25,,,,33,-3,+16,,,+12,,,,+9,44,59,58,81,82,94,78,87,90,+3,-5,+4
MARTINIQUE,MARTINIQUE,LYCEE MONTGERALD,LE MARIN,9720727H,97217,PU,95,47,,,,35,,,177,98,100,,,,94,,,98,93,92,,,,89,,,92,+5,+8,,,,+5,,,+6,51,57,,,,29,,,48,48,38,,,,36,,,43,+3,+19,,,,-7,,,+5,156,165,160,86,96,98,82,90,94,+4,+6,+4
MARTINIQUE,MARTINIQUE,LYCEE JOSEPH ZOBEL (GENERAL ET TECHNO.),RIVIERE SALEE,9720725F,97221,PU,150,,22,,,,,,172,99,,91,,,,,,98,94,,86,,,,,,93,+5,,+5,,,,,,+5,48,,23,,,,,,45,52,,28,,,,,,49,-4,,-5,,,,,,-4,177,126,160,89,94,98,83,92,95,+6,+2,+3
MARTINIQUE,MARTINIQUE,VICTOR ANICET (EX SAINT-JAMES) LYCEE NDAA (GENERAL ET TECHNO.),SAINT PIERRE,9720888H,97225,PU,30,,,40,,,,,70,87,,,98,,,,,93,89,,,98,,,,,94,-2,,,0,,,,,-1,40,,,65,,,,,54,42,,,66,,,,,56,-2,,,-1,,,,,-2,76,66,63,78,85,96,83,91,95,-5,-6,+1
MARTINIQUE,MARTINIQUE,LYCEE ADVENTISTE RAMA (GENERAL ET TECHNO.),SAINTE LUCE,9720479N,97227,PR,56,23,,,,14,,,93,98,100,,,,100,,,99,97,93,,,,95,,,96,+1,+7,,,,+5,,,+3,71,43,,,,57,,,62,64,42,,,,49,,,56,+7,+1,,,,+8,,,+6,123,92,90,87,95,100,84,92,96,+3,+3,+4
MARTINIQUE,MARTINIQUE,LYCEE NORD ATLANTIQUE (GENERAL ET TECHNO.),SAINTE MARIE,9720692V,97228,PU,72,,,,,,,,72,99,,,,,,,,99,91,,,,,,,,91,+8,,,,,,,,+8,57,,,,,,,,57,45,,,,,,,,45,+12,,,,,,,,+12,81,76,77,96,100,100,83,91,95,+13,+9,+5
MAYOTTE,MAYOTTE,LYCEE DU NORD (GENERAL ET TECHNO.),ACOUA,9760270P,97601,PU,340,207,,,32,,,,579,78,82,,,91,,,,80,ND,ND,,,ND,,,,ND,ND,ND,,,ND,,,,ND,37,19,,,34,,,,31,ND,ND,,,ND,,,,ND,ND,ND,,,ND,,,,ND,574,519,564,83,88,89,ND,ND,ND,ND,ND,ND
MAYOTTE,MAYOTTE,LYCEE DE BANDRELE (GENERAL ET TECHNO.),BANDRELE,9760363R,97603,PU,90,,,,,30,,,120,72,,,,,83,,,75,ND,,,,,ND,,,ND,ND,,,,,ND,,,ND,41,,,,,40,,,41,ND,,,,,ND,,,ND,ND,,,,,ND,,,ND,188,123,126,66,76,80,ND,ND,ND,ND,ND,ND
MAYOTTE,MAYOTTE,LYCEE TANI MALANDI (GENERAL ET TECHNO.),CHIRONGUI,9760316P,97606,PU,226,157,,22,,,,,405,85,83,,68,,,,,83,ND,ND,,ND,,,,,ND,ND,ND,,ND,,,,,ND,38,22,,36,,,,,31,ND,ND,,ND,,,,,ND,ND,ND,,ND,,,,,ND,331,361,411,82,88,89,ND,ND,ND,ND,ND,ND
MAYOTTE,MAYOTTE,LYCEE DE DEMBENI (GENERAL ET TECHNO.),DEMBENI,9760338N,97607,PU,258,31,94,,79,68,,,530,82,74,73,,84,82,,,80,ND,ND,ND,,ND,ND,,,ND,ND,ND,ND,,ND,ND,,,ND,40,13,10,,28,29,,,30,ND,ND,ND,,ND,ND,,,ND,ND,ND,ND,,ND,ND,,,ND,583,528,529,72,84,86,ND,ND,ND,ND,ND,ND
MAYOTTE,MAYOTTE,LYCEE YOUNOUSSA BAMANA,MAMOUDZOU,9760127J,97611,PU,437,183,122,,28,,,,770,83,81,65,,86,,,,80,ND,ND,ND,,ND,,,,ND,ND,ND,ND,,ND,,,,ND,35,13,9,,25,,,,25,ND,ND,ND,,ND,,,,ND,ND,ND,ND,,ND,,,,ND,809,740,787,80,86,89,ND,ND,ND,ND,ND,ND
MAYOTTE,MAYOTTE,LYCEE DE KAWENI (GENERAL ET TECHNO.),MAMOUDZOU,9760163Y,97611,PU,103,,,,,,,50,153,60,,,,,,,72,64,ND,,,,,,,ND,ND,ND,,,,,,,ND,ND,21,,,,,,,16,20,ND,,,,,,,ND,ND,ND,,,,,,,ND,ND,170,163,167,61,69,73,ND,ND,ND,ND,ND,ND
MAYOTTE,MAYOTTE,LYCEE DES LUMIERES (GENERAL ET TECHNO.),MAMOUDZOU,9760370Y,97611,PU,309,169,,22,,36,,,536,85,86,,86,,100,,,87,ND,ND,,ND,,ND,,,ND,ND,ND,,ND,,ND,,,ND,45,25,,41,,53,,,39,ND,ND,,ND,,ND,,,ND,ND,ND,,ND,,ND,,,ND,726,536,501,78,88,90,ND,ND,ND,ND,ND,ND
MAYOTTE,MAYOTTE,LYCEE GUSTAVE EIFFEL (GENERAL ET TECHNO.),OUANGANI,9760125G,97614,PU,111,30,75,,,34,,,250,47,47,43,,,68,,,48,ND,ND,ND,,,ND,,,ND,ND,ND,ND,,,ND,,,ND,12,7,0,,,24,,,9,ND,ND,ND,,,ND,,,ND,ND,ND,ND,,,ND,,,ND,200,204,233,51,54,56,ND,ND,ND,ND,ND,ND
MAYOTTE,MAYOTTE,LYCEE DE PETITE-TERRE (GENERAL ET TECHNO.),PAMANDZI,9760229V,97615,PU,274,158,,,15,17,,,464,84,82,,,100,82,,,83,ND,ND,,,ND,ND,,,ND,ND,ND,,,ND,ND,,,ND,42,18,,,40,53,,,34,ND,ND,,,ND,ND,,,ND,ND,ND,,,ND,ND,,,ND,521,481,504,89,91,91,ND,ND,ND,ND,ND,ND
MAYOTTE,MAYOTTE,LYCEE DE SADA (GENERAL ET TECHNO.),SADA,9760182U,97616,PU,301,164,,,,,,,465,83,81,,,,,,,82,ND,ND,,,,,,,ND,ND,ND,,,,,,,ND,33,22,,,,,,,29,ND,ND,,,,,,,ND,ND,ND,,,,,,,ND,506,440,437,85,88,89,ND,ND,ND,ND,ND,ND
MONTPELLIER,AUDE,LYCEE PAUL SABATIER,CARCASSONNE,0110004V,11069,PU,309,104,,,,,,,413,98,86,,,,,,,95,97,89,,,,,,,95,+1,-3,,,,,,,0,72,27,,,,,,,61,64,32,,,,,,,56,+8,-5,,,,,,,+5,444,457,396,85,91,94,84,92,96,+1,-1,-2
MONTPELLIER,AUDE,LYCEE JULES FIL (GENERAL ET TECHNO.),CARCASSONNE,0110007Y,11069,PU,147,,56,,,65,,,268,95,,88,,,92,,,93,96,,88,,,91,,,93,-1,,0,,,+1,,,0,66,,39,,,55,,,58,65,,35,,,43,,,53,+1,,+4,,,+12,,,+5,257,290,283,82,90,95,82,91,95,0,-1,0
MONTPELLIER,AUDE,LYCEE SAINT LOUIS (GENERAL ET TECHNO.),CARCASSONNE,0110045P,11069,PR,59,14,,,,,,,73,98,100,,,,,,,99,98,96,,,,,,,98,0,+4,,,,,,,+1,76,86,,,,,,,78,72,47,,,,,,,67,+4,+39,,,,,,,+11,58,78,85,88,93,97,88,95,98,0,-2,-1
MONTPELLIER,AUDE,LYCEE GERMAINE TILLION (GENERAL ET TECHNO.),CASTELNAUDARY,0110012D,11076,PU,154,72,30,,,,,,256,99,93,100,,,,,,97,97,92,93,,,,,,95,+2,+1,+7,,,,,,+2,75,42,70,,,,,,65,67,37,46,,,,,,56,+8,+5,+24,,,,,,+9,262,294,298,94,97,98,85,92,96,+9,+5,+2
MONTPELLIER,AUDE,LYCEE ERNEST FERROUL (GENERAL ET TECHNO.),LEZIGNAN CORBIERES,0111048E,11203,PU,182,32,,,,28,,,242,98,94,,,,93,,,97,96,91,,,,94,,,95,+2,+3,,,,-1,,,+2,63,41,,,,50,,,59,63,34,,,,46,,,57,0,+7,,,,+4,,,+2,322,224,235,81,92,96,85,93,96,-4,-1,0
MONTPELLIER,AUDE,LYCEE JACQUES RUFFIE (GENERAL ET TECHNO.),LIMOUX,0110019L,11206,PU,125,33,,,,35,,,193,98,94,,,,100,,,98,97,90,,,,97,,,96,+1,+4,,,,+3,,,+2,62,64,,,,60,,,62,69,37,,,,57,,,61,-7,+27,,,,+3,,,+1,177,188,168,85,93,97,85,93,97,0,0,0
MONTPELLIER,AUDE,LYCEE DOCTEUR LACROIX,NARBONNE,0110022P,11262,PU,314,,,,43,,,,357,96,,,,91,,,,96,96,,,,92,,,,96,0,,,,-1,,,,0,66,,,,49,,,,64,60,,,,51,,,,59,+6,,,,-2,,,,+5,382,307,315,83,91,96,85,94,97,-2,-3,-1
MONTPELLIER,AUDE,LYCEE LOUISE MICHEL (GENERAL ET TECHNO.),NARBONNE,0110023R,11262,PU,203,99,86,,,65,,,453,98,91,93,,,88,,,94,96,91,90,,,92,,,93,+2,0,+3,,,-4,,,+1,67,33,33,,,48,,,50,64,36,34,,,42,,,49,+3,-3,-1,,,+6,,,+1,404,455,435,85,91,96,83,91,95,+2,0,+1
MONTPELLIER,AUDE,LYCEE BEAUSEJOUR (GENERAL ET TECHNO.),NARBONNE,0110670U,11262,PR,126,,,,,25,,,151,98,,,,,92,,,97,99,,,,,94,,,98,-1,,,,,-2,,,-1,77,,,,,44,,,72,78,,,,,50,,,73,-1,,,,,-6,,,-1,161,170,144,88,93,96,89,95,98,-1,-2,-2
MONTPELLIER,GARD,LYCEE JEAN-BAPTISTE DUMAS (GENERAL ET TECHNO.),ALES,0300002P,30007,PU,194,,57,,,59,,,310,98,,95,,,97,,,97,97,,92,,,94,,,95,+1,,+3,,,+3,,,+2,69,,49,,,51,,,62,63,,47,,,46,,,57,+6,,+2,,,+5,,,+5,385,320,344,83,94,97,85,92,96,-2,+2,+1
MONTPELLIER,GARD,LYCEE BELLEVUE,ALES,0300077W,30007,PR,156,27,,,,,,,183,99,96,,,,,,,98,98,94,,,,,,,97,+1,+2,,,,,,,+1,76,48,,,,,,,72,71,44,,,,,,,67,+5,+4,,,,,,,+5,179,177,180,88,95,99,88,95,98,0,0,+1
MONTPELLIER,GARD,LYCEE DE LA SALLE (GENERAL ET TECHNO.),ALES,0300125Y,30007,PR,63,,53,,,31,,,147,100,,100,,,100,,,100,99,,97,,,98,,,98,+1,,+3,,,+2,,,+2,81,,72,,,84,,,78,77,,66,,,67,,,71,+4,,+6,,,+17,,,+7,174,167,161,88,97,99,88,95,98,0,+2,+1
MONTPELLIER,GARD,LYCEE ALBERT EINSTEIN (GENERAL ET TECHNO.),BAGNOLS SUR CEZE,0300950V,30028,PU,245,85,51,,26,,,,407,98,91,88,,96,,,,95,97,92,89,,94,,,,95,+1,-1,-1,,+2,,,,0,73,41,43,,58,,,,62,68,40,38,,61,,,,58,+5,+1,+5,,-3,,,,+4,419,417,390,88,94,97,85,92,96,+3,+2,+1
MONTPELLIER,GARD,LYCEE ANDRE CHAMSON (GENERAL ET TECHNO.),LE VIGAN,0300052U,30350,PU,91,16,,,,,,,107,97,100,,,,,,,97,96,96,,,,,,,96,+1,+4,,,,,,,+1,73,56,,,,,,,70,62,51,,,,,,,60,+11,+5,,,,,,,+10,144,128,100,86,94,98,85,93,97,+1,+1,+1
MONTPELLIER,GARD,LYCEE GENEVIEVE DE GAULLE-ANTHONIOZ (GENERAL ET TECHNO.),MILHAUD,0301654K,30169,PU,199,72,,,,73,,,344,96,89,,,,95,,,94,95,90,,,,91,,,93,+1,-1,,,,+4,,,+1,62,32,,,,47,,,53,56,34,,,,40,,,48,+6,-2,,,,+7,,,+5,342,302,332,81,90,97,83,91,95,-2,-1,+2
MONTPELLIER,GARD,LYCEE ALPHONSE DAUDET,NIMES,0300021K,30189,PU,389,106,,,,,,,495,97,91,,,,,,,96,99,89,,,,,,,97,-2,+2,,,,,,,-1,75,41,,,,,,,67,78,33,,,,,,,68,-3,+8,,,,,,,-1,504,483,452,84,93,98,87,94,97,-3,-1,+1
MONTPELLIER,GARD,LYCEE ALBERT CAMUS,NIMES,0300023M,30189,PU,301,136,,,45,,,,482,99,97,,,96,,,,98,98,88,,,94,,,,95,+1,+9,,,+2,,,,+3,77,43,,,62,,,,66,70,33,,,58,,,,59,+7,+10,,,+4,,,,+7,457,455,407,83,91,97,84,92,96,-1,-1,+1
MONTPELLIER,GARD,LYCEE DHUODA,NIMES,0300026R,30189,PU,163,,120,,,,,,283,94,,95,,,,,,94,97,,91,,,,,,94,-3,,+4,,,,,,0,54,,44,,,,,,50,65,,41,,,,,,55,-11,,+3,,,,,,-5,300,297,302,76,89,95,82,91,95,-6,-2,0
MONTPELLIER,GARD,LYCEE ERNEST HEMINGWAY (GENERAL ET TECHNO.),NIMES,0300027S,30189,PU,130,79,,52,,,,,261,97,100,,100,,,,,98,96,87,,99,,,,,94,+1,+13,,+1,,,,,+4,62,35,,81,,,,,57,66,30,,84,,,,,59,-4,+5,,-3,,,,,-2,259,222,237,70,88,96,84,92,95,-14,-4,+1
MONTPELLIER,GARD,LYCEE EMMANUEL D ALZON (GENERAL ET TECHNO.),NIMES,0300080Z,30189,PR,337,,17,,5,,,,359,98,,94,,100,,,,98,97,,91,,ND,,,,97,+1,,+3,,ND,,,,+1,68,,53,,80,,,,67,66,,34,,ND,,,,65,+2,,+19,,ND,,,,+2,439,392,332,89,96,99,87,94,98,+2,+2,+1
MONTPELLIER,GARD,LYCEE SAINT STANISLAS,NIMES,0300083C,30189,PR,65,,,,,20,,,85,100,,,,,100,,,100,96,,,,,94,,,96,+4,,,,,+6,,,+4,77,,,,,80,,,78,62,,,,,51,,,60,+15,,,,,+29,,,+18,110,95,100,76,84,91,86,93,97,-10,-9,-6
MONTPELLIER,GARD,LYCEE ST VINCENT DE PAUL (GENERAL ET TECHNO.),NIMES,0300127A,30189,PR,64,60,,,,74,,,198,100,98,,,,100,,,99,98,95,,,,97,,,97,+2,+3,,,,+3,,,+2,78,58,,,,78,,,72,71,47,,,,59,,,59,+7,+11,,,,+19,,,+13,181,207,190,90,96,98,87,93,97,+3,+3,+1
MONTPELLIER,GARD,LYCEE PHILIPPE LAMOUR,NIMES,0301552Z,30189,PU,293,103,,,,,,,396,97,95,,,,,,,96,96,86,,,,,,,93,+1,+9,,,,,,,+3,69,46,,,,,,,63,60,29,,,,,,,52,+9,+17,,,,,,,+11,421,381,381,82,91,97,83,92,95,-1,-1,+2
MONTPELLIER,GARD,LYCEE JACQUES PREVERT (GENERAL ET TECHNO.),SAINT CHRISTOL LEZ ALES,0301778V,30243,PU,136,85,,,,,,,221,99,95,,,,,,,97,98,93,,,,,,,96,+1,+2,,,,,,,+1,70,46,,,,,,,61,71,40,,,,,,,59,-1,+6,,,,,,,+2,241,233,228,90,95,98,87,93,97,+3,+2,+1
MONTPELLIER,GARD,LYCEE LUCIE AUBRAC (GENERAL ET TECHNO.),SOMMIERES,0301862L,30321,PU,152,,,,,,,,152,99,,,,,,,,99,97,,,,,,,,97,+2,,,,,,,,+2,63,,,,,,,,63,68,,,,,,,,68,-5,,,,,,,,-5,275,162,167,87,98,99,87,95,98,0,+3,+1
MONTPELLIER,GARD,LYCEE CHARLES GIDE (GENERAL ET TECHNO.),UZES,0300047N,30334,PU,229,63,,22,,,,,314,99,98,,100,,,,,99,98,95,,99,,,,,97,+1,+3,,+1,,,,,+2,74,57,,95,,,,,72,70,46,,75,,,,,65,+4,+11,,+20,,,,,+7,333,318,311,81,94,97,87,94,97,-6,0,0
MONTPELLIER,GARD,LYCEE JEAN VILAR,VILLENEUVE LES AVIGNON,0301722J,30351,PU,315,84,,,,,,,399,97,92,,,,,,,95,98,95,,,,,,,98,-1,-3,,,,,,,-3,77,45,,,,,,,71,74,43,,,,,,,67,+3,+2,,,,,,,+4,453,422,422,89,96,97,87,95,98,+2,+1,-1
MONTPELLIER,HERAULT,LYCEE AUGUSTE LOUBATIERES (GENERAL ET TECHNO.),AGDE,0340002T,34003,PU,188,84,15,,,31,,,318,98,92,93,,,97,,,96,96,91,91,,,95,,,94,+2,+1,+2,,,+2,,,+2,63,39,47,,,35,,,53,64,37,40,,,46,,,54,-1,+2,+7,,,-11,,,-1,358,380,319,86,92,96,84,92,95,+2,0,+1
MONTPELLIER,HERAULT,LYCEE FERDINAND FABRE,BEDARIEUX,0340005W,34028,PU,60,,,,,18,,,78,100,,,,,100,,,100,97,,,,,96,,,97,+3,,,,,+4,,,+3,82,,,,,61,,,77,69,,,,,53,,,65,+13,,,,,+8,,,+12,95,88,82,82,95,99,87,94,97,-5,+1,+2
MONTPELLIER,HERAULT,LYCEE HENRI IV,BEZIERS,0340009A,34032,PU,258,94,,,,,,,352,97,83,,,,,,,93,96,89,,,,,,,94,+1,-6,,,,,,,-1,65,29,,,,,,,55,61,31,,,,,,,53,+4,-2,,,,,,,+2,369,285,332,81,93,96,83,92,96,-2,+1,0
MONTPELLIER,HERAULT,LYCEE JEAN MOULIN (GENERAL ET TECHNO.),BEZIERS,0340011C,34032,PU,313,,64,,,129,,,506,95,,95,,,98,,,95,93,,86,,,93,,,92,+2,,+9,,,+5,,,+3,58,,50,,,53,,,56,50,,29,,,45,,,46,+8,,+21,,,+8,,,+10,602,604,497,84,91,97,82,91,94,+2,0,+3
MONTPELLIER,HERAULT,LYCEE LA TRINITE,BEZIERS,0340871M,34032,PR,185,19,,,,,,,204,100,95,,,,,,,100,99,97,,,,,,,99,+1,-2,,,,,,,+1,85,58,,,,,,,82,83,50,,,,,,,80,+2,+8,,,,,,,+2,246,203,190,95,97,99,89,96,99,+6,+1,0
MONTPELLIER,HERAULT,LYCEE GEORGES POMPIDOU (GENERAL ET TECHNO.),CASTELNAU LE LEZ,0341921D,34057,PU,313,102,,,,,,,415,100,92,,,,,,,98,99,96,,,,,,,98,+1,-4,,,,,,,0,88,39,,,,,,,76,83,50,,,,,,,75,+5,-11,,,,,,,+1,403,424,441,92,96,99,88,95,98,+4,+1,+1
MONTPELLIER,HERAULT,LYCEE RENE GOSSE,CLERMONT L HERAULT,0340023R,34079,PU,169,53,,,,,,,222,95,89,,,,,,,94,97,93,,,,,,,96,-2,-4,,,,,,,-2,59,32,,,,,,,52,64,41,,,,,,,59,-5,-9,,,,,,,-7,214,212,224,85,93,94,86,94,97,-1,-1,-3
MONTPELLIER,HERAULT,LYCEE SAINT-GUILHEM,CLERMONT L HERAULT,0342298N,34079,PR,32,,,,,,,,32,100,,,,,,,,100,ND,,,,,,,,ND,ND,,,,,,,,ND,97,,,,,,,,97,ND,,,,,,,,ND,ND,,,,,,,,ND,51,41,35,92,97,100,ND,ND,ND,ND,ND,ND
MONTPELLIER,HERAULT,LYCEE SIMONE VEIL (GENERAL ET TECHNO.),GIGNAC,0342436N,34114,PU,121,,29,,,,,,150,96,,97,,,,,,96,98,,96,,,,,,98,-2,,+1,,,,,,-2,63,,55,,,,,,61,73,,57,,,,,,70,-10,,-2,,,,,,-9,252,190,175,82,95,98,88,95,98,-6,0,0
MONTPELLIER,HERAULT,LYCEE LA MERCI LITTORAL (GENERAL ET TECHNO.),LA GRANDE MOTTE,0342175E,34344,PR,110,29,,,,,,,139,100,93,,,,,,,99,99,97,,,,,,,99,+1,-4,,,,,,,0,92,69,,,,,,,87,81,57,,,,,,,76,+11,+12,,,,,,,+11,156,159,149,91,97,99,90,96,99,+1,+1,0
MONTPELLIER,HERAULT,LYCEE JEAN-FRANCOIS CHAMPOLLION (GENERAL ET TECHNO.),LATTES,0341794R,34129,PU,249,87,27,,,,,,363,98,99,100,,,,,,98,98,96,95,,,,,,97,0,+3,+5,,,,,,+1,74,51,63,,,,,,68,74,49,53,,,,,,66,0,+2,+10,,,,,,+2,413,348,327,86,96,98,87,94,98,-1,+2,0
MONTPELLIER,HERAULT,LYCEE JOSEPH VALLOT (GENERAL ET TECHNO.),LODEVE,0340028W,34142,PU,67,29,13,25,,,,,134,100,93,100,100,,,,,99,97,94,90,99,,,,,96,+3,-1,+10,+1,,,,,+3,75,66,62,84,,,,,73,66,43,41,85,,,,,62,+9,+23,+21,-1,,,,,+11,146,180,149,87,93,99,86,93,97,+1,0,+2
MONTPELLIER,HERAULT,LYCEE LOUIS FEUILLADE (GENERAL ET TECHNO.),LUNEL,0340030Y,34145,PU,209,93,,,,,,,302,99,92,,,,,,,97,96,92,,,,,,,95,+3,0,,,,,,,+2,68,41,,,,,,,60,60,37,,,,,,,53,+8,+4,,,,,,,+7,346,284,305,81,92,96,84,92,96,-3,0,0
MONTPELLIER,HERAULT,LYCEE VICTOR HUGO (GENERAL ET TECHNO.),LUNEL,0342090M,34145,PU,227,,51,,,,,,278,98,,92,,,,,,97,98,,95,,,,,,97,0,,-3,,,,,,0,69,,39,,,,,,63,72,,51,,,,,,68,-3,,-12,,,,,,-5,343,254,277,85,93,96,88,95,98,-3,-2,-2
MONTPELLIER,HERAULT,LYCEE ST JOSEPH PIERRE ROUGE (GENERAL ET TECHNO.),MONTFERRIER SUR LEZ,0341521U,34169,PR,62,,20,,,,,,82,100,,100,,,,,,100,99,,97,,,,,,98,+1,,+3,,,,,,+2,73,,70,,,,,,72,81,,64,,,,,,76,-8,,+6,,,,,,-4,68,83,67,80,95,100,87,95,98,-7,0,+2
MONTPELLIER,HERAULT,LYCEE JOFFRE,MONTPELLIER,0340038G,34172,PU,482,108,,,,,,,590,97,88,,,,,,,95,99,94,,,,,,,98,-2,-6,,,,,,,-3,79,41,,,,,,,72,79,42,,,,,,,72,0,-1,,,,,,,0,552,526,502,86,92,96,87,95,98,-1,-3,-2
MONTPELLIER,HERAULT,LYCEE GEORGES CLEMENCEAU,MONTPELLIER,0340039H,34172,PU,218,64,,,,,8,,290,97,97,,,,,100,,97,97,90,,,,,ND,,95,0,+7,,,,,ND,,+2,61,55,,,,,75,,60,63,35,,,,,ND,,58,-2,+20,,,,,ND,,+2,448,366,338,74,90,96,83,93,96,-9,-3,0
MONTPELLIER,HERAULT,LYCEE JULES GUESDE (GENERAL ET TECHNO.),MONTPELLIER,0340040J,34172,PU,499,140,,,,,,,639,97,85,,,,,,,94,98,89,,,,,,,96,-1,-4,,,,,,,-2,77,43,,,,,,,69,73,37,,,,,,,65,+4,+6,,,,,,,+4,674,657,641,82,90,95,85,93,97,-3,-3,-2
MONTPELLIER,HERAULT,LYCEE JEAN MERMOZ (GENERAL ET TECHNO.),MONTPELLIER,0340042L,34172,PU,277,96,144,,78,,,,595,99,93,85,,88,,,,93,96,89,90,,93,,,,93,+3,+4,-5,,-5,,,,0,65,41,38,,49,,,,52,60,32,40,,52,,,,50,+5,+9,-2,,-3,,,,+2,581,625,568,72,91,95,82,91,95,-10,0,0
MONTPELLIER,HERAULT,LYCEE NOTRE DAME DE LA MERCI,MONTPELLIER,0340881Y,34172,PR,400,,,,,27,,,427,100,,,,,100,,,100,100,,,,,98,,,99,0,,,,,+2,,,+1,92,,,,,63,,,90,89,,,,,62,,,87,+3,,,,,+1,,,+3,433,416,419,93,97,99,91,97,99,+2,0,0
MONTPELLIER,HERAULT,LYCEE TURGOT (GENERAL ET TECHNO.),MONTPELLIER,0340920R,34172,PR,,,,,,30,,,30,,,,,,100,,,100,,,,,,ND,,,ND,,,,,,ND,,,ND,,,,,,60,,,60,,,,,,ND,,,ND,,,,,,ND,,,ND,28,34,30,72,87,97,ND,ND,ND,ND,ND,ND
MONTPELLIER,HERAULT,LYCEE NEVERS (GENERAL ET TECHNO.),MONTPELLIER,0340991T,34172,PR,272,57,,,,,,,329,100,98,,,,,,,100,99,97,,,,,,,99,+1,+1,,,,,,,+1,91,67,,,,,,,87,85,56,,,,,,,80,+6,+11,,,,,,,+7,331,346,344,97,100,100,90,96,99,+7,+4,+1
MONTPELLIER,HERAULT,LYCEE JEAN MONNET,MONTPELLIER,0341736C,34172,PU,388,96,,,,,,,484,97,85,,,,,,,95,96,85,,,,,,,94,+1,0,,,,,,,+1,65,29,,,,,,,58,60,26,,,,,,,53,+5,+3,,,,,,,+5,479,430,432,81,93,96,83,92,95,-2,+1,+1
MONTPELLIER,HERAULT,LYCEE RABELAIS,MONTPELLIER,0341765J,34172,PR,33,18,,,,,,,51,85,72,,,,,,,80,93,94,,,,,,,93,-8,-22,,,,,,,-13,24,17,,,,,,,22,48,34,,,,,,,43,-24,-17,,,,,,,-21,22,23,32,29,58,79,77,90,95,-48,-32,-16
MONTPELLIER,HERAULT,LYCEE LEGTA F BAZILLE - AGROPOLIS,MONTPELLIER,0341915X,34172,PU,115,,,,,,,,115,96,,,,,,,,96,99,,,,,,,,99,-3,,,,,,,,-3,69,,,,,,,,69,80,,,,,,,,80,-11,,,,,,,,-11,154,138,99,74,87,91,89,96,99,-15,-9,-8
MONTPELLIER,HERAULT,LYCEE GEORGES FRECHE (GENERAL ET TECHNO.),MONTPELLIER,0342225J,34172,PU,,,,,,,,42,42,,,,,,,,98,98,,,,,,,,98,98,,,,,,,,0,0,,,,,,,,60,60,,,,,,,,64,64,,,,,,,,-4,-4,39,46,43,78,85,91,81,89,94,-3,-4,-3
MONTPELLIER,HERAULT,CITE SCOLAIRE FRANCOISE COMBES,MONTPELLIER,0342266D,34172,PU,58,28,,,,,,,86,98,93,,,,,,,97,98,92,,,,,,,96,0,+1,,,,,,,+1,72,32,,,,,,,59,67,33,,,,,,,56,+5,-1,,,,,,,+3,110,62,80,71,90,95,83,92,96,-12,-2,-1
MONTPELLIER,HERAULT,LYCEE JEAN MOULIN,PEZENAS,0340059E,34199,PU,276,65,,,,,,,341,98,98,,,,,,,98,97,91,,,,,,,96,+1,+7,,,,,,,+2,67,43,,,,,,,63,64,35,,,,,,,58,+3,+8,,,,,,,+5,408,370,363,83,94,98,85,93,97,-2,+1,+1
MONTPELLIER,HERAULT,LYCEE JEAN JAURES (GENERAL ET TECHNO.),SAINT CLEMENT DE RIVIERE,0342066L,34247,PU,293,67,,,,85,,,445,99,99,,,,96,,,98,99,96,,,,95,,,98,0,+3,,,,+1,,,0,82,55,,,,58,,,73,82,49,,,,49,,,70,0,+6,,,,+9,,,+3,483,472,452,90,95,98,88,95,98,+2,0,0
MONTPELLIER,HERAULT,LYCEE MARC BLOCH (GENERAL ET TECHNO.),SERIGNAN,0342091N,34299,PU,229,162,,,,,,,391,97,83,,,,,,,92,97,89,,,,,,,94,0,-6,,,,,,,-2,68,35,,,,,,,54,65,32,,,,,,,52,+3,+3,,,,,,,+2,381,417,374,85,89,94,83,91,95,+2,-2,-1
MONTPELLIER,HERAULT,LYCEE PAUL VALERY,SETE,0340075X,34301,PU,161,,,,17,,,,178,99,,,,100,,,,99,98,,,,95,,,,98,+1,,,,+5,,,,+1,80,,,,94,,,,81,71,,,,63,,,,70,+9,,,,+31,,,,+11,277,195,174,88,96,99,89,95,98,-1,+1,+1
MONTPELLIER,HERAULT,LYCEE IRENE ET FREDERIC JOLIOT CURIE (GENERAL ET TECHNO.),SETE,0340076Y,34301,PU,278,144,58,,,,,,480,94,92,93,,,,,,94,96,91,92,,,,,,94,-2,+1,+1,,,,,,0,59,46,31,,,,,,51,61,36,42,,,,,,51,-2,+10,-11,,,,,,0,379,387,435,85,91,96,84,92,95,+1,-1,+1
MONTPELLIER,HERAULT,LYCEE SAINT-JOSEPH (GENERAL ET TECHNO.),SETE,0341523W,34301,PR,83,17,,,,19,,,119,96,100,,,,95,,,97,99,96,,,,97,,,98,-3,+4,,,,-2,,,-1,86,29,,,,47,,,71,78,52,,,,58,,,71,+8,-23,,,,-11,,,0,135,132,123,88,95,97,88,95,98,0,0,-1
MONTPELLIER,LOZERE,LYCEE SAINT PIERRE-SAINT PAUL (GENERAL ET TECHNO.),LANGOGNE,0480022N,48080,PR,19,,,15,,,,,34,100,,,93,,,,,97,ND,,,ND,,,,,ND,ND,,,ND,,,,,ND,79,,,73,,,,,76,ND,,,ND,,,,,ND,ND,,,ND,,,,,ND,42,42,54,89,92,92,ND,ND,ND,ND,ND,ND
MONTPELLIER,LOZERE,LYCEE SAINT-JOSEPH (GENERAL ET TECHNO.),MARVEJOLS,0480023P,48092,PR,41,,,,,11,,,52,100,,,,,91,,,98,98,,,,,96,,,98,+2,,,,,-5,,,0,76,,,,,64,,,73,76,,,,,51,,,71,0,,,,,+13,,,+2,62,39,38,73,89,96,85,95,98,-12,-6,-2
MONTPELLIER,LOZERE,LYCEE CHAPTAL,MENDE,0480007X,48095,PU,136,,,,,,,,136,99,,,,,,,,99,98,,,,,,,,98,+1,,,,,,,,+1,74,,,,,,,,74,72,,,,,,,,72,+2,,,,,,,,+2,123,138,140,88,96,99,88,95,98,0,+1,+1
MONTPELLIER,LOZERE,LYCEE EMILE PEYTAVIN,MENDE,0480009Z,48095,PU,57,21,12,,,16,,,106,96,95,92,,,94,,,95,98,92,94,,,92,,,95,-2,+3,-2,,,+2,,,0,72,33,33,,,6,,,50,69,35,45,,,41,,,55,+3,-2,-12,,,-35,,,-5,97,93,103,80,89,96,85,92,96,-5,-3,0
MONTPELLIER,LOZERE,LYCEE NOTRE-DAME (GENERAL ET TECHNO.),MENDE,0480025S,48095,PR,40,14,,,11,12,,,77,100,100,,,100,100,,,100,99,95,,,98,97,,,98,+1,+5,,,+2,+3,,,+2,85,50,,,73,67,,,74,80,39,,,75,61,,,69,+5,+11,,,-2,+6,,,+5,99,116,80,92,97,100,88,94,98,+4,+3,+2
MONTPELLIER,LOZERE,LYCEE SACRE-COEUR (GENERAL ET TECHNO.),SAINT CHELY D APCHER,0480680D,48140,PR,11,,,,,,,25,36,100,,,,,,,100,100,ND,,,,,,,ND,ND,ND,,,,,,,ND,ND,82,,,,,,,92,89,ND,,,,,,,ND,ND,ND,,,,,,,ND,ND,37,22,36,97,97,100,ND,ND,ND,ND,ND,ND
MONTPELLIER,LOZERE,LYCEE THEOPHILE ROUSSEL (GENERAL ET TECHNO.),SAINT CHELY D APCHER,0480688M,48140,PU,50,19,,,9,,,,78,100,100,,,100,,,,100,99,97,,,ND,,,,98,+1,+3,,,ND,,,,+2,88,84,,,89,,,,87,81,61,,,ND,,,,76,+7,+23,,,ND,,,,+11,79,73,75,96,99,100,89,96,98,+7,+3,+2
MONTPELLIER,PYRENEES-ORIENTALES,LYCEE COMTE DE FOIX (GENERAL ET TECHNO.),ANDORRE LA VIEILLE,1300023U,99130,PU,81,20,,,,,,,101,98,100,,,,,,,98,98,95,,,,,,,97,0,+5,,,,,,,+1,91,90,,,,,,,91,72,46,,,,,,,67,+19,+44,,,,,,,+24,,,,84,93,98,88,95,98,-4,-2,0
MONTPELLIER,PYRENEES-ORIENTALES,LYCEE CHRISTIAN BOURQUIN (GENERAL ET TECHNO.),ARGELES SUR MER,0660924W,66008,PU,154,,,,,,,35,189,99,,,,,,,94,98,96,,,,,,,93,95,+3,,,,,,,+1,+3,69,,,,,,,57,67,58,,,,,,,45,56,+11,,,,,,,+12,+11,237,240,216,85,91,96,85,93,96,0,-2,0
MONTPELLIER,PYRENEES-ORIENTALES,LYCEE ROSA LUXEMBURG (GENERAL ET TECHNO.),CANET EN ROUSSILLON,0660856X,66037,PU,226,95,21,,,,,,342,99,97,95,,,,,,98,98,93,91,,,,,,96,+1,+4,+4,,,,,,+2,76,36,43,,,,,,63,69,35,38,,,,,,58,+7,+1,+5,,,,,,+5,378,341,345,84,96,99,85,93,96,-1,+3,+3
MONTPELLIER,PYRENEES-ORIENTALES,LYCEE DEODAT DE SEVERAC (GENERAL ET TECHNO.),CERET,0660004W,66049,PU,133,35,20,,,,,,188,100,89,95,,,,,,97,98,91,94,,,,,,96,+2,-2,+1,,,,,,+1,82,31,55,,,,,,70,70,33,55,,,,,,62,+12,-2,0,,,,,,+8,178,182,186,90,94,98,85,94,97,+5,0,+1
MONTPELLIER,PYRENEES-ORIENTALES,LYCEE ET SPORTIF PIERRE DE COUBERTIN (GENERAL ET TECHNO.),FONT ROMEU ODEILLO VIA,0660057D,66124,PU,105,20,,,,,,,125,99,95,,,,,,,98,98,91,,,,,,,97,+1,+4,,,,,,,+1,78,40,,,,,,,72,71,35,,,,,,,66,+7,+5,,,,,,,+6,154,142,137,93,97,99,88,94,97,+5,+3,+2
MONTPELLIER,PYRENEES-ORIENTALES,LYCEE FRANCOIS ARAGO,PERPIGNAN,0660010C,66136,PU,448,120,,,,,,,568,97,93,,,,,,,96,97,92,,,,,,,96,0,+1,,,,,,,0,77,48,,,,,,,71,69,41,,,,,,,63,+8,+7,,,,,,,+8,646,549,525,83,93,96,85,94,97,-2,-1,-1
MONTPELLIER,PYRENEES-ORIENTALES,LYCEE JEAN LURCAT (GENERAL ET TECHNO.),PERPIGNAN,0660011D,66136,PU,191,102,,28,,96,,,417,94,81,,100,,90,,,90,95,88,,98,,89,,,92,-1,-7,,+2,,+1,,,-2,64,33,,89,,44,,,54,56,32,,82,,40,,,48,+8,+1,,+7,,+4,,,+6,356,430,429,79,87,92,81,90,94,-2,-3,-2
MONTPELLIER,PYRENEES-ORIENTALES,LYCEE PABLO PICASSO (GENERAL ET TECHNO.),PERPIGNAN,0660014G,66136,PU,274,35,84,,,,,,393,97,97,92,,,,,,96,97,91,92,,,,,,95,0,+6,0,,,,,,+1,66,54,33,,,,,,58,67,38,43,,,,,,59,-1,+16,-10,,,,,,-1,499,440,418,75,92,96,85,93,96,-10,-1,0
MONTPELLIER,PYRENEES-ORIENTALES,NOTRE DAME DE BON SECOURS,PERPIGNAN,0660059F,66136,PR,221,52,,,20,42,,,335,100,98,,,100,100,,,99,99,97,,,98,97,,,98,+1,+1,,,+2,+3,,,+1,84,65,,,80,60,,,78,77,52,,,75,56,,,70,+7,+13,,,+5,+4,,,+8,412,371,356,83,96,99,87,95,98,-4,+1,+1
MONTPELLIER,PYRENEES-ORIENTALES,LYCEE SAINT-LOUIS-DE-GONZAGUE,PERPIGNAN,0660768B,66136,PR,157,,,,,,,,157,100,,,,,,,,100,99,,,,,,,,99,+1,,,,,,,,+1,93,,,,,,,,93,83,,,,,,,,83,+10,,,,,,,,+10,173,159,149,92,96,100,90,96,99,+2,0,+1
MONTPELLIER,PYRENEES-ORIENTALES,LYCEE ARISTIDE MAILLOL (GENERAL ET TECHNO.),PERPIGNAN,0660809W,66136,PU,285,101,,,31,,,,417,97,84,,,100,,,,94,94,88,,,93,,,,92,+3,-4,,,+7,,,,+2,62,39,,,68,,,,57,54,33,,,55,,,,49,+8,+6,,,+13,,,,+8,431,391,389,83,91,94,81,90,94,+2,+1,0
MONTPELLIER,PYRENEES-ORIENTALES,LYCEE CHARLES RENOUVIER (GENERAL ET TECHNO.),PRADES,0660021P,66149,PU,117,46,13,,,21,,,197,99,100,100,,,100,,,99,97,94,95,,,97,,,96,+2,+6,+5,,,+3,,,+3,76,57,38,,,62,,,68,66,43,62,,,59,,,60,+10,+14,-24,,,+3,,,+8,202,185,171,92,96,100,85,93,97,+7,+3,+3
MONTPELLIER,PYRENEES-ORIENTALES,LYCEE SAINT PIERRE DE LA MER,SAINT CYPRIEN,0660931D,66171,PR,59,,,,,,,,59,98,,,,,,,,98,99,,,,,,,,99,-1,,,,,,,,-1,88,,,,,,,,88,84,,,,,,,,84,+4,,,,,,,,+4,73,64,48,78,86,98,90,96,99,-12,-10,-1
NANCY-METZ,MEURTHE-ET-MOSELLE,LYCEE LOUIS BERTRAND,BRIEY,0541286E,54099,PU,141,69,,,16,50,,,276,95,96,,,100,92,,,95,98,90,,,96,94,,,95,-3,+6,,,+4,-2,,,0,67,41,,,56,44,,,55,72,34,,,67,47,,,58,-5,+7,,,-11,-3,,,-3,308,286,271,83,94,97,85,93,96,-2,+1,+1
NANCY-METZ,MEURTHE-ET-MOSELLE,LYCEE JEAN ZAY (GENERAL ET TECHNO.),JARNY,0540076P,54273,PU,100,47,29,,,,,,176,100,94,93,,,,,,97,98,94,89,,,,,,95,+2,0,+4,,,,,,+2,72,60,45,,,,,,64,67,46,38,,,,,,57,+5,+14,+7,,,,,,+7,226,210,188,89,93,97,84,93,96,+5,0,+1
NANCY-METZ,MEURTHE-ET-MOSELLE,LYCEE LA MALGRANGE,JARVILLE LA MALGRANGE,0541986R,54274,PR,162,,,,,,,,162,100,,,,,,,,100,100,,,,,,,,100,0,,,,,,,,0,94,,,,,,,,94,88,,,,,,,,88,+6,,,,,,,,+6,211,179,177,87,97,99,91,97,99,-4,0,0
NANCY-METZ,MEURTHE-ET-MOSELLE,LYCEE ALFRED MEZIERES (GENERAL ET TECHNO.),LONGWY,0540030P,54323,PU,310,121,17,,,,,,448,94,84,82,,,,,,91,95,89,84,,,,,,93,-1,-5,-2,,,,,,-2,63,29,29,,,,,,52,58,31,27,,,,,,50,+5,-2,+2,,,,,,+2,504,438,475,83,91,94,82,91,95,+1,0,-1
NANCY-METZ,MEURTHE-ET-MOSELLE,LYCEE DES RECOLLETS,LONGWY,0541309E,54323,PR,87,20,,,,,,,107,99,95,,,,,,,98,95,96,,,,,,,95,+4,-1,,,,,,,+3,60,50,,,,,,,58,53,54,,,,,,,54,+7,-4,,,,,,,+4,102,86,87,81,97,100,86,93,96,-5,+4,+4
NANCY-METZ,MEURTHE-ET-MOSELLE,LYCEE ERNEST BICHAT,LUNEVILLE,0540034U,54329,PU,216,71,,,,,,,287,98,99,,,,,,,98,98,94,,,,,,,97,0,+5,,,,,,,+1,69,44,,,,,,,63,71,44,,,,,,,65,-2,0,,,,,,,-2,339,296,286,83,94,99,87,94,97,-4,0,+2
NANCY-METZ,MEURTHE-ET-MOSELLE,LYCEE SAINT PIERRE FOURIER,LUNEVILLE,0541312H,54329,PR,40,,,,,,,,40,98,,,,,,,,98,95,,,,,,,,95,+3,,,,,,,,+3,68,,,,,,,,68,58,,,,,,,,58,+10,,,,,,,,+10,32,31,39,80,95,98,86,93,97,-6,+2,+1
NANCY-METZ,MEURTHE-ET-MOSELLE,LYCEE JACQUES-MARIE BOUTET DE MONVEL (GENERAL ET TECHNO.),LUNEVILLE,0542293Z,54329,PU,21,,18,,,,,,39,100,,94,,,,,,97,ND,,ND,,,,,,ND,ND,,ND,,,,,,ND,95,,72,,,,,,85,ND,,ND,,,,,,ND,ND,,ND,,,,,,ND,81,50,48,73,91,100,ND,ND,ND,ND,ND,ND
NANCY-METZ,MEURTHE-ET-MOSELLE,LYCEE HENRI POINCARE,NANCY,0540038Y,54395,PU,401,,,,,,12,,413,98,,,,,,100,,98,98,,,,,,99,,98,0,,,,,,+1,,0,77,,,,,,100,,78,74,,,,,,90,,75,+3,,,,,,+10,,+3,446,435,424,92,95,99,88,96,98,+4,-1,+1
NANCY-METZ,MEURTHE-ET-MOSELLE,LYCEE JEANNE D'ARC,NANCY,0540039Z,54395,PU,269,66,,,,,,,335,97,91,,,,,,,96,98,93,,,,,,,97,-1,-2,,,,,,,-1,71,38,,,,,,,65,76,41,,,,,,,69,-5,-3,,,,,,,-4,327,357,335,89,95,97,87,94,98,+2,+1,-1
NANCY-METZ,MEURTHE-ET-MOSELLE,LYCEE FREDERIC CHOPIN,NANCY,0540040A,54395,PU,272,66,,,,,,,338,97,88,,,,,,,95,98,91,,,,,,,96,-1,-3,,,,,,,-1,73,47,,,,,,,68,72,37,,,,,,,65,+1,+10,,,,,,,+3,264,333,321,78,86,95,86,94,97,-8,-8,-2
NANCY-METZ,MEURTHE-ET-MOSELLE,LYCEE GEORGES DE LA TOUR,NANCY,0540041B,54395,PU,87,32,,,,,,,119,90,100,,,,,,,92,92,88,,,,,,,91,-2,+12,,,,,,,+1,45,41,,,,,,,44,48,30,,,,,,,43,-3,+11,,,,,,,+1,124,127,137,80,92,96,81,90,93,-1,+2,+3
NANCY-METZ,MEURTHE-ET-MOSELLE,LYCEE HENRI LORITZ,NANCY,0540042C,54395,PU,235,,157,29,,,,,421,100,,97,100,,,,,99,99,,94,100,,,,,97,+1,,+3,0,,,,,+2,81,,45,100,,,,,69,79,,53,94,,,,,70,+2,,-8,+6,,,,,-1,394,381,373,88,94,98,86,94,97,+2,0,+1
NANCY-METZ,MEURTHE-ET-MOSELLE,LYCEE SAINT LEON IX,NANCY,0541313J,54395,PR,84,,,,,,,,84,100,,,,,,,,100,99,,,,,,,,99,+1,,,,,,,,+1,86,,,,,,,,86,87,,,,,,,,87,-1,,,,,,,,-1,102,86,84,86,96,100,90,96,99,-4,0,+1
NANCY-METZ,MEURTHE-ET-MOSELLE,LYCEE NOTRE DAME SAINT SIGISBERT,NANCY,0541318P,54395,PR,162,,,,,,,,162,98,,,,,,,,98,99,,,,,,,,99,-1,,,,,,,,-1,80,,,,,,,,80,82,,,,,,,,82,-2,,,,,,,,-2,166,174,149,81,91,97,89,96,99,-8,-5,-2
NANCY-METZ,MEURTHE-ET-MOSELLE,LYCEE SAINT DOMINIQUE,NANCY,0541319R,54395,PR,45,,,,,,,,45,100,,,,,,,,100,98,,,,,,,,98,+2,,,,,,,,+2,58,,,,,,,,58,67,,,,,,,,67,-9,,,,,,,,-9,63,32,50,65,90,100,86,95,98,-21,-5,+2
NANCY-METZ,MEURTHE-ET-MOSELLE,LYCEE PIERRE DE COUBERTIN,NANCY,0542161F,54395,PR,,25,10,,,,,,35,,92,80,,,,,,89,,ND,ND,,,,,,ND,,ND,ND,,,,,,ND,,20,40,,,,,,26,,ND,ND,,,,,,ND,,ND,ND,,,,,,ND,25,29,33,60,78,94,ND,ND,ND,ND,ND,ND
NANCY-METZ,MEURTHE-ET-MOSELLE,LYCEE CHARLES DE FOUCAULD,NANCY,0542408Z,54395,PR,19,23,,,,30,,,72,95,100,,,,100,,,99,97,95,,,,94,,,95,-2,+5,,,,+6,,,+4,74,48,,,,73,,,65,69,42,,,,53,,,54,+5,+6,,,,+20,,,+11,49,70,69,74,86,99,83,91,95,-9,-5,+4
NANCY-METZ,MEURTHE-ET-MOSELLE,LYCEE JACQUES MARQUETTE,PONT A MOUSSON,0540058V,54431,PU,228,74,,,13,,,,315,99,93,,,100,,,,98,99,93,,,97,,,,97,0,0,,,+3,,,,+1,74,55,,,92,,,,70,76,41,,,71,,,,67,-2,+14,,,+21,,,,+3,295,261,276,87,98,99,87,95,98,0,+3,+1
NANCY-METZ,MEURTHE-ET-MOSELLE,LYCEE JEAN HANZELET (GENERAL ET TECHNO.),PONT A MOUSSON,0541270M,54431,PU,59,,17,,,,,,76,97,,88,,,,,,95,97,,93,,,,,,96,0,,-5,,,,,,-1,61,,35,,,,,,55,67,,44,,,,,,62,-6,,-9,,,,,,-7,124,93,102,82,87,94,85,93,97,-3,-6,-3
NANCY-METZ,MEURTHE-ET-MOSELLE,LYCEE ARTHUR VAROQUAUX,TOMBLAINE,0540044E,54526,PU,226,81,,,48,102,,,457,97,90,,,100,96,,,96,98,91,,,95,95,,,96,-1,-1,,,+5,+1,,,0,68,41,,,60,48,,,58,70,34,,,59,50,,,58,-2,+7,,,+1,-2,,,0,380,438,407,82,93,96,85,92,96,-3,+1,0
NANCY-METZ,MEURTHE-ET-MOSELLE,LYCEE LOUIS MAJORELLE,TOUL,0540066D,54528,PU,195,73,24,,,,,,292,99,92,92,,,,,,97,98,93,95,,,,,,96,+1,-1,-3,,,,,,+1,78,33,50,,,,,,65,71,38,53,,,,,,61,+7,-5,-3,,,,,,+4,330,281,293,86,95,98,86,94,97,0,+1,+1
NANCY-METZ,MEURTHE-ET-MOSELLE,LYCEE JEAN-BAPTISTE VATELOT,TOUL,0541320S,54528,PR,33,,,,,,,,33,97,,,,,,,,97,ND,,,,,,,,ND,ND,,,,,,,,ND,58,,,,,,,,58,ND,,,,,,,,ND,ND,,,,,,,,ND,57,53,43,62,83,97,ND,ND,ND,ND,ND,ND
NANCY-METZ,MEURTHE-ET-MOSELLE,LYCEE L'ASSOMPTION,VAL DE BRIEY,0541305A,54099,PR,30,,,,,,,,30,93,,,,,,,,93,ND,,,,,,,,ND,ND,,,,,,,,ND,73,,,,,,,,73,ND,,,,,,,,ND,ND,,,,,,,,ND,34,28,38,92,97,100,ND,ND,ND,ND,ND,ND
NANCY-METZ,MEURTHE-ET-MOSELLE,LYCEE JACQUES CALLOT,VANDOEUVRE LES NANCY,0540070H,54547,PU,175,97,,,,,,,272,98,88,,,,,,,94,97,93,,,,,,,96,+1,-5,,,,,,,-2,61,38,,,,,,,53,68,43,,,,,,,59,-7,-5,,,,,,,-6,220,253,221,83,92,97,84,93,96,-1,-1,+1
NANCY-METZ,MEURTHE-ET-MOSELLE,LYCEE STANISLAS (GENERAL ET TECHNO.),VILLERS LES NANCY,0542208G,54578,PU,140,,,,,,,42,182,97,,,,,,,93,96,96,,,,,,,99,97,+1,,,,,,,-6,-1,55,,,,,,,69,58,63,,,,,,,70,64,-8,,,,,,,-1,-6,200,201,181,84,90,97,85,93,97,-1,-3,0
NANCY-METZ,MEUSE,LYCEE RAYMOND POINCARE,BAR LE DUC,0550002D,55029,PU,184,77,20,,16,,,,297,97,90,95,,81,,,,94,98,92,91,,93,,,,95,-1,-2,+4,,-12,,,,-1,70,39,50,,50,,,,60,71,36,40,,54,,,,59,-1,+3,+10,,-4,,,,+1,260,254,279,84,91,96,85,93,96,-1,-2,0
NANCY-METZ,MEUSE,LYCEE SAINT LOUIS,BAR LE DUC,0550047C,55029,PR,58,,,,,,,,58,100,,,,,,,,100,97,,,,,,,,97,+3,,,,,,,,+3,81,,,,,,,,81,69,,,,,,,,69,+12,,,,,,,,+12,94,63,66,74,92,98,88,95,98,-14,-3,0
NANCY-METZ,MEUSE,LYCEE HENRI VOGT (GENERAL ET TECHNO.),COMMERCY,0550008K,55122,PU,123,51,10,,,,,,184,91,90,100,,,,,,91,96,90,89,,,,,,94,-5,0,+11,,,,,,-3,62,29,70,,,,,,53,60,32,39,,,,,,51,+2,-3,+31,,,,,,+2,154,176,168,85,88,92,84,92,95,+1,-4,-3
NANCY-METZ,MEUSE,LYCEE ALFRED KASTLER (GENERAL ET TECHNO.),STENAY,0550072E,55502,PU,61,8,,,,,,,69,100,100,,,,,,,100,96,ND,,,,,,,95,+4,ND,,,,,,,+5,72,50,,,,,,,70,59,ND,,,,,,,56,+13,ND,,,,,,,+14,66,82,76,87,94,99,86,93,97,+1,+1,+2
NANCY-METZ,MEUSE,LYCEE JEAN-AUGUSTE MARGUERITTE (GENERAL ET TECHNO.),VERDUN,0550025D,55545,PU,228,62,30,,,51,,,371,99,97,87,,,98,,,98,98,94,93,,,95,,,97,+1,+3,-6,,,+3,,,+1,73,55,40,,,67,,,66,74,43,48,,,51,,,63,-1,+12,-8,,,+16,,,+3,348,360,333,88,94,97,87,94,97,+1,0,0
NANCY-METZ,MEUSE,LYCEE SAINTE ANNE,VERDUN,0550049E,55545,PR,53,12,,,,14,,,79,100,100,,,,100,,,100,98,97,,,,95,,,97,+2,+3,,,,+5,,,+3,81,50,,,,64,,,73,71,57,,,,49,,,65,+10,-7,,,,+15,,,+8,69,74,51,82,94,100,87,94,98,-5,0,+2
NANCY-METZ,MOSELLE,LYCEE SAINT VINCENT DE PAUL,ALGRANGE,0573366Z,57012,PR,,,,30,,22,,,52,,,,100,,95,,,98,,,,99,,97,,,98,,,,+1,,-2,,,0,,,,70,,50,,,62,,,,85,,57,,,73,,,,-15,,-7,,,-11,55,53,52,75,93,98,88,94,98,-13,-1,0
NANCY-METZ,MOSELLE,LYCEE LOUIS CASIMIR TEYSSIER (GENERAL ET TECHNO.),BITCHE,0573326F,57089,PU,108,27,,,,,,,135,99,93,,,,,,,98,98,94,,,,,,,97,+1,-1,,,,,,,+1,67,52,,,,,,,64,69,44,,,,,,,64,-2,+8,,,,,,,0,114,104,135,88,99,99,87,94,97,+1,+5,+2
NANCY-METZ,MOSELLE,LYCEE FELIX MAYER (GENERAL ET TECHNO.),CREUTZWALD,0572022N,57160,PU,144,32,,,,,,,176,99,81,,,,,,,96,97,90,,,,,,,96,+2,-9,,,,,,,0,64,34,,,,,,,59,64,34,,,,,,,59,0,0,,,,,,,0,198,188,175,83,93,95,86,93,97,-3,0,-2
NANCY-METZ,MOSELLE,LYCEE CHARLES HERMITE (GENERAL ET TECHNO.),DIEUZE,0570021N,57177,PU,104,21,,,,7,,,132,97,95,,,,100,,,97,98,95,,,,ND,,,97,-1,0,,,,ND,,,0,73,62,,,,86,,,72,69,48,,,,ND,,,64,+4,+14,,,,ND,,,+8,124,120,120,83,94,99,87,94,98,-4,0,+1
NANCY-METZ,MOSELLE,LYCEE ANTOINE DE SAINT-EXUPERY,FAMECK,0570023R,57206,PU,264,100,,,,,,,364,93,91,,,,,,,93,94,89,,,,,,,93,-1,+2,,,,,,,0,57,35,,,,,,,51,54,33,,,,,,,48,+3,+2,,,,,,,+3,425,348,367,82,94,96,83,91,95,-1,+3,+1
NANCY-METZ,MOSELLE,LYCEE JEAN MOULIN,FORBACH,0570029X,57227,PU,164,,,,,,,,164,93,,,,,,,,93,91,,,,,,,,91,+2,,,,,,,,+2,54,,,,,,,,54,46,,,,,,,,46,+8,,,,,,,,+8,173,123,187,86,92,97,83,91,95,+3,+1,+2
NANCY-METZ,MOSELLE,LYCEE BLAISE PASCAL (GENERAL ET TECHNO.),FORBACH,0570030Y,57227,PU,,65,,,8,45,,,118,,71,,,100,80,,,76,,78,,,ND,86,,,81,,-7,,,ND,-6,,,-5,,28,,,12,18,,,23,,22,,,ND,32,,,27,,+6,,,ND,-14,,,-4,52,70,76,48,75,84,73,82,85,-25,-7,-1
NANCY-METZ,MOSELLE,LYCEE ANTOINE GAPP,FORBACH,0572340J,57227,PR,50,27,,,,,,,77,98,100,,,,,,,99,97,94,,,,,,,96,+1,+6,,,,,,,+3,64,48,,,,,,,58,61,39,,,,,,,53,+3,+9,,,,,,,+5,76,92,77,90,97,99,86,93,96,+4,+4,+3
NANCY-METZ,MOSELLE,LYCEE FABERT,METZ,0570054Z,57463,PU,370,,,,,,15,,385,98,,,,,,100,,98,99,,,,,,99,,99,-1,,,,,,+1,,-1,74,,,,,,93,,75,80,,,,,,87,,80,-6,,,,,,+6,,-5,451,407,393,91,96,99,88,96,99,+3,0,0
NANCY-METZ,MOSELLE,LYCEE ROBERT SCHUMAN,METZ,0570057C,57463,PU,131,243,,,,,,,374,93,90,,,,,,,91,93,87,,,,,,,89,0,+3,,,,,,,+2,50,35,,,,,,,40,50,29,,,,,,,36,0,+6,,,,,,,+4,309,325,364,74,89,93,78,87,91,-4,+2,+2
NANCY-METZ,MOSELLE,LYCEE LOUIS VINCENT,METZ,0570058D,57463,PU,344,,82,,39,,,,465,99,,89,,97,,,,97,98,,94,,94,,,,97,+1,,-5,,+3,,,,0,75,,55,,62,,,,71,76,,49,,54,,,,70,-1,,+6,,+8,,,,+1,457,432,444,91,97,99,87,95,98,+4,+2,+1
NANCY-METZ,MOSELLE,LYCEE DE LA SALLE,METZ,0570311D,57463,PR,146,30,,,,,,,176,100,100,,,,,,,100,99,98,,,,,,,99,+1,+2,,,,,,,+1,84,60,,,,,,,80,79,58,,,,,,,75,+5,+2,,,,,,,+5,207,183,181,94,98,100,90,96,99,+4,+2,+1
NANCY-METZ,MOSELLE,LYCEE GEORGES DE LA TOUR,METZ,0572757M,57463,PU,345,,,,25,122,,,492,97,,,,88,97,,,96,97,,,,96,93,,,96,0,,,,-8,+4,,,0,67,,,,44,53,,,62,70,,,,66,45,,,64,-3,,,,-22,+8,,,-2,471,493,471,85,93,97,86,94,97,-1,-1,0
NANCY-METZ,MOSELLE,LYCEE LOUIS DE CORMONTAIGNE (GENERAL ET TECHNO.),METZ,0573227Y,57463,PU,230,,35,,,,,,265,96,,91,,,,,,95,96,,89,,,,,,95,0,,+2,,,,,,0,57,,31,,,,,,54,59,,34,,,,,,56,-2,,-3,,,,,,-2,347,271,273,80,89,97,84,92,96,-4,-3,+1
NANCY-METZ,MOSELLE,LYCEE DE LA COMMUNICATION,METZ,0573281G,57463,PU,272,,26,32,,,,,330,96,,58,97,,,,,93,97,,92,99,,,,,97,-1,,-34,-2,,,,,-4,67,,15,88,,,,,65,68,,46,90,,,,,68,-1,,-31,-2,,,,,-3,341,345,339,83,93,95,86,94,98,-3,-1,-3
NANCY-METZ,MOSELLE,LYCEE HOTELIER RAYMOND MONDON (GENERAL ET TECHNO.),METZ,0573320Z,57463,PU,,,,,,,,45,45,,,,,,,,89,89,,,,,,,,97,97,,,,,,,,-8,-8,,,,,,,,58,58,,,,,,,,61,61,,,,,,,,-3,-3,43,42,48,93,93,93,84,91,96,+9,+2,-3
NANCY-METZ,MOSELLE,LYCEE PRIVE ST ETIENNE,METZ,0573770N,57463,PR,24,41,,,,15,,,80,100,100,,,,93,,,99,95,94,,,,94,,,94,+5,+6,,,,-1,,,+5,50,59,,,,33,,,51,53,42,,,,47,,,46,-3,+17,,,,-14,,,+5,21,65,58,48,77,98,81,90,94,-33,-13,+4
NANCY-METZ,MOSELLE,LYCEE JEAN XXIII,MONTIGNY LES METZ,0572341K,57480,PR,164,,,,4,,,,168,99,,,,100,,,,99,99,,,,ND,,,,99,0,,,,ND,,,,0,84,,,,100,,,,85,77,,,,ND,,,,76,+7,,,,ND,,,,+9,215,146,167,88,96,99,88,96,99,0,0,0
NANCY-METZ,MOSELLE,LYCEE NOTRE DAME,PELTRE,0570210U,57534,PR,,12,,,,10,,,22,,100,,,,100,,,100,,ND,,,,ND,,,ND,,ND,,,,ND,,,ND,,83,,,,60,,,73,,ND,,,,ND,,,ND,,ND,,,,ND,,,ND,17,26,26,71,95,100,ND,ND,ND,ND,ND,ND
NANCY-METZ,MOSELLE,LYCEE ERCKMANN CHATRIAN,PHALSBOURG,0570081D,57540,PU,54,,,,,22,,,76,96,,,,,100,,,97,97,,,,,97,,,97,-1,,,,,+3,,,0,80,,,,,77,,,79,66,,,,,58,,,64,+14,,,,,+19,,,+15,74,92,81,86,93,96,86,94,98,0,-1,-2
NANCY-METZ,MOSELLE,LYCEE SAINT ANTOINE,PHALSBOURG,0570211V,57540,PR,67,,,,,,,,67,100,,,,,,,,100,99,,,,,,,,99,+1,,,,,,,,+1,85,,,,,,,,85,82,,,,,,,,82,+3,,,,,,,,+3,56,62,61,92,95,100,90,96,99,+2,-1,+1
NANCY-METZ,MOSELLE,LYCEE JULIE DAUBIE (GENERAL ET TECHNO.),ROMBAS,0570146Z,57591,PU,196,85,14,,,,,,295,98,85,93,,,,,,94,96,86,81,,,,,,92,+2,-1,+12,,,,,,+2,63,32,29,,,,,,52,60,29,25,,,,,,49,+3,+3,+4,,,,,,+3,360,310,268,86,92,95,83,91,94,+3,+1,+1
NANCY-METZ,MOSELLE,LYCEE JEAN-VICTOR PONCELET (GENERAL ET TECHNO.),SAINT AVOLD,0570085H,57606,PU,247,101,,,,,,,348,96,88,,,,,,,94,97,90,,,,,,,95,-1,-2,,,,,,,-1,68,36,,,,,,,59,66,36,,,,,,,57,+2,0,,,,,,,+2,413,309,339,84,94,96,85,93,96,-1,+1,0
NANCY-METZ,MOSELLE,LYCEE ET DES TECHNO INNOV. C. JULLY (GENERAL ET TECHNO.),SAINT AVOLD,0570087K,57606,PU,174,,82,,18,,,,274,98,,94,,100,,,,97,98,,91,,94,,,,96,0,,+3,,+6,,,,+1,71,,32,,67,,,,59,73,,38,,56,,,,62,-2,,-6,,+11,,,,-3,299,257,246,88,97,99,85,93,97,+3,+4,+2
NANCY-METZ,MOSELLE,LYCEE SAINTE CHRETIENNE,SAINT AVOLD,0573172N,57606,PR,,,,,,27,,,27,,,,,,100,,,100,,,,,,ND,,,ND,,,,,,ND,,,ND,,,,,,59,,,59,,,,,,ND,,,ND,,,,,,ND,,,ND,24,30,21,88,100,100,ND,ND,ND,ND,ND,ND
NANCY-METZ,MOSELLE,LYCEE MANGIN (GENERAL ET TECHNO.),SARREBOURG,0570094T,57630,PU,196,44,28,,,,,,268,98,91,100,,,,,,97,98,93,95,,,,,,97,0,-2,+5,,,,,,0,76,52,54,,,,,,69,72,41,57,,,,,,65,+4,+11,-3,,,,,,+4,245,273,288,91,96,99,87,94,97,+4,+2,+2
NANCY-METZ,MOSELLE,LYCEE JEAN DE PANGE,SARREGUEMINES,0570098X,57631,PU,299,70,,,,,,,369,99,89,,,,,,,97,98,93,,,,,,,97,+1,-4,,,,,,,0,76,37,,,,,,,68,72,42,,,,,,,66,+4,-5,,,,,,,+2,305,296,335,89,95,97,87,95,98,+2,0,-1
NANCY-METZ,MOSELLE,LYCEE HENRI NOMINE (GENERAL ET TECHNO.),SARREGUEMINES,0570099Y,57631,PU,54,,40,,,52,,,146,89,,95,,,94,,,92,97,,93,,,93,,,94,-8,,+2,,,+1,,,-2,59,,62,,,42,,,54,60,,47,,,45,,,51,-1,,+15,,,-3,,,+3,146,178,135,86,90,93,83,91,95,+3,-1,-2
NANCY-METZ,MOSELLE,LYCEE SAINTE CHRETIENNE,SARREGUEMINES,0570214Y,57631,PR,51,,,,,,,,51,100,,,,,,,,100,98,,,,,,,,98,+2,,,,,,,,+2,90,,,,,,,,90,66,,,,,,,,66,+24,,,,,,,,+24,50,57,45,89,100,100,89,95,98,0,+5,+2
NANCY-METZ,MOSELLE,LYCEE CONDORCET (GENERAL ET TECHNO.),SCHOENECK,0573231C,57638,PU,64,,64,,,,,,128,95,,77,,,,,,86,94,,84,,,,,,89,+1,,-7,,,,,,-3,52,,31,,,,,,41,49,,28,,,,,,39,+3,,+3,,,,,,+2,174,141,134,80,87,89,81,89,93,-1,-2,-4
NANCY-METZ,MOSELLE,LYCEE GUSTAVE EIFFEL (GENERAL ET TECHNO.),TALANGE,0572590F,57663,PU,,,22,,,,,,22,,,95,,,,,,95,,,ND,,,,,,ND,,,ND,,,,,,ND,,,55,,,,,,55,,,ND,,,,,,ND,,,ND,,,,,,ND,15,17,27,83,96,100,ND,ND,ND,ND,ND,ND
NANCY-METZ,MOSELLE,LYCEE CHARLEMAGNE,THIONVILLE,0570106F,57672,PU,243,,,,,,,,243,99,,,,,,,,99,98,,,,,,,,98,+1,,,,,,,,+1,64,,,,,,,,64,70,,,,,,,,70,-6,,,,,,,,-6,288,206,228,89,97,100,87,95,98,+2,+2,+2
NANCY-METZ,MOSELLE,LYCEE HELENE BOUCHER,THIONVILLE,0570107G,57672,PU,286,,,,,,,,286,97,,,,,,,,97,97,,,,,,,,97,0,,,,,,,,0,66,,,,,,,,66,66,,,,,,,,66,0,,,,,,,,0,402,318,323,93,96,99,87,95,98,+6,+1,+1
NANCY-METZ,MOSELLE,LYCEE LA BRIQUERIE (GENERAL ET TECHNO.),THIONVILLE,0570108H,57672,PU,23,,55,,,,,,78,87,,91,,,,,,90,97,,92,,,,,,94,-10,,-1,,,,,,-4,70,,44,,,,,,51,61,,44,,,,,,49,+9,,0,,,,,,+2,63,87,91,70,88,92,80,90,95,-10,-2,-3
NANCY-METZ,MOSELLE,LYCEE SAINT PIERRE CHANEL,THIONVILLE,0570216A,57672,PR,278,,,,,,,,278,100,,,,,,,,100,100,,,,,,,,100,0,,,,,,,,0,84,,,,,,,,84,89,,,,,,,,89,-5,,,,,,,,-5,327,278,265,91,96,99,91,97,99,0,-1,0
NANCY-METZ,MOSELLE,LYCEE NOTRE DAME DE LA PROVIDENCE,THIONVILLE,0570313F,57672,PR,203,53,,,,,,,256,100,100,,,,,,,100,99,97,,,,,,,98,+1,+3,,,,,,,+2,81,64,,,,,,,78,77,53,,,,,,,72,+4,+11,,,,,,,+6,306,291,249,91,95,99,89,95,98,+2,0,+1
NANCY-METZ,MOSELLE,LYCEE ROSA PARKS (GENERAL ET TECHNO.),THIONVILLE,0572027U,57672,PU,82,180,,,,109,,,371,96,94,,,,95,,,95,95,91,,,,94,,,93,+1,+3,,,,+1,,,+2,49,34,,,,46,,,41,55,35,,,,48,,,43,-6,-1,,,,-2,,,-2,237,380,349,85,94,98,82,90,94,+3,+4,+4
NANCY-METZ,VOSGES,LYCEE JEAN LURCAT,BRUYERES,0880004B,88078,PU,63,31,,,,,,,94,98,94,,,,,,,97,98,94,,,,,,,97,0,0,,,,,,,0,79,52,,,,,,,70,73,43,,,,,,,63,+6,+9,,,,,,,+7,155,106,114,90,98,98,87,94,97,+3,+4,+1
NANCY-METZ,VOSGES,LYCEE LOUIS LAPICQUE,EPINAL,0880019T,88160,PU,193,96,,,12,68,,,369,97,84,,,100,96,,,94,97,90,,,97,96,,,95,0,-6,,,+3,0,,,-1,67,28,,,58,53,,,54,65,37,,,67,52,,,56,+2,-9,,,-9,+1,,,-2,320,410,383,85,90,95,84,92,96,+1,-2,-1
NANCY-METZ,VOSGES,LYCEE CLAUDE GELLEE,EPINAL,0880020U,88160,PU,242,,,,,,,,242,96,,,,,,,,96,98,,,,,,,,98,-2,,,,,,,,-2,73,,,,,,,,73,75,,,,,,,,75,-2,,,,,,,,-2,273,248,221,83,90,95,88,96,98,-5,-6,-3
NANCY-METZ,VOSGES,LYCEE PIERRE MENDES FRANCE (GENERAL ET TECHNO.),EPINAL,0880021V,88160,PU,114,,65,,19,,,,198,99,,92,,89,,,,96,98,,93,,93,,,,96,+1,,-1,,-4,,,,0,71,,48,,47,,,,61,76,,46,,59,,,,65,-5,,+2,,-12,,,,-4,201,184,141,92,96,98,85,93,97,+7,+3,+1
NANCY-METZ,VOSGES,LYCEE NOTRE DAME - SAINT JOSEPH,EPINAL,0880101G,88160,PR,87,26,,,,,,,113,99,96,,,,,,,98,99,95,,,,,,,98,0,+1,,,,,,,0,76,38,,,,,,,67,79,46,,,,,,,72,-3,-8,,,,,,,-5,116,136,144,91,97,97,87,95,98,+4,+2,-1
NANCY-METZ,VOSGES,LYCEE LA HAIE GRISELLE,GERARDMER,0880030E,88196,PU,158,,,,,,,,158,95,,,,,,,,95,97,,,,,,,,97,-2,,,,,,,,-2,68,,,,,,,,68,69,,,,,,,,69,-1,,,,,,,,-1,106,118,113,81,90,96,87,95,98,-6,-5,-2
NANCY-METZ,VOSGES,LYCEE HOTELIER J-B SIMEON CHARDIN (GENERAL ET TECHNO.),GERARDMER,0881664F,88196,PU,,,,,,,,27,27,,,,,,,,100,100,,,,,,,,ND,ND,,,,,,,,ND,ND,,,,,,,,85,85,,,,,,,,ND,ND,,,,,,,,ND,ND,13,23,29,100,100,100,ND,ND,ND,ND,ND,ND
NANCY-METZ,VOSGES,LYCEE JEAN-BAPTISTE VUILLAUME,MIRECOURT,0880036L,88304,PU,145,,18,,,,,,163,97,,89,,,,,,96,98,,92,,,,,,97,-1,,-3,,,,,,-1,70,,33,,,,,,66,70,,49,,,,,,67,0,,-16,,,,,,-1,166,159,127,87,94,98,86,94,98,+1,0,0
NANCY-METZ,VOSGES,LYCEE PIERRE ET MARIE CURIE (GENERAL ET TECHNO.),NEUFCHATEAU,0880040R,88321,PU,120,34,,,,,,,154,98,79,,,,,,,94,98,90,,,,,,,96,0,-11,,,,,,,-2,69,38,,,,,,,62,68,33,,,,,,,60,+1,+5,,,,,,,+2,170,129,128,75,88,95,86,94,97,-11,-6,-2
NANCY-METZ,VOSGES,LYCEE JEANNE D'ARC,REMIREMONT,0880097C,88383,PR,44,,,,,19,,,63,100,,,,,95,,,98,96,,,,,97,,,96,+4,,,,,-2,,,+2,73,,,,,79,,,75,62,,,,,60,,,61,+11,,,,,+19,,,+14,81,56,56,65,92,97,85,93,97,-20,-1,0
NANCY-METZ,VOSGES,LYCEE FILIERE BOIS ANDRE MALRAUX (GENERAL ET TECHNO.),REMIREMONT,0880153N,88383,PU,211,82,36,,,,,,329,97,94,97,,,,,,96,98,94,96,,,,,,97,-1,0,+1,,,,,,-1,65,50,50,,,,,,60,75,44,57,,,,,,65,-10,+6,-7,,,,,,-5,327,278,299,86,94,97,87,94,97,-1,0,0
NANCY-METZ,VOSGES,LYCEE JULES FERRY,SAINT DIE DES VOSGES,0880055G,88413,PU,148,63,,,,,,,211,95,97,,,,,,,96,97,94,,,,,,,96,-2,+3,,,,,,,0,71,49,,,,,,,64,67,45,,,,,,,60,+4,+4,,,,,,,+4,194,183,165,80,92,95,85,93,97,-5,-1,-2
NANCY-METZ,VOSGES,LYCEE BEAU JARDIN,SAINT DIE DES VOSGES,0880099E,88413,PR,64,16,,,,,,,80,98,100,,,,,,,99,97,95,,,,,,,97,+1,+5,,,,,,,+2,72,62,,,,,,,70,72,46,,,,,,,66,0,+16,,,,,,,+4,67,83,76,86,97,100,86,94,97,0,+3,+3
NANCY-METZ,VOSGES,LYCEE GEORGES BAUMONT (GENERAL ET TECHNO.),SAINT DIE DES VOSGES,0880152M,88413,PU,79,,57,,,,,,136,99,,86,,,,,,93,99,,92,,,,,,96,0,,-6,,,,,,-3,82,,49,,,,,,68,75,,43,,,,,,62,+7,,+6,,,,,,+6,175,151,118,88,95,98,85,93,97,+3,+2,+1
NANTES,LOIRE-ATLANTIQUE,LYCEE JOUBERT-EMILIEN MAILLARD (GENERAL ET TECHNO.),ANCENIS,0440001M,44003,PU,169,32,,,,,,,201,98,84,,,,,,,96,98,96,,,,,,,98,0,-12,,,,,,,-2,67,34,,,,,,,62,73,51,,,,,,,69,-6,-17,,,,,,,-7,260,247,210,83,93,95,88,95,98,-5,-2,-3
NANTES,LOIRE-ATLANTIQUE,LYCEE ST JOSEPH,ANCENIS,0440149Y,44003,PR,176,34,,,,26,,,236,99,100,,,,100,,,100,99,98,,,,99,,,99,0,+2,,,,+1,,,+1,80,47,,,,58,,,73,85,61,,,,71,,,80,-5,-14,,,,-13,,,-7,231,240,242,85,96,100,89,96,99,-4,0,+1
NANTES,LOIRE-ATLANTIQUE,LYCEE LA HERDRIE,BASSE GOULAINE,0442095N,44009,PU,256,66,,,,,,,322,99,94,,,,,,,98,99,96,,,,,,,98,0,-2,,,,,,,0,75,33,,,,,,,66,82,49,,,,,,,75,-7,-16,,,,,,,-9,312,307,337,87,93,97,89,96,98,-2,-3,-1
NANTES,LOIRE-ATLANTIQUE,LYCEE CAMILLE CLAUDEL,BLAIN,0442207K,44015,PU,179,51,26,,,,,,256,98,90,96,,,,,,96,98,95,96,,,,,,97,0,-5,0,,,,,,-1,69,35,58,,,,,,61,73,48,56,,,,,,67,-4,-13,+2,,,,,,-6,309,262,281,83,92,97,87,94,98,-4,-2,-1
NANTES,LOIRE-ATLANTIQUE,LYCEE ALCIDE D'ORBIGNY,BOUAYE,0442309W,44018,PU,254,70,,,13,,,,337,99,99,,,100,,,,99,99,98,,,98,,,,99,0,+1,,,+2,,,,0,74,44,,,100,,,,69,81,61,,,78,,,,77,-7,-17,,,+22,,,,-8,424,405,358,90,97,99,88,95,99,+2,+2,0
NANTES,LOIRE-ATLANTIQUE,LYCEE HONORE D'ESTIENNE D'ORVES,CARQUEFOU,0442834S,44026,PU,293,47,,,,23,,,363,98,91,,,,96,,,97,99,96,,,,94,,,98,-1,-5,,,,+2,,,-1,74,30,,,,26,,,65,81,49,,,,52,,,75,-7,-19,,,,-26,,,-10,307,352,354,85,94,98,88,95,98,-3,-1,0
NANTES,LOIRE-ATLANTIQUE,LYCEE GUY MOQUET - ETIENNE LENOIR (GENERAL ET TECHNO.),CHATEAUBRIANT,0440005S,44036,PU,100,27,29,,,33,,,189,96,85,100,,,88,,,94,97,90,94,,,94,,,95,-1,-5,+6,,,-6,,,-1,55,33,34,,,15,,,42,60,38,50,,,48,,,53,-5,-5,-16,,,-33,,,-11,163,181,179,88,92,95,84,92,96,+4,0,-1
NANTES,LOIRE-ATLANTIQUE,LYCEE ST JOSEPH,CHATEAUBRIANT,0440151A,44036,PR,97,23,,,,,,,120,99,100,,,,,,,99,99,95,,,,,,,98,0,+5,,,,,,,+1,73,65,,,,,,,72,75,45,,,,,,,69,-2,+20,,,,,,,+3,145,144,119,90,98,98,88,95,98,+2,+3,0
NANTES,LOIRE-ATLANTIQUE,LYCEE AIME CESAIRE (GENERAL ET TECHNO.),CLISSON,0442752C,44043,PU,209,,30,,,35,,,274,97,,93,,,100,,,97,98,,96,,,97,,,98,-1,,-3,,,+3,,,-1,71,,53,,,49,,,66,75,,57,,,61,,,71,-4,,-4,,,-12,,,-5,292,271,259,89,95,98,88,95,98,+1,0,0
NANTES,LOIRE-ATLANTIQUE,LYCEE CHARLES PEGUY,GORGES,0442273G,44064,PR,320,68,,,17,,,,405,99,100,,,100,,,,99,99,97,,,98,,,,98,0,+3,,,+2,,,,+1,74,63,,,82,,,,72,80,53,,,75,,,,75,-6,+10,,,+7,,,,-3,410,464,435,85,97,99,89,96,98,-4,+1,+1
NANTES,LOIRE-ATLANTIQUE,LYCEE GALILEE,GUERANDE,0442112G,44069,PU,171,,,,,,,,171,95,,,,,,,,95,97,,,,,,,,97,-2,,,,,,,,-2,55,,,,,,,,55,67,,,,,,,,67,-12,,,,,,,,-12,197,163,155,86,94,95,87,95,98,-1,-1,-3
NANTES,LOIRE-ATLANTIQUE,LYCEE LA MENNAIS,GUERANDE,0442226F,44069,PR,158,,,,,,,,158,99,,,,,,,,99,99,,,,,,,,99,0,,,,,,,,0,77,,,,,,,,77,79,,,,,,,,79,-2,,,,,,,,-2,196,165,149,88,97,99,89,96,99,-1,+1,0
NANTES,LOIRE-ATLANTIQUE,LYCEE GRAND AIR,LA BAULE,0440012Z,44055,PU,165,35,,,,,,,200,99,89,,,,,,,97,99,95,,,,,,,98,0,-6,,,,,,,-1,71,9,,,,,,,60,75,43,,,,,,,69,-4,-34,,,,,,,-9,235,201,202,87,94,96,88,95,98,-1,-1,-2
NANTES,LOIRE-ATLANTIQUE,LYCEE CENS,LA CHAPELLE SUR ERDRE,0442083A,44035,PR,41,9,,,,,,,50,100,89,,,,,,,98,99,ND,,,,,,,98,+1,ND,,,,,,,0,73,67,,,,,,,72,83,ND,,,,,,,77,-10,ND,,,,,,,-5,47,45,42,92,96,96,ND,ND,ND,ND,ND,ND
NANTES,LOIRE-ATLANTIQUE,LYCEE ST JOSEPH,MACHECOUL SAINT MEME,0440201E,44087,PR,158,29,,,,,,,187,99,97,,,,,,,99,99,98,,,,,,,99,0,-1,,,,,,,0,84,59,,,,,,,80,80,64,,,,,,,78,+4,-5,,,,,,,+2,237,190,195,91,98,100,90,96,99,+1,+2,+1
NANTES,LOIRE-ATLANTIQUE,LYCEE CLEMENCEAU,NANTES,0440021J,44109,PU,281,,,,,,,,281,97,,,,,,,,97,99,,,,,,,,99,-2,,,,,,,,-2,80,,,,,,,,80,83,,,,,,,,83,-3,,,,,,,,-3,274,257,284,92,97,99,89,96,99,+3,+1,0
NANTES,LOIRE-ATLANTIQUE,LYCEE JULES VERNE,NANTES,0440022K,44109,PU,156,,,,,,,,156,97,,,,,,,,97,99,,,,,,,,99,-2,,,,,,,,-2,74,,,,,,,,74,84,,,,,,,,84,-10,,,,,,,,-10,183,181,132,81,92,97,89,96,99,-8,-4,-2
NANTES,LOIRE-ATLANTIQUE,LYCEE GABRIEL GUISTHAU,NANTES,0440024M,44109,PU,263,,,,,,,,263,98,,,,,,,,98,99,,,,,,,,99,-1,,,,,,,,-1,83,,,,,,,,83,88,,,,,,,,88,-5,,,,,,,,-5,279,249,264,93,97,98,90,97,99,+3,0,-1
NANTES,LOIRE-ATLANTIQUE,LYCEE LIVET,NANTES,0440029T,44109,PU,154,,121,30,,,,,305,97,,92,100,,,,,95,99,,94,100,,,,,97,-2,,-2,0,,,,,-2,73,,40,97,,,,,62,80,,52,95,,,,,70,-7,,-12,+2,,,,,-8,332,326,334,90,96,97,86,94,98,+4,+2,-1
NANTES,LOIRE-ATLANTIQUE,LYCEE GASPARD MONGE - LA CHAUVINIERE (GENERAL ET TECHNO.),NANTES,0440030U,44109,PU,155,,27,,16,,,,198,97,,85,,62,,,,93,98,,96,,91,,,,97,-1,,-11,,-29,,,,-4,62,,33,,44,,,,57,75,,57,,51,,,,71,-13,,-24,,-7,,,,-14,243,198,206,85,92,96,87,95,98,-2,-3,-2
NANTES,LOIRE-ATLANTIQUE,LYCEE LA COLINIERE,NANTES,0440086E,44109,PU,214,117,19,,,30,,,380,98,79,89,,,93,,,92,98,89,94,,,97,,,95,0,-10,-5,,,-4,,,-3,76,26,53,,,37,,,56,74,32,50,,,58,,,59,+2,-6,+3,,,-21,,,-3,385,388,397,78,85,92,85,92,96,-7,-7,-4
NANTES,LOIRE-ATLANTIQUE,LYCEE BLANCHE DE CASTILLE,NANTES,0440154D,44109,PR,175,,,,,,,,175,99,,,,,,,,99,99,,,,,,,,99,0,,,,,,,,0,77,,,,,,,,77,88,,,,,,,,88,-11,,,,,,,,-11,177,202,163,86,92,98,91,97,99,-5,-5,-1
NANTES,LOIRE-ATLANTIQUE,LYCEE ST JOSEPH DU LOQUIDY LA SALLE,NANTES,0440161L,44109,PR,339,,,,,,,,339,100,,,,,,,,100,100,,,,,,,,100,0,,,,,,,,0,94,,,,,,,,94,92,,,,,,,,92,+2,,,,,,,,+2,370,342,325,93,98,100,92,97,100,+1,+1,0
NANTES,LOIRE-ATLANTIQUE,LYCEE ST STANISLAS,NANTES,0440163N,44109,PR,180,,,,13,,,,193,100,,,,100,,,,100,99,,,,98,,,,99,+1,,,,+2,,,,+1,75,,,,77,,,,75,83,,,,76,,,,83,-8,,,,+1,,,,-8,234,233,214,89,94,99,91,96,99,-2,-2,0
NANTES,LOIRE-ATLANTIQUE,LYCEE ND DE TOUTES AIDES,NANTES,0440166S,44109,PR,171,,,,,,,,171,99,,,,,,,,99,99,,,,,,,,99,0,,,,,,,,0,87,,,,,,,,87,86,,,,,,,,86,+1,,,,,,,,+1,228,154,185,86,95,99,90,97,99,-4,-2,0
NANTES,LOIRE-ATLANTIQUE,LYCEE LA PERVERIE SACRE COEUR,NANTES,0440172Y,44109,PR,158,,,,,,,,158,100,,,,,,,,100,99,,,,,,,,99,+1,,,,,,,,+1,86,,,,,,,,86,87,,,,,,,,87,-1,,,,,,,,-1,200,187,165,92,97,100,91,97,99,+1,0,+1
NANTES,LOIRE-ATLANTIQUE,LYCEE SACRE COEUR LA SALLE (GENERAL ET TECHNO.),NANTES,0440246D,44109,PR,14,23,,,,11,,,48,93,96,,,,73,,,90,91,94,,,,87,,,91,+2,+2,,,,-14,,,-1,57,26,,,,18,,,33,48,43,,,,41,,,44,+9,-17,,,,-23,,,-11,20,27,42,75,88,93,80,86,91,-5,+2,+2
NANTES,LOIRE-ATLANTIQUE,LYCEE ALBERT CAMUS,NANTES,0440288Z,44109,PU,113,97,,,,,,,210,88,71,,,,,,,80,95,88,,,,,,,92,-7,-17,,,,,,,-12,42,19,,,,,,,31,55,33,,,,,,,45,-13,-14,,,,,,,-14,184,194,223,67,81,85,81,90,94,-14,-9,-9
NANTES,LOIRE-ATLANTIQUE,LYCEE LES BOURDONNIERES (GENERAL ET TECHNO.),NANTES,0441552Y,44109,PU,299,104,,,,53,,,456,97,93,,,,91,,,95,98,95,,,,95,,,97,-1,-2,,,,-4,,,-2,68,46,,,,36,,,59,75,46,,,,50,,,65,-7,0,,,,-14,,,-6,366,476,434,89,93,97,87,94,97,+2,-1,0
NANTES,LOIRE-ATLANTIQUE,LYCEE CARCOUET,NANTES,0441993C,44109,PU,117,63,,,,31,,,211,92,87,,,,94,,,91,93,88,,,,88,,,91,-1,-1,,,,+6,,,0,56,24,,,,29,,,43,54,32,,,,37,,,45,+2,-8,,,,-8,,,-2,158,196,214,78,87,93,78,88,92,0,-1,+1
NANTES,LOIRE-ATLANTIQUE,EXTERNAT CHAVAGNES,NANTES,0442699V,44109,PR,158,,,,,,,,158,100,,,,,,,,100,100,,,,,,,,100,0,,,,,,,,0,86,,,,,,,,86,89,,,,,,,,89,-3,,,,,,,,-3,208,196,187,90,97,99,91,97,99,-1,0,0
NANTES,LOIRE-ATLANTIQUE,LYCEE TALENSAC - JEANNE BERNARD (GENERAL ET TECHNO.),NANTES,0442725Y,44109,PR,27,105,,,,54,,,186,93,94,,,,100,,,96,94,98,,,,98,,,98,-1,-4,,,,+2,,,-2,56,50,,,,46,,,50,56,64,,,,64,,,63,0,-14,,,,-18,,,-13,97,185,177,79,94,99,88,94,97,-9,0,+2
NANTES,LOIRE-ATLANTIQUE,LYCEE NELSON MANDELA (GENERAL ET TECHNO.),NANTES,0442765S,44109,PU,212,65,,,,,16,,293,99,91,,,,,100,,97,99,91,,,,,99,,97,0,0,,,,,+1,,0,79,46,,,,,81,,72,81,41,,,,,88,,72,-2,+5,,,,,-7,,0,305,358,304,85,92,97,86,94,98,-1,-2,-1
NANTES,LOIRE-ATLANTIQUE,LYCEE SAINT-FELIX - LA SALLE,NANTES,0442774B,44109,PR,134,98,86,,17,,,,335,100,97,98,,100,,,,99,99,97,97,,98,,,,98,+1,0,+1,,+2,,,,+1,71,57,57,,71,,,,63,79,54,62,,75,,,,67,-8,+3,-5,,-4,,,,-4,329,357,322,86,97,99,86,94,98,0,+3,+1
NANTES,LOIRE-ATLANTIQUE,LYCEE SAINT-MARTIN,NORT SUR ERDRE,0442778F,44110,PR,94,,,,,,,,94,100,,,,,,,,100,99,,,,,,,,99,+1,,,,,,,,+1,79,,,,,,,,79,83,,,,,,,,83,-4,,,,,,,,-4,114,86,67,68,91,100,89,96,99,-21,-5,+1
NANTES,LOIRE-ATLANTIQUE,LYCEE CAROLINE AIGLE (GENERAL ET TECHNO.),NORT SUR ERDRE,0442899M,44110,PU,149,30,,,,18,,,197,100,100,,,,94,,,99,99,97,,,,97,,,98,+1,+3,,,,-3,,,+1,78,60,,,,56,,,73,78,56,,,,59,,,73,0,+4,,,,-3,,,0,206,212,208,91,94,98,89,95,98,+2,-1,0
NANTES,LOIRE-ATLANTIQUE,LYCEE NICOLAS APPERT (GENERAL ET TECHNO.),ORVAULT,0442094M,44114,PU,205,,27,,,,,40,272,96,,93,,,,,100,96,99,,94,,,,,99,98,-3,,-1,,,,,+1,-2,65,,41,,,,,90,66,79,,53,,,,,74,76,-14,,-12,,,,,+16,-10,280,239,235,86,93,96,88,95,98,-2,-2,-2
NANTES,LOIRE-ATLANTIQUE,LYCEE PAYS DE RETZ,PORNIC,0441992B,44131,PU,261,66,,,,,,,327,98,85,,,,,,,95,98,96,,,,,,,98,0,-11,,,,,,,-3,73,44,,,,,,,67,77,52,,,,,,,72,-4,-8,,,,,,,-5,388,328,341,84,93,97,88,95,98,-4,-2,-1
NANTES,LOIRE-ATLANTIQUE,LYCEE JEAN PERRIN,REZE,0440062D,44143,PU,251,33,48,,23,,,,355,97,82,90,,87,,,,94,99,94,95,,91,,,,97,-2,-12,-5,,-4,,,,-3,79,24,58,,52,,,,70,78,41,55,,58,,,,70,+1,-17,+3,,-6,,,,0,381,387,338,81,90,95,88,94,98,-7,-4,-3
NANTES,LOIRE-ATLANTIQUE,LYCEE NOTRE DAME (GENERAL ET TECHNO.),REZE,0440274J,44143,PR,239,,,,,,,,239,100,,,,,,,,100,100,,,,,,,,100,0,,,,,,,,0,94,,,,,,,,94,89,,,,,,,,89,+5,,,,,,,,+5,330,276,260,93,98,100,92,97,99,+1,+1,+1
NANTES,LOIRE-ATLANTIQUE,LYCEE GABRIEL DESHAYES,SAINT GILDAS DES BOIS,0440175B,44161,PR,112,29,,,,,,,141,100,100,,,,,,,100,99,96,,,,,,,98,+1,+4,,,,,,,+2,75,52,,,,,,,70,76,48,,,,,,,70,-1,+4,,,,,,,0,145,120,122,91,99,100,89,95,98,+2,+4,+2
NANTES,LOIRE-ATLANTIQUE,LYCEE ST DOMINIQUE,SAINT HERBLAIN,0440176C,44162,PR,207,32,,,,,,,239,100,100,,,,,,,100,99,98,,,,,,,99,+1,+2,,,,,,,+1,83,69,,,,,,,81,88,60,,,,,,,84,-5,+9,,,,,,,-3,271,242,234,91,99,100,90,97,99,+1,+2,+1
NANTES,LOIRE-ATLANTIQUE,LYCEE ARISTIDE BRIAND,SAINT NAZAIRE,0440069L,44184,PU,311,116,105,,17,95,,,644,98,84,87,,100,77,,,91,98,93,93,,95,95,,,96,0,-9,-6,,+5,-18,,,-5,74,28,44,,71,25,,,53,72,40,48,,60,49,,,59,+2,-12,-4,,+11,-24,,,-6,585,646,666,82,88,93,85,93,96,-3,-5,-3
NANTES,LOIRE-ATLANTIQUE,LYCEE HOTELIER STE ANNE (GENERAL ET TECHNO.),SAINT NAZAIRE,0440119R,44184,PR,,,,,,43,,27,70,,,,,,98,,100,99,,,,,,97,,100,98,,,,,,+1,,0,+1,,,,,,60,,89,71,,,,,,55,,83,66,,,,,,+5,,+6,+5,55,80,65,87,93,99,87,94,97,0,-1,+2
NANTES,LOIRE-ATLANTIQUE,LYCEE ST LOUIS,SAINT NAZAIRE,0440177D,44184,PR,139,,,,,,,,139,98,,,,,,,,98,99,,,,,,,,99,-1,,,,,,,,-1,78,,,,,,,,78,81,,,,,,,,81,-3,,,,,,,,-3,158,144,130,88,94,99,90,96,99,-2,-2,0
NANTES,LOIRE-ATLANTIQUE,LYCEE ND D'ESPERANCE,SAINT NAZAIRE,0440178E,44184,PR,152,46,,,,,,,198,99,100,,,,,,,99,99,98,,,,,,,99,0,+2,,,,,,,0,78,46,,,,,,,71,82,64,,,,,,,78,-4,-18,,,,,,,-7,164,174,199,82,95,99,90,96,99,-8,-1,0
NANTES,LOIRE-ATLANTIQUE,LYCEE ST PIERRE LA JOLIVERIE (GENERAL ET TECHNO.),SAINT SEBASTIEN SUR LOIRE,0440256P,44190,PR,,56,,34,,,,,90,,96,,100,,,,,98,,98,,100,,,,,99,,-2,,0,,,,,-1,,46,,85,,,,,61,,60,,92,,,,,72,,-14,,-7,,,,,-11,104,97,97,90,97,98,89,95,98,+1,+2,0
NANTES,LOIRE-ATLANTIQUE,LYCEE LA BAUGERIE (GENERAL ET TECHNO.),SAINT SEBASTIEN SUR LOIRE,0440279P,44190,PR,56,,,,,23,,,79,100,,,,,96,,,99,99,,,,,98,,,99,+1,,,,,-2,,,0,79,,,,,48,,,70,77,,,,,69,,,75,+2,,,,,-21,,,-5,111,96,102,82,93,99,89,96,98,-7,-3,+1
NANTES,LOIRE-ATLANTIQUE,LYCEE ST JOSEPH LA JOLIVERIE (GENERAL ET TECHNO.),SAINT SEBASTIEN SUR LOIRE,0441653H,44190,PR,62,,110,,,,,,172,100,,100,,,,,,100,99,,98,,,,,,99,+1,,+2,,,,,,+1,82,,82,,,,,,82,86,,76,,,,,,79,-4,,+6,,,,,,+3,138,137,129,84,91,99,88,95,99,-4,-4,0
NANTES,LOIRE-ATLANTIQUE,LYCEE JACQUES PREVERT,SAVENAY,0440077V,44195,PU,259,35,,,,,,,294,96,100,,,,,,,96,98,94,,,,,,,98,-2,+6,,,,,,,-2,68,34,,,,,,,64,75,48,,,,,,,71,-7,-14,,,,,,,-7,207,182,267,87,95,98,88,95,98,-1,0,0
NANTES,LOIRE-ATLANTIQUE,LYCEE ST FRANCOIS D'ASSISE,SAVENAY,0442924P,44195,PR,101,29,29,,,,,,159,99,97,100,,,,,,99,99,97,97,,,,,,98,0,0,+3,,,,,,+1,86,66,55,,,,,,77,84,57,67,,,,,,76,+2,+9,-12,,,,,,+1,266,219,223,85,96,99,88,95,98,-3,+1,+1
NANTES,MAINE-ET-LOIRE,LYCEE DAVID D ANGERS,ANGERS,0490001K,49007,PU,207,81,,,,,,,288,98,85,,,,,,,94,98,95,,,,,,,97,0,-10,,,,,,,-3,76,40,,,,,,,66,77,45,,,,,,,68,-1,-5,,,,,,,-2,312,306,294,82,87,94,87,94,98,-5,-7,-4
NANTES,MAINE-ET-LOIRE,LYCEE JOACHIM DU BELLAY,ANGERS,0490002L,49007,PU,256,67,,,,,25,,348,97,93,,,,,96,,96,99,94,,,,,99,,98,-2,-1,,,,,-3,,-2,73,46,,,,,84,,69,81,46,,,,,89,,75,-8,0,,,,,-5,,-6,345,339,325,82,92,97,88,95,98,-6,-3,-1
NANTES,MAINE-ET-LOIRE,LYCEE CHEVROLLIER (GENERAL ET TECHNO.),ANGERS,0490003M,49007,PU,230,96,56,,,63,,,445,100,96,93,,,97,,,98,98,91,92,,,95,,,95,+2,+5,+1,,,+2,,,+3,71,52,43,,,43,,,60,73,38,44,,,53,,,59,-2,+14,-1,,,-10,,,+1,443,486,484,86,95,98,84,92,96,+2,+3,+2
NANTES,MAINE-ET-LOIRE,LYCEE HENRI BERGSON,ANGERS,0491966W,49007,PU,210,35,,,,,,,245,98,97,,,,,,,98,98,97,,,,,,,98,0,0,,,,,,,0,70,51,,,,,,,67,77,55,,,,,,,74,-7,-4,,,,,,,-7,301,258,234,84,95,99,87,95,98,-3,0,+1
NANTES,MAINE-ET-LOIRE,LYCEE SACRE COEUR LA SALLE,ANGERS,0492015Z,49007,PR,262,99,,,,,,,361,100,97,,,,,,,99,99,98,,,,,,,99,+1,-1,,,,,,,0,74,43,,,,,,,66,82,59,,,,,,,76,-8,-16,,,,,,,-10,349,377,367,85,93,98,88,95,99,-3,-2,-1
NANTES,MAINE-ET-LOIRE,LYCEE AUGUSTE ET JEAN RENOIR,ANGERS,0492061Z,49007,PU,223,68,,,,,,,291,96,82,,,,,,,93,98,93,,,,,,,97,-2,-11,,,,,,,-4,67,21,,,,,,,56,73,40,,,,,,,66,-6,-19,,,,,,,-10,258,284,302,86,92,95,86,94,98,0,-2,-3
NANTES,MAINE-ET-LOIRE,LYCEE EMMANUEL MOUNIER,ANGERS,0492089E,49007,PU,117,65,,,,,,,182,95,82,,,,,,,90,97,94,,,,,,,96,-2,-12,,,,,,,-6,58,32,,,,,,,49,66,41,,,,,,,57,-8,-9,,,,,,,-8,166,164,176,78,88,94,86,93,97,-8,-5,-3
NANTES,MAINE-ET-LOIRE,LYCEE JEAN MOULIN (GENERAL ET TECHNO.),ANGERS,0492123S,49007,PU,77,,29,,23,63,,,192,99,,86,,100,95,,,96,98,,96,,95,97,,,97,+1,,-10,,+5,-2,,,-1,71,,48,,57,49,,,59,74,,59,,62,56,,,64,-3,,-11,,-5,-7,,,-5,191,187,184,83,90,96,84,93,97,-1,-3,-1
NANTES,MAINE-ET-LOIRE,LYCEE URBAIN MONGAZON,ANGERS,0492407A,49007,PR,306,,,,,53,,,359,100,,,,,100,,,100,99,,,,,97,,,99,+1,,,,,+3,,,+1,77,,,,,51,,,73,83,,,,,60,,,80,-6,,,,,-9,,,-7,350,346,343,88,95,99,90,96,99,-2,-1,0
NANTES,MAINE-ET-LOIRE,LYCEE SAINT BENOIT,ANGERS,0492532L,49007,PR,397,,,,14,,,,411,98,,,,100,,,,98,99,,,,98,,,,99,-1,,,,+2,,,,-1,76,,,,79,,,,76,82,,,,75,,,,82,-6,,,,+4,,,,-6,473,453,373,78,88,98,90,96,99,-12,-8,-1
NANTES,MAINE-ET-LOIRE,LYCEE DOM SORTAIS,BEAUPREAU,0490828J,49023,PR,148,,31,,,,,,179,99,,100,,,,,,99,98,,98,,,,,,98,+1,,+2,,,,,,+1,77,,84,,,,,,78,75,,71,,,,,,74,+2,,+13,,,,,,+4,203,184,206,87,97,99,89,96,98,-2,+1,+1
NANTES,MAINE-ET-LOIRE,LYCEE JULIEN GRACQ (GENERAL ET TECHNO.),BEAUPREAU,0492430A,49023,PU,146,,,,,30,,,176,99,,,,,93,,,98,98,,,,,94,,,97,+1,,,,,-1,,,+1,76,,,,,50,,,72,72,,,,,52,,,69,+4,,,,,-2,,,+3,243,171,145,85,91,98,88,95,98,-3,-4,0
NANTES,MAINE-ET-LOIRE,LYCEE NOTRE DAME LA SALLE,CHEMILLE EN ANJOU,0490837U,49092,PR,58,,,,,,,,58,100,,,,,,,,100,98,,,,,,,,98,+2,,,,,,,,+2,76,,,,,,,,76,74,,,,,,,,74,+2,,,,,,,,+2,73,65,81,95,98,100,88,96,99,+7,+2,+1
NANTES,MAINE-ET-LOIRE,LYCEE EUROPE ROBERT SCHUMAN (GENERAL ET TECHNO.),CHOLET,0490018D,49099,PU,113,91,,,,,,,204,94,84,,,,,,,89,94,90,,,,,,,92,0,-6,,,,,,,-3,49,32,,,,,,,41,51,38,,,,,,,45,-2,-6,,,,,,,-4,135,172,162,78,89,93,80,89,93,-2,0,0
NANTES,MAINE-ET-LOIRE,LYCEE FERNAND RENAUDEAU (GENERAL ET TECHNO.),CHOLET,0490054T,49099,PU,222,,13,28,,,,,263,98,,100,100,,,,,98,97,,96,100,,,,,98,+1,,+4,0,,,,,0,69,,62,89,,,,,71,69,,55,91,,,,,71,0,,+7,-2,,,,,0,303,269,269,84,94,98,87,95,98,-3,-1,0
NANTES,MAINE-ET-LOIRE,LYCEE JEANNE DELANOUE (GENERAL ET TECHNO.),CHOLET,0490904S,49099,PR,,,,29,,55,,19,103,,,,100,,100,,100,100,,,,100,,98,,99,99,,,,0,,+2,,+1,+1,,,,90,,78,,84,83,,,,92,,67,,79,76,,,,-2,,+11,,+5,+7,101,112,105,94,97,100,89,96,98,+5,+1,+2
NANTES,MAINE-ET-LOIRE,LYCEE SAINTE MARIE,CHOLET,0492406Z,49099,PR,242,59,,,,,,,301,99,95,,,,,,,98,99,98,,,,,,,99,0,-3,,,,,,,-1,77,46,,,,,,,71,82,63,,,,,,,78,-5,-17,,,,,,,-7,350,300,278,85,94,97,89,96,99,-4,-2,-2
NANTES,MAINE-ET-LOIRE,LYCEE JEAN BODIN,LES PONTS DE CE,0492148U,49246,PU,135,35,,,10,,,,180,93,77,,,90,,,,90,96,92,,,93,,,,95,-3,-15,,,-3,,,,-5,59,23,,,50,,,,52,62,37,,,53,,,,56,-3,-14,,,-3,,,,-4,218,189,172,76,87,94,85,93,96,-9,-6,-2
NANTES,MAINE-ET-LOIRE,LYCEE ST JOSEPH,MAUGES SUR LOIRE,0490835S,49244,PR,90,,,,,,,,90,99,,,,,,,,99,99,,,,,,,,99,0,,,,,,,,0,80,,,,,,,,80,78,,,,,,,,78,+2,,,,,,,,+2,108,93,71,78,91,98,89,96,99,-11,-5,-1
NANTES,MAINE-ET-LOIRE,LYCEE DUPLESSIS MORNAY,SAUMUR,0490040C,49328,PU,229,,,,,,,,229,96,,,,,,,,96,97,,,,,,,,97,-1,,,,,,,,-1,57,,,,,,,,57,65,,,,,,,,65,-8,,,,,,,,-8,298,232,230,85,93,96,87,95,98,-2,-2,-2
NANTES,MAINE-ET-LOIRE,LYCEE SADI CARNOT - JEAN BERTIN (GENERAL ET TECHNO.),SAUMUR,0490055U,49328,PU,15,49,22,,,13,,17,116,100,92,73,,,92,,82,88,97,94,89,,,95,,98,94,+3,-2,-16,,,-3,,-16,-6,60,41,41,,,31,,41,42,63,41,31,,,49,,67,47,-3,0,+10,,,-18,,-26,-5,104,136,126,71,85,91,81,90,94,-10,-5,-3
NANTES,MAINE-ET-LOIRE,LYCEE ST LOUIS,SAUMUR,0490838V,49328,PR,170,26,,,,,,,196,99,92,,,,,,,98,99,97,,,,,,,98,0,-5,,,,,,,0,75,50,,,,,,,71,78,51,,,,,,,74,-3,-1,,,,,,,-3,218,264,219,79,90,98,88,95,98,-9,-5,0
NANTES,MAINE-ET-LOIRE,LYCEE BOURG CHEVREAU (GENERAL ET TECHNO.),SEGRE,0490840X,49331,PR,87,34,,,9,26,,,156,100,97,,,100,100,,,99,98,97,,,ND,98,,,98,+2,0,,,ND,+2,,,+1,77,56,,,89,65,,,71,73,57,,,ND,64,,,68,+4,-1,,,ND,+1,,,+3,138,133,122,82,95,100,88,95,98,-6,0,+2
NANTES,MAINE-ET-LOIRE,LYCEE BLAISE PASCAL (GENERAL ET TECHNO.),SEGRE EN ANJOU BLEU,0490782J,49331,PU,116,35,18,,,,,,169,100,100,89,,,,,,99,98,96,93,,,,,,97,+2,+4,-4,,,,,,+2,58,40,28,,,,,,51,70,53,54,,,,,,65,-12,-13,-26,,,,,,-14,178,188,158,91,96,100,87,94,98,+4,+2,+2
NANTES,MAINE-ET-LOIRE,LYCEE ND D'ORVEAU,SEGRE EN ANJOU BLEU,0490834R,49331,PR,57,,,,,,,,57,100,,,,,,,,100,98,,,,,,,,98,+2,,,,,,,,+2,63,,,,,,,,63,72,,,,,,,,72,-9,,,,,,,,-9,66,65,62,90,97,100,88,95,98,+2,+2,+2
NANTES,MAINE-ET-LOIRE,LYCEE CHAMP BLANC,SEVREMOINE,0490952U,49301,PR,76,31,,,,,,,107,99,100,,,,,,,99,99,97,,,,,,,98,0,+3,,,,,,,+1,70,55,,,,,,,65,79,63,,,,,,,74,-9,-8,,,,,,,-9,110,146,154,88,97,98,89,96,99,-1,+1,-1
NANTES,MAINE-ET-LOIRE,LYCEE SAINT AUBIN LA SALLE (GENERAL ET TECHNO.),VERRIERES EN ANJOU,0492420P,49323,PR,128,32,58,,,,,,218,95,97,93,,,,,,95,98,97,98,,,,,,98,-3,0,-5,,,,,,-3,69,44,41,,,,,,58,71,55,72,,,,,,69,-2,-11,-31,,,,,,-11,248,216,198,86,92,97,87,95,98,-1,-3,-1
NANTES,MAYENNE,LYCEE ST MICHEL,CHATEAU GONTIER,0530046M,53062,PR,97,,,,,,,,97,99,,,,,,,,99,98,,,,,,,,98,+1,,,,,,,,+1,69,,,,,,,,69,70,,,,,,,,70,-1,,,,,,,,-1,139,106,98,79,91,99,89,95,98,-10,-4,+1
NANTES,MAYENNE,LYCEE VICTOR HUGO,CHATEAU GONTIER SUR MAYENNE,0530004S,53062,PU,160,34,,,,,,,194,95,94,,,,,,,95,98,95,,,,,,,98,-3,-1,,,,,,,-3,62,65,,,,,,,63,73,46,,,,,,,68,-11,+19,,,,,,,-5,210,145,183,74,94,97,88,95,98,-14,-1,-1
NANTES,MAYENNE,LYCEE RAOUL VADEPIED (GENERAL ET TECHNO.),EVRON,0530949U,53097,PU,96,,,,,,,,96,98,,,,,,,,98,98,,,,,,,,98,0,,,,,,,,0,69,,,,,,,,69,70,,,,,,,,70,-1,,,,,,,,-1,105,58,66,85,92,99,88,95,98,-3,-3,+1
NANTES,MAYENNE,LYCEE AMBROISE PARE,LAVAL,0530010Y,53130,PU,271,99,,,,,,,370,97,87,,,,,,,94,98,93,,,,,,,96,-1,-6,,,,,,,-2,63,35,,,,,,,56,69,42,,,,,,,62,-6,-7,,,,,,,-6,341,344,340,84,89,95,86,94,97,-2,-5,-2
NANTES,MAYENNE,LYCEE DOUANIER ROUSSEAU,LAVAL,0530011Z,53130,PU,267,100,,,,,,,367,94,85,,,,,,,92,97,90,,,,,,,95,-3,-5,,,,,,,-3,60,34,,,,,,,53,68,35,,,,,,,59,-8,-1,,,,,,,-6,289,275,298,84,90,93,86,92,96,-2,-2,-3
NANTES,MAYENNE,LYCEE REAUMUR (GENERAL ET TECHNO.),LAVAL,0530012A,53130,PU,43,2,73,,11,64,,,193,100,0,92,,100,89,,,92,99,ND,94,,96,96,,,96,+1,ND,-2,,+4,-7,,,-4,79,0,59,,45,61,,,63,77,ND,51,,61,58,,,59,+2,ND,+8,,-16,+3,,,+4,157,175,166,80,89,96,83,92,96,-3,-3,0
NANTES,MAYENNE,LYCEE IMMACULEE CONCEPTION,LAVAL,0530048P,53130,PR,247,,32,,,,,,279,100,,100,,,,,,100,99,,96,,,,,,99,+1,,+4,,,,,,+1,79,,62,,,,,,77,81,,62,,,,,,79,-2,,0,,,,,,-2,319,277,260,86,96,100,89,96,99,-3,0,+1
NANTES,MAYENNE,LYCEE D'AVESNIERES,LAVAL,0530049R,53130,PR,200,,,21,9,,,,230,100,,,100,100,,,,100,98,,,99,ND,,,,99,+2,,,+1,ND,,,,+1,73,,,86,67,,,,74,75,,,89,ND,,,,76,-2,,,-3,ND,,,,-2,243,236,222,91,97,100,90,96,99,+1,+1,+1
NANTES,MAYENNE,LYCEE HAUTE FOLLIS (GENERAL ET TECHNO.),LAVAL,0530068L,53130,PR,,60,,,,56,,,116,,100,,,,98,,,99,,96,,,,97,,,96,,+4,,,,+1,,,+3,,60,,,,62,,,61,,49,,,,57,,,53,,+11,,,,+5,,,+8,96,118,102,86,92,99,86,92,96,0,0,+3
NANTES,MAYENNE,LYCEE LAVOISIER,MAYENNE,0530016E,53147,PU,140,35,,,,,,,175,96,91,,,,,,,95,98,95,,,,,,,97,-2,-4,,,,,,,-2,71,54,,,,,,,67,71,48,,,,,,,66,0,+6,,,,,,,+1,168,173,181,83,91,95,88,95,98,-5,-4,-3
NANTES,MAYENNE,LYCEE DON BOSCO,MAYENNE,0530052U,53147,PR,103,,,,,,,,103,99,,,,,,,,99,98,,,,,,,,98,+1,,,,,,,,+1,64,,,,,,,,64,74,,,,,,,,74,-10,,,,,,,,-10,124,113,111,92,100,100,89,96,98,+3,+4,+2
NANTES,SARTHE,LYCEE ANDRE MALRAUX,ALLONNES,0721548S,72003,PU,117,53,,,,60,,,230,99,92,,,,93,,,96,98,93,,,,95,,,96,+1,-1,,,,-2,,,0,79,43,,,,47,,,62,74,42,,,,51,,,61,+5,+1,,,,-4,,,+1,212,242,242,86,94,98,86,94,97,0,0,+1
NANTES,SARTHE,LYCEE ROBERT GARNIER (GENERAL ET TECHNO.),LA FERTE BERNARD,0720017C,72132,PU,167,87,18,,,,,,272,96,91,89,,,,,,94,97,94,94,,,,,,96,-1,-3,-5,,,,,,-2,74,55,61,,,,,,67,67,45,57,,,,,,60,+7,+10,+4,,,,,,+7,276,246,243,84,92,97,86,93,97,-2,-1,0
NANTES,SARTHE,LYCEE ST PAUL-NOTRE DAME,LA FERTE BERNARD,0721549T,72132,PR,46,,,,,,,,46,98,,,,,,,,98,96,,,,,,,,96,+2,,,,,,,,+2,57,,,,,,,,57,59,,,,,,,,59,-2,,,,,,,,-2,20,26,32,66,97,100,87,94,97,-21,+3,+3
NANTES,SARTHE,LYCEE D'ESTOURNELLES DE CONSTANT (GENERAL ET TECHNO.),LA FLECHE,0720021G,72154,PU,180,86,27,,12,,,,305,97,93,96,,100,,,,96,98,95,97,,97,,,,97,-1,-2,-1,,+3,,,,-1,69,41,56,,75,,,,60,73,50,67,,71,,,,66,-4,-9,-11,,+4,,,,-6,276,319,295,88,94,98,87,94,97,+1,0,+1
NANTES,SARTHE,LYCEE NOTRE DAME,LA FLECHE,0720833P,72154,PR,63,,,,,,,,63,100,,,,,,,,100,98,,,,,,,,98,+2,,,,,,,,+2,70,,,,,,,,70,73,,,,,,,,73,-3,,,,,,,,-3,64,52,42,93,100,100,87,95,98,+6,+5,+2
NANTES,SARTHE,LYCEE PRYTANEE NATIONAL MILITAIRE,LA FLECHE,0720896H,72154,PU,137,,,,,,,,137,100,,,,,,,,100,99,,,,,,,,99,+1,,,,,,,,+1,89,,,,,,,,89,81,,,,,,,,81,+8,,,,,,,,+8,175,152,124,95,98,100,90,96,99,+5,+2,+1
NANTES,SARTHE,LYCEE MONTESQUIEU,LE MANS,0720029R,72181,PU,387,,,,,,,,387,98,,,,,,,,98,99,,,,,,,,99,-1,,,,,,,,-1,75,,,,,,,,75,82,,,,,,,,82,-7,,,,,,,,-7,418,345,335,91,96,98,89,96,99,+2,0,-1
NANTES,SARTHE,LYCEE BELLEVUE,LE MANS,0720030S,72181,PU,416,,,,,,,,416,97,,,,,,,,97,98,,,,,,,,98,-1,,,,,,,,-1,75,,,,,,,,75,75,,,,,,,,75,0,,,,,,,,0,444,369,406,85,92,96,89,95,98,-4,-3,-2
NANTES,SARTHE,LYCEE GABRIEL TOUCHARD-WASHINGTON (GENERAL ET TECHNO.),LE MANS,0720033V,72181,PU,208,99,85,,,,,,392,98,91,93,,,,,,95,98,92,94,,,,,,95,0,-1,-1,,,,,,0,72,24,60,,,,,,57,72,39,51,,,,,,59,0,-15,+9,,,,,,-2,417,393,398,82,91,97,85,93,96,-3,-2,+1
NANTES,SARTHE,LYCEE NOTRE DAME,LE MANS,0720837U,72181,PR,285,,,,30,70,,,385,99,,,,100,96,,,99,99,,,,98,97,,,99,0,,,,+2,-1,,,0,75,,,,57,51,,,70,82,,,,76,58,,,77,-7,,,,-19,-7,,,-7,384,388,380,89,97,99,89,96,99,0,+1,0
NANTES,SARTHE,LYCEE LE MANS SUD (GENERAL ET TECHNO.),LE MANS,0721094Y,72181,PU,198,109,34,,25,,,,366,94,85,91,,88,,,,91,97,88,92,,93,,,,93,-3,-3,-1,,-5,,,,-2,60,23,50,,48,,,,47,64,30,39,,53,,,,51,-4,-7,+11,,-5,,,,-4,334,347,355,76,87,92,83,91,95,-7,-4,-3
NANTES,SARTHE,LYCEE MARGUERITE YOURCENAR,LE MANS,0721493G,72181,PU,246,131,,,,,,,377,97,88,,,,,,,94,97,94,,,,,,,96,0,-6,,,,,,,-2,62,44,,,,,,,56,67,44,,,,,,,59,-5,0,,,,,,,-3,306,318,321,78,92,95,85,93,97,-7,-1,-2
NANTES,SARTHE,LYCEE SAINT-CHARLES SAINTE-CROIX (GENERAL ET TECHNO.),LE MANS,0721684P,72181,PR,203,74,,,,,,,277,98,93,,,,,,,96,97,96,,,,,,,97,+1,-3,,,,,,,-1,60,41,,,,,,,55,68,48,,,,,,,63,-8,-7,,,,,,,-8,260,265,226,79,89,96,86,94,97,-7,-5,-1
NANTES,SARTHE,LYCEE PERSEIGNE (GENERAL ET TECHNO.),MAMERS,0720027N,72180,PU,55,24,,,,,,,79,95,92,,,,,,,94,97,95,,,,,,,97,-2,-3,,,,,,,-3,53,58,,,,,,,54,68,46,,,,,,,61,-15,+12,,,,,,,-7,80,50,92,80,92,96,86,94,97,-6,-2,-1
NANTES,SARTHE,LYCEE RACAN,MONTVAL SUR LOIR,0720012X,72071,PU,110,29,,,,,,,139,96,100,,,,,,,97,97,91,,,,,,,96,-1,+9,,,,,,,+1,69,62,,,,,,,68,68,35,,,,,,,61,+1,+27,,,,,,,+7,175,137,130,82,91,97,86,93,97,-4,-2,0
NANTES,SARTHE,LYCEE SAINT JOSEPH - LA SALLE (GENERAL ET TECHNO.),PRUILLE LE CHETIF,0721478R,72247,PR,,,23,28,,,,,51,,,100,100,,,,,100,,,97,99,,,,,98,,,+3,+1,,,,,+2,,,74,75,,,,,75,,,67,84,,,,,76,,,+7,-9,,,,,-1,43,45,43,95,100,100,89,95,98,+6,+5,+2
NANTES,SARTHE,LYCEE RAPHAEL ELIZE (GENERAL ET TECHNO.),SABLE SUR SARTHE,0720048L,72264,PU,123,34,21,23,,31,,,232,98,88,95,100,,90,,,95,97,88,92,99,,95,,,95,+1,0,+3,+1,,-5,,,0,63,26,38,87,,35,,,54,65,33,42,84,,50,,,58,-2,-7,-4,+3,,-15,,,-4,264,238,226,82,91,96,85,93,96,-3,-2,0
NANTES,SARTHE,LYCEE STE ANNE (GENERAL ET TECHNO.),SABLE SUR SARTHE,0720843A,72264,PR,48,,,,,,,,48,98,,,,,,,,98,96,,,,,,,,96,+2,,,,,,,,+2,75,,,,,,,,75,62,,,,,,,,62,+13,,,,,,,,+13,46,54,46,91,98,98,87,94,97,+4,+4,+1
NANTES,SARTHE,LYCEE PAUL SCARRON,SILLE LE GUILLAUME,0720055U,72334,PU,82,18,,,,,,,100,98,83,,,,,,,95,97,93,,,,,,,96,+1,-10,,,,,,,-1,68,44,,,,,,,64,68,39,,,,,,,63,0,+5,,,,,,,+1,102,93,97,80,94,95,86,94,97,-6,0,-2
NANTES,VENDEE,LYCEE NOTRE DAME (GENERAL ET TECHNO.),CHALLANS,0850142T,85047,PR,241,50,,,,43,,,334,100,98,,,,95,,,99,99,97,,,,97,,,98,+1,+1,,,,-2,,,+1,83,48,,,,58,,,75,79,58,,,,59,,,73,+4,-10,,,,-1,,,+2,316,326,310,89,95,98,89,96,98,0,-1,0
NANTES,VENDEE,LYCEE FRANCOIS TRUFFAUT,CHALLANS,0851346B,85047,PU,162,67,31,,,,,,260,98,90,97,,,,,,96,98,95,96,,,,,,97,0,-5,+1,,,,,,-1,69,33,58,,,,,,58,69,48,55,,,,,,62,0,-15,+3,,,,,,-4,241,243,256,83,97,97,86,94,97,-3,+3,0
NANTES,VENDEE,LYCEE GEORGES CLEMENCEAU,CHANTONNAY,0850006V,85051,PU,86,21,,,,,,,107,98,90,,,,,,,96,95,91,,,,,,,95,+3,-1,,,,,,,+1,66,33,,,,,,,60,59,37,,,,,,,55,+7,-4,,,,,,,+5,113,88,108,79,95,97,85,93,96,-6,+2,+1
NANTES,VENDEE,LYCEE STE MARIE (GENERAL ET TECHNO.),CHANTONNAY,0850135K,85051,PR,91,32,,,,47,,,170,98,97,,,,100,,,98,99,97,,,,99,,,98,-1,0,,,,+1,,,0,80,56,,,,70,,,73,79,57,,,,69,,,72,+1,-1,,,,+1,,,+1,157,176,137,95,98,98,89,95,98,+6,+3,0
NANTES,VENDEE,LYCEE FRANCOIS RABELAIS (GENERAL ET TECHNO.),FONTENAY LE COMTE,0850068M,85092,PU,108,57,15,,,,,,180,98,96,100,,,,,,98,98,93,96,,,,,,96,0,+3,+4,,,,,,+2,73,51,80,,,,,,67,70,43,60,,,,,,60,+3,+8,+20,,,,,,+7,225,196,181,82,92,97,85,93,97,-3,-1,0
NANTES,VENDEE,LYCEE NOTRE DAME (GENERAL ET TECHNO.),FONTENAY LE COMTE,0851344Z,85092,PR,98,26,13,,7,31,,,175,99,96,100,,100,100,,,99,99,96,98,,ND,98,,,98,0,0,+2,,ND,+2,,,+1,77,69,85,,71,84,,,77,77,53,73,,ND,63,,,71,0,+16,+12,,ND,+21,,,+6,175,186,134,83,91,98,88,95,98,-5,-4,0
NANTES,VENDEE,LYCEE PIERRE MENDES-FRANCE,LA ROCHE SUR YON,0850025R,85191,PU,280,102,,,,,,,382,95,85,,,,,,,92,97,91,,,,,,,96,-2,-6,,,,,,,-4,60,28,,,,,,,52,67,37,,,,,,,59,-7,-9,,,,,,,-7,300,313,343,80,88,93,85,93,96,-5,-5,-3
NANTES,VENDEE,LYCEE ROSA PARKS (GENERAL ET TECHNO.),LA ROCHE SUR YON,0850027T,85191,PU,111,,41,,,,,,152,98,,90,,,,,,96,98,,93,,,,,,97,0,,-3,,,,,,-1,75,,59,,,,,,70,71,,54,,,,,,66,+4,,+5,,,,,,+4,136,144,132,79,92,97,87,94,97,-8,-2,0
NANTES,VENDEE,LYCEE ND DU ROC (GENERAL ET TECHNO.),LA ROCHE SUR YON,0850130E,85191,PR,227,83,,,,,,11,321,100,95,,,,,,100,99,99,97,,,,,,100,99,+1,-2,,,,,,0,0,79,49,,,,,,82,71,82,54,,,,,,82,75,-3,-5,,,,,,0,-4,363,332,316,93,98,99,89,96,99,+4,+2,0
NANTES,VENDEE,LYCEE J. DE LATTRE DE TASSIGNY,LA ROCHE SUR YON,0851401L,85191,PU,249,,26,,10,,,,285,100,,96,,100,,,,99,98,,96,,98,,,,98,+2,,0,,+2,,,,+1,77,,58,,80,,,,75,73,,64,,76,,,,73,+4,,-6,,+4,,,,+2,273,182,227,84,94,99,88,95,98,-4,-1,+1
NANTES,VENDEE,LYCEE SAINT FRANCOIS D'ASSISE,LA ROCHE SUR YON,0851642Y,85191,PR,369,,43,,11,,,,423,100,,100,,100,,,,100,99,,98,,96,,,,99,+1,,+2,,+4,,,,+1,87,,70,,55,,,,84,85,,74,,66,,,,84,+2,,-4,,-11,,,,0,428,417,425,93,97,100,90,96,99,+3,+1,+1
NANTES,VENDEE,LYCEE JEAN XXIII,LES HERBIERS,0850076W,85109,PR,200,54,,,,,,,254,100,98,,,,,,,99,99,98,,,,,,,99,+1,0,,,,,,,0,88,81,,,,,,,86,82,59,,,,,,,77,+6,+22,,,,,,,+9,303,299,252,90,95,100,90,96,99,0,-1,+1
NANTES,VENDEE,LYCEE JEAN MONNET (GENERAL ET TECHNO.),LES HERBIERS,0851400K,85109,PU,114,28,,,,,,,142,98,86,,,,,,,96,97,95,,,,,,,97,+1,-9,,,,,,,-1,55,29,,,,,,,50,67,49,,,,,,,63,-12,-20,,,,,,,-13,121,121,126,86,95,97,87,94,97,-1,+1,0
NANTES,VENDEE,LYCEE SAVARY DE MAULEON,LES SABLES D OLONNE,0850032Y,85194,PU,168,66,,,11,,,,245,99,91,,,91,,,,96,98,95,,,94,,,,97,+1,-4,,,-3,,,,-1,76,42,,,91,,,,67,69,47,,,67,,,,63,+7,-5,,,+24,,,,+4,309,270,266,81,92,97,87,94,97,-6,-2,0
NANTES,VENDEE,LYCEE STE MARIE DU PORT (GENERAL ET TECHNO.),LES SABLES D OLONNE,0850133H,85194,PR,212,26,,,,32,,,270,99,96,,,,100,,,99,99,96,,,,98,,,99,0,0,,,,+2,,,0,83,50,,,,88,,,81,81,53,,,,65,,,76,+2,-3,,,,+23,,,+5,279,267,258,90,97,99,90,96,99,0,+1,0
NANTES,VENDEE,LYCEE ATLANTIQUE (GENERAL ET TECHNO.),LUCON,0850016F,85128,PU,93,33,,,,23,,,149,100,85,,,,100,,,97,97,93,,,,97,,,96,+3,-8,,,,+3,,,+1,62,12,,,,48,,,49,67,41,,,,54,,,59,-5,-29,,,,-6,,,-10,126,151,137,83,92,98,87,94,97,-4,-2,+1
NANTES,VENDEE,LYCEE STE URSULE (GENERAL ET TECHNO.),LUCON,0850077X,85128,PR,107,,,,,,,,107,98,,,,,,,,98,97,,,,,,,,97,+1,,,,,,,,+1,68,,,,,,,,68,63,,,,,,,,63,+5,,,,,,,,+5,120,93,101,89,96,97,88,95,98,+1,+1,-1
NANTES,VENDEE,LYCEE LEONARD DE VINCI (GENERAL ET TECHNO.),MONTAIGU,0851390Z,85146,PU,254,,39,31,,,,,324,100,,100,100,,,,,100,99,,98,100,,,,,99,+1,,+2,0,,,,,+1,81,,92,100,,,,,84,76,,76,96,,,,,78,+5,,+16,+4,,,,,+6,387,334,336,88,97,100,89,96,99,-1,+1,+1
NANTES,VENDEE,LYCEE JEANNE D'ARC (GENERAL ET TECHNO.),MONTAIGU VENDEE,0850136L,85146,PR,80,47,,,7,,,,134,99,100,,,100,,,,99,99,97,,,ND,,,,98,0,+3,,,ND,,,,+1,78,68,,,100,,,,75,81,60,,,ND,,,,74,-3,+8,,,ND,,,,+1,102,123,124,88,97,99,88,95,98,0,+2,+1
NANTES,VENDEE,LYCEE ND DE LA TOURTELIERE,POUZAUGES,0850079Z,85182,PR,103,24,,,,,,,127,99,100,,,,,,,99,98,96,,,,,,,97,+1,+4,,,,,,,+2,73,79,,,,,,,74,71,50,,,,,,,67,+2,+29,,,,,,,+7,118,133,117,82,94,100,87,95,98,-5,-1,+2
NANTES,VENDEE,LYCEE ADELINE BOUTAIN (GENERAL ET TECHNO.),SAINT GILLES CROIX DE VIE,0851696G,85222,PU,100,,15,,,,,,115,99,,100,,,,,,99,98,,95,,,,,,98,+1,,+5,,,,,,+1,72,,80,,,,,,73,73,,50,,,,,,70,-1,,+30,,,,,,+3,171,126,127,84,95,99,88,95,98,-4,0,+1
NANTES,VENDEE,LYCEE ST GABRIEL ST MICHEL,SAINT LAURENT SUR SEVRE,0850086G,85238,PR,135,16,39,,,,,,190,100,100,100,,,,,,100,99,98,98,,,,,,99,+1,+2,+2,,,,,,+1,82,69,90,,,,,,83,81,58,73,,,,,,78,+1,+11,+17,,,,,,+5,203,173,178,91,99,100,89,96,98,+2,+3,+2
NANTES,VENDEE,LYCEE L'ESPERANCE,SAINTE CECILE,0850118S,85202,PR,27,,,,,,,,27,100,,,,,,,,100,ND,,,,,,,,ND,ND,,,,,,,,ND,67,,,,,,,,67,ND,,,,,,,,ND,ND,,,,,,,,ND,22,25,23,85,100,100,ND,ND,ND,ND,ND,ND
NICE,ALPES-MARITIMES,LYCEE JACQUES AUDIBERTI,ANTIBES,0060001U,06004,PU,288,98,,,15,,,,401,96,88,,,87,,,,94,95,92,,,89,,,,94,+1,-4,,,-2,,,,0,59,36,,,40,,,,52,56,37,,,38,,,,51,+3,-1,,,+2,,,,+1,421,445,438,81,90,92,84,92,95,-3,-2,-3
NICE,ALPES-MARITIMES,LYCEE MONT SAINT JEAN,ANTIBES,0060668U,06004,PR,163,,,,,,,,163,100,,,,,,,,100,99,,,,,,,,99,+1,,,,,,,,+1,94,,,,,,,,94,86,,,,,,,,86,+8,,,,,,,,+8,167,170,171,94,98,100,91,97,99,+3,+1,+1
NICE,ALPES-MARITIMES,LYCEE LEONARD DE VINCI (GENERAL ET TECHNO.),ANTIBES,0061478Z,06004,PU,46,,71,33,,,,,150,100,,86,100,,,,,93,99,,92,99,,,,,96,+1,,-6,+1,,,,,-3,78,,44,94,,,,,65,75,,45,83,,,,,63,+3,,-1,+11,,,,,+2,155,148,171,81,88,94,83,93,97,-2,-5,-3
NICE,ALPES-MARITIMES,LYCEE AUGUSTE RENOIR,CAGNES SUR MER,0060009C,06027,PU,395,105,,,,,,,500,95,93,,,,,,,95,98,95,,,,,,,97,-3,-2,,,,,,,-2,69,45,,,,,,,64,71,48,,,,,,,66,-2,-3,,,,,,,-2,638,580,539,89,94,97,87,94,98,+2,0,-1
NICE,ALPES-MARITIMES,LYCEE CARNOT,CANNES,0060011E,06029,PU,383,,,,,,,,383,91,,,,,,,,91,93,,,,,,,,93,-2,,,,,,,,-2,47,,,,,,,,47,50,,,,,,,,50,-3,,,,,,,,-3,513,444,401,79,92,94,84,92,96,-5,0,-2
NICE,ALPES-MARITIMES,LYCEE BRISTOL,CANNES,0060013G,06029,PU,171,103,,,,36,,,310,83,90,,,,92,,,86,87,87,,,,90,,,87,-4,+3,,,,+2,,,-1,32,30,,,,39,,,32,34,29,,,,38,,,33,-2,+1,,,,+1,,,-1,272,273,310,73,87,91,79,87,91,-6,0,0
NICE,ALPES-MARITIMES,LYCEE JULES FERRY,CANNES,0060014H,06029,PU,187,,70,,44,,,,301,98,,87,,91,,,,95,98,,91,,92,,,,96,0,,-4,,-1,,,,-1,72,,46,,59,,,,64,72,,42,,52,,,,62,0,,+4,,+7,,,,+2,278,300,307,92,95,98,86,94,97,+6,+1,+1
NICE,ALPES-MARITIMES,LYCEE SAINTE MARIE,CANNES,0060670W,06029,PR,109,,,,,,,,109,100,,,,,,,,100,97,,,,,,,,97,+3,,,,,,,,+3,82,,,,,,,,82,67,,,,,,,,67,+15,,,,,,,,+15,113,104,95,96,99,99,89,95,98,+7,+4,+1
NICE,ALPES-MARITIMES,LYCEE STANISLAS,CANNES,0060673Z,06029,PR,176,22,,,,,,,198,100,100,,,,,,,100,99,97,,,,,,,99,+1,+3,,,,,,,+1,91,77,,,,,,,90,86,59,,,,,,,83,+5,+18,,,,,,,+7,231,215,207,91,98,100,90,96,99,+1,+2,+1
NICE,ALPES-MARITIMES,LYCEE LES FAUVETTES,CANNES,0060735S,06029,PR,,,,,,34,,,34,,,,,,74,,,74,,,,,,ND,,,ND,,,,,,ND,,,ND,,,,,,38,,,38,,,,,,ND,,,ND,,,,,,ND,,,ND,20,34,32,42,73,76,ND,ND,ND,ND,ND,ND
NICE,ALPES-MARITIMES,LYCEE RENE GOSCINNY,DRAP,0062089N,06054,PU,119,46,25,18,,,,,208,97,93,88,94,,,,,95,93,88,82,97,,,,,91,+4,+5,+6,-3,,,,,+4,63,50,40,72,,,,,58,50,30,28,52,,,,,43,+13,+20,+12,+20,,,,,+15,297,234,249,78,90,95,82,90,94,-4,0,+1
NICE,ALPES-MARITIMES,LYCEE AMIRAL DE GRASSE,GRASSE,0060020P,06069,PU,256,85,,,,,,,341,95,85,,,,,,,92,97,92,,,,,,,96,-2,-7,,,,,,,-4,62,29,,,,,,,54,66,36,,,,,,,58,-4,-7,,,,,,,-4,382,335,334,84,90,94,86,93,96,-2,-3,-2
NICE,ALPES-MARITIMES,LYCEE FENELON,GRASSE,0060674A,06069,PR,177,27,,,,,,,204,99,96,,,,,,,99,99,98,,,,,,,99,0,-2,,,,,,,0,91,48,,,,,,,85,84,59,,,,,,,81,+7,-11,,,,,,,+4,217,204,174,89,97,99,89,96,99,0,+1,0
NICE,ALPES-MARITIMES,LYCEE ALEXIS DE TOCQUEVILLE,GRASSE,0061760F,06069,PU,236,35,28,,9,,,,308,96,97,93,,100,,,,96,97,93,93,,ND,,,,96,-1,+4,0,,ND,,,,0,61,46,25,,67,,,,56,65,41,44,,ND,,,,60,-4,+5,-19,,ND,,,,-4,364,325,332,82,93,96,86,94,97,-4,-1,-1
NICE,ALPES-MARITIMES,LYCEE PIERRE ET MARIE CURIE,MENTON,0060026W,06083,PU,203,60,14,,,,,,277,92,77,71,,,,,,88,91,87,80,,,,,,90,+1,-10,-9,,,,,,-2,55,22,14,,,,,,45,48,28,22,,,,,,43,+7,-6,-8,,,,,,+2,310,298,301,77,87,92,80,89,93,-3,-2,-1
NICE,ALPES-MARITIMES,LYCEE PARC IMPERIAL,NICE,0060029Z,06088,PU,395,122,,,,,,,517,91,84,,,,,,,90,94,88,,,,,,,93,-3,-4,,,,,,,-3,59,30,,,,,,,52,53,29,,,,,,,48,+6,+1,,,,,,,+4,566,506,496,79,89,91,82,90,94,-3,-1,-3
NICE,ALPES-MARITIMES,LYCEE MASSENA,NICE,0060030A,06088,PU,265,,,,,,16,,281,98,,,,,,100,,99,98,,,,,,98,,98,0,,,,,,+2,,+1,69,,,,,,81,,70,74,,,,,,88,,75,-5,,,,,,-7,,-5,377,301,292,93,97,98,87,95,98,+6,+2,0
NICE,ALPES-MARITIMES,LYCEE ALBERT CALMETTE,NICE,0060031B,06088,PU,356,107,,,,,,,463,94,84,,,,,,,92,97,93,,,,,,,96,-3,-9,,,,,,,-4,65,46,,,,,,,61,65,40,,,,,,,59,0,+6,,,,,,,+2,410,427,405,82,88,93,85,93,97,-3,-5,-4
NICE,ALPES-MARITIMES,LYCEE HONORE D'ESTIENNE D'ORVES,NICE,0060033D,06088,PU,309,101,,,,89,,,499,93,83,,,,80,,,88,95,90,,,,91,,,93,-2,-7,,,,-11,,,-5,58,28,,,,34,,,47,60,32,,,,41,,,51,-2,-4,,,,-7,,,-4,459,517,518,78,87,91,83,91,95,-5,-4,-4
NICE,ALPES-MARITIMES,LYCEE REGIONAL HOTELIER JEANNE ET PAUL AUGIER (GENERAL ET TECHNO.),NICE,0060034E,06088,PU,,,,,,,,71,71,,,,,,,,99,99,,,,,,,,98,98,,,,,,,,+1,+1,,,,,,,,63,63,,,,,,,,63,63,,,,,,,,0,0,61,68,72,82,95,99,82,90,95,0,+5,+4
NICE,ALPES-MARITIMES,LYCEE LES EUCALYPTUS,NICE,0060075Z,06088,PU,120,,93,,,,,,213,98,,91,,,,,,95,98,,93,,,,,,96,0,,-2,,,,,,-1,73,,55,,,,,,65,75,,49,,,,,,63,-2,,+6,,,,,,+2,223,228,220,83,92,96,85,93,97,-2,-1,-1
NICE,ALPES-MARITIMES,LYCEE SASSERNO,NICE,0060677D,06088,PR,165,,,,,,,,165,99,,,,,,,,99,99,,,,,,,,99,0,,,,,,,,0,92,,,,,,,,92,79,,,,,,,,79,+13,,,,,,,,+13,180,165,170,85,94,99,90,96,99,-5,-2,0
NICE,ALPES-MARITIMES,LYCEE STANISLAS,NICE,0060729K,06088,PR,115,,,,,,,,115,100,,,,,,,,100,99,,,,,,,,99,+1,,,,,,,,+1,92,,,,,,,,92,88,,,,,,,,88,+4,,,,,,,,+4,153,112,130,82,95,100,91,97,99,-9,-2,+1
NICE,ALPES-MARITIMES,LYCEE DON BOSCO,NICE,0060773H,06088,PR,103,,31,,,,,,134,100,,97,,,,,,99,99,,97,,,,,,98,+1,,0,,,,,,+1,81,,45,,,,,,72,78,,64,,,,,,75,+3,,-19,,,,,,-3,172,186,141,87,95,97,89,96,99,-2,-1,-2
NICE,ALPES-MARITIMES,LYCEE SAINT JOSEPH,NICE,0060774J,06088,PR,56,34,,,,,,,90,100,100,,,,,,,100,98,96,,,,,,,97,+2,+4,,,,,,,+3,80,74,,,,,,,78,69,48,,,,,,,61,+11,+26,,,,,,,+17,94,95,99,82,99,100,87,94,97,-5,+5,+3
NICE,ALPES-MARITIMES,LYCEE MELINEE ET MISSAK MANOUCHIAN,NICE,0061691F,06088,PU,355,112,,,24,,,,491,91,88,,,71,,,,89,94,89,,,89,,,,93,-3,-1,,,-18,,,,-4,51,29,,,33,,,,45,54,31,,,50,,,,48,-3,-2,,,-17,,,,-3,480,430,470,79,87,92,83,91,95,-4,-4,-3
NICE,ALPES-MARITIMES,LYCEE GUILLAUME APOLLINAIRE,NICE,0061763J,06088,PU,242,89,37,,,,,,368,93,90,86,,,,,,91,91,84,84,,,,,,89,+2,+6,+2,,,,,,+2,51,30,22,,,,,,43,43,24,27,,,,,,37,+8,+6,-5,,,,,,+6,378,381,361,82,90,95,79,88,92,+3,+2,+3
NICE,ALPES-MARITIMES,LYCEE LA PROVIDENCE,NICE,0061852F,06088,PR,,,,,,59,,,59,,,,,,85,,,85,,,,,,95,,,95,,,,,,-10,,,-10,,,,,,39,,,39,,,,,,50,,,50,,,,,,-11,,,-11,42,58,53,76,88,88,82,90,94,-6,-2,-6
NICE,ALPES-MARITIMES,LYCEE SAINT BARTHELEMY,NICE,0062147B,06088,PR,93,,,,,,,,93,100,,,,,,,,100,99,,,,,,,,99,+1,,,,,,,,+1,84,,,,,,,,84,86,,,,,,,,86,-2,,,,,,,,-2,104,94,88,88,96,99,91,97,99,-3,-1,0
NICE,ALPES-MARITIMES,LYCEE OR TORAH,NICE,0062256V,06088,PR,28,,,,,,,,28,100,,,,,,,,100,ND,,,,,,,,ND,ND,,,,,,,,ND,75,,,,,,,,75,ND,,,,,,,,ND,ND,,,,,,,,ND,26,31,27,87,96,100,ND,ND,ND,ND,ND,ND
NICE,ALPES-MARITIMES,INSTITUTION ST JOSEPH CARNOLES,ROQUEBRUNE CAP MARTIN,0060750H,06104,PR,127,31,,,,,,,158,100,100,,,,,,,100,98,96,,,,,,,98,+2,+4,,,,,,,+2,79,65,,,,,,,76,71,47,,,,,,,66,+8,+18,,,,,,,+10,173,178,160,86,97,99,87,95,98,-1,+2,+1
NICE,ALPES-MARITIMES,LYCEE INTERNATIONAL,VALBONNE,0061642C,06152,PU,369,,,,,,,,369,99,,,,,,,,99,99,,,,,,,,99,0,,,,,,,,0,92,,,,,,,,92,84,,,,,,,,84,+8,,,,,,,,+8,395,387,356,92,97,99,90,96,99,+2,+1,0
NICE,ALPES-MARITIMES,LYCEE SIMONE VEIL,VALBONNE,0062015H,06152,PU,242,51,,,,,,,293,98,98,,,,,,,98,99,96,,,,,,,98,-1,+2,,,,,,,0,84,59,,,,,,,80,80,50,,,,,,,74,+4,+9,,,,,,,+6,375,376,331,90,97,98,88,95,98,+2,+2,0
NICE,ALPES-MARITIMES,LYCEE DE LA MONTAGNE (GENERAL ET TECHNO.),VALDEBLORE,0061987C,06153,PU,55,19,,,,,,,74,98,95,,,,,,,97,98,95,,,,,,,97,0,0,,,,,,,0,56,32,,,,,,,50,70,49,,,,,,,64,-14,-17,,,,,,,-14,78,86,79,88,96,97,86,94,97,+2,+2,0
NICE,ALPES-MARITIMES,LYCEE HENRI MATISSE,VENCE,0061884R,06157,PU,257,52,,29,,,,,338,99,94,,100,,,,,99,99,96,,99,,,,,98,0,-2,,+1,,,,,+1,75,50,,69,,,,,71,77,55,,77,,,,,73,-2,-5,,-8,,,,,-2,362,336,348,89,94,97,88,95,98,+1,-1,-1
NICE,VAR,LYCEE RAYNOUARD (GENERAL ET TECHNO.),BRIGNOLES,0830007G,83023,PU,324,95,,,,53,,,472,94,91,,,,87,,,93,97,93,,,,89,,,95,-3,-2,,,,-2,,,-2,60,38,,,,17,,,51,62,40,,,,40,,,55,-2,-2,,,,-23,,,-4,455,412,426,84,91,95,84,92,96,0,-1,-1
NICE,VAR,LYCEE SAINTE JEANNE D ARC (GENERAL ET TECHNO.),BRIGNOLES,0831444U,83023,PR,77,,,,,,,,77,100,,,,,,,,100,99,,,,,,,,99,+1,,,,,,,,+1,71,,,,,,,,71,74,,,,,,,,74,-3,,,,,,,,-3,115,93,93,86,93,99,89,96,99,-3,-3,0
NICE,VAR,LYCEE JEAN MOULIN,DRAGUIGNAN,0830015R,83050,PU,318,102,,,18,,,,438,97,95,,,94,,,,96,97,91,,,93,,,,95,0,+4,,,+1,,,,+1,72,46,,,78,,,,66,64,36,,,54,,,,57,+8,+10,,,+24,,,,+9,494,440,471,82,93,97,84,92,96,-2,+1,+1
NICE,VAR,LYCEE ALBERT CAMUS (GENERAL ET TECHNO.),FREJUS,0831440P,83061,PU,190,,46,,,32,,,268,96,,93,,,81,,,94,97,,91,,,95,,,96,-1,,+2,,,-14,,,-2,62,,35,,,34,,,54,65,,34,,,50,,,58,-3,,+1,,,-16,,,-4,347,277,263,83,91,95,85,93,97,-2,-2,-2
NICE,VAR,LYCEE DU GOLFE DE SAINT TROPEZ (GENERAL ET TECHNO.),GASSIN,0831242Z,83065,PU,273,76,,,,,,,349,89,99,,,,,,,91,94,91,,,,,,,93,-5,+8,,,,,,,-2,50,33,,,,,,,46,50,36,,,,,,,47,0,-3,,,,,,,-1,367,367,349,82,90,94,83,91,95,-1,-1,-1
NICE,VAR,LYCEE JEAN AICARD,HYERES,0830025B,83069,PU,289,102,,,,33,,,424,95,86,,,,97,,,93,96,89,,,,95,,,94,-1,-3,,,,+2,,,-1,65,31,,,,67,,,57,62,34,,,,52,,,54,+3,-3,,,,+15,,,+3,456,426,442,85,92,94,84,92,95,+1,0,-1
NICE,VAR,LYCEE MAINTENON (GENERAL ET TECHNO.),HYERES,0830101J,83069,PR,131,18,,,,,,,149,100,100,,,,,,,100,99,96,,,,,,,98,+1,+4,,,,,,,+2,76,56,,,,,,,74,78,46,,,,,,,74,-2,+10,,,,,,,0,180,173,172,91,98,100,89,96,99,+2,+2,+1
NICE,VAR,LYCEE COSTEBELLE (GENERAL ET TECHNO.),HYERES,0831563Y,83069,PU,267,,47,,36,,,,350,98,,85,,94,,,,96,98,,91,,94,,,,96,0,,-6,,0,,,,0,68,,32,,58,,,,62,68,,38,,55,,,,63,0,,-6,,+3,,,,-1,369,335,371,83,92,97,86,94,97,-3,-2,0
NICE,VAR,LYCEE DU COUDON,LA GARDE,0831407D,83062,PU,329,99,,,,,,,428,96,95,,,,,,,96,97,93,,,,,,,96,-1,+2,,,,,,,0,66,42,,,,,,,61,68,41,,,,,,,62,-2,+1,,,,,,,-1,496,431,466,83,94,96,86,94,97,-3,0,-1
NICE,VAR,LYCEE BEAUSSIER,LA SEYNE SUR MER,0830050D,83126,PU,327,105,,,,,,,432,94,90,,,,,,,93,97,91,,,,,,,95,-3,-1,,,,,,,-2,64,36,,,,,,,57,63,35,,,,,,,56,+1,+1,,,,,,,+1,523,426,426,82,91,93,85,93,96,-3,-2,-3
NICE,VAR,LYCEE SAINTE MARIE,LA SEYNE SUR MER,0830095C,83126,PR,94,,13,,,,,,107,100,,100,,,,,,100,99,,96,,,,,,98,+1,,+4,,,,,,+2,84,,77,,,,,,83,78,,61,,,,,,76,+6,,+16,,,,,,+7,148,119,117,83,95,100,89,96,99,-6,-1,+1
NICE,VAR,LYCEE PAUL LANGEVIN (GENERAL ET TECHNO.),LA SEYNE SUR MER,0830923C,83126,PU,267,,70,,,,,,337,97,,89,,,,,,95,97,,91,,,,,,96,0,,-2,,,,,,-1,69,,34,,,,,,61,68,,41,,,,,,63,+1,,-7,,,,,,-2,379,372,353,86,91,96,86,94,97,0,-3,-1
NICE,VAR,LYCEE DU VAL D'ARGENS (GENERAL ET TECHNO.),LE MUY,0831646N,83086,PU,331,,24,,,,,,355,94,,88,,,,,,94,95,,92,,,,,,95,-1,,-4,,,,,,-1,60,,29,,,,,,58,57,,39,,,,,,55,+3,,-10,,,,,,+3,476,341,341,87,93,96,86,94,97,+1,-1,-1
NICE,VAR,LYCEE DE LORGUES - THOMAS EDISON (GENERAL ET TECHNO.),LORGUES,0830032J,83072,PU,254,,50,,,,,,304,94,,74,,,,,,91,96,,87,,,,,,94,-2,,-13,,,,,,-3,63,,24,,,,,,57,60,,28,,,,,,55,+3,,-4,,,,,,+2,420,329,324,81,90,94,84,93,96,-3,-3,-2
NICE,VAR,EXTERNAT SAINT JOSEPH LA CORDEILLE,OLLIOULES,0830098F,83090,PR,126,,,,,,,,126,100,,,,,,,,100,99,,,,,,,,99,+1,,,,,,,,+1,95,,,,,,,,95,85,,,,,,,,85,+10,,,,,,,,+10,156,135,120,84,93,99,91,97,99,-7,-4,0
NICE,VAR,LYCEE MAURICE JANETTI (GENERAL ET TECHNO.),SAINT MAXIMIN LA SAINTE BAUME,0831559U,83116,PU,322,,41,,13,,,,376,96,,83,,100,,,,95,97,,89,,98,,,,96,-1,,-6,,+2,,,,-1,57,,20,,69,,,,54,64,,34,,72,,,,61,-7,,-14,,-3,,,,-7,445,369,356,88,95,98,86,94,98,+2,+1,0
NICE,VAR,LYCEE ANTOINE DE SAINT EXUPERY (GENERAL ET TECHNO.),SAINT RAPHAEL,0830042V,83118,PU,298,136,,,,,,,434,97,91,,,,,,,95,98,91,,,,,,,96,-1,0,,,,,,,-1,67,40,,,,,,,59,69,39,,,,,,,59,-2,+1,,,,,,,0,421,441,424,87,91,96,85,93,96,+2,-2,0
NICE,VAR,LYCEE STANISLAS,SAINT RAPHAEL,0831551K,83118,PR,81,,,,,,,,81,100,,,,,,,,100,99,,,,,,,,99,+1,,,,,,,,+1,99,,,,,,,,99,86,,,,,,,,86,+13,,,,,,,,+13,108,78,69,84,99,100,91,97,99,-7,+2,+1
NICE,VAR,LYCEE DUMONT D URVILLE,TOULON,0830053G,83137,PU,355,86,,,,,,,441,97,90,,,,,,,95,97,90,,,,,,,96,0,0,,,,,,,-1,70,52,,,,,,,66,66,34,,,,,,,60,+4,+18,,,,,,,+6,569,525,493,83,93,96,84,93,96,-1,0,0
NICE,VAR,LYCEE FENELON,TOULON,0830099G,83137,PR,142,,,,,17,,,159,100,,,,,100,,,100,99,,,,,98,,,99,+1,,,,,+2,,,+1,91,,,,,65,,,88,85,,,,,66,,,83,+6,,,,,-1,,,+5,158,130,167,77,96,99,90,96,99,-13,0,0
NICE,VAR,LYCEE NOTRE DAME,TOULON,0830100H,83137,PR,94,,,,6,,,,100,100,,,,100,,,,100,98,,,,ND,,,,98,+2,,,,ND,,,,+2,78,,,,83,,,,78,73,,,,ND,,,,72,+5,,,,ND,,,,+6,103,99,86,87,97,100,88,95,98,-1,+2,+2
NICE,VAR,LYCEE MARIE FRANCE,TOULON,0831207L,83137,PR,,34,,,,,,,34,,97,,,,,,,97,,ND,,,,,,,ND,,ND,,,,,,,ND,,24,,,,,,,24,,ND,,,,,,,ND,,ND,,,,,,,ND,17,20,27,75,86,97,ND,ND,ND,ND,ND,ND
NICE,VAR,LYCEE BONAPARTE,TOULON,0831243A,83137,PU,304,94,,,,75,,,473,93,88,,,,88,,,91,93,87,,,,90,,,91,0,+1,,,,-2,,,0,53,33,,,,41,,,47,48,27,,,,40,,,43,+5,+6,,,,+1,,,+4,485,459,493,74,89,93,80,89,93,-6,0,0
NICE,VAR,LYCEE ROUVIERE - SUZANNE LEFORT ROUQUETTE (GENERAL ET TECHNO.),TOULON,0831616F,83137,PU,129,,102,35,20,,,,286,98,,89,100,95,,,,95,99,,94,100,96,,,,97,-1,,-5,0,-1,,,,-2,88,,55,91,90,,,,77,78,,51,86,64,,,,69,+10,,+4,+5,+26,,,,+8,341,352,290,83,92,96,86,94,97,-3,-2,-1
NORMANDIE,CALVADOS,LYCEE ALAIN CHARTIER,BAYEUX,0140004D,14047,PU,191,,,,,,,,191,98,,,,,,,,98,99,,,,,,,,99,-1,,,,,,,,-1,75,,,,,,,,75,78,,,,,,,,78,-3,,,,,,,,-3,208,181,187,90,96,98,88,96,99,+2,0,-1
NORMANDIE,CALVADOS,INSTITUTION JEANNE D'ARC,BAYEUX,0141157G,14047,PR,95,,,,,,,,95,100,,,,,,,,100,99,,,,,,,,99,+1,,,,,,,,+1,81,,,,,,,,81,76,,,,,,,,76,+5,,,,,,,,+5,124,95,95,87,93,99,88,95,99,-1,-2,0
NORMANDIE,CALVADOS,LYCEE ARCISSE DE CAUMONT (GENERAL ET TECHNO.),BAYEUX,0141274J,14047,PU,71,63,23,,,,,,157,99,83,100,,,,,,92,96,92,97,,,,,,95,+3,-9,+3,,,,,,-3,59,22,74,,,,,,46,62,39,65,,,,,,53,-3,-17,+9,,,,,,-7,147,157,143,80,90,94,84,92,95,-4,-2,-1
NORMANDIE,CALVADOS,LYCEE MALHERBE,CAEN,0140013N,14118,PU,377,67,,,,,17,,461,98,87,,,,,100,,96,99,96,,,,,99,,98,-1,-9,,,,,+1,,-2,70,30,,,,,71,,64,78,51,,,,,89,,74,-8,-21,,,,,-18,,-10,523,469,449,87,95,97,88,95,98,-1,0,-1
NORMANDIE,CALVADOS,LYCEE AUGUSTIN FRESNEL,CAEN,0140014P,14118,PU,271,98,,,,,,,369,97,92,,,,,,,96,98,93,,,,,,,97,-1,-1,,,,,,,-1,72,36,,,,,,,63,74,43,,,,,,,66,-2,-7,,,,,,,-3,411,394,353,79,89,95,86,94,97,-7,-5,-2
NORMANDIE,CALVADOS,LYCEE JEAN ROSTAND,CAEN,0140017T,14118,PU,223,148,,,28,93,,,492,94,81,,,96,94,,,90,97,91,,,95,94,,,95,-3,-10,,,+1,0,,,-5,60,23,,,43,44,,,45,70,39,,,62,52,,,57,-10,-16,,,-19,-8,,,-12,465,496,465,76,88,92,84,92,95,-8,-4,-3
NORMANDIE,CALVADOS,LYCEE JEANNE D'ARC,CAEN,0141161L,14118,PR,247,,,,,,,,247,100,,,,,,,,100,99,,,,,,,,99,+1,,,,,,,,+1,80,,,,,,,,80,86,,,,,,,,86,-6,,,,,,,,-6,279,256,265,96,99,100,91,97,99,+5,+2,+1
NORMANDIE,CALVADOS,LYCEE SAINTE MARIE,CAEN,0141164P,14118,PR,266,,,,14,,,,280,100,,,,100,,,,100,99,,,,98,,,,99,+1,,,,+2,,,,+1,80,,,,79,,,,80,81,,,,70,,,,81,-1,,,,+9,,,,-1,327,311,268,87,92,99,90,96,99,-3,-4,0
NORMANDIE,CALVADOS,INSTITUT LEMONNIER,CAEN,0141175B,14118,PR,9,,39,,,,,,48,100,,95,,,,,,96,ND,,94,,,,,,95,ND,,+1,,,,,,+1,44,,51,,,,,,50,ND,,51,,,,,,55,ND,,0,,,,,,-5,59,42,48,74,88,96,82,91,96,-8,-3,0
NORMANDIE,CALVADOS,LYCEE SAINTE URSULE,CAEN,0141178E,14118,PR,,59,,,,50,,,109,,97,,,,88,,,93,,97,,,,96,,,96,,0,,,,-8,,,-3,,53,,,,50,,,51,,53,,,,54,,,53,,0,,,,-4,,,-2,53,97,86,83,90,94,84,92,96,-1,-2,-2
NORMANDIE,CALVADOS,LYCEE VICTOR HUGO,CAEN,0142059M,14118,PU,229,,,,,,,,229,96,,,,,,,,96,98,,,,,,,,98,-2,,,,,,,,-2,62,,,,,,,,62,77,,,,,,,,77,-15,,,,,,,,-15,279,219,227,90,95,97,88,96,99,+2,-1,-2
NORMANDIE,CALVADOS,LYCEE NOTRE DAME DE FIDELITE,CAEN,0142084P,14118,PR,,,,,,31,,,31,,,,,,94,,,94,,,,,,ND,,,ND,,,,,,ND,,,ND,,,,,,39,,,39,,,,,,ND,,,ND,,,,,,ND,,,ND,30,28,26,60,92,97,ND,ND,ND,ND,ND,ND
NORMANDIE,CALVADOS,LYCEE CHARLES DE GAULLE,CAEN,0142107P,14118,PU,233,,,,,,,,233,97,,,,,,,,97,99,,,,,,,,99,-2,,,,,,,,-2,71,,,,,,,,71,80,,,,,,,,80,-9,,,,,,,,-9,266,233,202,88,95,98,88,96,99,0,-1,-1
NORMANDIE,CALVADOS,LYCEE DUMONT D'URVILLE - LAPLACE (GENERAL ET TECHNO.),CAEN,0142133T,14118,PU,229,9,94,34,,,,,366,93,78,93,100,,,,,93,98,ND,96,100,,,,,98,-5,ND,-3,0,,,,,-5,59,56,59,79,,,,,61,71,ND,65,90,,,,,70,-12,ND,-6,-11,,,,,-9,371,363,356,80,93,97,87,95,98,-7,-2,-1
NORMANDIE,CALVADOS,LYCEE CHARLES TELLIER (GENERAL ET TECHNO.),CONDE EN NORMANDIE,0142120D,14174,PU,63,,23,,,,,,86,95,,96,,,,,,95,96,,95,,,,,,95,-1,,+1,,,,,,0,63,,83,,,,,,69,59,,59,,,,,,59,+4,,+24,,,,,,+10,85,83,81,88,96,96,84,93,97,+4,+3,-1
NORMANDIE,CALVADOS,LYCEE ANDRE MAUROIS,DEAUVILLE,0140043W,14220,PU,182,,,,,,,,182,90,,,,,,,,90,96,,,,,,,,96,-6,,,,,,,,-6,52,,,,,,,,52,61,,,,,,,,61,-9,,,,,,,,-9,244,197,175,82,91,94,87,94,97,-5,-3,-3
NORMANDIE,CALVADOS,COURS NOTRE-DAME,DOUVRES LA DELIVRANDE,0141165R,14228,PR,105,,,,,,,,105,99,,,,,,,,99,98,,,,,,,,98,+1,,,,,,,,+1,69,,,,,,,,69,74,,,,,,,,74,-5,,,,,,,,-5,138,98,107,86,92,97,88,95,99,-2,-3,-2
NORMANDIE,CALVADOS,LYCEE GUILLAUME LE CONQUERANT (GENERAL ET TECHNO.),FALAISE,0140052F,14258,PU,153,48,,,,,,,201,97,88,,,,,,,95,98,95,,,,,,,98,-1,-7,,,,,,,-3,70,38,,,,,,,62,75,49,,,,,,,69,-5,-11,,,,,,,-7,238,188,201,84,95,96,87,95,98,-3,0,-2
NORMANDIE,CALVADOS,LYCEE SALVADOR ALLENDE,HEROUVILLE SAINT CLAIR,0141796B,14327,PU,262,99,,,,,,,361,94,90,,,,,,,93,97,93,,,,,,,96,-3,-3,,,,,,,-3,63,25,,,,,,,53,72,40,,,,,,,63,-9,-15,,,,,,,-10,333,347,326,84,92,95,85,93,97,-1,-1,-2
NORMANDIE,CALVADOS,LYCEE ALBERT SOREL (GENERAL ET TECHNO.),HONFLEUR,0140056K,14333,PU,115,12,,,,,,,127,93,92,,,,,,,93,97,93,,,,,,,96,-4,-1,,,,,,,-3,64,33,,,,,,,61,63,33,,,,,,,60,+1,0,,,,,,,+1,100,104,134,78,89,94,86,94,97,-8,-5,-3
NORMANDIE,CALVADOS,LYCEE FRANCOIS RABELAIS (GENERAL ET TECHNO.),IFS,0142132S,14341,PU,,,,,,,,20,20,,,,,,,,95,95,,,,,,,,ND,ND,,,,,,,,ND,ND,,,,,,,,75,75,,,,,,,,ND,ND,,,,,,,,ND,ND,24,22,25,95,100,100,ND,ND,ND,ND,ND,ND
NORMANDIE,CALVADOS,LYCEE MARCEL GAMBIER,LISIEUX,0140061R,14366,PU,217,,,,,,,,217,94,,,,,,,,94,98,,,,,,,,98,-4,,,,,,,,-4,69,,,,,,,,69,70,,,,,,,,70,-1,,,,,,,,-1,268,207,202,84,91,95,88,95,98,-4,-4,-3
NORMANDIE,CALVADOS,INSTITUTION FREMONT,LISIEUX,0141169V,14366,PR,81,,,,,,,,81,96,,,,,,,,96,99,,,,,,,,99,-3,,,,,,,,-3,60,,,,,,,,60,77,,,,,,,,77,-17,,,,,,,,-17,105,65,63,93,97,99,88,96,99,+5,+1,0
NORMANDIE,CALVADOS,LYCEE PAUL CORNU (GENERAL ET TECHNO.),LISIEUX,0141275K,14366,PU,15,31,27,,,,,,73,100,97,96,,,,,,97,98,91,92,,,,,,93,+2,+6,+4,,,,,,+4,73,45,37,,,,,,48,66,36,44,,,,,,45,+7,+9,-7,,,,,,+3,92,84,94,71,82,95,80,89,93,-9,-7,+2
NORMANDIE,CALVADOS,LYCEE LES ROSIERS,LISIEUX,0141418R,14366,PR,,26,,,,20,,,46,,96,,,,95,,,96,,95,,,,94,,,94,,+1,,,,+1,,,+2,,54,,,,35,,,46,,46,,,,44,,,45,,+8,,,,-9,,,+1,20,42,34,79,84,92,83,90,94,-4,-6,-2
NORMANDIE,CALVADOS,LYCEE JULES VERNE (GENERAL ET TECHNO.),MONDEVILLE,0141687H,14437,PU,,,31,,,,,,31,,,84,,,,,,84,,,ND,,,,,,ND,,,ND,,,,,,ND,,,29,,,,,,29,,,ND,,,,,,ND,,,ND,,,,,,ND,27,22,20,69,78,87,ND,ND,ND,ND,ND,ND
NORMANDIE,CALVADOS,LYCEE MARIE-JOSEPH,TROUVILLE SUR MER,0141172Y,14715,PR,111,,,,,,,,111,96,,,,,,,,96,99,,,,,,,,99,-3,,,,,,,,-3,79,,,,,,,,79,78,,,,,,,,78,+1,,,,,,,,+1,128,100,120,88,96,98,88,96,99,0,0,-1
NORMANDIE,CALVADOS,LYCEE MARIE CURIE,VIRE NORMANDIE,0141555P,14762,PU,172,31,,,9,37,,,249,95,90,,,89,84,,,93,97,94,,,ND,96,,,97,-2,-4,,,ND,-12,,,-4,64,26,,,56,46,,,56,67,44,,,ND,51,,,61,-3,-18,,,ND,-5,,,-5,269,261,278,82,90,94,87,94,97,-5,-4,-3
NORMANDIE,EURE,LYCEE AUGUSTIN FRESNEL,BERNAY,0270003G,27056,PU,227,70,39,,15,,,,351,97,97,87,,100,,,,96,97,95,94,,91,,,,96,0,+2,-7,,+9,,,,0,68,49,36,,53,,,,60,68,47,51,,53,,,,61,0,+2,-15,,0,,,,-1,394,333,304,86,94,98,86,93,97,0,+1,+1
NORMANDIE,EURE,LYCEE JEANNE D'ARC - SAINT ANSELME,BERNAY,0271282X,27056,PR,23,,,,,18,,,41,100,,,,,94,,,98,99,,,,,97,,,98,+1,,,,,-3,,,0,91,,,,,33,,,66,78,,,,,57,,,68,+13,,,,,-24,,,-2,51,42,31,77,91,98,88,95,98,-11,-4,0
NORMANDIE,EURE,LYCEE ARISTIDE BRIAND,EVREUX,0270016W,27229,PU,274,138,,,,,,,412,91,85,,,,,,,89,94,90,,,,,,,92,-3,-5,,,,,,,-3,57,25,,,,,,,46,56,32,,,,,,,48,+1,-7,,,,,,,-2,399,430,430,82,89,92,82,91,94,0,-2,-2
NORMANDIE,EURE,LYCEE MODESTE LEROY,EVREUX,0270017X,27229,PU,176,,68,,,,,,244,95,,93,,,,,,94,97,,89,,,,,,95,-2,,+4,,,,,,-1,57,,35,,,,,,51,69,,34,,,,,,59,-12,,+1,,,,,,-8,268,261,253,83,94,96,86,93,96,-3,+1,0
NORMANDIE,EURE,LYCEE NOTRE DAME - SAINT FRANCOIS (GENERAL ET TECHNO.),EVREUX,0271070S,27229,PR,42,33,,,,,,,75,100,97,,,,,,,99,98,94,,,,,,,97,+2,+3,,,,,,,+2,83,67,,,,,,,76,77,45,,,,,,,63,+6,+22,,,,,,,+13,134,124,82,87,94,99,86,93,97,+1,+1,+2
NORMANDIE,EURE,LYCEE LEOPOLD SEDAR SENGHOR,EVREUX,0271579V,27229,PU,269,,,,37,75,,,381,99,,,,92,89,,,96,98,,,,95,92,,,96,+1,,,,-3,-3,,,0,64,,,,59,40,,,59,69,,,,61,43,,,63,-5,,,,-2,-3,,,-4,429,411,375,82,93,97,85,94,97,-3,-1,0
NORMANDIE,EURE,LYCEE ANDRE MALRAUX,GAILLON,0271580W,27275,PU,98,62,,,,,,,160,95,87,,,,,,,92,96,90,,,,,,,94,-1,-3,,,,,,,-2,68,27,,,,,,,52,63,36,,,,,,,53,+5,-9,,,,,,,-1,198,165,178,85,91,94,84,91,95,+1,0,-1
NORMANDIE,EURE,LYCEE LOUISE MICHEL (GENERAL ET TECHNO.),GISORS,0270026G,27284,PU,215,80,,,,,,,295,96,91,,,,,,,95,96,93,,,,,,,95,0,-2,,,,,,,0,57,40,,,,,,,53,62,39,,,,,,,56,-5,+1,,,,,,,-3,381,289,314,92,97,97,84,92,96,+8,+5,+1
NORMANDIE,EURE,LYCEE JEAN MOULIN (GENERAL ET TECHNO.),LES ANDELYS,0271585B,27016,PU,78,,18,,,,,,96,99,,83,,,,,,96,96,,90,,,,,,95,+3,,-7,,,,,,+1,72,,50,,,,,,68,57,,44,,,,,,54,+15,,+6,,,,,,+14,100,88,108,83,94,95,83,92,96,0,+2,-1
NORMANDIE,EURE,LYCEE LES FONTENELLES (GENERAL ET TECHNO.),LOUVIERS,0270029K,27375,PU,239,60,49,,,,,,348,95,87,88,,,,,,93,98,92,90,,,,,,96,-3,-5,-2,,,,,,-3,62,25,43,,,,,,53,70,42,38,,,,,,61,-8,-17,+5,,,,,,-8,367,356,352,86,93,95,85,93,96,+1,0,-1
NORMANDIE,EURE,LYCEE SAINT OUEN,PONT AUDEMER,0271049U,27467,PR,37,16,,,,,,,53,100,88,,,,,,,96,97,94,,,,,,,96,+3,-6,,,,,,,0,57,25,,,,,,,47,64,35,,,,,,,55,-7,-10,,,,,,,-8,66,53,53,78,93,96,85,92,96,-7,+1,0
NORMANDIE,EURE,LYCEE JACQUES PREVERT,PONT AUDEMER,0271431J,27467,PU,240,64,40,,,44,,,388,98,98,98,,,98,,,98,98,96,94,,,96,,,97,0,+2,+4,,,+2,,,+1,75,56,60,,,52,,,68,73,50,49,,,52,,,64,+2,+6,+11,,,0,,,+4,445,432,372,84,94,97,87,94,97,-3,0,0
NORMANDIE,EURE,LYCEE MARC BLOCH,VAL DE REUIL,0271582Y,27701,PU,123,48,,,,,,,171,94,94,,,,,,,94,96,92,,,,,,,95,-2,+2,,,,,,,-1,59,54,,,,,,,58,61,38,,,,,,,55,-2,+16,,,,,,,+3,252,166,191,80,94,95,83,92,96,-3,+2,-1
NORMANDIE,EURE,LYCEE PORTE DE NORMANDIE,VERNEUIL D AVRE ET D ITON,0270042Z,27679,PU,128,58,20,,,,,,206,98,88,95,,,,,,95,97,92,95,,,,,,95,+1,-4,0,,,,,,0,60,28,65,,,,,,51,62,36,53,,,,,,54,-2,-8,+12,,,,,,-3,256,262,212,84,91,94,85,92,96,-1,-1,-2
NORMANDIE,EURE,LYCEE ECOLE DES ROCHES,VERNEUIL SUR AVRE,0271051W,27679,PR,26,,,,,,,,26,96,,,,,,,,96,ND,,,,,,,,ND,ND,,,,,,,,ND,54,,,,,,,,54,ND,,,,,,,,ND,ND,,,,,,,,ND,14,26,35,47,83,96,ND,ND,ND,ND,ND,ND
NORMANDIE,EURE,LYCEE GEORGES DUMEZIL,VERNON,0270044B,27681,PU,284,105,42,,,31,,,462,97,88,93,,,84,,,94,98,93,92,,,95,,,96,-1,-5,+1,,,-11,,,-2,65,26,55,,,26,,,53,72,39,43,,,48,,,60,-7,-13,+12,,,-22,,,-7,506,519,494,83,90,94,84,93,96,-1,-3,-2
NORMANDIE,EURE,LYCEE SAINT ADJUTOR,VERNON,0271053Y,27681,PR,119,,,,,,,,119,99,,,,,,,,99,98,,,,,,,,98,+1,,,,,,,,+1,76,,,,,,,,76,76,,,,,,,,76,0,,,,,,,,0,164,136,114,91,97,100,89,96,99,+2,+1,+1
NORMANDIE,MANCHE,INSTITUT SAINT-LO,AGNEAUX,0500120J,50002,PR,125,33,,,,,,,158,98,100,,,,,,,99,99,96,,,,,,,98,-1,+4,,,,,,,+1,75,48,,,,,,,70,77,49,,,,,,,71,-2,-1,,,,,,,-1,148,158,161,88,95,99,88,95,98,0,0,+1
NORMANDIE,MANCHE,LYCEE EMILE LITTRE,AVRANCHES,0500002F,50025,PU,239,117,,,15,,,,371,99,96,,,100,,,,98,99,95,,,94,,,,97,0,+1,,,+6,,,,+1,73,30,,,80,,,,60,77,47,,,62,,,,67,-4,-17,,,+18,,,,-7,354,355,339,86,96,100,87,94,98,-1,+2,+2
NORMANDIE,MANCHE,LYCEE NOTRE DAME DE LA PROVIDENCE,AVRANCHES,0500112A,50025,PR,84,28,,,,,,,112,98,100,,,,,,,98,98,96,,,,,,,97,0,+4,,,,,,,+1,76,71,,,,,,,75,71,53,,,,,,,67,+5,+18,,,,,,,+8,119,119,102,91,94,98,87,95,98,+4,-1,0
NORMANDIE,MANCHE,LYCEE SIVARD DE BEAULIEU,CARENTAN LES MARAIS,0501839C,50099,PU,75,32,,,,,,,107,100,84,,,,,,,95,98,95,,,,,,,97,+2,-11,,,,,,,-2,60,28,,,,,,,50,74,49,,,,,,,66,-14,-21,,,,,,,-16,116,112,112,84,96,97,88,95,98,-4,+1,-1
NORMANDIE,MANCHE,LYCEE JEAN FRANCOIS MILLET,CHERBOURG EN COTENTIN,0500016W,50129,PU,282,,,,,71,,,353,98,,,,,92,,,97,98,,,,,95,,,98,0,,,,,-3,,,-1,76,,,,,49,,,70,75,,,,,53,,,71,+1,,,,,-4,,,-1,343,329,295,88,93,96,88,95,98,0,-2,-2
NORMANDIE,MANCHE,LYCEE ALEXIS DE TOCQUEVILLE (GENERAL ET TECHNO.),CHERBOURG EN COTENTIN,0500017X,50129,PU,80,44,72,,24,,,,220,99,95,93,,92,,,,95,97,95,95,,95,,,,96,+2,0,-2,,-3,,,,-1,66,48,50,,46,,,,55,70,47,59,,61,,,,61,-4,+1,-9,,-15,,,,-6,175,196,208,86,94,98,85,93,97,+1,+1,+1
NORMANDIE,MANCHE,LYCEE THOMAS HELYE,CHERBOURG EN COTENTIN,0501299R,50129,PR,133,25,,,,,,,158,100,96,,,,,,,99,99,96,,,,,,,99,+1,0,,,,,,,0,84,52,,,,,,,79,82,53,,,,,,,78,+2,-1,,,,,,,+1,185,180,168,91,95,99,90,96,99,+1,-1,0
NORMANDIE,MANCHE,LYCEE VICTOR GRIGNARD,CHERBOURG EN COTENTIN,0501828R,50129,PU,180,30,,,,,,,210,96,90,,,,,,,95,98,92,,,,,,,97,-2,-2,,,,,,,-2,68,40,,,,,,,64,76,40,,,,,,,71,-8,0,,,,,,,-7,200,175,196,79,87,96,87,95,98,-8,-8,-2
NORMANDIE,MANCHE,LYCEE CHARLES FRANCOIS LEBRUN,COUTANCES,0500026G,50147,PU,220,51,,,,,,,271,94,86,,,,,,,92,97,92,,,,,,,96,-3,-6,,,,,,,-4,58,27,,,,,,,52,67,39,,,,,,,62,-9,-12,,,,,,,-10,249,242,256,72,88,94,87,94,97,-15,-6,-3
NORMANDIE,MANCHE,LYCEE JEAN PAUL II,COUTANCES,0500116E,50147,PR,73,12,,,,,,,85,97,100,,,,,,,98,98,97,,,,,,,98,-1,+3,,,,,,,0,67,83,,,,,,,69,73,55,,,,,,,70,-6,+28,,,,,,,-1,104,89,102,85,96,99,88,95,98,-3,+1,+1
NORMANDIE,MANCHE,LYCEE JULLIOT DE LA MORANDIERE (GENERAL ET TECHNO.),GRANVILLE,0500036T,50218,PU,231,,30,,,,,,261,97,,93,,,,,,97,98,,95,,,,,,97,-1,,-2,,,,,,0,68,,60,,,,,,67,70,,53,,,,,,68,-2,,+7,,,,,,-1,234,211,207,88,94,98,87,95,98,+1,-1,0
NORMANDIE,MANCHE,LYCEE SEVIGNE,GRANVILLE,0500119H,50218,PR,75,,,,,,,,75,97,,,,,,,,97,96,,,,,,,,96,+1,,,,,,,,+1,67,,,,,,,,67,58,,,,,,,,58,+9,,,,,,,,+9,75,79,66,73,87,97,87,94,97,-14,-7,0
NORMANDIE,MANCHE,LYCEE MAURICE MARLAND (GENERAL ET TECHNO.),GRANVILLE,0501850P,50218,PU,,,,,,,,22,22,,,,,,,,95,95,,,,,,,,ND,ND,,,,,,,,ND,ND,,,,,,,,73,73,,,,,,,,ND,ND,,,,,,,,ND,ND,21,26,20,73,79,95,ND,ND,ND,ND,ND,ND
NORMANDIE,MANCHE,LYCEE ROBERT DE MORTAIN (GENERAL ET TECHNO.),MORTAIN BOCAGE,0500049G,50359,PU,81,,,,,23,,,104,100,,,,,91,,,98,99,,,,,97,,,98,+1,,,,,-6,,,0,64,,,,,48,,,61,77,,,,,56,,,73,-13,,,,,-8,,,-12,100,87,92,87,98,100,86,95,98,+1,+3,+2
NORMANDIE,MANCHE,LYCEE LE VERRIER,SAINT LO,0500065Z,50502,PU,258,,,,,,,,258,99,,,,,,,,99,99,,,,,,,,99,0,,,,,,,,0,75,,,,,,,,75,81,,,,,,,,81,-6,,,,,,,,-6,313,261,238,87,95,99,90,96,99,-3,-1,0
NORMANDIE,MANCHE,LYCEE LE BON SAUVEUR,SAINT LO,0500127S,50502,PR,,,,,,38,,,38,,,,,,100,,,100,,,,,,ND,,,ND,,,,,,ND,,,ND,,,,,,45,,,45,,,,,,ND,,,ND,,,,,,ND,,,ND,14,31,36,95,100,100,ND,ND,ND,ND,ND,ND
NORMANDIE,MANCHE,LYCEE CURIE-COROT (GENERAL ET TECHNO.),SAINT LO,0501219D,50502,PU,34,96,35,,15,,,,180,94,92,97,,87,,,,93,99,95,96,,96,,,,96,-5,-3,+1,,-9,,,,-3,65,39,51,,53,,,,47,75,50,60,,61,,,,57,-10,-11,-9,,-8,,,,-10,140,157,151,85,91,97,84,92,96,+1,-1,+1
NORMANDIE,MANCHE,LYCEE HENRI CORNAT,VALOGNES,0500082T,50615,PU,180,52,,,,,,,232,96,98,,,,,,,97,98,95,,,,,,,98,-2,+3,,,,,,,-1,69,58,,,,,,,66,73,52,,,,,,,68,-4,+6,,,,,,,-2,297,281,235,88,95,97,88,95,98,0,0,-1
NORMANDIE,ORNE,LYCEE ALAIN,ALENCON,0610001V,61001,PU,202,,42,,5,,,,249,96,,88,,100,,,,95,98,,92,,ND,,,,97,-2,,-4,,ND,,,,-2,67,,40,,80,,,,63,73,,44,,ND,,,,68,-6,,-4,,ND,,,,-5,275,243,241,84,93,97,87,95,98,-3,-2,-1
NORMANDIE,ORNE,LYCEE NAVARRE LECLERC (GENERAL ET TECHNO.),ALENCON,0610002W,61001,PU,170,72,,,,28,,,270,100,85,,,,86,,,94,97,92,,,,95,,,95,+3,-7,,,,-9,,,-1,61,38,,,,46,,,53,63,41,,,,49,,,55,-2,-3,,,,-3,,,-2,253,252,289,82,90,96,85,93,96,-3,-3,0
NORMANDIE,ORNE,LYCEE ST FRANCOIS DE SALES (GENERAL ET TECHNO.),ALENCON,0610692W,61001,PR,45,17,,,,,,,62,100,94,,,,,,,98,99,96,,,,,,,98,+1,-2,,,,,,,0,78,35,,,,,,,66,77,48,,,,,,,69,+1,-13,,,,,,,-3,68,52,58,76,92,98,88,95,98,-12,-3,0
NORMANDIE,ORNE,LYCEE MEZERAY-GABRIEL (GENERAL ET TECHNO.),ARGENTAN,0610006A,61006,PU,127,32,,17,,,,,176,96,88,,100,,,,,95,97,94,,99,,,,,97,-1,-6,,+1,,,,,-2,68,34,,94,,,,,64,70,44,,86,,,,,67,-2,-10,,+8,,,,,-3,232,188,190,82,91,97,86,94,97,-4,-3,0
NORMANDIE,ORNE,LYCEE JEANNE D ARC,ARGENTAN,0610694Y,61006,PR,35,,,,,,,,35,91,,,,,,,,91,ND,,,,,,,,ND,ND,,,,,,,,ND,54,,,,,,,,54,ND,,,,,,,,ND,ND,,,,,,,,ND,25,34,37,59,83,97,ND,ND,ND,ND,ND,ND
NORMANDIE,ORNE,LYCEE AUGUSTE CHEVALIER,DOMFRONT EN POIRAIE,0610014J,61145,PU,56,,,,,15,,,71,100,,,,,87,,,97,98,,,,,93,,,97,+2,,,,,-6,,,0,62,,,,,47,,,59,75,,,,,49,,,69,-13,,,,,-2,,,-10,92,73,68,78,91,99,86,94,98,-8,-3,+1
NORMANDIE,ORNE,LYCEE JEAN GUEHENNO (GENERAL ET TECHNO.),FLERS,0610021S,61169,PU,156,31,11,,,,,,198,93,81,82,,,,,,90,95,90,93,,,,,,94,-2,-9,-11,,,,,,-4,56,32,18,,,,,,51,59,36,47,,,,,,55,-3,-4,-29,,,,,,-4,221,178,207,85,90,93,85,93,96,0,-3,-3
NORMANDIE,ORNE,LYCEE SAINT THOMAS D'AQUIN (GENERAL ET TECHNO.),FLERS,0610698C,61169,PR,109,28,,,,30,,,167,99,100,,,,97,,,99,98,96,,,,96,,,97,+1,+4,,,,+1,,,+2,72,57,,,,53,,,66,77,50,,,,56,,,69,-5,+7,,,,-3,,,-3,104,146,146,88,98,99,87,95,98,+1,+3,+1
NORMANDIE,ORNE,LYCEE NAPOLEON (GENERAL ET TECHNO.),L AIGLE,0610026X,61214,PU,113,46,22,,,28,,,209,97,96,100,,,96,,,97,98,93,95,,,97,,,96,-1,+3,+5,,,-1,,,+1,81,35,73,,,57,,,67,75,42,56,,,57,,,63,+6,-7,+17,,,0,,,+4,170,179,182,87,93,98,86,94,97,+1,-1,+1
NORMANDIE,ORNE,LYCEE DES ANDAINES (GENERAL ET TECHNO.),LA FERTE MACE,0610018N,61168,PU,39,29,,,,,,,68,95,79,,,,,,,88,98,93,,,,,,,96,-3,-14,,,,,,,-8,69,24,,,,,,,50,70,41,,,,,,,58,-1,-17,,,,,,,-8,65,60,65,63,77,85,85,93,96,-22,-16,-11
NORMANDIE,ORNE,LYCEE BIGNON,MORTAGNE AU PERCHE,0610700E,61293,PR,35,,,,,,,,35,94,,,,,,,,94,ND,,,,,,,,ND,ND,,,,,,,,ND,60,,,,,,,,60,ND,,,,,,,,ND,ND,,,,,,,,ND,41,32,37,80,92,94,ND,ND,ND,ND,ND,ND
NORMANDIE,ORNE,LYCEE JEAN MONNET (GENERAL ET TECHNO.),MORTAGNE AU PERCHE,0611148S,61293,PU,70,21,,,,,,,91,93,76,,,,,,,89,98,94,,,,,,,97,-5,-18,,,,,,,-8,60,43,,,,,,,56,74,45,,,,,,,67,-14,-2,,,,,,,-11,93,83,85,69,80,89,87,94,97,-18,-14,-8
NORMANDIE,ORNE,LYCEE MARIE IMMACULEE,SEES,0610702G,61464,PR,29,,,,,,,,29,86,,,,,,,,86,ND,,,,,,,,ND,ND,,,,,,,,ND,45,,,,,,,,45,ND,,,,,,,,ND,ND,,,,,,,,ND,23,20,24,56,84,93,ND,ND,ND,ND,ND,ND
NORMANDIE,SEINE MARITIME,LYCEE THOMAS CORNEILLE,BARENTIN,0760005T,76057,PU,273,52,29,,,,,,354,97,90,100,,,,,,96,97,93,96,,,,,,97,0,-3,+4,,,,,,-1,70,27,62,,,,,,63,68,41,57,,,,,,63,+2,-14,+5,,,,,,0,376,338,335,85,96,98,87,94,97,-2,+2,+1
NORMANDIE,SEINE MARITIME,LYCEE REY,BOIS GUILLAUME,0761718E,76108,PR,168,,,,,,,,168,100,,,,,,,,100,99,,,,,,,,99,+1,,,,,,,,+1,74,,,,,,,,74,81,,,,,,,,81,-7,,,,,,,,-7,217,191,175,86,95,99,90,96,99,-4,-1,0
NORMANDIE,SEINE MARITIME,LYCEE PIERRE DE COUBERTIN (GENERAL ET TECHNO.),BOLBEC,0762920L,76114,PU,29,,39,,,,,,68,100,,87,,,,,,93,98,,93,,,,,,95,+2,,-6,,,,,,-2,79,,36,,,,,,54,72,,43,,,,,,56,+7,,-7,,,,,,-2,106,81,70,78,89,93,83,92,96,-5,-3,-3
NORMANDIE,SEINE MARITIME,LYCEE GEORGES BAPTISTE (GENERAL ET TECHNO.),CANTELEU,0763237F,76157,PU,,,,,,,,21,21,,,,,,,,90,90,,,,,,,,ND,ND,,,,,,,,ND,ND,,,,,,,,43,43,,,,,,,,ND,ND,,,,,,,,ND,ND,24,22,22,75,87,95,ND,ND,ND,ND,ND,ND
NORMANDIE,SEINE MARITIME,LYCEE VALLEE DU CAILLY,DEVILLE LES ROUEN,0762879S,76216,PU,192,70,,,,,,,262,92,77,,,,,,,88,92,88,,,,,,,91,0,-11,,,,,,,-3,46,39,,,,,,,44,51,28,,,,,,,45,-5,+11,,,,,,,-1,344,292,277,74,84,88,81,89,93,-7,-5,-5
NORMANDIE,SEINE MARITIME,LYCEE JEHAN ANGO,DIEPPE,0760023M,76217,PU,264,100,,,,,,,364,97,93,,,,,,,96,98,94,,,,,,,97,-1,-1,,,,,,,-1,71,46,,,,,,,64,71,43,,,,,,,64,0,+3,,,,,,,0,361,363,355,88,95,99,87,94,97,+1,+1,+2
NORMANDIE,SEINE MARITIME,LYCEE LA PROVIDENCE,DIEPPE,0761707T,76217,PR,76,,,,,,,,76,99,,,,,,,,99,99,,,,,,,,99,0,,,,,,,,0,71,,,,,,,,71,77,,,,,,,,77,-6,,,,,,,,-6,72,70,43,81,95,99,89,96,99,-8,-1,0
NORMANDIE,SEINE MARITIME,LYCEE PABLO NERUDA (GENERAL ET TECHNO.),DIEPPE,0762169V,76217,PU,53,,75,,,,,,128,98,,92,,,,,,95,98,,93,,,,,,95,0,,-1,,,,,,0,72,,36,,,,,,51,70,,44,,,,,,55,+2,,-8,,,,,,-4,175,161,142,83,91,98,84,92,96,-1,-1,+2
NORMANDIE,SEINE MARITIME,LYCEE DU GOLF (GENERAL ET TECHNO.),DIEPPE,0763002A,76217,PU,,,,,23,58,,,81,,,,,87,91,,,90,,,,,93,94,,,93,,,,,-6,-3,,,-3,,,,,35,34,,,35,,,,,52,46,,,47,,,,,-17,-12,,,-12,61,95,75,74,82,90,82,90,94,-8,-8,-4
NORMANDIE,SEINE MARITIME,LYCEE ANDRE MAUROIS,ELBEUF,0760029U,76231,PU,223,101,,,,,,,324,96,83,,,,,,,92,96,89,,,,,,,94,0,-6,,,,,,,-2,61,17,,,,,,,47,61,34,,,,,,,52,0,-17,,,,,,,-5,379,360,347,81,91,95,84,92,95,-3,-1,0
NORMANDIE,SEINE MARITIME,LYCEE FERDINAND BUISSON (GENERAL ET TECHNO.),ELBEUF,0760030V,76231,PU,179,,60,,15,,,,254,98,,85,,93,,,,94,97,,90,,92,,,,95,+1,,-5,,+1,,,,-1,63,,43,,60,,,,58,66,,40,,55,,,,60,-3,,+3,,+5,,,,-2,272,192,185,78,91,96,84,93,97,-6,-2,-1
NORMANDIE,SEINE MARITIME,LYCEE FENELON,ELBEUF,0761708U,76231,PR,122,21,,,,,,,143,99,100,,,,,,,99,99,98,,,,,,,98,0,+2,,,,,,,+1,70,71,,,,,,,70,75,62,,,,,,,73,-5,+9,,,,,,,-3,156,133,127,86,96,100,88,95,98,-2,+1,+2
NORMANDIE,SEINE MARITIME,LYCEE ANGUIER (GENERAL ET TECHNO.),EU,0760032X,76255,PU,154,48,19,,,,,,221,99,92,79,,,,,,96,97,95,90,,,,,,96,+2,-3,-11,,,,,,0,69,35,42,,,,,,59,67,50,42,,,,,,61,+2,-15,0,,,,,,-2,186,203,206,88,95,97,86,94,97,+2,+1,0
NORMANDIE,SEINE MARITIME,LYCEE GUY DE MAUPASSANT,FECAMP,0760035A,76259,PU,206,52,39,,,,,,297,96,83,87,,,,,,92,96,92,88,,,,,,95,0,-9,-1,,,,,,-3,57,27,38,,,,,,49,63,38,37,,,,,,55,-6,-11,+1,,,,,,-6,375,337,343,80,90,94,85,93,96,-5,-3,-2
NORMANDIE,SEINE MARITIME,LYCEE LA PROVIDENCE,FECAMP,0763112V,76259,PR,80,,,,,,,,80,96,,,,,,,,96,97,,,,,,,,97,-1,,,,,,,,-1,70,,,,,,,,70,67,,,,,,,,67,+3,,,,,,,,+3,116,62,95,68,90,99,87,95,98,-19,-5,+1
NORMANDIE,SEINE MARITIME,LYCEE EDOUARD DELAMARE DEBOUTTEVILLE (GENERAL ET TECHNO.),FORGES LES EAUX,0762600N,76276,PU,152,54,31,,,,,,237,100,94,94,,,,,,98,98,94,93,,,,,,96,+2,0,+1,,,,,,+2,74,41,29,,,,,,60,73,43,47,,,,,,62,+1,-2,-18,,,,,,-2,207,239,228,91,95,98,87,94,97,+4,+1,+1
NORMANDIE,SEINE MARITIME,LYCEE GALILEE (GENERAL ET TECHNO.),FRANQUEVILLE SAINT PIERRE,0762911B,76475,PU,265,64,,,30,,,,359,97,94,,,90,,,,96,99,95,,,97,,,,98,-2,-1,,,-7,,,,-2,67,50,,,50,,,,63,78,50,,,71,,,,72,-11,0,,,-21,,,,-9,451,375,355,85,94,96,87,95,98,-2,-1,-2
NORMANDIE,SEINE MARITIME,LYCEE VAL DE SEINE,LE GRAND QUEVILLY,0761742F,76322,PU,237,68,,,24,86,,,415,91,72,,,92,87,,,87,95,86,,,86,89,,,92,-4,-14,,,+6,-2,,,-5,52,22,,,33,37,,,43,55,27,,,40,39,,,46,-3,-5,,,-7,-2,,,-3,367,465,427,79,85,89,81,90,93,-2,-5,-4
NORMANDIE,SEINE MARITIME,LYCEE FRANCOIS 1ER,LE HAVRE,0760052U,76351,PU,347,,,,,,,,347,96,,,,,,,,96,98,,,,,,,,98,-2,,,,,,,,-2,70,,,,,,,,70,72,,,,,,,,72,-2,,,,,,,,-2,381,324,337,91,96,98,88,95,98,+3,+1,0
NORMANDIE,SEINE MARITIME,LYCEE PORTE OCEANE (GENERAL ET TECHNO.),LE HAVRE,0760054W,76351,PU,52,67,,,,,,,119,73,87,,,,,,,81,88,87,,,,,,,87,-15,0,,,,,,,-6,37,15,,,,,,,24,36,28,,,,,,,32,+1,-13,,,,,,,-8,66,78,119,63,77,83,78,86,90,-15,-9,-7
NORMANDIE,SEINE MARITIME,LYCEE JULES SIEGFRIED,LE HAVRE,0760056Y,76351,PU,34,,75,,,,,,109,97,,84,,,,,,88,97,,91,,,,,,93,0,,-7,,,,,,-5,71,,28,,,,,,41,65,,41,,,,,,48,+6,,-13,,,,,,-7,81,116,142,76,86,91,80,90,94,-4,-4,-3
NORMANDIE,SEINE MARITIME,LYCEE SCHUMAN-PERRET (GENERAL ET TECHNO.),LE HAVRE,0760058A,76351,PU,53,33,26,,30,,,,142,89,67,92,,70,,,,80,90,88,92,,90,,,,90,-1,-21,0,,-20,,,,-10,49,9,27,,43,,,,35,42,28,41,,49,,,,40,+7,-19,-14,,-6,,,,-5,155,149,156,64,76,82,78,88,92,-14,-12,-10
NORMANDIE,SEINE MARITIME,LYCEE CLAUDE MONET,LE HAVRE,0760174B,76351,PU,223,66,,,,60,,,349,91,80,,,,90,,,89,94,86,,,,92,,,92,-3,-6,,,,-2,,,-3,51,24,,,,32,,,43,54,28,,,,44,,,48,-3,-4,,,,-12,,,-5,369,353,349,82,89,92,83,91,94,-1,-2,-2
NORMANDIE,SEINE MARITIME,LYCEE SAINT JOSEPH,LE HAVRE,0761710W,76351,PR,326,,,,,,,,326,100,,,,,,,,100,99,,,,,,,,99,+1,,,,,,,,+1,76,,,,,,,,76,81,,,,,,,,81,-5,,,,,,,,-5,373,319,318,94,98,99,90,96,99,+4,+2,0
NORMANDIE,SEINE MARITIME,LYCEE FRANCOISE DE GRACE (GENERAL ET TECHNO.),LE HAVRE,0762976X,76351,PU,,,,,12,25,,,37,,,,,92,92,,,92,,,,,ND,ND,,,ND,,,,,ND,ND,,,ND,,,,,42,32,,,35,,,,,ND,ND,,,ND,,,,,ND,ND,,,ND,55,47,33,53,68,89,ND,ND,ND,ND,ND,ND
NORMANDIE,SEINE MARITIME,LYCEE SAINT VINCENT DE PAUL (GENERAL ET TECHNO.),LE HAVRE,0763500S,76351,PR,,,,27,,,,,27,,,,96,,,,,96,,,,ND,,,,,ND,,,,ND,,,,,ND,,,,48,,,,,48,,,,ND,,,,,ND,,,,ND,,,,,ND,35,31,26,96,96,100,ND,ND,ND,ND,ND,ND
NORMANDIE,SEINE MARITIME,LYCEE LA CHATAIGNERAIE (GENERAL ET TECHNO.),LE MESNIL ESNARD,0761343X,76429,PR,,19,42,,,,,,61,,100,95,,,,,,97,,94,95,,,,,,95,,+6,0,,,,,,+2,,21,45,,,,,,38,,39,54,,,,,,50,,-18,-9,,,,,,-12,46,85,84,77,88,94,79,90,95,-2,-2,-1
NORMANDIE,SEINE MARITIME,LYCEE LA PROVIDENCE,LE MESNIL ESNARD,0761713Z,76429,PR,111,,,,,40,,,151,100,,,,,98,,,99,99,,,,,96,,,98,+1,,,,,+2,,,+1,82,,,,,75,,,80,83,,,,,59,,,76,-1,,,,,+16,,,+4,145,152,163,85,95,99,87,95,98,-2,0,+1
NORMANDIE,SEINE MARITIME,LYCEE GUILLAUME LE CONQUERANT,LILLEBONNE,0760072R,76384,PU,260,59,,,,,,,319,93,90,,,,,,,92,98,95,,,,,,,97,-5,-5,,,,,,,-5,63,32,,,,,,,57,70,46,,,,,,,65,-7,-14,,,,,,,-8,313,268,318,87,95,96,87,95,98,0,0,-2
NORMANDIE,SEINE MARITIME,LYCEE JEAN PREVOST,MONTIVILLIERS,0760076V,76447,PU,342,65,,,,,,,407,96,89,,,,,,,95,98,93,,,,,,,97,-2,-4,,,,,,,-2,62,31,,,,,,,57,74,40,,,,,,,69,-12,-9,,,,,,,-12,446,386,364,88,93,98,88,95,98,0,-2,0
NORMANDIE,SEINE MARITIME,LYCEE GEORGES BRASSENS (GENERAL ET TECHNO.),NEUFCHATEL EN BRAY,0762601P,76462,PU,126,61,,,,,,,187,97,97,,,,,,,97,97,91,,,,,,,95,0,+6,,,,,,,+2,64,46,,,,,,,58,66,36,,,,,,,56,-2,+10,,,,,,,+2,185,169,208,90,95,97,85,93,96,+5,+2,+1
NORMANDIE,SEINE MARITIME,LYCEE PIERRE CORNEILLE,ROUEN,0760090K,76540,PU,297,,,,,,,,297,98,,,,,,,,98,99,,,,,,,,99,-1,,,,,,,,-1,88,,,,,,,,88,89,,,,,,,,89,-1,,,,,,,,-1,312,298,288,89,94,98,90,97,99,-1,-3,-1
NORMANDIE,SEINE MARITIME,LYCEE JEANNE D'ARC,ROUEN,0760091L,76540,PU,258,67,,31,,,24,,380,98,93,,100,,,100,,97,98,92,,100,,,99,,97,0,+1,,0,,,+1,,0,75,42,,94,,,67,,70,77,40,,92,,,87,,72,-2,+2,,+2,,,-20,,-2,325,331,340,85,94,97,87,94,98,-2,0,-1
NORMANDIE,SEINE MARITIME,LYCEE CAMILLE SAINT-SAENS,ROUEN,0760093N,76540,PU,214,,,,,,,,214,97,,,,,,,,97,98,,,,,,,,98,-1,,,,,,,,-1,65,,,,,,,,65,74,,,,,,,,74,-9,,,,,,,,-9,242,210,220,89,93,98,87,95,98,+2,-2,0
NORMANDIE,SEINE MARITIME,LYCEE BLAISE PASCAL (GENERAL ET TECHNO.),ROUEN,0760095R,76540,PU,169,,93,,,,,,262,92,,63,,,,,,82,96,,85,,,,,,92,-4,,-22,,,,,,-10,54,,22,,,,,,43,60,,29,,,,,,49,-6,,-7,,,,,,-6,277,250,268,74,82,87,81,91,95,-7,-9,-8
NORMANDIE,SEINE MARITIME,LYCEE GUSTAVE FLAUBERT,ROUEN,0760096S,76540,PU,274,133,,,,,,,407,97,90,,,,,,,95,98,88,,,,,,,95,-1,+2,,,,,,,0,69,33,,,,,,,57,71,33,,,,,,,59,-2,0,,,,,,,-2,389,402,386,82,88,94,83,92,95,-1,-4,-1
NORMANDIE,SEINE MARITIME,LYCEE PROVIDENCE SAINTE THERESE (GENERAL ET TECHNO.),ROUEN,0761356L,76540,PR,,,,,14,46,,,60,,,,,100,100,,,100,,,,,97,97,,,97,,,,,+3,+3,,,+3,,,,,71,61,,,63,,,,,66,58,,,60,,,,,+5,+3,,,+3,19,52,57,84,96,100,85,93,97,-1,+3,+3
NORMANDIE,SEINE MARITIME,LYCEE JEAN-BAPTISTE DE LA SALLE,ROUEN,0761715B,76540,PR,204,,,,,,,,204,99,,,,,,,,99,99,,,,,,,,99,0,,,,,,,,0,85,,,,,,,,85,85,,,,,,,,85,0,,,,,,,,0,212,221,212,86,95,100,90,96,99,-4,-1,+1
NORMANDIE,SEINE MARITIME,LYCEE SACRE-COEUR,ROUEN,0761719F,76540,PR,84,25,,,,,,,109,99,100,,,,,,,99,97,96,,,,,,,97,+2,+4,,,,,,,+2,69,76,,,,,,,71,64,49,,,,,,,61,+5,+27,,,,,,,+10,125,116,100,83,96,100,86,94,97,-3,+2,+3
NORMANDIE,SEINE MARITIME,LYCEE JEAN-PAUL II,ROUEN,0763409T,76540,PR,138,33,,,,,,,171,99,97,,,,,,,99,99,99,,,,,,,99,0,-2,,,,,,,0,80,67,,,,,,,77,82,64,,,,,,,79,-2,+3,,,,,,,-2,181,172,169,89,94,99,90,96,99,-1,-2,0
NORMANDIE,SEINE MARITIME,LYCEE LE CORBUSIER (GENERAL ET TECHNO.),SAINT ETIENNE DU ROUVRAY,0762964J,76575,PU,,,26,,,,,,26,,,92,,,,,,92,,,ND,,,,,,ND,,,ND,,,,,,ND,,,27,,,,,,27,,,ND,,,,,,ND,,,ND,,,,,,ND,32,36,17,66,85,92,ND,ND,ND,ND,ND,ND
NORMANDIE,SEINE MARITIME,LYCEE DE LA COTE D'ALBATRE,SAINT VALERY EN CAUX,0762953X,76655,PU,137,33,,,,,,,170,97,94,,,,,,,96,98,95,,,,,,,97,-1,-1,,,,,,,-1,64,48,,,,,,,61,70,45,,,,,,,65,-6,+3,,,,,,,-4,168,130,158,83,96,99,86,95,98,-3,+1,+1
NORMANDIE,SEINE MARITIME,LYCEE JEANNE D'ARC (GENERAL ET TECHNO.),SAINTE ADRESSE,0761735Y,76552,PR,25,48,28,,15,49,,,165,100,96,100,,100,96,,,98,97,96,95,,93,96,,,96,+3,0,+5,,+7,0,,,+2,48,52,61,,27,63,,,54,68,48,55,,51,53,,,54,-20,+4,+6,,-24,+10,,,0,159,194,164,79,86,96,84,92,96,-5,-6,0
NORMANDIE,SEINE MARITIME,LYCEE LES BRUYERES,SOTTEVILLE LES ROUEN,0760109F,76681,PU,200,130,,,,,,,330,84,92,,,,,,,87,91,89,,,,,,,90,-7,+3,,,,,,,-3,40,25,,,,,,,34,46,31,,,,,,,40,-6,-6,,,,,,,-6,340,319,305,80,87,92,80,88,92,0,-1,0
NORMANDIE,SEINE MARITIME,LYCEE MARCEL SEMBAT,SOTTEVILLE LES ROUEN,0760110G,76681,PU,226,,59,,,,,,285,96,,83,,,,,,93,97,,90,,,,,,95,-1,,-7,,,,,,-2,59,,25,,,,,,52,66,,39,,,,,,60,-7,,-14,,,,,,-8,372,303,312,83,92,94,84,93,97,-1,-1,-3
NORMANDIE,SEINE MARITIME,LYCEE JEAN XXIII,YVETOT,0761721H,76758,PR,139,,,,,,,,139,100,,,,,,,,100,99,,,,,,,,99,+1,,,,,,,,+1,85,,,,,,,,85,78,,,,,,,,78,+7,,,,,,,,+7,181,106,111,83,93,99,90,96,99,-7,-3,0
NORMANDIE,SEINE MARITIME,LYCEE RAYMOND QUENEAU (GENERAL ET TECHNO.),YVETOT,0762880T,76758,PU,234,47,35,,,,,,316,99,83,91,,,,,,96,98,93,94,,,,,,96,+1,-10,-3,,,,,,0,71,40,51,,,,,,64,68,40,47,,,,,,61,+3,0,+4,,,,,,+3,307,289,333,88,95,97,87,94,97,+1,+1,0
ORLEANS-TOURS,CHER,LYCEE ALAIN FOURNIER,BOURGES,0180005H,18033,PU,245,,,,,,,,245,97,,,,,,,,97,96,,,,,,,,96,+1,,,,,,,,+1,63,,,,,,,,63,64,,,,,,,,64,-1,,,,,,,,-1,334,230,265,84,94,98,86,94,97,-2,0,+1
ORLEANS-TOURS,CHER,LYCEE MARGUERITE DE NAVARRE,BOURGES,0180006J,18033,PU,238,83,,,,,,,321,97,98,,,,,,,97,99,95,,,,,,,98,-2,+3,,,,,,,-1,76,43,,,,,,,68,78,45,,,,,,,69,-2,-2,,,,,,,-1,336,304,334,83,97,98,87,95,98,-4,+2,0
ORLEANS-TOURS,CHER,LYCEE JACQUES COEUR,BOURGES,0180007K,18033,PU,150,66,,,22,59,,16,313,99,98,,,100,95,,100,98,99,94,,,97,94,,98,97,0,+4,,,+3,+1,,+2,+1,77,45,,,82,44,,62,64,78,45,,,68,51,,61,64,-1,0,,,+14,-7,,+1,0,301,326,317,83,93,97,86,93,97,-3,0,0
ORLEANS-TOURS,CHER,LYCEE PIERRE-EMILE MARTIN (GENERAL ET TECHNO.),BOURGES,0180008L,18033,PU,41,,53,,,,,,94,95,,91,,,,,,93,98,,95,,,,,,96,-3,,-4,,,,,,-3,78,,42,,,,,,57,72,,51,,,,,,60,+6,,-9,,,,,,-3,117,118,115,82,90,94,83,93,97,-1,-3,-3
ORLEANS-TOURS,CHER,LYCEE STE MARIE ST DOMINIQUE,BOURGES,0180561M,18033,PR,172,23,,,,,,,195,98,91,,,,,,,97,98,94,,,,,,,97,0,-3,,,,,,,0,74,26,,,,,,,68,72,39,,,,,,,68,+2,-13,,,,,,,0,176,169,196,88,97,99,87,94,98,+1,+3,+1
ORLEANS-TOURS,CHER,LYCEE JEAN MOULIN,SAINT AMAND MONTROND,0180024D,18197,PU,132,40,,,,,,,172,94,85,,,,,,,92,96,91,,,,,,,95,-2,-6,,,,,,,-3,67,32,,,,,,,59,58,36,,,,,,,53,+9,-4,,,,,,,+6,158,138,131,88,95,97,84,92,96,+4,+3,+1
ORLEANS-TOURS,CHER,LYCEE EDOUARD VAILLANT (GENERAL ET TECHNO.),VIERZON,0180035R,18279,PU,135,49,,,,,,,184,96,78,,,,,,,91,95,84,,,,,,,92,+1,-6,,,,,,,-1,59,12,,,,,,,47,59,25,,,,,,,50,0,-13,,,,,,,-3,217,189,226,86,91,93,82,91,94,+4,0,-1
ORLEANS-TOURS,CHER,LYCEE HENRI BRISSON (GENERAL ET TECHNO.),VIERZON,0180036S,18279,PU,15,,32,34,,,,,81,93,,84,100,,,,,93,97,,84,99,,,,,92,-4,,0,+1,,,,,+1,67,,25,76,,,,,54,56,,25,74,,,,,52,+11,,0,+2,,,,,+2,130,95,101,85,91,95,82,90,94,+3,+1,+1
ORLEANS-TOURS,EURE-ET-LOIR,LYCEE MARCEAU,CHARTRES,0280007F,28085,PU,370,,,,,,,,370,98,,,,,,,,98,98,,,,,,,,98,0,,,,,,,,0,72,,,,,,,,72,74,,,,,,,,74,-2,,,,,,,,-2,383,312,368,85,95,98,87,95,98,-2,0,0
ORLEANS-TOURS,EURE-ET-LOIR,LYCEE JEHAN DE BEAUCE (GENERAL ET TECHNO.),CHARTRES,0280044W,28085,PU,215,,90,,,76,,,381,97,,86,,,93,,,93,97,,92,,,94,,,95,0,,-6,,,-1,,,-2,65,,46,,,51,,,57,64,,44,,,49,,,56,+1,,+2,,,+2,,,+1,378,341,329,83,92,97,85,93,96,-2,-1,+1
ORLEANS-TOURS,EURE-ET-LOIR,LYCEE NOTRE DAME,CHARTRES,0280665W,28085,PR,233,30,,,5,,,,268,100,100,,,100,,,,100,99,98,,,ND,,,,99,+1,+2,,,ND,,,,+1,90,47,,,100,,,,85,83,59,,,ND,,,,80,+7,-12,,,ND,,,,+5,257,266,213,86,95,100,90,96,99,-4,-1,+1
ORLEANS-TOURS,EURE-ET-LOIR,LYCEE FULBERT,CHARTRES,0281047L,28085,PU,252,133,,,,,,,385,98,95,,,,,,,97,96,94,,,,,,,95,+2,+1,,,,,,,+2,65,43,,,,,,,57,60,44,,,,,,,54,+5,-1,,,,,,,+3,342,306,363,87,96,98,84,92,96,+3,+4,+2
ORLEANS-TOURS,EURE-ET-LOIR,LYCEE EMILE ZOLA,CHATEAUDUN,0280015P,28088,PU,205,70,21,,,,,,296,97,91,90,,,,,,95,96,92,93,,,,,,95,+1,-1,-3,,,,,,0,60,41,48,,,,,,55,60,40,43,,,,,,54,0,+1,+5,,,,,,+1,308,259,289,82,93,97,84,92,96,-2,+1,+1
ORLEANS-TOURS,EURE-ET-LOIR,LYCEE ROTROU,DREUX,0280019U,28134,PU,254,117,,,31,,,,402,93,97,,,94,,,,94,95,93,,,93,,,,94,-2,+4,,,+1,,,,0,58,36,,,39,,,,50,56,38,,,52,,,,50,+2,-2,,,-13,,,,0,459,400,391,77,91,96,83,92,95,-6,-1,+1
ORLEANS-TOURS,EURE-ET-LOIR,LYCEE EDOUARD BRANLY (GENERAL ET TECHNO.),DREUX,0280021W,28134,PU,288,,63,35,,51,,,437,97,,92,97,,80,,,94,96,,89,99,,91,,,95,+1,,+3,-2,,-11,,,-1,67,,48,66,,37,,,61,63,,38,75,,40,,,58,+4,,+10,-9,,-3,,,+3,436,388,381,87,94,96,84,92,96,+3,+2,0
ORLEANS-TOURS,EURE-ET-LOIR,LYCEE ST PIERRE ST PAUL,DREUX,0280667Y,28134,PR,91,,,,,11,,,102,99,,,,,100,,,99,98,,,,,96,,,98,+1,,,,,+4,,,+1,75,,,,,55,,,73,75,,,,,55,,,73,0,,,,,0,,,0,137,127,102,98,100,100,89,95,98,+9,+5,+2
ORLEANS-TOURS,EURE-ET-LOIR,LYCEE SILVIA MONFORT (GENERAL ET TECHNO.),LUISANT,0281077U,28220,PU,198,142,,,,,,,340,98,94,,,,,,,96,97,91,,,,,,,94,+1,+3,,,,,,,+2,61,35,,,,,,,50,62,36,,,,,,,51,-1,-1,,,,,,,-1,314,320,287,78,91,96,83,91,95,-5,0,+1
ORLEANS-TOURS,EURE-ET-LOIR,LYCEE REMI BELLEAU (GENERAL ET TECHNO.),NOGENT LE ROTROU,0280036M,28280,PU,207,51,18,,,,,,276,98,94,100,,,,,,97,98,91,90,,,,,,96,0,+3,+10,,,,,,+1,73,29,39,,,,,,63,70,35,45,,,,,,62,+3,-6,-6,,,,,,+1,281,238,227,88,97,98,86,93,96,+2,+4,+2
ORLEANS-TOURS,INDRE,LYCEE ROLLINAT,ARGENTON SUR CREUSE,0360002G,36006,PU,95,,,,,,,,95,99,,,,,,,,99,97,,,,,,,,97,+2,,,,,,,,+2,67,,,,,,,,67,66,,,,,,,,66,+1,,,,,,,,+1,97,105,71,91,97,98,88,95,98,+3,+2,0
ORLEANS-TOURS,INDRE,LYCEE JEAN GIRAUDOUX,CHATEAUROUX,0360008N,36044,PU,242,,,,,,,,242,96,,,,,,,,96,98,,,,,,,,98,-2,,,,,,,,-2,69,,,,,,,,69,70,,,,,,,,70,-1,,,,,,,,-1,236,232,243,86,92,96,88,95,98,-2,-3,-2
ORLEANS-TOURS,INDRE,LYCEE PIERRE ET MARIE CURIE,CHATEAUROUX,0360009P,36044,PU,228,60,,,,,,,288,92,97,,,,,,,93,96,92,,,,,,,95,-4,+5,,,,,,,-2,56,40,,,,,,,52,61,40,,,,,,,56,-5,0,,,,,,,-4,295,278,305,77,89,94,85,93,96,-8,-4,-2
ORLEANS-TOURS,INDRE,LYCEE BLAISE PASCAL (GENERAL ET TECHNO.),CHATEAUROUX,0360043B,36044,PU,25,53,41,,4,48,,,171,100,83,88,,75,94,,,89,97,87,90,,ND,94,,,91,+3,-4,-2,,ND,0,,,-2,76,17,41,,50,52,,,42,64,26,37,,ND,47,,,41,+12,-9,+4,,ND,+5,,,+1,127,207,169,81,84,93,77,87,92,+4,-3,+1
ORLEANS-TOURS,INDRE,LYCEE SAINTE SOLANGE,CHATEAUROUX,0360693H,36044,PR,33,20,,,,,,,53,100,100,,,,,,,100,99,94,,,,,,,97,+1,+6,,,,,,,+3,88,75,,,,,,,83,79,49,,,,,,,68,+9,+26,,,,,,,+15,45,56,52,94,96,98,87,94,97,+7,+2,+1
ORLEANS-TOURS,INDRE,LYCEE BALZAC - D'ALEMBERT (GENERAL ET TECHNO.),ISSOUDUN,0360024F,36088,PU,88,26,,,,,,,114,97,100,,,,,,,97,96,92,,,,,,,95,+1,+8,,,,,,,+2,60,35,,,,,,,54,60,36,,,,,,,55,0,-1,,,,,,,-1,131,82,106,85,95,97,86,93,96,-1,+2,+1
ORLEANS-TOURS,INDRE,LYCEE GEORGE SAND (GENERAL ET TECHNO.),LA CHATRE,0360019A,36046,PU,77,20,,,,,,,97,97,100,,,,,,,98,98,96,,,,,,,98,-1,+4,,,,,,,0,78,80,,,,,,,78,75,56,,,,,,,71,+3,+24,,,,,,,+7,107,93,109,91,95,99,88,95,98,+3,0,+1
ORLEANS-TOURS,INDRE,LYCEE PASTEUR (GENERAL ET TECHNO.),LE BLANC,0360005K,36018,PU,67,16,,,,,,,83,99,94,,,,,,,98,98,92,,,,,,,97,+1,+2,,,,,,,+1,63,19,,,,,,,54,71,39,,,,,,,65,-8,-20,,,,,,,-11,83,78,72,86,93,98,87,94,97,-1,-1,+1
ORLEANS-TOURS,INDRE-ET-LOIRE,LYCEE LEONARD DE VINCI,AMBOISE,0370001A,37003,PU,260,78,,,,45,,,383,97,90,,,,93,,,95,98,93,,,,96,,,97,-1,-3,,,,-3,,,-2,65,38,,,,38,,,56,70,42,,,,53,,,62,-5,-4,,,,-15,,,-6,418,380,388,83,92,96,86,94,97,-3,-2,-1
ORLEANS-TOURS,INDRE-ET-LOIRE,LYCEE SAINTE MARGUERITE,CHAMBRAY LES TOURS,0370749N,37050,PR,56,,,21,,,,,77,100,,,100,,,,,100,98,,,98,,,,,98,+2,,,+2,,,,,+2,70,,,43,,,,,62,67,,,64,,,,,66,+3,,,-21,,,,,-4,102,88,75,80,91,99,87,94,98,-7,-3,+1
ORLEANS-TOURS,INDRE-ET-LOIRE,LYCEE FRANCOIS RABELAIS (GENERAL ET TECHNO.),CHINON,0370009J,37072,PU,256,76,30,,,,,,362,97,95,90,,,,,,96,98,94,92,,,,,,97,-1,+1,-2,,,,,,-1,71,28,30,,,,,,58,71,43,40,,,,,,63,0,-15,-10,,,,,,-5,411,330,314,81,91,96,86,94,97,-5,-3,-1
ORLEANS-TOURS,INDRE-ET-LOIRE,LYCEE SAINT GATIEN (GENERAL ET TECHNO.),JOUE LES TOURS,0370748M,37122,PR,90,,36,,,,,,126,99,,94,,,,,,98,98,,95,,,,,,97,+1,,-1,,,,,,+1,78,,53,,,,,,71,71,,57,,,,,,67,+7,,-4,,,,,,+4,116,99,115,83,99,100,88,95,98,-5,+4,+2
ORLEANS-TOURS,INDRE-ET-LOIRE,LYCEE JEAN MONNET,JOUE LES TOURS,0371417P,37122,PU,263,63,,,,,,,326,98,97,,,,,,,98,98,92,,,,,,,97,0,+5,,,,,,,+1,69,38,,,,,,,63,70,38,,,,,,,64,-1,0,,,,,,,-1,376,346,318,81,92,97,86,94,97,-5,-2,0
ORLEANS-TOURS,INDRE-ET-LOIRE,LYCEE THERESE PLANIOL (GENERAL ET TECHNO.),LOCHES,0370016S,37132,PU,210,43,21,,,,,,274,97,93,100,,,,,,96,98,95,95,,,,,,97,-1,-2,+5,,,,,,-1,65,47,48,,,,,,61,70,43,53,,,,,,64,-5,+4,-5,,,,,,-3,252,233,272,84,95,98,87,95,98,-3,0,0
ORLEANS-TOURS,INDRE-ET-LOIRE,LYCEE SAINT DENIS,LOCHES,0370737A,37132,PR,51,6,,,,,,,57,98,83,,,,,,,96,97,ND,,,,,,,97,+1,ND,,,,,,,-1,63,0,,,,,,,56,65,ND,,,,,,,63,-2,ND,,,,,,,-7,81,68,85,60,88,98,86,94,97,-26,-6,+1
ORLEANS-TOURS,INDRE-ET-LOIRE,LYCEE DESCARTES,TOURS,0370035M,37261,PU,298,,,,,,,,298,99,,,,,,,,99,99,,,,,,,,99,0,,,,,,,,0,81,,,,,,,,81,81,,,,,,,,81,0,,,,,,,,0,334,287,275,93,98,99,89,96,99,+4,+2,0
ORLEANS-TOURS,INDRE-ET-LOIRE,LYCEE BALZAC,TOURS,0370036N,37261,PU,257,73,,,,,,,330,98,92,,,,,,,97,98,95,,,,,,,98,0,-3,,,,,,,-1,75,44,,,,,,,68,76,47,,,,,,,69,-1,-3,,,,,,,-1,414,363,336,80,90,96,87,95,98,-7,-5,-2
ORLEANS-TOURS,INDRE-ET-LOIRE,LYCEE CHOISEUL,TOURS,0370037P,37261,PU,199,71,,36,,93,,,399,97,89,,94,,92,,,94,97,96,,98,,95,,,96,0,-7,,-4,,-3,,,-2,61,44,,69,,56,,,58,63,48,,78,,52,,,59,-2,-4,,-9,,+4,,,-1,392,447,414,87,92,96,86,93,97,+1,-1,-1
ORLEANS-TOURS,INDRE-ET-LOIRE,LYCEE GRANDMONT,TOURS,0370038R,37261,PU,396,108,94,,67,,,,665,97,90,86,,97,,,,94,98,94,94,,96,,,,97,-1,-4,-8,,+1,,,,-3,79,31,50,,67,,,,66,75,43,55,,64,,,,66,+4,-12,-5,,+3,,,,0,563,599,624,86,93,95,85,94,97,+1,-1,-2
ORLEANS-TOURS,INDRE-ET-LOIRE,LYCEE PAUL-LOUIS COURIER,TOURS,0370039S,37261,PU,200,71,,,,,15,,286,97,89,,,,,93,,95,97,92,,,,,98,,96,0,-3,,,,,-5,,-1,64,30,,,,,87,,57,69,38,,,,,87,,62,-5,-8,,,,,0,,-5,328,297,271,90,94,97,86,93,97,+4,+1,0
ORLEANS-TOURS,INDRE-ET-LOIRE,LYCEE GRAND ST GREGOIRE,TOURS,0370727P,37261,PR,93,,,,,,,,93,100,,,,,,,,100,99,,,,,,,,99,+1,,,,,,,,+1,88,,,,,,,,88,80,,,,,,,,80,+8,,,,,,,,+8,85,79,78,91,96,100,89,96,99,+2,0,+1
ORLEANS-TOURS,INDRE-ET-LOIRE,LYCEE NOTRE DAME LA RICHE,TOURS,0370728R,37261,PR,92,60,15,,,,,17,184,99,98,93,,,,,100,98,98,97,95,,,,,99,98,+1,+1,-2,,,,,+1,0,73,55,40,,,,,71,64,75,52,45,,,,,73,65,-2,+3,-5,,,,,-2,-1,186,186,162,69,86,97,86,94,97,-17,-8,0
ORLEANS-TOURS,INDRE-ET-LOIRE,LYCEE STE URSULE,TOURS,0370731U,37261,PR,219,,,,,24,,,243,99,,,,,100,,,99,99,,,,,98,,,99,0,,,,,+2,,,0,85,,,,,67,,,84,82,,,,,63,,,80,+3,,,,,+4,,,+4,256,259,241,93,97,100,90,96,99,+3,+1,+1
ORLEANS-TOURS,INDRE-ET-LOIRE,LYCEE MARMOUTIER,TOURS,0370881G,37261,PR,44,,,,,,,,44,93,,,,,,,,93,97,,,,,,,,97,-4,,,,,,,,-4,57,,,,,,,,57,66,,,,,,,,66,-9,,,,,,,,-9,62,58,59,80,91,93,87,94,98,-7,-3,-5
ORLEANS-TOURS,INDRE-ET-LOIRE,LYCEE JACQUES DE VAUCANSON,TOURS,0371418R,37261,PU,260,,83,,,,,,343,98,,99,,,,,,99,98,,94,,,,,,97,0,,+5,,,,,,+2,78,,55,,,,,,73,74,,52,,,,,,69,+4,,+3,,,,,,+4,401,351,313,85,95,98,87,94,98,-2,+1,0
ORLEANS-TOURS,LOIR-ET-CHER,LYCEE ROBERT BADINTER (GENERAL ET TECHNO.),BLOIS,0410001D,41018,PU,153,,47,,,,,,200,93,,83,,,,,,90,96,,87,,,,,,94,-3,,-4,,,,,,-4,63,,47,,,,,,59,61,,37,,,,,,56,+2,,+10,,,,,,+3,305,227,191,82,93,95,83,92,96,-1,+1,-1
ORLEANS-TOURS,LOIR-ET-CHER,LYCEE FRANCOIS PHILIBERT DESSAIGNES,BLOIS,0410002E,41018,PU,320,91,,,25,59,,,495,99,93,,,96,97,,,97,98,92,,,95,94,,,96,+1,+1,,,+1,+3,,,+1,73,36,,,64,46,,,62,73,40,,,59,47,,,63,0,-4,,,+5,-1,,,-1,431,512,446,86,93,96,85,93,97,+1,0,-1
ORLEANS-TOURS,LOIR-ET-CHER,LYCEE NOTRE DAME DES AYDES,BLOIS,0410675L,41018,PR,191,,,,,,,,191,99,,,,,,,,99,99,,,,,,,,99,0,,,,,,,,0,81,,,,,,,,81,78,,,,,,,,78,+3,,,,,,,,+3,151,115,163,88,94,99,89,96,99,-1,-2,0
ORLEANS-TOURS,LOIR-ET-CHER,LYCEE LA PROVIDENCE (GENERAL ET TECHNO.),BLOIS,0410693F,41018,PR,,35,22,,,23,,,80,,97,95,,,96,,,96,,95,95,,,98,,,96,,+2,0,,,-2,,,0,,37,50,,,61,,,48,,45,53,,,68,,,54,,-8,-3,,,-7,,,-6,34,95,66,83,88,95,83,91,95,0,-3,0
ORLEANS-TOURS,LOIR-ET-CHER,LYCEE VAL DE LOIRE (GENERAL ET TECHNO.),BLOIS,0410899E,41018,PU,,,,,,,,41,41,,,,,,,,100,100,,,,,,,,98,98,,,,,,,,+2,+2,,,,,,,,68,68,,,,,,,,70,70,,,,,,,,-2,-2,47,47,29,92,94,98,85,93,97,+7,+1,+1
ORLEANS-TOURS,LOIR-ET-CHER,LYCEE CAMILLE CLAUDEL,BLOIS,0410959V,41018,PU,152,,32,32,,,,,216,95,,94,97,,,,,95,97,,89,99,,,,,96,-2,,+5,-2,,,,,-1,61,,31,72,,,,,58,67,,39,72,,,,,64,-6,,-8,0,,,,,-6,291,222,238,82,92,96,85,94,97,-3,-2,-1
ORLEANS-TOURS,LOIR-ET-CHER,LYCEE GENERAL PRIVE,PONTLEVOY,0411071S,41180,PR,75,,,,,,,,75,100,,,,,,,,100,99,,,,,,,,99,+1,,,,,,,,+1,89,,,,,,,,89,85,,,,,,,,85,+4,,,,,,,,+4,130,97,88,88,95,100,90,97,99,-2,-2,+1
ORLEANS-TOURS,LOIR-ET-CHER,LYCEE CLAUDE DE FRANCE,ROMORANTIN LANTHENAY,0410017W,41194,PU,271,107,13,,,,,,391,94,83,92,,,,,,91,96,88,91,,,,,,94,-2,-5,+1,,,,,,-3,59,20,23,,,,,,47,59,29,36,,,,,,50,0,-9,-13,,,,,,-3,396,337,365,79,88,92,84,91,95,-5,-3,-3
ORLEANS-TOURS,LOIR-ET-CHER,LYCEE RONSARD,VENDOME,0410030K,41269,PU,277,67,20,,,,,,364,96,94,85,,,,,,95,98,91,95,,,,,,96,-2,+3,-10,,,,,,-1,66,25,60,,,,,,59,69,34,54,,,,,,62,-3,-9,+6,,,,,,-3,340,325,300,87,94,95,85,94,97,+2,0,-2
ORLEANS-TOURS,LOIRET,LYCEE FRANCOIS VILLON,BEAUGENCY,0451484U,45028,PU,328,67,29,,,,,,424,98,93,86,,,,,,96,97,92,92,,,,,,96,+1,+1,-6,,,,,,0,70,40,52,,,,,,64,67,38,46,,,,,,61,+3,+2,+6,,,,,,+3,422,382,376,90,96,97,85,93,97,+5,+3,0
ORLEANS-TOURS,LOIRET,LYCEE CHATEAU BLANC (GENERAL ET TECHNO.),CHALETTE SUR LOING,0451442Y,45068,PU,,,,,,26,,,26,,,,,,73,,,73,,,,,,ND,,,ND,,,,,,ND,,,ND,,,,,,23,,,23,,,,,,ND,,,ND,,,,,,ND,,,ND,22,34,35,77,77,79,ND,ND,ND,ND,ND,ND
ORLEANS-TOURS,LOIRET,LYCEE BERNARD PALISSY,GIEN,0450029M,45155,PU,261,106,29,,,,,,396,94,84,90,,,,,,91,97,90,93,,,,,,95,-3,-6,-3,,,,,,-4,59,25,52,,,,,,49,64,34,49,,,,,,55,-5,-9,+3,,,,,,-6,374,343,360,84,92,95,85,92,96,-1,0,-1
ORLEANS-TOURS,LOIRET,LYCEE SAINT FRANCOIS DE SALES (GENERAL ET TECHNO.),GIEN,0450106W,45155,PR,46,20,,,6,,,,72,98,90,,,83,,,,94,99,97,,,ND,,,,98,-1,-7,,,ND,,,,-4,83,20,,,50,,,,62,80,50,,,ND,,,,70,+3,-30,,,ND,,,,-8,92,70,66,74,94,97,83,94,98,-9,0,-1
ORLEANS-TOURS,LOIRET,LYCEE MAURICE GENEVOIX (GENERAL ET TECHNO.),INGRE,0451483T,45169,PU,230,73,54,,,,,,357,96,100,91,,,,,,96,98,96,90,,,,,,96,-2,+4,+1,,,,,,0,68,52,48,,,,,,62,71,50,36,,,,,,61,-3,+2,+12,,,,,,+1,408,335,346,89,97,98,86,93,97,+3,+4,+1
ORLEANS-TOURS,LOIRET,LYCEE EN FORET,MONTARGIS,0450040Z,45208,PU,303,150,,,36,,,,489,92,77,,,83,,,,87,95,89,,,89,,,,93,-3,-12,,,-6,,,,-6,53,18,,,53,,,,42,58,31,,,45,,,,49,-5,-13,,,+8,,,,-7,434,441,440,79,88,91,82,91,94,-3,-3,-3
ORLEANS-TOURS,LOIRET,LYCEE POTHIER,ORLEANS,0450049J,45234,PU,338,70,,,,,,,408,97,89,,,,,,,96,97,92,,,,,,,96,0,-3,,,,,,,0,64,23,,,,,,,57,66,37,,,,,,,61,-2,-14,,,,,,,-4,446,394,413,87,94,97,85,93,97,+2,+1,0
ORLEANS-TOURS,LOIRET,LYCEE JEAN ZAY (GENERAL ET TECHNO.),ORLEANS,0450050K,45234,PU,322,71,,,,,,,393,95,82,,,,,,,93,97,89,,,,,,,96,-2,-7,,,,,,,-3,62,32,,,,,,,57,69,33,,,,,,,62,-7,-1,,,,,,,-5,434,358,414,80,91,94,85,93,97,-5,-2,-3
ORLEANS-TOURS,LOIRET,LYCEE BENJAMIN FRANKLIN (GENERAL ET TECHNO.),ORLEANS,0450051L,45234,PU,217,116,86,,,,,,419,91,74,94,,,,,,87,96,88,90,,,,,,92,-5,-14,+4,,,,,,-5,58,16,51,,,,,,45,58,27,38,,,,,,45,0,-11,+13,,,,,,0,409,409,429,81,89,91,80,89,93,+1,0,-2
ORLEANS-TOURS,LOIRET,LYCEE SAINT CHARLES,ORLEANS,0450110A,45234,PR,181,,,,,,,,181,99,,,,,,,,99,99,,,,,,,,99,0,,,,,,,,0,85,,,,,,,,85,85,,,,,,,,85,0,,,,,,,,0,213,190,188,94,97,99,90,97,99,+4,0,0
ORLEANS-TOURS,LOIRET,LYCEE STE CROIX ST EUVERTE,ORLEANS,0450757D,45234,PR,264,,30,,20,29,,,343,100,,97,,100,100,,,100,99,,95,,99,98,,,99,+1,,+2,,+1,+2,,,+1,87,,60,,75,90,,,84,81,,51,,82,65,,,77,+6,,+9,,-7,+25,,,+7,353,367,323,93,98,100,89,96,99,+4,+2,+1
ORLEANS-TOURS,LOIRET,LYCEE SAINT PAUL-BOURDON BLANC (GENERAL ET TECHNO.),ORLEANS,0450758E,45234,PR,75,49,,,,,,,124,97,100,,,,,,,98,98,97,,,,,,,97,-1,+3,,,,,,,+1,60,43,,,,,,,53,66,54,,,,,,,62,-6,-11,,,,,,,-9,107,132,125,83,89,98,86,93,97,-3,-4,+1
ORLEANS-TOURS,LOIRET,LYCEE VOLTAIRE,ORLEANS,0450782F,45234,PU,315,77,,,,68,,,460,96,99,,,,85,,,95,97,88,,,,92,,,95,-1,+11,,,,-7,,,0,66,34,,,,40,,,57,68,28,,,,47,,,58,-2,+6,,,,-7,,,-1,518,452,452,83,93,96,84,93,96,-1,0,0
ORLEANS-TOURS,LOIRET,LYCEE CHARLES PEGUY,ORLEANS,0451526P,45234,PU,319,85,,64,,,,,468,94,92,,100,,,,,95,98,93,,99,,,,,97,-4,-1,,+1,,,,,-2,71,41,,84,,,,,68,73,42,,84,,,,,69,-2,-1,,0,,,,,-1,479,450,449,88,93,95,87,94,98,+1,-1,-3
ORLEANS-TOURS,LOIRET,LYCEE DUHAMEL DU MONCEAU,PITHIVIERS,0450062Y,45252,PU,241,103,20,,,,,,364,99,83,95,,,,,,95,97,90,93,,,,,,95,+2,-7,+2,,,,,,0,65,27,45,,,,,,53,61,34,39,,,,,,52,+4,-7,+6,,,,,,+1,461,358,325,79,92,96,84,92,96,-5,0,0
ORLEANS-TOURS,LOIRET,LYCEE JACQUES MONOD,SAINT JEAN DE BRAYE,0451462V,45284,PU,326,34,,,67,33,,,460,94,97,,,81,97,,,93,97,95,,,93,97,,,97,-3,+2,,,-12,0,,,-4,65,59,,,58,39,,,62,68,49,,,58,57,,,64,-3,+10,,,0,-18,,,-2,533,451,463,77,91,92,86,94,97,-9,-3,-5
ORLEANS-TOURS,LOIRET,LYCEE DURZY,VILLEMANDEUR,0450042B,45338,PU,326,,84,35,,,,,445,95,,90,97,,,,,95,96,,87,98,,,,,94,-1,,+3,-1,,,,,+1,67,,43,71,,,,,62,58,,32,74,,,,,54,+9,,+11,-3,,,,,+8,432,419,381,85,95,96,83,93,96,+2,+2,0
PARIS,PARIS,LYCEE TURGOT,PARIS 03,0750647W,75103,PU,190,32,,,,,,,222,99,100,,,,,,,99,99,94,,,,,,,98,0,+6,,,,,,,+1,84,72,,,,,,,82,79,44,,,,,,,74,+5,+28,,,,,,,+8,284,238,226,93,96,98,88,95,98,+5,+1,0
PARIS,PARIS,LYCEE VICTOR HUGO,PARIS 03,0750648X,75103,PU,143,24,,,,,,,167,100,96,,,,,,,99,100,91,,,,,,,98,0,+5,,,,,,,+1,94,54,,,,,,,89,89,37,,,,,,,82,+5,+17,,,,,,,+7,179,166,165,87,98,99,89,96,99,-2,+2,0
PARIS,PARIS,LYCEE SIMONE WEIL (GENERAL ET TECHNO.),PARIS 03,0750651A,75103,PU,74,30,,,,,,,104,96,87,,,,,,,93,99,89,,,,,,,96,-3,-2,,,,,,,-3,72,20,,,,,,,57,75,29,,,,,,,62,-3,-9,,,,,,,-5,94,118,118,77,88,94,84,92,96,-7,-4,-2
PARIS,PARIS,LYCEE CHARLEMAGNE,PARIS 04,0750652B,75104,PU,244,,,,,,,,244,99,,,,,,,,99,99,,,,,,,,99,0,,,,,,,,0,87,,,,,,,,87,87,,,,,,,,87,0,,,,,,,,0,248,243,233,97,99,100,91,97,99,+6,+2,+1
PARIS,PARIS,LYCEE SOPHIE GERMAIN,PARIS 04,0750653C,75104,PU,243,29,,,,,,,272,98,93,,,,,,,97,99,92,,,,,,,98,-1,+1,,,,,,,-1,82,55,,,,,,,79,84,36,,,,,,,79,-2,+19,,,,,,,0,283,274,274,97,97,98,89,96,99,+8,+1,-1
PARIS,PARIS,LYCEE LES FRANCS BOURGEOIS,PARIS 04,0753820V,75104,PR,235,25,,,,,,,260,100,100,,,,,,,100,99,99,,,,,,,99,+1,+1,,,,,,,+1,96,84,,,,,,,95,88,69,,,,,,,86,+8,+15,,,,,,,+9,261,243,276,91,100,100,91,97,99,0,+3,+1
PARIS,PARIS,LYCEE MASSILLON,PARIS 04,0753824Z,75104,PR,153,,,,,,,,153,100,,,,,,,,100,99,,,,,,,,99,+1,,,,,,,,+1,96,,,,,,,,96,86,,,,,,,,86,+10,,,,,,,,+10,154,147,150,91,99,100,91,96,99,0,+3,+1
PARIS,PARIS,LYCEE HENRI IV,PARIS 05,0750654D,75105,PU,279,,,,,,,,279,100,,,,,,,,100,100,,,,,,,,100,0,,,,,,,,0,100,,,,,,,,100,96,,,,,,,,96,+4,,,,,,,,+4,250,268,276,95,97,100,93,97,100,+2,0,0
PARIS,PARIS,LYCEE LOUIS LE GRAND,PARIS 05,0750655E,75105,PU,293,,31,,,,,,324,100,,97,,,,,,100,100,,95,,,,,,99,0,,+2,,,,,,+1,100,,68,,,,,,97,97,,54,,,,,,93,+3,,+14,,,,,,+4,250,306,309,97,98,99,93,97,100,+4,+1,-1
PARIS,PARIS,LYCEE LAVOISIER,PARIS 05,0750656F,75105,PU,201,,,,,,,,201,98,,,,,,,,98,99,,,,,,,,99,-1,,,,,,,,-1,91,,,,,,,,91,89,,,,,,,,89,+2,,,,,,,,+2,224,198,200,91,94,98,91,97,99,0,-3,-1
PARIS,PARIS,LYCEE SEVIGNE,PARIS 05,0753598D,75105,PR,113,,,,,,,,113,100,,,,,,,,100,100,,,,,,,,100,0,,,,,,,,0,98,,,,,,,,98,94,,,,,,,,94,+4,,,,,,,,+4,116,127,118,94,96,100,93,97,100,+1,-1,0
PARIS,PARIS,LYCEE LOUISE DE MARILLAC,PARIS 05,0753827C,75105,PR,108,,,,,,,,108,100,,,,,,,,100,100,,,,,,,,100,0,,,,,,,,0,96,,,,,,,,96,89,,,,,,,,89,+7,,,,,,,,+7,122,107,105,88,97,100,92,97,99,-4,0,+1
PARIS,PARIS,LYCEE MAXIMILIEN VOX-ART-DESSIN (GENERAL ET TECHNO.),PARIS 06,0750502N,75106,PU,,,,62,,,,,62,,,,98,,,,,98,,,,99,,,,,99,,,,-1,,,,,-1,,,,85,,,,,85,,,,91,,,,,91,,,,-6,,,,,-6,68,66,71,93,98,98,91,96,99,+2,+2,-1
PARIS,PARIS,LYCEE MONTAIGNE,PARIS 06,0750657G,75106,PU,342,,,,,,,,342,96,,,,,,,,96,98,,,,,,,,98,-2,,,,,,,,-2,75,,,,,,,,75,74,,,,,,,,74,+1,,,,,,,,+1,354,346,335,92,95,97,89,95,99,+3,0,-2
PARIS,PARIS,LYCEE FENELON,PARIS 06,0750660K,75106,PU,159,,,,,,,,159,99,,,,,,,,99,99,,,,,,,,99,0,,,,,,,,0,92,,,,,,,,92,87,,,,,,,,87,+5,,,,,,,,+5,176,164,159,95,98,99,90,97,99,+5,+1,0
PARIS,PARIS,LYCEE ECOLE ALSACIENNE,PARIS 06,0753647G,75106,PR,191,,,,,,,,191,100,,,,,,,,100,100,,,,,,,,100,0,,,,,,,,0,91,,,,,,,,91,90,,,,,,,,90,+1,,,,,,,,+1,191,191,187,98,99,100,92,97,100,+6,+2,0
PARIS,PARIS,LYCEE SAINT-SULPICE,PARIS 06,0753838P,75106,PR,194,,,,,,,,194,98,,,,,,,,98,98,,,,,,,,98,0,,,,,,,,0,65,,,,,,,,65,73,,,,,,,,73,-8,,,,,,,,-8,167,190,184,87,94,98,87,95,99,0,-1,-1
PARIS,PARIS,LYCEE STANISLAS,PARIS 06,0753840S,75106,PR,298,,,,,,,,298,100,,,,,,,,100,100,,,,,,,,100,0,,,,,,,,0,100,,,,,,,,100,97,,,,,,,,97,+3,,,,,,,,+3,298,303,301,99,100,100,93,98,100,+6,+2,0
PARIS,PARIS,LYCEE NOTRE-DAME DE SION,PARIS 06,0753842U,75106,PR,153,,,,,,,,153,100,,,,,,,,100,100,,,,,,,,100,0,,,,,,,,0,96,,,,,,,,96,93,,,,,,,,93,+3,,,,,,,,+3,162,158,155,93,98,100,93,98,100,0,0,0
PARIS,PARIS,LYCEE SAINTE-GENEVIEVE,PARIS 06,0753844W,75106,PR,125,,,32,,,,,157,99,,,100,,,,,99,99,,,100,,,,,99,0,,,0,,,,,0,76,,,97,,,,,80,84,,,91,,,,,85,-8,,,+6,,,,,-5,154,152,146,93,97,99,89,96,99,+4,+1,0
PARIS,PARIS,LYCEE SAINT-NICOLAS (GENERAL ET TECHNO.),PARIS 06,0754025T,75106,PR,34,47,113,,,,,,194,100,100,99,,,,,,99,99,97,98,,,,,,98,+1,+3,+1,,,,,,+1,85,83,73,,,,,,77,82,57,71,,,,,,69,+3,+26,+2,,,,,,+8,115,200,196,92,95,97,84,94,98,+8,+1,-1
PARIS,PARIS,LYCEE CARCADO SAISSEVAL (GENERAL ET TECHNO.),PARIS 06,0754029X,75106,PR,18,59,,,,39,,,116,100,100,,,,100,,,100,98,97,,,,97,,,97,+2,+3,,,,+3,,,+3,72,54,,,,77,,,65,63,54,,,,59,,,57,+9,0,,,,+18,,,+8,100,111,104,86,95,99,84,92,96,+2,+3,+3
PARIS,PARIS,LYCEE VICTOR DURUY,PARIS 07,0750662M,75107,PU,311,,,,,,,,311,99,,,,,,,,99,99,,,,,,,,99,0,,,,,,,,0,82,,,,,,,,82,83,,,,,,,,83,-1,,,,,,,,-1,381,353,335,92,95,99,90,96,99,+2,-1,0
PARIS,PARIS,LYCEE PAUL CLAUDEL D'HULST,PARIS 07,0753809H,75107,PR,189,,,,,,,,189,100,,,,,,,,100,100,,,,,,,,100,0,,,,,,,,0,95,,,,,,,,95,91,,,,,,,,91,+4,,,,,,,,+4,198,182,155,88,93,100,91,97,100,-3,-4,0
PARIS,PARIS,LYCEE L'ALMA,PARIS 07,0753849B,75107,PR,80,,,,,,,,80,100,,,,,,,,100,100,,,,,,,,100,0,,,,,,,,0,96,,,,,,,,96,90,,,,,,,,90,+6,,,,,,,,+6,99,85,88,93,98,100,92,97,100,+1,+1,0
PARIS,PARIS,LYCEE SAINT-THOMAS D'AQUIN,PARIS 07,0753850C,75107,PR,117,,,,,,,,117,99,,,,,,,,99,99,,,,,,,,99,0,,,,,,,,0,74,,,,,,,,74,79,,,,,,,,79,-5,,,,,,,,-5,137,123,123,94,98,100,90,96,99,+4,+2,+1
PARIS,PARIS,LYCEE LA ROCHEFOUCAULD,PARIS 07,0753851D,75107,PR,126,,,,,,,,126,100,,,,,,,,100,100,,,,,,,,100,0,,,,,,,,0,99,,,,,,,,99,93,,,,,,,,93,+6,,,,,,,,+6,136,132,130,93,97,99,92,97,100,+1,0,-1
PARIS,PARIS,LYCEE SAINTE-JEANNE ELISABETH,PARIS 07,0753852E,75107,PR,87,,,,,,,,87,100,,,,,,,,100,100,,,,,,,,100,0,,,,,,,,0,95,,,,,,,,95,91,,,,,,,,91,+4,,,,,,,,+4,120,85,68,91,96,100,92,97,100,-1,-1,0
PARIS,PARIS,LYCEE ALBERT DE MUN (GENERAL ET TECHNO.),PARIS 07,0754030Y,75107,PR,,95,28,30,,,,19,172,,99,89,100,,,,100,98,,97,95,99,,,,98,97,,+2,-6,+1,,,,+2,+1,,40,32,87,,,,53,48,,52,52,74,,,,73,58,,-12,-20,+13,,,,-20,-10,104,143,133,82,91,99,80,91,96,+2,0,+3
PARIS,PARIS,LYCEE CHAPTAL,PARIS 08,0750663N,75108,PU,163,,23,,,,,,186,98,,91,,,,,,97,99,,86,,,,,,98,-1,,+5,,,,,,-1,85,,48,,,,,,80,85,,33,,,,,,79,0,,+15,,,,,,+1,176,187,191,94,96,98,87,96,98,+7,0,0
PARIS,PARIS,LYCEE RACINE,PARIS 08,0750664P,75108,PU,307,49,,,,,,,356,100,98,,,,,,,99,99,91,,,,,,,98,+1,+7,,,,,,,+1,84,67,,,,,,,82,83,39,,,,,,,77,+1,+28,,,,,,,+5,348,356,361,92,98,99,88,95,98,+4,+3,+1
PARIS,PARIS,LYCEE FENELON SAINTE-MARIE,PARIS 08,0753873C,75108,PR,259,,,,,,,,259,100,,,,,,,,100,100,,,,,,,,100,0,,,,,,,,0,97,,,,,,,,97,95,,,,,,,,95,+2,,,,,,,,+2,271,259,251,94,98,100,93,97,100,+1,+1,0
PARIS,PARIS,LYCEE CONDORCET,PARIS 09,0750667T,75109,PU,176,,,,,,,,176,99,,,,,,,,99,99,,,,,,,,99,0,,,,,,,,0,92,,,,,,,,92,89,,,,,,,,89,+3,,,,,,,,+3,180,170,175,96,99,99,90,97,99,+6,+2,0
PARIS,PARIS,LYCEE JACQUES DECOUR,PARIS 09,0750668U,75109,PU,310,,,,,,,,310,94,,,,,,,,94,96,,,,,,,,96,-2,,,,,,,,-2,45,,,,,,,,45,57,,,,,,,,57,-12,,,,,,,,-12,332,312,309,76,95,97,84,93,97,-8,+2,0
PARIS,PARIS,LYCEE JULES FERRY,PARIS 09,0750669V,75109,PU,240,,,,,,,,240,99,,,,,,,,99,97,,,,,,,,97,+2,,,,,,,,+2,72,,,,,,,,72,67,,,,,,,,67,+5,,,,,,,,+5,320,210,210,94,97,98,87,95,98,+7,+2,0
PARIS,PARIS,LYCEE LAMARTINE,PARIS 09,0750670W,75109,PU,172,,,,,,26,,198,98,,,,,,96,,98,97,,,,,,97,,97,+1,,,,,,-1,,+1,68,,,,,,88,,71,65,,,,,,88,,68,+3,,,,,,0,,+3,228,192,190,91,95,97,86,94,98,+5,+1,-1
PARIS,PARIS,LYCEE EDGAR QUINET (GENERAL ET TECHNO.),PARIS 09,0750671X,75109,PU,88,53,,,,,,,141,84,91,,,,,,,87,91,89,,,,,,,90,-7,+2,,,,,,,-3,40,34,,,,,,,38,41,30,,,,,,,37,-1,+4,,,,,,,+1,153,139,141,74,83,87,82,89,93,-8,-6,-6
PARIS,PARIS,LYCEE COLBERT,PARIS 10,0750673Z,75110,PU,189,,,,,,,,189,92,,,,,,,,92,94,,,,,,,,94,-2,,,,,,,,-2,44,,,,,,,,44,51,,,,,,,,51,-7,,,,,,,,-7,284,175,174,87,92,95,83,92,96,+4,0,-1
PARIS,PARIS,LYCEE EDGAR POE,PARIS 10,0753883N,75110,PR,100,,,,,,,,100,100,,,,,,,,100,99,,,,,,,,99,+1,,,,,,,,+1,83,,,,,,,,83,79,,,,,,,,79,+4,,,,,,,,+4,105,104,105,92,98,100,90,96,99,+2,+2,+1
PARIS,PARIS,LYCEE ROCROY SAINT-VINCENT DE PAUL,PARIS 10,0753885R,75110,PR,216,,,,,,,,216,100,,,,,,,,100,100,,,,,,,,100,0,,,,,,,,0,93,,,,,,,,93,89,,,,,,,,89,+4,,,,,,,,+4,235,215,197,94,97,100,92,97,99,+2,0,+1
PARIS,PARIS,LYCEE BOSSUET-NOTRE-DAME,PARIS 10,0753887T,75110,PR,162,,,,,,,,162,99,,,,,,,,99,100,,,,,,,,100,-1,,,,,,,,-1,98,,,,,,,,98,92,,,,,,,,92,+6,,,,,,,,+6,198,179,162,91,94,99,93,97,100,-2,-3,-1
PARIS,PARIS,LYCEE VOLTAIRE,PARIS 11,0750675B,75111,PU,277,,,,,,,,277,94,,,,,,,,94,95,,,,,,,,95,-1,,,,,,,,-1,54,,,,,,,,54,56,,,,,,,,56,-2,,,,,,,,-2,439,299,305,78,91,96,84,92,96,-6,-1,0
PARIS,PARIS,LYCEE CAROLINE DORIAN (GENERAL ET TECHNO.),PARIS 11,0750676C,75111,PU,94,,72,,,,,,166,91,,89,,,,,,90,95,,84,,,,,,90,-4,,+5,,,,,,0,49,,32,,,,,,42,56,,27,,,,,,43,-7,,+5,,,,,,-1,126,134,135,83,89,90,80,89,93,+3,0,-3
PARIS,PARIS,LYCEE CHARLES PEGUY,PARIS 11,0753890W,75111,PR,151,27,,,,,,,178,100,100,,,,,,,100,100,98,,,,,,,99,0,+2,,,,,,,+1,97,100,,,,,,,97,92,66,,,,,,,88,+5,+34,,,,,,,+9,182,179,175,92,97,100,92,97,99,0,0,+1
PARIS,PARIS,LYCEE OZAR HATORAH,PARIS 11,0754479L,75111,PR,55,,,,,,,,55,100,,,,,,,,100,88,,,,,,,,88,+12,,,,,,,,+12,42,,,,,,,,42,39,,,,,,,,39,+3,,,,,,,,+3,62,52,58,66,89,100,79,88,93,-13,+1,+7
PARIS,PARIS,LYCEE PAUL VALERY,PARIS 12,0750679F,75112,PU,202,,31,,,,,,233,85,,58,,,,,,82,87,,75,,,,,,86,-2,,-17,,,,,,-4,37,,16,,,,,,34,39,,16,,,,,,36,-2,,0,,,,,,-2,175,166,187,75,84,87,78,87,92,-3,-3,-5
PARIS,PARIS,LYCEE ARAGO,PARIS 12,0750680G,75112,PU,202,60,,,,,,,262,93,97,,,,,,,94,98,90,,,,,,,96,-5,+7,,,,,,,-2,62,42,,,,,,,58,73,36,,,,,,,65,-11,+6,,,,,,,-7,243,228,230,89,92,93,86,93,97,+3,-1,-4
PARIS,PARIS,LYCEE BOULLE ESAA,PARIS 12,0750681H,75112,PU,,,,29,,,,,29,,,,100,,,,,100,,,,ND,,,,,ND,,,,ND,,,,,ND,,,,93,,,,,93,,,,ND,,,,,ND,,,,ND,,,,,ND,29,30,29,93,97,100,ND,ND,ND,ND,ND,ND
PARIS,PARIS,LYCEE SAINT-MICHEL DE PICPUS,PARIS 12,0753897D,75112,PR,308,,,,,,,,308,100,,,,,,,,100,100,,,,,,,,100,0,,,,,,,,0,98,,,,,,,,98,93,,,,,,,,93,+5,,,,,,,,+5,385,284,285,90,96,100,92,97,100,-2,-1,0
PARIS,PARIS,LYCEE E. NAPOLEON ST PIERRE FOURIER,PARIS 12,0753898E,75112,PR,151,,,,,,,,151,100,,,,,,,,100,99,,,,,,,,99,+1,,,,,,,,+1,95,,,,,,,,95,84,,,,,,,,84,+11,,,,,,,,+11,213,154,153,91,97,99,90,97,99,+1,0,0
PARIS,PARIS,LYCEE GEORGES LEVEN,PARIS 12,0753935V,75112,PR,91,,,,,,,,91,99,,,,,,,,99,97,,,,,,,,97,+2,,,,,,,,+2,67,,,,,,,,67,61,,,,,,,,61,+6,,,,,,,,+6,91,86,94,83,98,98,87,95,98,-4,+3,0
PARIS,PARIS,EC TECHNIQUE SUP LABORATOIRE,PARIS 13,0750330B,75113,PR,,,,,40,,,,40,,,,,100,,,,100,,,,,98,,,,98,,,,,+2,,,,+2,,,,,85,,,,85,,,,,78,,,,78,,,,,+7,,,,+7,19,42,27,81,94,98,85,94,98,-4,0,0
PARIS,PARIS,LYCEE RODIN,PARIS 13,0750682J,75113,PU,170,49,,,,,,,219,99,92,,,,,,,97,97,92,,,,,,,96,+2,0,,,,,,,+1,59,29,,,,,,,52,66,34,,,,,,,59,-7,-5,,,,,,,-7,278,255,242,80,91,96,84,93,97,-4,-2,-1
PARIS,PARIS,LYCEE CLAUDE MONET,PARIS 13,0750683K,75113,PU,326,,,,,,,,326,99,,,,,,,,99,98,,,,,,,,98,+1,,,,,,,,+1,84,,,,,,,,84,76,,,,,,,,76,+8,,,,,,,,+8,385,340,303,96,97,99,89,96,99,+7,+1,0
PARIS,PARIS,LYCEE GABRIEL FAURE,PARIS 13,0750684L,75113,PU,159,,,,,,,,159,92,,,,,,,,92,93,,,,,,,,93,-1,,,,,,,,-1,53,,,,,,,,53,51,,,,,,,,51,+2,,,,,,,,+2,254,174,139,72,90,92,84,93,96,-12,-3,-4
PARIS,PARIS,LYCEE PIERRE-GILLES DE GENNES-ENCPB,PARIS 13,0750685M,75113,PU,85,,,,74,25,,,184,95,,,,89,88,,,92,99,,,,91,89,,,94,-4,,,,-2,-1,,,-2,73,,,,55,44,,,62,77,,,,49,42,,,61,-4,,,,+6,+2,,,+1,209,196,188,84,91,95,83,92,96,+1,-1,-1
PARIS,PARIS,LYCEE YABNE,PARIS 13,0753834K,75113,PR,138,,,,,,,,138,100,,,,,,,,100,99,,,,,,,,99,+1,,,,,,,,+1,96,,,,,,,,96,87,,,,,,,,87,+9,,,,,,,,+9,155,131,116,84,90,100,91,97,99,-7,-7,+1
PARIS,PARIS,LYCEE NOTRE-DAME DE FRANCE,PARIS 13,0753902J,75113,PR,79,,,,,,,,79,100,,,,,,,,100,100,,,,,,,,100,0,,,,,,,,0,97,,,,,,,,97,92,,,,,,,,92,+5,,,,,,,,+5,86,63,61,79,92,100,92,97,100,-13,-5,0
PARIS,PARIS,LYCEE LE REBOURS (GENERAL ET TECHNO.),PARIS 13,0754042L,75113,PR,80,62,,,,,,,142,100,98,,,,,,,99,99,98,,,,,,,98,+1,0,,,,,,,+1,70,53,,,,,,,63,74,57,,,,,,,67,-4,-4,,,,,,,-4,135,152,143,89,96,98,87,94,98,+2,+2,0
PARIS,PARIS,LYCEE SAINT-VINCENT-DE-PAUL (GENERAL ET TECHNO.),PARIS 13,0754924V,75113,PR,96,,,,,23,,,119,100,,,,,100,,,100,99,,,,,96,,,98,+1,,,,,+4,,,+2,92,,,,,78,,,89,77,,,,,57,,,73,+15,,,,,+21,,,+16,134,137,146,92,97,98,88,95,98,+4,+2,0
PARIS,PARIS,LYCEE PAUL BERT,PARIS 14,0750689S,75114,PU,139,30,,,,,,,169,94,90,,,,,,,93,96,89,,,,,,,95,-2,+1,,,,,,,-2,53,33,,,,,,,50,58,32,,,,,,,53,-5,+1,,,,,,,-3,174,157,165,89,93,95,84,92,96,+5,+1,-1
PARIS,PARIS,LYCEE FRANCOIS VILLON,PARIS 14,0750690T,75114,PU,75,85,,,,,,,160,88,79,,,,,,,83,91,86,,,,,,,88,-3,-7,,,,,,,-5,49,20,,,,,,,34,49,24,,,,,,,36,0,-4,,,,,,,-2,0,71,110,27,41,85,72,85,90,-45,-44,-5
PARIS,PARIS,LYCEE EMILE DUBOIS,PARIS 14,0750692V,75114,PU,,95,,,,73,,,168,,89,,,,99,,,93,,86,,,,86,,,86,,+3,,,,+13,,,+7,,32,,,,44,,,37,,28,,,,38,,,32,,+4,,,,+6,,,+5,93,163,138,40,58,91,72,82,86,-32,-24,+5
PARIS,PARIS,LYCEE CATHERINE LABOURE (GENERAL ET TECHNO.),PARIS 14,0754045P,75114,PR,47,46,,,,,,,93,100,98,,,,,,,99,98,97,,,,,,,97,+2,+1,,,,,,,+2,60,63,,,,,,,61,65,49,,,,,,,57,-5,+14,,,,,,,+4,85,97,79,77,84,96,84,93,97,-7,-9,-1
PARIS,PARIS,LYCEE GUILLAUME TIREL (GENERAL ET TECHNO.),PARIS 14,0754476H,75114,PU,,,,,,,,23,23,,,,,,,,96,96,,,,,,,,ND,ND,,,,,,,,ND,ND,,,,,,,,65,65,,,,,,,,ND,ND,,,,,,,,ND,ND,23,24,21,92,92,92,ND,ND,ND,ND,ND,ND
PARIS,PARIS,LYCEE BUFFON,PARIS 15,0750693W,75115,PU,290,,,,,,,,290,99,,,,,,,,99,98,,,,,,,,98,+1,,,,,,,,+1,84,,,,,,,,84,77,,,,,,,,77,+7,,,,,,,,+7,356,320,322,93,96,99,89,96,99,+4,0,0
PARIS,PARIS,LYCEE CAMILLE SEE,PARIS 15,0750694X,75115,PU,132,,,,,,,,132,95,,,,,,,,95,97,,,,,,,,97,-2,,,,,,,,-2,64,,,,,,,,64,63,,,,,,,,63,+1,,,,,,,,+1,211,167,165,89,93,98,86,94,98,+3,-1,0
PARIS,PARIS,LYCEE ECOLE ACTIVE JEANNINE MANUEL,PARIS 15,0753874D,75115,PR,157,,,,,,,,157,100,,,,,,,,100,ND,,,,,,,,ND,ND,,,,,,,,ND,99,,,,,,,,99,ND,,,,,,,,ND,ND,,,,,,,,ND,224,169,152,96,99,99,ND,ND,ND,ND,ND,ND
PARIS,PARIS,LYCEE BLOMET,PARIS 15,0753915Y,75115,PR,160,,,,,,,,160,100,,,,,,,,100,100,,,,,,,,100,0,,,,,,,,0,100,,,,,,,,100,96,,,,,,,,96,+4,,,,,,,,+4,167,159,156,93,97,99,93,98,100,0,-1,-1
PARIS,PARIS,LYCEE SAINTE-ELISABETH,PARIS 15,0753916Z,75115,PR,84,,,,,,,,84,100,,,,,,,,100,99,,,,,,,,99,+1,,,,,,,,+1,81,,,,,,,,81,80,,,,,,,,80,+1,,,,,,,,+1,90,77,67,93,96,100,90,96,99,+3,0,+1
PARIS,PARIS,LYCEE CLAUDE BERNARD,PARIS 16,0750698B,75116,PU,156,49,,,,,,,205,97,96,,,,,,,97,96,90,,,,,,,94,+1,+6,,,,,,,+3,42,45,,,,,,,42,56,32,,,,,,,50,-14,+13,,,,,,,-8,227,200,210,85,95,99,83,92,96,+2,+3,+3
PARIS,PARIS,LYCEE JANSON DE SAILLY,PARIS 16,0750699C,75116,PU,347,,29,,,,,,376,99,,79,,,,,,98,99,,90,,,,,,98,0,,-11,,,,,,0,82,,28,,,,,,78,81,,38,,,,,,78,+1,,-10,,,,,,0,360,383,378,94,97,98,89,96,99,+5,+1,-1
PARIS,PARIS,LYCEE JEAN-BAPTISTE SAY,PARIS 16,0750700D,75116,PU,279,,,,,,,,279,98,,,,,,,,98,99,,,,,,,,99,-1,,,,,,,,-1,84,,,,,,,,84,85,,,,,,,,85,-1,,,,,,,,-1,286,277,272,92,94,98,91,96,99,+1,-2,-1
PARIS,PARIS,LYCEE JEAN DE LA FONTAINE,PARIS 16,0750702F,75116,PU,192,,,,,,20,,212,99,,,,,,100,,99,99,,,,,,98,,99,0,,,,,,+2,,0,86,,,,,,80,,85,85,,,,,,91,,86,+1,,,,,,-11,,-1,269,223,205,91,97,99,90,96,99,+1,+1,0
PARIS,PARIS,LYCEE MOLIERE,PARIS 16,0750703G,75116,PU,190,,,,,,,,190,94,,,,,,,,94,95,,,,,,,,95,-1,,,,,,,,-1,48,,,,,,,,48,56,,,,,,,,56,-8,,,,,,,,-8,243,204,184,82,87,95,84,93,97,-2,-6,-2
PARIS,PARIS,LYCEE PASCAL,PARIS 16,0753919C,75116,PR,83,,,,,,,,83,100,,,,,,,,100,99,,,,,,,,99,+1,,,,,,,,+1,98,,,,,,,,98,82,,,,,,,,82,+16,,,,,,,,+16,87,94,77,95,96,100,91,96,99,+4,0,+1
PARIS,PARIS,LYCEE SAINT-LOUIS DE GONZAGUE,PARIS 16,0753933T,75116,PR,158,,,,,,,,158,100,,,,,,,,100,100,,,,,,,,100,0,,,,,,,,0,99,,,,,,,,99,97,,,,,,,,97,+2,,,,,,,,+2,170,153,158,93,100,100,93,98,100,0,+2,0
PARIS,PARIS,LYCEE GERSON,PARIS 16,0753941B,75116,PR,118,,,,,,,,118,100,,,,,,,,100,100,,,,,,,,100,0,,,,,,,,0,98,,,,,,,,98,91,,,,,,,,91,+7,,,,,,,,+7,161,135,126,89,98,100,92,97,100,-3,+1,0
PARIS,PARIS,LYCEE LA TOUR,PARIS 16,0753943D,75116,PR,131,,,,,,,,131,99,,,,,,,,99,100,,,,,,,,100,-1,,,,,,,,-1,99,,,,,,,,99,95,,,,,,,,95,+4,,,,,,,,+4,157,139,150,94,99,100,93,98,100,+1,+1,0
PARIS,PARIS,LYCEE NOTRE-DAME DES OISEAUX,PARIS 16,0753946G,75116,PR,162,,,,,,,,162,98,,,,,,,,98,99,,,,,,,,99,-1,,,,,,,,-1,81,,,,,,,,81,82,,,,,,,,82,-1,,,,,,,,-1,171,167,149,89,95,98,91,96,99,-2,-1,-1
PARIS,PARIS,LYCEE SAINT-JEAN DE PASSY,PARIS 16,0753947H,75116,PR,162,,,,,,,,162,100,,,,,,,,100,100,,,,,,,,100,0,,,,,,,,0,99,,,,,,,,99,96,,,,,,,,96,+3,,,,,,,,+3,215,190,143,93,97,100,93,98,100,0,-1,0
PARIS,PARIS,LYCEE L'ASSOMPTION,PARIS 16,0753948J,75116,PR,107,,,,,,,,107,100,,,,,,,,100,99,,,,,,,,99,+1,,,,,,,,+1,89,,,,,,,,89,84,,,,,,,,84,+5,,,,,,,,+5,132,111,116,87,97,100,90,96,99,-3,+1,+1
PARIS,PARIS,LYCEE PASSY-SAINT-HONORE,PARIS 16,0754666P,75116,PR,101,105,,,,22,,,228,99,99,,,,100,,,99,99,98,,,,98,,,98,0,+1,,,,+2,,,+1,76,74,,,,86,,,76,81,59,,,,66,,,70,-5,+15,,,,+20,,,+6,129,240,241,82,94,98,87,94,98,-5,0,0
PARIS,PARIS,LYCEE CARNOT,PARIS 17,0750704H,75117,PU,295,,,,,,,,295,98,,,,,,,,98,99,,,,,,,,99,-1,,,,,,,,-1,85,,,,,,,,85,81,,,,,,,,81,+4,,,,,,,,+4,342,303,257,94,96,98,89,96,99,+5,0,-1
PARIS,PARIS,LYCEE HONORE DE BALZAC,PARIS 17,0750705J,75117,PU,242,69,,,,,,,311,99,97,,,,,,,98,97,91,,,,,,,96,+2,+6,,,,,,,+2,70,61,,,,,,,68,68,37,,,,,,,61,+2,+24,,,,,,,+7,323,302,288,90,97,98,85,93,97,+5,+4,+1
PARIS,PARIS,LYCEE JEAN DROUANT (GENERAL ET TECHNO.),PARIS 17,0750708M,75117,PU,,,,,,,,23,23,,,,,,,,100,100,,,,,,,,ND,ND,,,,,,,,ND,ND,,,,,,,,43,43,,,,,,,,ND,ND,,,,,,,,ND,ND,22,23,22,86,95,100,ND,ND,ND,ND,ND,ND
PARIS,PARIS,LYCEE ECOLE  INTERNATIONAL BILINGUE,PARIS 17,0752937K,75117,PR,127,,,,,,,,127,100,,,,,,,,100,100,,,,,,,,100,0,,,,,,,,0,98,,,,,,,,98,90,,,,,,,,90,+8,,,,,,,,+8,191,190,146,87,97,100,91,97,100,-4,0,0
PARIS,PARIS,LYCEE SAINT-MICHEL DES BATIGNOLLES,PARIS 17,0753959W,75117,PR,153,,,,,,,,153,100,,,,,,,,100,99,,,,,,,,99,+1,,,,,,,,+1,91,,,,,,,,91,85,,,,,,,,85,+6,,,,,,,,+6,194,153,154,90,97,99,91,97,99,-1,0,0
PARIS,PARIS,LYCEE STE URSULE-LOUISE BETTIGNIES,PARIS 17,0754081D,75117,PR,135,,,,,,,,135,100,,,,,,,,100,99,,,,,,,,99,+1,,,,,,,,+1,89,,,,,,,,89,88,,,,,,,,88,+1,,,,,,,,+1,137,128,133,94,99,100,92,97,99,+2,+2,+1
PARIS,PARIS,LYCEE RACHI,PARIS 17,0755537L,75117,PR,23,,,,,,,,23,87,,,,,,,,87,ND,,,,,,,,ND,ND,,,,,,,,ND,35,,,,,,,,35,ND,,,,,,,,ND,ND,,,,,,,,ND,18,22,12,66,73,80,ND,ND,ND,ND,ND,ND
PARIS,PARIS,LYCEE RABELAIS,PARIS 18,0750688R,75118,PU,65,,,,23,24,,,112,95,,,,87,88,,,92,88,,,,84,85,,,86,+7,,,,+3,+3,,,+6,34,,,,39,42,,,37,41,,,,29,29,,,36,-7,,,,+10,+13,,,+1,113,94,101,74,89,93,76,85,90,-2,+4,+3
PARIS,PARIS,LYCEE AUGUSTE RENOIR,PARIS 18,0750710P,75118,PU,,,,53,,,,,53,,,,100,,,,,100,,,,98,,,,,98,,,,+2,,,,,+2,,,,83,,,,,83,,,,74,,,,,74,,,,+9,,,,,+9,56,54,61,100,100,100,87,94,98,+13,+6,+2
PARIS,PARIS,LYCEE CHARLES DE FOUCAULD,PARIS 18,0754086J,75118,PR,150,48,,,,,,,198,100,100,,,,,,,100,99,96,,,,,,,98,+1,+4,,,,,,,+2,83,75,,,,,,,81,76,50,,,,,,,69,+7,+25,,,,,,,+12,216,216,209,95,97,100,88,95,98,+7,+2,+2
PARIS,PARIS,LYCEE SAINT-JEAN DE MONTMARTRE (GENERAL ET TECHNO.),PARIS 18,0754239A,75118,PR,,25,,,,,,,25,,100,,,,,,,100,,ND,,,,,,,ND,,ND,,,,,,,ND,,56,,,,,,,56,,ND,,,,,,,ND,,ND,,,,,,,ND,28,28,29,95,100,100,ND,ND,ND,ND,ND,ND
PARIS,PARIS,LYCEE HENRI BERGSON,PARIS 19,0750711R,75119,PU,196,74,45,,,,,,315,92,85,73,,,,,,88,95,84,80,,,,,,90,-3,+1,-7,,,,,,-2,56,26,9,,,,,,42,57,23,21,,,,,,44,-1,+3,-12,,,,,,-2,272,305,300,79,84,88,80,88,93,-1,-4,-5
PARIS,PARIS,LYCEE DIDEROT (GENERAL ET TECHNO.),PARIS 19,0750712S,75119,PU,125,,64,,,,,,189,94,,94,,,,,,94,95,,90,,,,,,93,-1,,+4,,,,,,+1,51,,34,,,,,,46,52,,36,,,,,,47,-1,,-2,,,,,,-1,196,174,163,80,92,95,81,91,95,-1,+1,0
PARIS,PARIS,LYCEE LES PETITS CHAMPS,PARIS 19,0753815P,75119,PR,74,27,,,,,,,101,100,96,,,,,,,99,97,98,,,,,,,97,+3,-2,,,,,,,+2,68,56,,,,,,,64,64,57,,,,,,,62,+4,-1,,,,,,,+2,85,100,99,80,88,100,86,94,98,-6,-6,+2
PARIS,PARIS,LYCEE JULES RICHARD MICROTECHNIQUES (GENERAL ET TECHNO.),PARIS 19,0754015G,75119,PR,,,49,,,,,,49,,,90,,,,,,90,,,95,,,,,,95,,,-5,,,,,,-5,,,31,,,,,,31,,,58,,,,,,58,,,-27,,,,,,-27,14,26,56,76,94,98,78,92,97,-2,+2,+1
PARIS,PARIS,LYCEE L'INITIATIVE (GENERAL ET TECHNO.),PARIS 19,0754016H,75119,PR,,25,,21,,,,,46,,80,,95,,,,,87,,94,,99,,,,,96,,-14,,-4,,,,,-9,,20,,86,,,,,50,,41,,77,,,,,58,,-21,,+9,,,,,-8,26,32,37,78,85,91,86,92,96,-8,-7,-5
PARIS,PARIS,LYCEE BETH HANNA,PARIS 19,0754325U,75119,PR,62,,,,,,,,62,98,,,,,,,,98,98,,,,,,,,98,0,,,,,,,,0,77,,,,,,,,77,73,,,,,,,,73,+4,,,,,,,,+4,113,100,99,72,79,81,89,96,98,-17,-17,-17
PARIS,PARIS,LYCEE LUCIEN DE HIRSCH,PARIS 19,0754965P,75119,PR,89,,,,,,,,89,100,,,,,,,,100,98,,,,,,,,98,+2,,,,,,,,+2,78,,,,,,,,78,71,,,,,,,,71,+7,,,,,,,,+7,85,73,78,81,94,100,90,96,98,-9,-2,+2
PARIS,PARIS,LYCEE N'R HATORAH,PARIS 19,0755352K,75119,PR,33,,,,,,,,33,100,,,,,,,,100,ND,,,,,,,,ND,ND,,,,,,,,ND,100,,,,,,,,100,ND,,,,,,,,ND,ND,,,,,,,,ND,43,37,26,80,96,100,ND,ND,ND,ND,ND,ND
PARIS,PARIS,LYCEE HELENE BOUCHER,PARIS 20,0750714U,75120,PU,380,30,,,,,,,410,97,97,,,,,,,97,99,90,,,,,,,98,-2,+7,,,,,,,-1,82,57,,,,,,,80,80,37,,,,,,,77,+2,+20,,,,,,,+3,426,387,411,91,96,98,88,96,98,+3,0,0
PARIS,PARIS,LYCEE MAURICE RAVEL,PARIS 20,0750715V,75120,PU,289,72,,,,,,,361,96,94,,,,,,,96,97,88,,,,,,,95,-1,+6,,,,,,,+1,58,53,,,,,,,57,63,29,,,,,,,57,-5,+24,,,,,,,0,408,371,337,89,93,96,85,92,96,+4,+1,0
PARIS,PARIS,LYCEE HEIKHAL MENAHEM SINAI,PARIS 20,0755025E,75120,PR,24,,,,,,,,24,96,,,,,,,,96,ND,,,,,,,,ND,ND,,,,,,,,ND,46,,,,,,,,46,ND,,,,,,,,ND,ND,,,,,,,,ND,25,26,24,84,88,96,ND,ND,ND,ND,ND,ND
PARIS,PARIS,LYCEE SAINTE-LOUISE,PARIS 20,0755709Y,75120,PR,118,,,,,,,,118,100,,,,,,,,100,99,,,,,,,,99,+1,,,,,,,,+1,86,,,,,,,,86,79,,,,,,,,79,+7,,,,,,,,+7,170,137,125,91,97,100,91,96,99,0,+1,+1
POITIERS,CHARENTE,LYCEE GUEZ DE BALZAC,ANGOULEME,0160002R,16015,PU,299,67,,,,,,,366,95,85,,,,,,,93,98,93,,,,,,,97,-3,-8,,,,,,,-4,67,18,,,,,,,58,70,39,,,,,,,64,-3,-21,,,,,,,-6,301,327,320,76,91,96,86,94,97,-10,-3,-1
POITIERS,CHARENTE,LYCEE MARGUERITE DE VALOIS,ANGOULEME,0160003S,16015,PU,228,91,,,,33,,,352,95,93,,,,94,,,95,97,93,,,,94,,,96,-2,0,,,,0,,,-1,64,41,,,,58,,,58,69,41,,,,45,,,60,-5,0,,,,+13,,,-2,339,399,360,79,89,95,84,93,96,-5,-4,-1
POITIERS,CHARENTE,LYCEE CHARLES A. COULOMB,ANGOULEME,0160004T,16015,PU,173,,76,46,14,,,,309,97,,93,98,93,,,,96,98,,95,99,97,,,,97,-1,,-2,-1,-4,,,,-1,70,,58,78,64,,,,68,71,,53,83,71,,,,68,-1,,+5,-5,-7,,,,0,314,313,289,87,93,96,87,94,98,0,-1,-2
POITIERS,CHARENTE,LYCEE SAINT PAUL,ANGOULEME,0160062F,16015,PR,135,,,,11,,,,146,99,,,,100,,,,99,98,,,,97,,,,98,+1,,,,+3,,,,+1,76,,,,73,,,,75,74,,,,69,,,,73,+2,,,,+4,,,,+2,188,163,148,87,93,100,89,95,98,-2,-2,+2
POITIERS,CHARENTE,LYCEE SAINTE MARTHE CHAVAGNES,ANGOULEME,0160079Z,16015,PR,81,34,,,,23,,,138,100,100,,,,96,,,99,99,97,,,,96,,,98,+1,+3,,,,0,,,+1,65,47,,,,30,,,55,78,52,,,,50,,,67,-13,-5,,,,-20,,,-12,147,153,134,94,99,99,88,94,98,+6,+5,+1
POITIERS,CHARENTE,LYCEE IMAGE ET SON,ANGOULEME,0161095D,16015,PU,215,,,,,,,,215,97,,,,,,,,97,97,,,,,,,,97,0,,,,,,,,0,66,,,,,,,,66,67,,,,,,,,67,-1,,,,,,,,-1,189,201,218,85,95,97,88,95,98,-3,0,-1
POITIERS,CHARENTE,LYCEE ELIE VINET,BARBEZIEUX SAINT HILAIRE,0160010Z,16028,PU,130,35,,,,,,,165,98,94,,,,,,,98,98,94,,,,,,,97,0,0,,,,,,,+1,66,31,,,,,,,59,71,43,,,,,,,65,-5,-12,,,,,,,-6,184,146,160,91,98,99,86,94,98,+5,+4,+1
POITIERS,CHARENTE,LYCEE JEAN MONNET (GENERAL ET TECHNO.),COGNAC,0160020K,16102,PU,179,38,,,,,,,217,99,95,,,,,,,98,98,91,,,,,,,97,+1,+4,,,,,,,+1,66,47,,,,,,,63,69,37,,,,,,,63,-3,+10,,,,,,,0,285,292,270,92,96,97,86,94,97,+6,+2,0
POITIERS,CHARENTE,LYCEE DE BEAULIEU,COGNAC,0160065J,16102,PR,76,,,,,,,,76,100,,,,,,,,100,98,,,,,,,,98,+2,,,,,,,,+2,71,,,,,,,,71,73,,,,,,,,73,-2,,,,,,,,-2,87,73,69,81,85,100,89,95,98,-8,-10,+2
POITIERS,CHARENTE,LYCEE EMILE ROUX (GENERAL ET TECHNO.),CONFOLENS,0160022M,16106,PU,106,27,,,,,,,133,98,78,,,,,,,94,97,91,,,,,,,96,+1,-13,,,,,,,-2,50,26,,,,,,,45,64,38,,,,,,,59,-14,-12,,,,,,,-14,123,132,137,85,93,93,85,93,96,0,0,-3
POITIERS,CHARENTE-MARITIME,LYCEE DE LA MER ET DU LITTORAL,BOURCEFRANC LE CHAPUS,0171428K,17058,PU,124,44,,,,,,,168,95,89,,,,,,,93,97,93,,,,,,,96,-2,-4,,,,,,,-3,64,39,,,,,,,57,64,41,,,,,,,58,0,-2,,,,,,,-1,191,168,162,80,88,93,86,93,96,-6,-5,-3
POITIERS,CHARENTE-MARITIME,LYCEE JEAN HYPPOLITE (GENERAL ET TECHNO.),JONZAC,0170135E,17197,PU,125,42,,,,17,,,184,95,86,,,,88,,,92,97,93,,,,93,,,96,-2,-7,,,,-5,,,-4,59,40,,,,59,,,55,67,39,,,,47,,,58,-8,+1,,,,+12,,,-3,224,174,185,73,88,94,86,93,97,-13,-5,-3
POITIERS,CHARENTE-MARITIME,LYCEE RENE JOSUE VALIN,LA ROCHELLE,0170027M,17300,PU,345,,,,40,56,,,441,97,,,,100,91,,,96,98,,,,96,95,,,97,-1,,,,+4,-4,,,-1,66,,,,78,57,,,66,71,,,,68,50,,,68,-5,,,,+10,+7,,,-2,490,409,420,81,93,96,87,95,98,-6,-2,-2
POITIERS,CHARENTE-MARITIME,LYCEE JEAN DAUTET,LA ROCHELLE,0170028N,17300,PU,398,149,,,,,,,547,96,93,,,,,,,95,98,95,,,,,,,97,-2,-2,,,,,,,-2,74,44,,,,,,,66,77,45,,,,,,,68,-3,-1,,,,,,,-2,470,528,510,83,91,96,88,94,98,-5,-3,-2
POITIERS,CHARENTE-MARITIME,LYCEE LEONCE VIELJEUX (GENERAL ET TECHNO.),LA ROCHELLE,0170029P,17300,PU,284,,105,,,,,,389,98,,95,,,,,,97,98,,95,,,,,,97,0,,0,,,,,,0,68,,48,,,,,,63,70,,55,,,,,,66,-2,,-7,,,,,,-3,472,448,369,85,92,97,87,94,98,-2,-2,-1
POITIERS,CHARENTE-MARITIME,LYCEE FENELON NOTRE-DAME (GENERAL ET TECHNO.),LA ROCHELLE,0170100S,17300,PR,188,31,11,,,14,,,244,100,100,100,,,100,,,100,99,97,97,,,97,,,99,+1,+3,+3,,,+3,,,+1,86,52,91,,,43,,,80,84,54,63,,,53,,,77,+2,-2,+28,,,-10,,,+3,213,243,208,87,93,100,89,95,99,-2,-2,+1
POITIERS,CHARENTE-MARITIME,LYCEE HOTELIER (GENERAL ET TECHNO.),LA ROCHELLE,0171405K,17300,PU,,,,,,,,45,45,,,,,,,,98,98,,,,,,,,100,100,,,,,,,,-2,-2,,,,,,,,78,78,,,,,,,,83,83,,,,,,,,-5,-5,47,43,43,90,94,98,85,95,98,+5,-1,0
POITIERS,CHARENTE-MARITIME,LYCEE SAINT-EXUPERY,LA ROCHELLE,0171418Z,17300,PU,165,76,,,,,,,241,97,88,,,,,,,94,97,93,,,,,,,96,0,-5,,,,,,,-2,70,30,,,,,,,58,71,40,,,,,,,61,-1,-10,,,,,,,-3,287,307,305,79,89,95,84,92,96,-5,-3,-1
POITIERS,CHARENTE-MARITIME,LYCEE EMILE COMBES (GENERAL ET TECHNO.),PONS,0170020E,17283,PU,121,,24,22,,,,,167,98,,100,100,,,,,99,96,,95,99,,,,,97,+2,,+5,+1,,,,,+2,57,,46,55,,,,,55,61,,48,79,,,,,62,-4,,-2,-24,,,,,-7,188,153,171,79,89,98,85,94,97,-6,-5,+1
POITIERS,CHARENTE-MARITIME,LYCEE LA SALLE SAINT LOUIS,PONT L ABBE D ARNOULT,0170098P,17284,PR,115,10,,,,,,,125,98,100,,,,,,,98,99,96,,,,,,,99,-1,+4,,,,,,,-1,74,80,,,,,,,74,80,44,,,,,,,77,-6,+36,,,,,,,-3,144,130,129,83,94,99,90,96,99,-7,-2,0
POITIERS,CHARENTE-MARITIME,LYCEE MAURICE MERLEAU-PONTY,ROCHEFORT,0170022G,17299,PU,326,125,,,,,,,451,98,88,,,,,,,95,97,93,,,,,,,96,+1,-5,,,,,,,-1,64,49,,,,,,,60,68,40,,,,,,,60,-4,+9,,,,,,,0,438,398,379,86,90,96,86,93,97,0,-3,-1
POITIERS,CHARENTE-MARITIME,LYCEE MARCEL DASSAULT (GENERAL ET TECHNO.),ROCHEFORT,0171455P,17299,PU,71,,45,,,,,,116,100,,96,,,,,,98,98,,93,,,,,,96,+2,,+3,,,,,,+2,70,,64,,,,,,68,69,,47,,,,,,60,+1,,+17,,,,,,+8,132,106,112,81,92,98,85,94,97,-4,-2,+1
POITIERS,CHARENTE-MARITIME,LYCEE CORDOUAN,ROYAN,0170042D,17306,PU,272,108,,,,,,,380,97,89,,,,,,,94,98,94,,,,,,,97,-1,-5,,,,,,,-3,67,38,,,,,,,58,70,43,,,,,,,62,-3,-5,,,,,,,-4,390,377,357,84,90,96,86,94,97,-2,-4,-1
POITIERS,CHARENTE-MARITIME,LYCEE LOUIS AUDOUIN DUBREUIL (GENERAL ET TECHNO.),SAINT JEAN D ANGELY,0170051N,17347,PU,132,42,,,,,,,174,98,88,,,,,,,95,97,92,,,,,,,96,+1,-4,,,,,,,-1,67,24,,,,,,,56,66,39,,,,,,,60,+1,-15,,,,,,,-4,178,164,174,87,93,97,86,94,97,+1,-1,0
POITIERS,CHARENTE-MARITIME,LYCEE BELLEVUE,SAINTES,0170058W,17415,PU,234,60,,,,,,,294,98,92,,,,,,,97,98,93,,,,,,,97,0,-1,,,,,,,0,72,47,,,,,,,67,73,42,,,,,,,66,-1,+5,,,,,,,+1,325,255,283,84,91,97,87,94,97,-3,-3,0
POITIERS,CHARENTE-MARITIME,LYCEE BERNARD PALISSY,SAINTES,0170060Y,17415,PU,127,49,43,,,,,,219,100,92,100,,,,,,98,98,94,92,,,,,,96,+2,-2,+8,,,,,,+2,74,47,49,,,,,,63,72,50,45,,,,,,62,+2,-3,+4,,,,,,+1,266,247,242,71,87,96,85,93,97,-14,-6,-1
POITIERS,CHARENTE-MARITIME,LYCEE NOTRE DAME DE RECOUVRANCE,SAINTES,0170103V,17415,PR,41,,,,,23,,,64,98,,,,,96,,,97,98,,,,,97,,,97,0,,,,,-1,,,0,66,,,,,61,,,64,73,,,,,57,,,67,-7,,,,,+4,,,-3,71,76,56,82,90,94,86,94,97,-4,-4,-3
POITIERS,CHARENTE-MARITIME,LYCEE DU PAYS D'AUNIS (GENERAL ET TECHNO.),SURGERES,0170070J,17434,PU,58,,,,,,,,58,100,,,,,,,,100,97,,,,,,,,97,+3,,,,,,,,+3,66,,,,,,,,66,65,,,,,,,,65,+1,,,,,,,,+1,124,80,67,86,97,100,87,95,97,-1,+2,+3
POITIERS,DEUX-SEVRES,LYCEE MAURICE GENEVOIX,BRESSUIRE,0790007D,79049,PU,222,51,,,,37,,,310,100,96,,,,95,,,98,98,95,,,,96,,,97,+2,+1,,,,-1,,,+1,76,55,,,,78,,,73,73,48,,,,56,,,67,+3,+7,,,,+22,,,+6,368,344,316,85,95,98,86,94,97,-1,+1,+1
POITIERS,DEUX-SEVRES,LYCEE SAINT JOSEPH (GENERAL ET TECHNO.),BRESSUIRE,0790080H,79049,PR,76,22,,27,,,,,125,100,95,,100,,,,,99,98,96,,99,,,,,98,+2,-1,,+1,,,,,+1,83,55,,89,,,,,79,76,51,,79,,,,,72,+7,+4,,+10,,,,,+7,134,100,121,88,96,99,89,95,98,-1,+1,+1
POITIERS,DEUX-SEVRES,LYCEE JOSEPH DESFONTAINES,MELLE,0790019S,79174,PU,116,41,,,,,,,157,99,100,,,,,,,99,98,95,,,,,,,98,+1,+5,,,,,,,+1,72,68,,,,,,,71,74,47,,,,,,,67,-2,+21,,,,,,,+4,169,172,145,86,92,99,87,95,98,-1,-3,+1
POITIERS,DEUX-SEVRES,LYCEE JEAN MACE,NIORT,0790023W,79191,PU,302,67,,,,,,,369,98,79,,,,,,,95,98,93,,,,,,,98,0,-14,,,,,,,-3,71,36,,,,,,,64,76,42,,,,,,,70,-5,-6,,,,,,,-6,368,346,365,81,90,96,88,95,98,-7,-5,-2
POITIERS,DEUX-SEVRES,LYCEE PAUL GUERIN,NIORT,0790024X,79191,PU,242,,55,,,,,,297,99,,95,,,,,,98,98,,95,,,,,,98,+1,,0,,,,,,0,71,,33,,,,,,64,73,,53,,,,,,69,-2,,-20,,,,,,-5,336,300,270,87,94,98,86,95,98,+1,-1,0
POITIERS,DEUX-SEVRES,LYCEE SAINT ANDRE (GENERAL ET TECHNO.),NIORT,0790078F,79191,PR,199,33,18,,,22,,,272,99,100,100,,,100,,,100,100,98,99,,,98,,,99,-1,+2,+1,,,+2,,,+1,84,58,89,,,82,,,81,89,64,80,,,65,,,83,-5,-6,+9,,,+17,,,-2,263,274,264,86,93,100,90,96,99,-4,-3,+1
POITIERS,DEUX-SEVRES,LYCEE VENISE VERTE,NIORT,0791062A,79191,PU,191,100,,,20,54,,,365,99,95,,,100,91,,,97,98,94,,,96,94,,,96,+1,+1,,,+4,-3,,,+1,75,45,,,65,63,,,64,77,43,,,64,52,,,63,-2,+2,,,+1,+11,,,+1,350,415,396,87,93,98,85,93,97,+2,0,+1
POITIERS,DEUX-SEVRES,LYCEE ERNEST PEROCHON,PARTHENAY,0790029C,79202,PU,153,40,,34,,,,,227,98,98,,100,,,,,98,98,97,,99,,,,,98,0,+1,,+1,,,,,0,74,60,,76,,,,,72,73,54,,82,,,,,71,+1,+6,,-6,,,,,+1,239,255,213,85,95,99,88,95,98,-3,0,+1
POITIERS,DEUX-SEVRES,LYCEE DU HAUT VAL DE SEVRE (GENERAL ET TECHNO.),SAINT MAIXENT L ECOLE,0790031E,79270,PU,122,,,,,,,,122,96,,,,,,,,96,98,,,,,,,,98,-2,,,,,,,,-2,65,,,,,,,,65,71,,,,,,,,71,-6,,,,,,,,-6,183,129,110,86,92,98,87,95,98,-1,-3,0
POITIERS,DEUX-SEVRES,CITE SCOLAIRE JEAN MOULIN,THOUARS,0790036K,79329,PU,105,31,19,,,,,,155,96,94,100,,,,,,96,96,92,96,,,,,,95,0,+2,+4,,,,,,+1,56,16,58,,,,,,48,62,38,57,,,,,,56,-6,-22,+1,,,,,,-8,166,185,139,86,95,97,85,93,96,+1,+2,+1
POITIERS,DEUX-SEVRES,LYCEE SAINT CHARLES,THOUARS,0790058J,79329,PR,39,8,,,,11,,,58,100,88,,,,100,,,98,98,ND,,,,97,,,97,+2,ND,,,,+3,,,+1,69,50,,,,64,,,66,69,ND,,,,59,,,63,0,ND,,,,+5,,,+3,56,66,52,94,98,98,87,94,97,+7,+4,+1
POITIERS,VIENNE,LYCEE MARCELIN BERTHELOT,CHATELLERAULT,0860003L,86066,PU,196,62,,,,,,,258,96,92,,,,,,,95,97,94,,,,,,,96,-1,-2,,,,,,,-1,62,45,,,,,,,58,67,44,,,,,,,61,-5,+1,,,,,,,-3,257,197,213,78,89,95,86,93,97,-8,-4,-2
POITIERS,VIENNE,CITE TECHNIQUE EDOUARD BRANLY,CHATELLERAULT,0860005N,86066,PU,115,55,32,,,,,,202,99,87,97,,,,,,96,97,89,95,,,,,,94,+2,-2,+2,,,,,,+2,49,38,44,,,,,,45,63,34,55,,,,,,54,-14,+4,-11,,,,,,-9,265,217,201,82,95,97,84,92,96,-2,+3,+1
POITIERS,VIENNE,LYCEE ANDRE THEURIET,CIVRAY,0860009T,86078,PU,106,27,,,,,,,133,94,85,,,,,,,92,97,93,,,,,,,96,-3,-8,,,,,,,-4,52,37,,,,,,,49,67,41,,,,,,,62,-15,-4,,,,,,,-13,147,107,123,77,91,95,86,94,97,-9,-3,-2
POITIERS,VIENNE,LYCEE PILOTE INNOVANT INTERNATIONAL,JAUNAY MARIGNY,0861223M,86115,PU,183,21,,,,,,,204,98,95,,,,,,,98,99,92,,,,,,,98,-1,+3,,,,,,,0,79,48,,,,,,,75,80,48,,,,,,,77,-1,0,,,,,,,-2,184,173,190,84,95,98,87,95,98,-3,0,0
POITIERS,VIENNE,LYCEE GUY CHAUVET,LOUDUN,0860021F,86137,PU,84,27,,,,14,,,125,99,89,,,,93,,,96,97,91,,,,96,,,96,+2,-2,,,,-3,,,0,62,41,,,,36,,,54,66,38,,,,51,,,59,-4,+3,,,,-15,,,-5,128,132,143,82,90,96,85,93,96,-3,-3,0
POITIERS,VIENNE,LYCEE JEAN MOULIN,MONTMORILLON,0860028N,86165,PU,115,42,,,,,,,157,97,98,,,,,,,97,97,94,,,,,,,97,0,+4,,,,,,,0,63,45,,,,,,,59,68,45,,,,,,,62,-5,0,,,,,,,-3,183,137,136,84,97,99,86,94,97,-2,+3,+2
POITIERS,VIENNE,LYCEE VICTOR HUGO,POITIERS,0860034V,86194,PU,242,90,,,,,31,,363,98,88,,,,,100,,95,98,91,,,,,99,,97,0,-3,,,,,+1,,-2,70,24,,,,,90,,61,73,36,,,,,88,,65,-3,-12,,,,,+2,,-4,405,409,371,83,91,94,86,94,97,-3,-3,-3
POITIERS,VIENNE,LYCEE CAMILLE GUERIN,POITIERS,0860035W,86194,PU,234,34,,,,,,,268,98,76,,,,,,,96,98,89,,,,,,,97,0,-13,,,,,,,-1,71,32,,,,,,,66,73,30,,,,,,,68,-2,+2,,,,,,,-2,236,229,266,86,94,98,86,95,98,0,-1,0
POITIERS,VIENNE,LYCEE NELSON MANDELA (GENERAL ET TECHNO.),POITIERS,0860037Y,86194,PU,107,,97,,17,,,,221,98,,89,,94,,,,94,98,,92,,97,,,,95,0,,-3,,-3,,,,-1,67,,43,,71,,,,57,71,,44,,70,,,,59,-4,,-1,,+1,,,,-2,272,241,244,83,92,96,85,93,97,-2,-1,-1
POITIERS,VIENNE,LYCEE ALIENOR D AQUITAINE,POITIERS,0860038Z,86194,PU,166,68,,,16,58,,,308,93,93,,,88,88,,,92,97,87,,,96,94,,,94,-4,+6,,,-8,-6,,,-2,57,34,,,62,38,,,49,64,32,,,65,49,,,54,-7,+2,,,-3,-11,,,-5,332,353,336,84,91,95,82,91,95,+2,0,0
POITIERS,VIENNE,LYCEE ISAAC DE L'ETOILE (FEUILLANTS),POITIERS,0860755D,86194,PR,194,,,17,,,,,211,99,,,100,,,,,99,99,,,99,,,,,99,0,,,+1,,,,,0,80,,,88,,,,,81,79,,,83,,,,,79,+1,,,+5,,,,,+2,334,263,243,90,96,100,89,96,99,+1,0,+1
POITIERS,VIENNE,LYCEE ST JACQUES DE COMPOSTELLE (GENERAL ET TECHNO.),POITIERS,0860774Z,86194,PR,,60,,,10,46,,,116,,95,,,100,98,,,97,,97,,,98,97,,,97,,-2,,,+2,+1,,,0,,38,,,30,57,,,45,,54,,,80,56,,,57,,-16,,,-50,+1,,,-12,79,126,123,86,89,94,85,92,96,+1,-3,-2
POITIERS,VIENNE,LYCEE UNION CHRETIENNE,POITIERS,0860903P,86194,PR,97,,,,,,,,97,98,,,,,,,,98,99,,,,,,,,99,-1,,,,,,,,-1,82,,,,,,,,82,87,,,,,,,,87,-5,,,,,,,,-5,125,101,91,91,96,99,92,97,99,-1,-1,0
POITIERS,VIENNE,LYCEE DU BOIS D'AMOUR,POITIERS,0861228T,86194,PU,262,82,,,,,,,344,97,88,,,,,,,95,99,95,,,,,,,98,-2,-7,,,,,,,-3,68,37,,,,,,,60,78,46,,,,,,,70,-10,-9,,,,,,,-10,342,312,311,83,94,97,88,95,98,-5,-1,-1
REIMS,ARDENNES,LYCEE CHANZY,CHARLEVILLE MEZIERES,0080006N,08105,PU,192,,,,,,,,192,91,,,,,,,,91,98,,,,,,,,98,-7,,,,,,,,-7,62,,,,,,,,62,72,,,,,,,,72,-10,,,,,,,,-10,198,186,196,84,89,92,88,95,98,-4,-6,-6
REIMS,ARDENNES,LYCEE SEVIGNE,CHARLEVILLE MEZIERES,0080007P,08105,PU,135,66,,,13,70,,,284,95,86,,,85,90,,,91,96,89,,,91,94,,,94,-1,-3,,,-6,-4,,,-3,61,33,,,62,34,,,48,63,35,,,55,47,,,52,-2,-2,,,+7,-13,,,-4,233,295,283,79,89,95,84,92,95,-5,-3,0
REIMS,ARDENNES,LYCEE FRANCOIS BAZIN (GENERAL ET TECHNO.),CHARLEVILLE MEZIERES,0080008R,08105,PU,61,,60,,,,,,121,95,,82,,,,,,88,97,,92,,,,,,95,-2,,-10,,,,,,-7,56,,23,,,,,,40,67,,41,,,,,,54,-11,,-18,,,,,,-14,130,174,156,78,89,94,84,92,96,-6,-3,-2
REIMS,ARDENNES,LYCEE MONGE,CHARLEVILLE MEZIERES,0080027L,08105,PU,68,33,,,,,,,101,91,79,,,,,,,87,92,82,,,,,,,89,-1,-3,,,,,,,-2,38,27,,,,,,,35,46,22,,,,,,,38,-8,+5,,,,,,,-3,152,119,105,61,83,91,77,88,91,-16,-5,0
REIMS,ARDENNES,LYCEE SAINT PAUL (GENERAL ET TECHNO.),CHARLEVILLE MEZIERES,0080082W,08105,PR,112,21,,,,,,,133,100,100,,,,,,,100,99,96,,,,,,,99,+1,+4,,,,,,,+1,85,81,,,,,,,84,80,53,,,,,,,75,+5,+28,,,,,,,+9,153,142,134,94,96,99,90,96,99,+4,0,0
REIMS,ARDENNES,LYCEE VAUBAN,GIVET,0080018B,08190,PU,53,,,,,,,,53,85,,,,,,,,85,90,,,,,,,,90,-5,,,,,,,,-5,43,,,,,,,,43,46,,,,,,,,46,-3,,,,,,,,-3,66,40,63,63,86,90,82,91,94,-19,-5,-4
REIMS,ARDENNES,LYCEE PAUL VERLAINE (GENERAL ET TECHNO.),RETHEL,0080039Z,08362,PU,145,50,,,,,,,195,92,90,,,,,,,92,97,93,,,,,,,96,-5,-3,,,,,,,-4,66,36,,,,,,,58,66,38,,,,,,,59,0,-2,,,,,,,-1,164,192,162,88,91,94,86,94,97,+2,-3,-3
REIMS,ARDENNES,LYCEE JEAN MOULIN (GENERAL ET TECHNO.),REVIN,0080040A,08363,PU,54,18,,,,,,,72,93,94,,,,,,,93,95,90,,,,,,,94,-2,+4,,,,,,,-1,48,11,,,,,,,39,55,36,,,,,,,50,-7,-25,,,,,,,-11,93,58,58,71,85,92,84,92,95,-13,-7,-3
REIMS,ARDENNES,LYCEE PIERRE BAYLE,SEDAN,0080045F,08409,PU,149,95,16,,,,,,260,97,87,88,,,,,,93,96,90,84,,,,,,93,+1,-3,+4,,,,,,0,60,33,31,,,,,,48,59,34,31,,,,,,48,+1,-1,0,,,,,,0,232,209,252,78,92,96,83,91,94,-5,+1,+2
REIMS,ARDENNES,LYCEE MABILLON,SEDAN,0080081V,08409,PR,59,,,,,,,,59,100,,,,,,,,100,98,,,,,,,,98,+2,,,,,,,,+2,76,,,,,,,,76,73,,,,,,,,73,+3,,,,,,,,+3,93,79,75,83,95,100,88,95,99,-5,0,+1
REIMS,ARDENNES,LYCEE THOMAS MASARYK,VOUZIERS,0080053P,08490,PU,71,,,,,,,,71,99,,,,,,,,99,97,,,,,,,,97,+2,,,,,,,,+2,68,,,,,,,,68,65,,,,,,,,65,+3,,,,,,,,+3,108,80,77,79,94,99,86,95,98,-7,-1,+1
REIMS,AUBE,LYCEE GASTON BACHELARD (GENERAL ET TECHNO.),BAR SUR AUBE,0100003Z,10033,PU,78,31,10,,,,,,119,96,77,100,,,,,,92,97,88,91,,,,,,94,-1,-11,+9,,,,,,-2,64,16,50,,,,,,50,65,27,44,,,,,,53,-1,-11,+6,,,,,,-3,125,119,108,82,89,95,84,92,96,-2,-3,-1
REIMS,AUBE,LYCEE F. ET I. JOLIOT CURIE,ROMILLY SUR SEINE,0100015M,10323,PU,239,84,30,,,,,,353,92,88,70,,,,,,90,95,89,84,,,,,,93,-3,-1,-14,,,,,,-3,56,42,17,,,,,,49,59,34,28,,,,,,50,-3,+8,-11,,,,,,-1,417,345,312,80,91,94,82,91,95,-2,0,-1
REIMS,AUBE,LYCEE EDOUARD HERRIOT (GENERAL ET TECHNO.),SAINTE SAVINE,0101016A,10362,PU,178,35,,,,,,,213,96,94,,,,,,,96,98,94,,,,,,,97,-2,0,,,,,,,-1,74,37,,,,,,,68,70,46,,,,,,,66,+4,-9,,,,,,,+2,239,224,210,77,90,95,86,94,97,-9,-4,-2
REIMS,AUBE,LYCEE CHRESTIEN DE TROYES,TROYES,0100022V,10387,PU,202,107,,,,,,,309,99,83,,,,,,,93,97,89,,,,,,,94,+2,-6,,,,,,,-1,59,29,,,,,,,49,64,32,,,,,,,53,-5,-3,,,,,,,-4,312,319,299,84,92,98,84,92,96,0,0,+2
REIMS,AUBE,LYCEE MARIE DE CHAMPAGNE (GENERAL ET TECHNO.),TROYES,0100023W,10387,PU,233,107,,,,60,,,400,94,83,,,,92,,,91,96,86,,,,94,,,93,-2,-3,,,,-2,,,-2,55,32,,,,55,,,48,61,31,,,,46,,,51,-6,+1,,,,+9,,,-3,342,375,390,81,91,93,82,90,94,-1,+1,-1
REIMS,AUBE,LYCEE LES LOMBARDS (GENERAL ET TECHNO.),TROYES,0100025Y,10387,PU,106,,56,,26,,,,188,95,,82,,85,,,,90,97,,88,,87,,,,93,-2,,-6,,-2,,,,-3,70,,36,,42,,,,56,66,,32,,42,,,,53,+4,,+4,,0,,,,+3,153,190,190,80,89,94,83,91,95,-3,-2,-1
REIMS,AUBE,LYCEE ST FRANCOIS DE SALES,TROYES,0100046W,10387,PR,127,,,,,,,,127,99,,,,,,,,99,99,,,,,,,,99,0,,,,,,,,0,88,,,,,,,,88,79,,,,,,,,79,+9,,,,,,,,+9,129,122,111,89,95,99,89,96,99,0,-1,0
REIMS,AUBE,LYCEE ST BERNARD,TROYES,0100047X,10387,PR,112,,,,,,,,112,99,,,,,,,,99,98,,,,,,,,98,+1,,,,,,,,+1,88,,,,,,,,88,78,,,,,,,,78,+10,,,,,,,,+10,137,123,130,89,95,98,89,96,99,0,-1,-1
REIMS,AUBE,LYCEE LA SALLE,TROYES,0100059K,10387,PR,34,35,32,33,,,,,134,97,97,100,100,,,,,99,98,96,96,99,,,,,98,-1,+1,+4,+1,,,,,+1,59,20,62,85,,,,,56,74,50,62,79,,,,,66,-15,-30,0,+6,,,,,-10,107,121,127,72,91,98,86,93,97,-14,-2,+1
REIMS,AUBE,LYCEE CAMILLE CLAUDEL,TROYES,0101028N,10387,PU,199,,,,,,,,199,96,,,,,,,,96,97,,,,,,,,97,-1,,,,,,,,-1,61,,,,,,,,61,64,,,,,,,,64,-3,,,,,,,,-3,291,225,185,77,89,97,86,94,97,-9,-5,0
REIMS,HAUTE-MARNE,LYCEE OUDINOT,CHAUMONT,0520685M,52121,PR,28,14,,,,19,,,61,100,100,,,,89,,,97,99,90,,,,96,,,96,+1,+10,,,,-7,,,+1,71,21,,,,42,,,51,77,29,,,,53,,,58,-6,-8,,,,-11,,,-7,51,54,80,81,93,100,86,93,96,-5,0,+4
REIMS,HAUTE-MARNE,LYCEE EDME BOUCHARDON,CHAUMONT,0520844K,52121,PU,121,62,,,,35,,,218,98,89,,,,89,,,94,97,90,,,,94,,,95,+1,-1,,,,-5,,,-1,61,31,,,,43,,,50,67,36,,,,48,,,55,-6,-5,,,,-5,,,-5,199,214,223,85,90,95,84,92,96,+1,-2,-1
REIMS,HAUTE-MARNE,LYCEE CHARLES DE GAULLE (GENERAL ET TECHNO.),CHAUMONT,0521032P,52121,PU,115,,32,35,,,,,182,98,,100,100,,,,,99,98,,92,97,,,,,97,0,,+8,+3,,,,,+2,77,,53,57,,,,,69,73,,46,64,,,,,66,+4,,+7,-7,,,,,+3,171,182,174,86,92,98,87,94,97,-1,-2,+1
REIMS,HAUTE-MARNE,LYCEE PHILIPPE LEBON,JOINVILLE,0520019N,52250,PU,50,,15,,,10,,,75,98,,73,,,100,,,93,95,,87,,,94,,,93,+3,,-14,,,+6,,,0,64,,20,,,50,,,53,58,,35,,,43,,,51,+6,,-15,,,+7,,,+2,102,106,92,76,88,93,83,92,95,-7,-4,-2
REIMS,HAUTE-MARNE,LYCEE DIDEROT (GENERAL ET TECHNO.),LANGRES,0520021R,52269,PU,141,36,28,,,,,,205,98,94,89,,,,,,96,98,90,94,,,,,,96,0,+4,-5,,,,,,0,65,53,39,,,,,,60,69,36,52,,,,,,61,-4,+17,-13,,,,,,-1,195,184,200,84,92,98,85,93,96,-1,-1,+2
REIMS,HAUTE-MARNE,LYCEE ST EXUPERY (GENERAL ET TECHNO.),SAINT DIZIER,0520027X,52448,PU,88,25,,,,21,,,134,91,72,,,,95,,,88,91,80,,,,87,,,88,0,-8,,,,+8,,,0,50,16,,,,24,,,40,40,24,,,,33,,,36,+10,-8,,,,-9,,,+4,100,107,98,75,85,91,81,88,92,-6,-3,-1
REIMS,HAUTE-MARNE,LYCEE BLAISE PASCAL (GENERAL ET TECHNO.),SAINT DIZIER,0520028Y,52448,PU,56,,18,,,,,,74,98,,78,,,,,,93,96,,85,,,,,,94,+2,,-7,,,,,,-1,61,,17,,,,,,50,64,,23,,,,,,54,-3,,-6,,,,,,-4,99,84,65,81,90,96,84,92,96,-3,-2,0
REIMS,HAUTE-MARNE,LYCEE ESTIC,SAINT DIZIER,0520679F,52448,PR,84,21,,,,16,,,121,99,100,,,,94,,,98,98,95,,,,94,,,97,+1,+5,,,,0,,,+1,69,48,,,,44,,,62,72,44,,,,47,,,64,-3,+4,,,,-3,,,-2,99,98,104,80,93,99,86,94,97,-6,-1,+2
REIMS,MARNE,LYCEE PIERRE BAYEN,CHALONS EN CHAMPAGNE,0510006E,51108,PU,222,,,,,,,,222,98,,,,,,,,98,98,,,,,,,,98,0,,,,,,,,0,74,,,,,,,,74,74,,,,,,,,74,0,,,,,,,,0,221,214,215,87,93,99,88,96,98,-1,-3,+1
REIMS,MARNE,LYCEE ETIENNE OEHMICHEN (GENERAL ET TECHNO.),CHALONS EN CHAMPAGNE,0510007F,51108,PU,78,,30,,,49,,,157,97,,90,,,84,,,92,97,,94,,,93,,,95,0,,-4,,,-9,,,-3,63,,37,,,35,,,49,65,,46,,,44,,,55,-2,,-9,,,-9,,,-6,149,142,143,78,86,95,85,93,96,-7,-7,-1
REIMS,MARNE,LYCEE FREDERIC OZANAM (GENERAL ET TECHNO.),CHALONS EN CHAMPAGNE,0511147V,51108,PR,174,28,,,,19,,,221,98,100,,,,100,,,98,99,97,,,,98,,,98,-1,+3,,,,+2,,,0,66,57,,,,58,,,64,76,58,,,,60,,,72,-10,-1,,,,-2,,,-8,205,205,181,87,93,99,89,95,98,-2,-2,+1
REIMS,MARNE,LYCEE JEAN TALON (GENERAL ET TECHNO.),CHALONS EN CHAMPAGNE,0511951U,51108,PU,79,68,,,,,,,147,95,84,,,,,,,90,95,88,,,,,,,92,0,-4,,,,,,,-2,57,37,,,,,,,48,54,31,,,,,,,43,+3,+6,,,,,,,+5,123,162,150,78,88,92,81,90,94,-3,-2,-2
REIMS,MARNE,LYCEE EUROPEEN STEPHANE HESSEL (GENERAL ET TECHNO.),EPERNAY,0510068X,51230,PU,318,106,23,,,,,,447,96,83,91,,,,,,92,97,92,90,,,,,,95,-1,-9,+1,,,,,,-3,63,30,17,,,,,,53,65,37,40,,,,,,57,-2,-7,-23,,,,,,-4,454,422,448,83,92,96,85,93,96,-2,-1,0
REIMS,MARNE,LYCEE NOTRE-DAME ST VICTOR,EPERNAY,0511135G,51230,PR,73,,,,,,,,73,97,,,,,,,,97,99,,,,,,,,99,-2,,,,,,,,-2,82,,,,,,,,82,81,,,,,,,,81,+1,,,,,,,,+1,81,85,91,84,93,100,89,96,99,-5,-3,+1
REIMS,MARNE,LYCEE GEORGES CLEMENCEAU,REIMS,0510031G,51454,PU,310,,,,,,,,310,95,,,,,,,,95,97,,,,,,,,97,-2,,,,,,,,-2,65,,,,,,,,65,70,,,,,,,,70,-5,,,,,,,,-5,408,301,310,84,94,96,87,95,98,-3,-1,-2
REIMS,MARNE,LYCEE JEAN JAURES,REIMS,0510032H,51454,PU,307,,,,,,6,,313,96,,,,,,100,,96,98,,,,,,ND,,98,-2,,,,,,ND,,-2,64,,,,,,100,,65,71,,,,,,ND,,71,-7,,,,,,ND,,-6,386,323,322,91,96,99,88,95,98,+3,+1,+1
REIMS,MARNE,LYCEE FRANKLIN ROOSEVELT (GENERAL ET TECHNO.),REIMS,0510034K,51454,PU,240,159,60,,,,,,459,88,84,73,,,,,,85,96,89,87,,,,,,92,-8,-5,-14,,,,,,-7,46,31,33,,,,,,39,62,33,32,,,,,,48,-16,-2,+1,,,,,,-9,339,434,435,76,85,90,81,89,94,-5,-4,-4
REIMS,MARNE,LYCEE HUGUES LIBERGIER,REIMS,0510035L,51454,PU,141,152,,,40,68,,,401,94,80,,,95,88,,,88,94,88,,,93,90,,,91,0,-8,,,+2,-2,,,-3,55,18,,,55,47,,,40,53,29,,,56,39,,,42,+2,-11,,,-1,+8,,,-2,319,382,411,74,88,92,80,88,92,-6,0,0
REIMS,MARNE,LYCEE SAINT-JEAN XXIII,REIMS,0511130B,51454,PR,204,,,,,,,,204,100,,,,,,,,100,99,,,,,,,,99,+1,,,,,,,,+1,83,,,,,,,,83,83,,,,,,,,83,0,,,,,,,,0,253,224,222,92,98,99,91,96,99,+1,+2,0
REIMS,MARNE,LYCEE ST JOSEPH,REIMS,0511140M,51454,PR,86,,,,,,,,86,100,,,,,,,,100,99,,,,,,,,99,+1,,,,,,,,+1,70,,,,,,,,70,78,,,,,,,,78,-8,,,,,,,,-8,140,130,105,86,92,98,88,96,99,-2,-4,-1
REIMS,MARNE,LYCEE SACRE-COEUR,REIMS,0511142P,51454,PR,195,,,,,,,,195,99,,,,,,,,99,99,,,,,,,,99,0,,,,,,,,0,83,,,,,,,,83,87,,,,,,,,87,-4,,,,,,,,-4,233,228,216,94,97,99,91,97,99,+3,0,0
REIMS,MARNE,LYCEE ST MICHEL (GENERAL ET TECHNO.),REIMS,0511145T,51454,PR,50,30,,,,19,,,99,96,93,,,,100,,,96,98,96,,,,97,,,97,-2,-3,,,,+3,,,-1,58,30,,,,63,,,51,67,49,,,,58,,,60,-9,-19,,,,+5,,,-9,109,133,110,80,86,97,86,93,97,-6,-7,0
REIMS,MARNE,LYCEE ST JEAN-BAPTISTE  DE LA SALLE (GENERAL ET TECHNO.),REIMS,0511146U,51454,PR,33,,23,,,,,,56,97,,100,,,,,,98,96,,97,,,,,,96,+1,,+3,,,,,,+2,55,,70,,,,,,61,60,,59,,,,,,60,-5,,+11,,,,,,+1,52,52,40,71,89,98,83,93,97,-12,-4,+1
REIMS,MARNE,LYCEE FRANCOIS ARAGO (GENERAL ET TECHNO.),REIMS,0511565Z,51454,PU,70,,24,,,,,,94,90,,83,,,,,,88,95,,86,,,,,,93,-5,,-3,,,,,,-5,47,,29,,,,,,43,57,,33,,,,,,50,-10,,-4,,,,,,-7,118,110,115,80,90,94,82,92,96,-2,-2,-2
REIMS,MARNE,LYCEE COLBERT,REIMS,0511901P,51454,PU,117,34,,,,,,,151,88,71,,,,,,,84,93,81,,,,,,,90,-5,-10,,,,,,,-6,47,6,,,,,,,38,50,21,,,,,,,43,-3,-15,,,,,,,-5,198,138,157,76,85,91,81,89,93,-5,-4,-2
REIMS,MARNE,LYCEE MARC CHAGALL,REIMS,0511926S,51454,PU,268,,,36,,,,,304,96,,,97,,,,,96,98,,,100,,,,,98,-2,,,-3,,,,,-2,71,,,86,,,,,73,74,,,91,,,,,76,-3,,,-5,,,,,-3,346,285,284,87,93,97,88,96,99,-1,-3,-2
REIMS,MARNE,LYCEE LA FONTAINE DU VE (GENERAL ET TECHNO.),SEZANNE,0510053F,51535,PU,114,,,,,,,,114,93,,,,,,,,93,94,,,,,,,,94,-1,,,,,,,,-1,53,,,,,,,,53,50,,,,,,,,50,+3,,,,,,,,+3,142,128,140,85,93,97,84,92,96,+1,+1,+1
REIMS,MARNE,LYCEE FRANCOIS 1ER (GENERAL ET TECHNO.),VITRY LE FRANCOIS,0510062R,51649,PU,157,56,27,,,,,,240,92,80,81,,,,,,88,96,90,88,,,,,,93,-4,-10,-7,,,,,,-5,59,32,26,,,,,,49,59,34,36,,,,,,51,0,-2,-10,,,,,,-2,222,190,205,85,91,95,84,92,95,+1,-1,0
RENNES,COTES D'ARMOR,LYCEE DE LA FONTAINE DES EAUX (GENERAL ET TECHNO.),DINAN,0220013V,22050,PU,238,93,45,,,,,,376,97,89,91,,,,,,94,98,94,95,,,,,,97,-1,-5,-4,,,,,,-3,70,39,49,,,,,,60,70,42,56,,,,,,61,0,-3,-7,,,,,,-1,361,380,314,85,92,95,87,94,97,-2,-2,-2
RENNES,COTES D'ARMOR,LYCEE CORDELIERS-N-D DE LA VICTOIRE,DINAN,0220094H,22050,PR,169,44,,,,,,,213,99,95,,,,,,,99,99,96,,,,,,,99,0,-1,,,,,,,0,86,52,,,,,,,79,82,49,,,,,,,75,+4,+3,,,,,,,+4,231,208,205,84,96,100,89,95,98,-5,+1,+2
RENNES,COTES D'ARMOR,LYCEE AUGUSTE PAVIE,GUINGAMP,0220018A,22070,PU,167,67,,,,,,,234,100,97,,,,,,,99,98,95,,,,,,,97,+2,+2,,,,,,,+2,72,45,,,,,,,64,67,45,,,,,,,61,+5,0,,,,,,,+3,313,259,232,86,93,97,87,94,97,-1,-1,0
RENNES,COTES D'ARMOR,LYCEE NOTRE DAME,GUINGAMP,0220097L,22070,PR,144,27,,,,48,,,219,98,93,,,,100,,,98,98,96,,,,98,,,98,0,-3,,,,+2,,,0,68,41,,,,73,,,66,75,51,,,,61,,,69,-7,-10,,,,+12,,,-3,182,181,190,83,94,97,87,95,98,-4,-1,-1
RENNES,COTES D'ARMOR,LYCEE ST JOSEPH,LAMBALLE,0220099N,22093,PR,183,36,,,,45,,,264,99,100,,,,100,,,100,98,96,,,,98,,,98,+1,+4,,,,+2,,,+2,81,67,,,,87,,,80,76,53,,,,64,,,71,+5,+14,,,,+23,,,+9,276,243,230,87,99,100,88,95,98,-1,+4,+2
RENNES,COTES D'ARMOR,LYCEE HENRI AVRIL (GENERAL ET TECHNO.),LAMBALLE,0220196U,22093,PU,182,67,,,,,,,249,98,99,,,,,,,98,98,94,,,,,,,97,0,+5,,,,,,,+1,68,48,,,,,,,63,71,43,,,,,,,63,-3,+5,,,,,,,0,252,235,267,90,97,99,87,94,97,+3,+3,+2
RENNES,COTES D'ARMOR,LYCEE FELIX LE DANTEC,LANNION,0220023F,22113,PU,247,67,52,,,,,,366,96,96,94,,,,,,96,99,97,95,,,,,,98,-3,-1,-1,,,,,,-2,79,60,56,,,,,,72,81,56,54,,,,,,73,-2,+4,+2,,,,,,-1,385,384,407,87,93,97,88,95,98,-1,-2,-1
RENNES,COTES D'ARMOR,LYCEE SAINT JOSEPH - BOSSUET,LANNION,0220102S,22113,PR,152,39,,,,,,14,205,99,95,,,,,,100,99,99,95,,,,,,99,98,0,0,,,,,,+1,+1,82,49,,,,,,93,76,78,48,,,,,,68,72,+4,+1,,,,,,+25,+4,201,192,171,82,92,98,88,95,98,-6,-3,0
RENNES,COTES D'ARMOR,LYCEE FULGENCE BIENVENUE (GENERAL ET TECHNO.),LOUDEAC,0220027K,22136,PU,93,49,9,,,,,,151,96,96,100,,,,,,96,98,93,ND,,,,,,96,-2,+3,ND,,,,,,0,70,43,56,,,,,,60,72,42,ND,,,,,,61,-2,+1,ND,,,,,,-1,141,142,145,87,90,97,86,93,97,+1,-3,0
RENNES,COTES D'ARMOR,LYCEE ST JOSEPH,LOUDEAC,0221589H,22136,PR,28,15,,,,,,,43,96,100,,,,,,,98,97,86,,,,,,,93,-1,+14,,,,,,,+5,64,47,,,,,,,58,66,27,,,,,,,52,-2,+20,,,,,,,+6,75,53,50,84,95,95,82,91,94,+2,+4,+1
RENNES,COTES D'ARMOR,LYCEE KERRAOUL (GENERAL ET TECHNO.),PAIMPOL,0221571N,22162,PU,90,,,,,27,,,117,98,,,,,93,,,97,98,,,,,95,,,97,0,,,,,-2,,,0,76,,,,,70,,,74,70,,,,,49,,,65,+6,,,,,+21,,,+9,146,112,104,87,96,98,87,94,98,0,+2,0
RENNES,COTES D'ARMOR,LYCEE JEAN XXIII,QUINTIN,0220106W,22262,PR,100,,,,7,,,,107,99,,,,100,,,,99,98,,,,ND,,,,98,+1,,,,ND,,,,+1,72,,,,86,,,,73,73,,,,ND,,,,73,-1,,,,ND,,,,0,126,91,100,79,92,98,88,95,98,-9,-3,0
RENNES,COTES D'ARMOR,LYCEE NOTRE DAME DE CAMPOSTAL,ROSTRENEN,0220107X,22266,PR,37,,,,,20,,,57,97,,,,,100,,,98,97,,,,,93,,,95,0,,,,,+7,,,+3,68,,,,,45,,,60,65,,,,,48,,,59,+3,,,,,-3,,,+1,49,40,45,82,95,100,86,93,96,-4,+2,+4
RENNES,COTES D'ARMOR,LYCEE FRANCOIS RABELAIS,SAINT BRIEUC,0220056S,22278,PU,192,69,,,,,,,261,96,96,,,,,,,96,98,93,,,,,,,97,-2,+3,,,,,,,-1,71,36,,,,,,,62,73,42,,,,,,,65,-2,-6,,,,,,,-3,281,275,260,77,90,96,87,95,98,-10,-5,-2
RENNES,COTES D'ARMOR,LYCEE ERNEST RENAN,SAINT BRIEUC,0220057T,22278,PU,150,99,,,,43,,,292,99,90,,,,93,,,95,99,95,,,,96,,,97,0,-5,,,,-3,,,-2,70,29,,,,44,,,52,78,47,,,,54,,,64,-8,-18,,,,-10,,,-12,167,266,295,84,92,96,86,94,97,-2,-2,-1
RENNES,COTES D'ARMOR,LYCEE CHAPTAL (GENERAL ET TECHNO.),SAINT BRIEUC,0220058U,22278,PU,24,,36,,16,,,,76,100,,97,,100,,,,99,98,,95,,97,,,,96,+2,,+2,,+3,,,,+3,88,,67,,62,,,,72,68,,57,,73,,,,64,+20,,+10,,-11,,,,+8,61,70,96,85,93,99,84,93,97,+1,0,+2
RENNES,COTES D'ARMOR,LYCEE EUGENE FREYSSINET,SAINT BRIEUC,0220060W,22278,PU,226,,39,,,,,,265,98,,97,,,,,,98,98,,94,,,,,,97,0,,+3,,,,,,+1,65,,64,,,,,,65,69,,51,,,,,,66,-4,,+13,,,,,,-1,276,257,188,80,91,98,88,95,98,-8,-4,0
RENNES,COTES D'ARMOR,LYCEE ST CHARLES,SAINT BRIEUC,0220110A,22278,PR,137,,,,,,,,137,99,,,,,,,,99,99,,,,,,,,99,0,,,,,,,,0,83,,,,,,,,83,80,,,,,,,,80,+3,,,,,,,,+3,169,123,160,86,96,99,90,96,99,-4,0,0
RENNES,COTES D'ARMOR,LYCEE ST PIERRE,SAINT BRIEUC,0220111B,22278,PR,126,,,,,17,,,143,100,,,,,94,,,99,99,,,,,97,,,99,+1,,,,,-3,,,0,83,,,,,71,,,82,79,,,,,58,,,76,+4,,,,,+13,,,+6,184,134,138,81,92,99,89,96,99,-8,-4,0
RENNES,COTES D'ARMOR,LYCEE SACRE-COEUR (GENERAL ET TECHNO.),SAINT BRIEUC,0220117H,22278,PR,28,57,32,,,,,,117,96,98,100,,,,,,98,99,95,94,,,,,,96,-3,+3,+6,,,,,,+2,89,47,50,,,,,,58,78,45,48,,,,,,54,+11,+2,+2,,,,,,+4,97,117,120,93,97,99,85,92,96,+8,+5,+3
RENNES,COTES D'ARMOR,LYCEE JOSEPH SAVINA,TREGUIER,0220065B,22362,PU,89,22,,31,,,,,142,98,77,,100,,,,,95,96,95,,99,,,,,97,+2,-18,,+1,,,,,-2,74,41,,90,,,,,73,63,48,,89,,,,,66,+11,-7,,+1,,,,,+7,147,145,146,85,92,97,87,94,98,-2,-2,-1
RENNES,FINISTERE,LYCEE LA PEROUSE-KERICHEN,BREST,0290007A,29019,PU,213,,,,,,,,213,98,,,,,,,,98,98,,,,,,,,98,0,,,,,,,,0,73,,,,,,,,73,74,,,,,,,,74,-1,,,,,,,,-1,255,204,202,87,95,98,89,96,98,-2,-1,0
RENNES,FINISTERE,LYCEE AMIRAL RONARC'H,BREST,0290008B,29019,PU,250,63,,,,,,,313,98,100,,,,,,,98,98,96,,,,,,,98,0,+4,,,,,,,0,77,54,,,,,,,73,77,49,,,,,,,71,0,+5,,,,,,,+2,331,332,311,90,94,97,88,95,98,+2,-1,-1
RENNES,FINISTERE,LYCEE DE L'IROISE,BREST,0290009C,29019,PU,168,,,,,,,,168,98,,,,,,,,98,99,,,,,,,,99,-1,,,,,,,,-1,65,,,,,,,,65,77,,,,,,,,77,-12,,,,,,,,-12,200,127,137,85,92,97,89,96,99,-4,-4,-2
RENNES,FINISTERE,LYCEE DE L'HARTELOIRE,BREST,0290010D,29019,PU,129,,,,,,,,129,98,,,,,,,,98,96,,,,,,,,96,+2,,,,,,,,+2,71,,,,,,,,71,65,,,,,,,,65,+6,,,,,,,,+6,123,76,98,83,91,100,86,94,97,-3,-3,+3
RENNES,FINISTERE,LYCEE VAUBAN (GENERAL ET TECHNO.),BREST,0290012F,29019,PU,26,,78,30,41,,,,175,100,,100,100,95,,,,99,99,,96,100,97,,,,97,+1,,+4,0,-2,,,,+2,85,,51,100,56,,,,66,80,,56,95,66,,,,69,+5,,-5,+5,-10,,,,-3,167,150,169,84,95,99,85,94,97,-1,+1,+2
RENNES,FINISTERE,LYCEE JULES LESVEN,BREST,0290013G,29019,PU,124,122,,,,,,,246,98,94,,,,,,,96,95,93,,,,,,,94,+3,+1,,,,,,,+2,56,35,,,,,,,46,54,41,,,,,,,47,+2,-6,,,,,,,-1,167,248,238,85,93,98,84,91,95,+1,+2,+3
RENNES,FINISTERE,LYCEE DUPUY DE LOME (GENERAL ET TECHNO.),BREST,0290108K,29019,PU,,,16,,,45,,,61,,,100,,,100,,,100,,,95,,,95,,,95,,,+5,,,+5,,,+5,,,44,,,47,,,46,,,56,,,53,,,53,,,-12,,,-6,,,-7,46,84,64,84,89,94,81,91,95,+3,-2,-1
RENNES,FINISTERE,LYCEE JAVOUHEY,BREST,0290181P,29019,PR,119,37,,,,,,,156,100,97,,,,,,,99,98,96,,,,,,,98,+2,+1,,,,,,,+1,77,49,,,,,,,71,73,54,,,,,,,69,+4,-5,,,,,,,+2,118,126,124,85,96,100,87,95,98,-2,+1,+2
RENNES,FINISTERE,LYCEE LA CROIX ROUGE LA SALLE (GENERAL ET TECHNO.),BREST,0290335G,29019,PR,273,123,79,,,,,,475,100,100,100,,,,,,100,99,96,97,,,,,,98,+1,+4,+3,,,,,,+2,89,54,86,,,,,,80,82,53,66,,,,,,72,+7,+1,+20,,,,,,+8,442,489,434,93,98,100,88,95,98,+5,+3,+2
RENNES,FINISTERE,LYCEE ESTRAN CHARLES DE FOUCAULD,BREST,0290336H,29019,PR,199,51,,,13,,,,263,100,100,,,92,,,,100,99,98,,,97,,,,99,+1,+2,,,-5,,,,+1,80,61,,,85,,,,77,81,60,,,71,,,,77,-1,+1,,,+14,,,,0,312,245,283,92,98,100,89,95,99,+3,+3,+1
RENNES,FINISTERE,LYCEE STE ANNE,BREST,0290338K,29019,PR,197,,,,,,,,197,99,,,,,,,,99,99,,,,,,,,99,0,,,,,,,,0,89,,,,,,,,89,87,,,,,,,,87,+2,,,,,,,,+2,220,216,187,88,98,99,91,97,99,-3,+1,0
RENNES,FINISTERE,LYCEE FENELON (GENERAL ET TECHNO.),BREST,0290340M,29019,PR,,,,,,97,20,,117,,,,,,99,100,,99,,,,,,97,99,,98,,,,,,+2,+1,,+1,,,,,,60,100,,67,,,,,,59,91,,64,,,,,,+1,+9,,+3,74,108,101,91,95,98,87,94,97,+4,+1,+1
RENNES,FINISTERE,LYCEE PAUL SERUSIER (GENERAL ET TECHNO.),CARHAIX PLOUGUER,0290022S,29024,PU,89,35,14,,,,,,138,96,91,100,,,,,,95,98,94,93,,,,,,96,-2,-3,+7,,,,,,-1,63,43,71,,,,,,59,69,39,53,,,,,,60,-6,+4,+18,,,,,,-1,115,106,110,83,92,95,86,94,97,-3,-2,-2
RENNES,FINISTERE,LYCEE DIWAN,CARHAIX PLOUGUER,0292137R,29024,PR,88,,,,,,,,88,98,,,,,,,,98,98,,,,,,,,98,0,,,,,,,,0,81,,,,,,,,81,69,,,,,,,,69,+12,,,,,,,,+12,69,69,81,93,94,100,88,95,98,+5,-1,+2
RENNES,FINISTERE,LYCEE JEAN MOULIN,CHATEAULIN,0290023T,29026,PU,130,31,,,,,,,161,99,94,,,,,,,98,98,94,,,,,,,98,+1,0,,,,,,,0,71,68,,,,,,,70,75,45,,,,,,,69,-4,+23,,,,,,,+1,177,161,158,83,94,97,88,95,98,-5,-1,-1
RENNES,FINISTERE,LYCEE ST LOUIS,CHATEAULIN,0290156M,29026,PR,71,22,,,,,,,93,100,100,,,,,,,100,98,97,,,,,,,98,+2,+3,,,,,,,+2,89,64,,,,,,,83,74,56,,,,,,,70,+15,+8,,,,,,,+13,94,96,77,84,96,100,88,95,98,-4,+1,+2
RENNES,FINISTERE,LYCEE PIERRE GUEGUIN (GENERAL ET TECHNO.),CONCARNEAU,0290030A,29039,PU,113,35,,,,,,,148,99,94,,,,,,,98,98,94,,,,,,,97,+1,0,,,,,,,+1,63,37,,,,,,,57,67,43,,,,,,,61,-4,-6,,,,,,,-4,148,161,149,88,95,99,86,94,97,+2,+1,+2
RENNES,FINISTERE,LYCEE ST JOSEPH,CONCARNEAU,0291654R,29039,PR,95,,,,,29,,,124,99,,,,,97,,,98,98,,,,,97,,,98,+1,,,,,0,,,0,66,,,,,62,,,65,72,,,,,54,,,68,-6,,,,,+8,,,-3,106,108,106,82,94,99,87,95,98,-5,-1,+1
RENNES,FINISTERE,LYCEE JEAN-MARIE LE BRIS,DOUARNENEZ,0290034E,29046,PU,95,21,,,,,,,116,98,100,,,,,,,98,97,96,,,,,,,97,+1,+4,,,,,,,+1,63,57,,,,,,,62,62,46,,,,,,,59,+1,+11,,,,,,,+3,104,122,98,83,94,97,87,94,97,-4,0,0
RENNES,FINISTERE,LYCEE SAINT BLAISE,DOUARNENEZ,0290194D,29046,PR,49,,,,,,,,49,100,,,,,,,,100,95,,,,,,,,95,+5,,,,,,,,+5,69,,,,,,,,69,54,,,,,,,,54,+15,,,,,,,,+15,57,29,38,66,95,100,85,93,96,-19,+2,+4
RENNES,FINISTERE,LYCEE DE L'ELORN (GENERAL ET TECHNO.),LANDERNEAU,0290044R,29103,PU,191,68,49,,,,,,308,98,96,100,,,,,,98,99,97,97,,,,,,98,-1,-1,+3,,,,,,0,79,50,76,,,,,,72,78,54,63,,,,,,70,+1,-4,+13,,,,,,+2,289,312,293,86,93,97,88,95,98,-2,-2,-1
RENNES,FINISTERE,LYCEE ST SEBASTIEN,LANDERNEAU,0290159R,29103,PR,96,28,19,,,,,,143,100,100,100,,,,,,100,98,98,95,,,,,,98,+2,+2,+5,,,,,,+2,81,61,74,,,,,,76,74,59,52,,,,,,68,+7,+2,+22,,,,,,+8,198,164,212,89,98,99,88,95,98,+1,+3,+1
RENNES,FINISTERE,LYCEE ST ESPRIT,LANDIVISIAU,0290198H,29105,PR,44,,,,,,,,44,100,,,,,,,,100,98,,,,,,,,98,+2,,,,,,,,+2,89,,,,,,,,89,71,,,,,,,,71,+18,,,,,,,,+18,66,43,40,80,100,100,87,95,98,-7,+5,+2
RENNES,FINISTERE,LYCEE DU LEON,LANDIVISIAU,0292047T,29105,PU,94,27,,,,,,,121,100,96,,,,,,,99,98,94,,,,,,,97,+2,+2,,,,,,,+2,70,33,,,,,,,62,70,46,,,,,,,65,0,-13,,,,,,,-3,141,133,101,84,92,99,87,94,97,-3,-2,+2
RENNES,FINISTERE,LYCEE ST FRANCOIS-NOTRE DAME,LESNEVEN,0290160S,29124,PR,139,,,,,,,,139,99,,,,,,,,99,99,,,,,,,,99,0,,,,,,,,0,86,,,,,,,,86,76,,,,,,,,76,+10,,,,,,,,+10,216,194,139,91,94,99,90,96,99,+1,-2,0
RENNES,FINISTERE,LYCEE TRISTAN CORBIERE,MORLAIX,0290051Y,29151,PU,143,50,25,,,36,,,254,100,90,100,,,100,,,98,99,94,97,,,97,,,97,+1,-4,+3,,,+3,,,+1,73,42,60,,,33,,,60,77,43,66,,,57,,,66,-4,-1,-6,,,-24,,,-6,274,263,232,84,93,98,87,95,98,-3,-2,0
RENNES,FINISTERE,LYCEE NOTRE DAME DU MUR,MORLAIX,0290164W,29151,PR,112,25,,,,,,,137,96,100,,,,,,,97,98,96,,,,,,,98,-2,+4,,,,,,,-1,70,32,,,,,,,63,69,51,,,,,,,65,+1,-19,,,,,,,-2,117,118,107,86,89,96,87,94,98,-1,-5,-2
RENNES,FINISTERE,LYCEE RENE LAENNEC,PONT L ABBE,0290062K,29220,PU,146,66,,,,,,,212,99,100,,,,,,,99,98,95,,,,,,,97,+1,+5,,,,,,,+2,74,50,,,,,,,67,73,48,,,,,,,65,+1,+2,,,,,,,+2,178,197,194,87,95,100,87,94,97,0,+1,+3
RENNES,FINISTERE,LYCEE ST GABRIEL (GENERAL ET TECHNO.),PONT L ABBE,0290168A,29220,PR,75,,,,,,,,75,100,,,,,,,,100,98,,,,,,,,98,+2,,,,,,,,+2,88,,,,,,,,88,75,,,,,,,,75,+13,,,,,,,,+13,90,59,60,88,98,100,88,96,99,0,+2,+1
RENNES,FINISTERE,LYCEE AUGUSTE BRIZEUX,QUIMPER,0290069T,29232,PU,230,,,,,,,,230,98,,,,,,,,98,98,,,,,,,,98,0,,,,,,,,0,77,,,,,,,,77,71,,,,,,,,71,+6,,,,,,,,+6,219,200,186,84,94,98,89,96,98,-5,-2,0
RENNES,FINISTERE,LYCEE JEAN CHAPTAL,QUIMPER,0290070U,29232,PU,,35,,,22,46,,,103,,97,,,95,100,,,98,,94,,,95,95,,,95,,+3,,,0,+5,,,+3,,40,,,68,59,,,54,,45,,,61,51,,,51,,-5,,,+7,+8,,,+3,81,114,95,73,91,97,83,91,94,-10,0,+3
RENNES,FINISTERE,LYCEE YVES THEPOT (GENERAL ET TECHNO.),QUIMPER,0290071V,29232,PU,28,,91,,,,,,119,100,,98,,,,,,98,96,,95,,,,,,95,+4,,+3,,,,,,+3,71,,66,,,,,,67,63,,54,,,,,,56,+8,,+12,,,,,,+11,64,127,93,84,90,99,83,92,95,+1,-2,+4
RENNES,FINISTERE,LYCEE DE CORNOUAILLE,QUIMPER,0290098Z,29232,PU,180,66,,,,,,,246,95,94,,,,,,,95,97,91,,,,,,,95,-2,+3,,,,,,,0,64,32,,,,,,,56,65,33,,,,,,,56,-1,-1,,,,,,,0,240,243,234,80,88,95,86,93,96,-6,-5,-1
RENNES,FINISTERE,LYCEE LE LIKES - LA SALLE - QUIMPER,QUIMPER,0290170C,29232,PR,302,119,57,,,,,,478,100,98,100,,,,,,100,99,97,96,,,,,,98,+1,+1,+4,,,,,,+2,92,70,81,,,,,,85,83,56,55,,,,,,73,+9,+14,+26,,,,,,+12,452,489,450,87,96,98,89,95,98,-2,+1,0
RENNES,FINISTERE,LYCEE STE THERESE,QUIMPER,0290171D,29232,PR,158,59,,,,,,,217,100,98,,,,,,,100,99,97,,,,,,,98,+1,+1,,,,,,,+2,77,56,,,,,,,71,77,53,,,,,,,71,0,+3,,,,,,,0,261,185,179,87,93,98,88,95,98,-1,-2,0
RENNES,FINISTERE,LYCEE LE PARACLET (GENERAL ET TECHNO.),QUIMPER,0290186V,29232,PR,,,,35,,,,19,54,,,,100,,,,100,100,,,,99,,,,98,98,,,,+1,,,,+2,+2,,,,80,,,,68,76,,,,81,,,,69,77,,,,-1,,,,-1,-1,52,60,56,91,98,100,85,93,97,+6,+5,+3
RENNES,FINISTERE,LYCEE DE KERNEUZEC,QUIMPERLE,0290076A,29233,PU,171,58,,,,35,,,264,99,93,,,,100,,,98,98,95,,,,97,,,97,+1,-2,,,,+3,,,+1,69,40,,,,60,,,61,72,47,,,,58,,,65,-3,-7,,,,+2,,,-4,279,221,266,87,96,98,87,94,98,0,+2,0
RENNES,FINISTERE,LYCEE NOTRE DAME DE KERBERTRAND,QUIMPERLE,0290174G,29233,PR,61,23,,,,,,,84,100,100,,,,,,,100,99,97,,,,,,,98,+1,+3,,,,,,,+2,84,61,,,,,,,77,76,54,,,,,,,70,+8,+7,,,,,,,+7,96,93,93,89,98,100,88,95,98,+1,+3,+2
RENNES,FINISTERE,LYCEE ND DU KREISKER,SAINT POL DE LEON,0290177K,29259,PR,146,57,,,10,33,,,246,100,95,,,100,94,,,98,98,95,,,93,97,,,97,+2,0,,,+7,-3,,,+1,76,46,,,60,61,,,66,74,48,,,64,58,,,65,+2,-2,,,-4,+3,,,+1,231,242,251,89,96,98,87,94,97,+2,+2,+1
RENNES,ILLE-ET-VILAINE,LYCEE JEAN BRITO,BAIN DE BRETAGNE,0352318E,35012,PU,267,92,,,,,,,359,97,97,,,,,,,97,98,95,,,,,,,98,-1,+2,,,,,,,-1,74,52,,,,,,,68,75,50,,,,,,,69,-1,+2,,,,,,,-1,341,297,326,89,95,98,88,95,98,+1,0,0
RENNES,ILLE-ET-VILAINE,LYCEE ST JOSEPH,BRUZ,0352341E,35047,PR,194,32,,,,,,,226,99,100,,,,,,,100,99,98,,,,,,,99,0,+2,,,,,,,+1,91,75,,,,,,,89,86,63,,,,,,,83,+5,+12,,,,,,,+6,257,202,194,86,95,99,89,96,99,-3,-1,0
RENNES,ILLE-ET-VILAINE,LYCEE ANITA CONTI,BRUZ,0352686E,35047,PU,229,62,,,,,,,291,97,94,,,,,,,97,99,94,,,,,,,98,-2,0,,,,,,,-1,68,32,,,,,,,60,76,43,,,,,,,69,-8,-11,,,,,,,-9,373,285,295,89,96,99,88,95,98,+1,+1,+1
RENNES,ILLE-ET-VILAINE,LYCEE FREDERIC OZANAM (GENERAL ET TECHNO.),CESSON SEVIGNE,0350793X,35051,PR,100,43,78,,8,,,,229,98,91,100,,100,,,,97,98,95,97,,ND,,,,97,0,-4,+3,,ND,,,,0,71,37,58,,88,,,,61,73,44,66,,ND,,,,65,-2,-7,-8,,ND,,,,-4,209,256,230,90,93,98,87,93,97,+3,0,+1
RENNES,ILLE-ET-VILAINE,LYCEE SEVIGNE,CESSON SEVIGNE,0352304P,35051,PU,263,70,,,,,,,333,99,94,,,,,,,98,99,96,,,,,,,99,0,-2,,,,,,,-1,83,53,,,,,,,77,85,53,,,,,,,78,-2,0,,,,,,,-1,381,396,362,92,97,98,90,96,99,+2,+1,-1
RENNES,ILLE-ET-VILAINE,LYCEE FRANCOIS RENE DE CHATEAUBRIAND,COMBOURG,0352533N,35085,PU,140,33,,,,,,,173,98,91,,,,,,,97,97,92,,,,,,,96,+1,-1,,,,,,,+1,69,15,,,,,,,59,67,34,,,,,,,61,+2,-19,,,,,,,-2,215,207,216,85,93,96,86,94,97,-1,-1,-1
RENNES,ILLE-ET-VILAINE,LYCEE YVON BOURGES (GENERAL ET TECHNO.),DINARD,0350005R,35093,PU,,,,,,,,57,57,,,,,,,,96,96,,,,,,,,99,99,,,,,,,,-3,-3,,,,,,,,61,61,,,,,,,,76,76,,,,,,,,-15,-15,63,65,51,81,93,93,86,93,97,-5,0,-4
RENNES,ILLE-ET-VILAINE,LYCEE ST MAGLOIRE,DOL DE BRETAGNE,0352471W,35095,PR,115,,,,,,,,115,98,,,,,,,,98,96,,,,,,,,96,+2,,,,,,,,+2,66,,,,,,,,66,60,,,,,,,,60,+6,,,,,,,,+6,124,114,86,85,95,99,87,94,97,-2,+1,+2
RENNES,ILLE-ET-VILAINE,LYCEE JEAN GUEHENNO,FOUGERES,0350011X,35115,PU,208,64,33,,,,,,305,97,95,97,,,,,,97,98,92,94,,,,,,96,-1,+3,+3,,,,,,+1,66,34,55,,,,,,58,68,40,52,,,,,,60,-2,-6,+3,,,,,,-2,311,295,321,87,93,98,86,94,97,+1,-1,+1
RENNES,ILLE-ET-VILAINE,LYCEE JEAN-BAPTISTE LE TAILLANDIER (GENERAL ET TECHNO.),FOUGERES,0350769W,35115,PR,193,34,,,,25,,,252,99,100,,,,100,,,100,99,96,,,,97,,,98,0,+4,,,,+3,,,+2,78,38,,,,76,,,73,76,47,,,,60,,,71,+2,-9,,,,+16,,,+2,269,251,224,94,98,99,88,95,98,+6,+3,+1
RENNES,ILLE-ET-VILAINE,LYCEE LEGTA T. MONOD LE RHEU,LE RHEU,0352867B,35240,PU,186,,,,,,,,186,98,,,,,,,,98,98,,,,,,,,98,0,,,,,,,,0,72,,,,,,,,72,74,,,,,,,,74,-2,,,,,,,,-2,232,140,153,85,94,99,88,96,98,-3,-2,+1
RENNES,ILLE-ET-VILAINE,LYCEE SIMONE VEIL,LIFFRE,0352950S,35152,PU,303,76,,,,,,,379,99,99,,,,,,,99,99,96,,,,,,,98,0,+3,,,,,,,+1,82,61,,,,,,,78,77,51,,,,,,,72,+5,+10,,,,,,,+6,449,373,328,87,95,99,88,95,98,-1,0,+1
RENNES,ILLE-ET-VILAINE,LYCEE LA PROVIDENCE (GENERAL ET TECHNO.),MONTAUBAN DE BRETAGNE,0351930H,35184,PR,96,,23,,,,,,119,100,,100,,,,,,100,98,,96,,,,,,98,+2,,+4,,,,,,+2,78,,78,,,,,,78,74,,64,,,,,,72,+4,,+14,,,,,,+6,130,110,119,89,97,99,88,95,98,+1,+2,+1
RENNES,ILLE-ET-VILAINE,LYCEE RENE CASSIN,MONTFORT SUR MEU,0352235P,35188,PU,223,109,,,,,,,332,99,97,,,,,,,98,99,96,,,,,,,98,0,+1,,,,,,,0,78,45,,,,,,,67,79,50,,,,,,,69,-1,-5,,,,,,,-2,366,273,274,86,95,100,87,95,98,-1,0,+2
RENNES,ILLE-ET-VILAINE,LYCEE BEAUMONT,REDON,0350022J,35236,PU,137,52,18,,,,,,207,98,85,89,,,,,,94,97,95,89,,,,,,96,+1,-10,0,,,,,,-2,77,35,39,,,,,,63,65,43,34,,,,,,57,+12,-8,+5,,,,,,+6,220,200,215,80,92,96,86,93,97,-6,-1,-1
RENNES,ILLE-ET-VILAINE,LYCEE ST SAUVEUR,REDON,0350774B,35236,PR,196,63,,,,48,,,307,100,98,,,,100,,,100,99,97,,,,98,,,98,+1,+1,,,,+2,,,+2,83,70,,,,75,,,79,81,57,,,,62,,,73,+2,+13,,,,+13,,,+6,292,280,255,85,98,100,89,95,98,-4,+3,+2
RENNES,ILLE-ET-VILAINE,LYCEE MARCEL CALLO (GENERAL ET TECHNO.),REDON,0350791V,35236,PR,41,,65,,,,,,106,98,,98,,,,,,98,99,,96,,,,,,97,-1,,+2,,,,,,+1,88,,66,,,,,,75,77,,61,,,,,,67,+11,,+5,,,,,,+8,78,109,104,89,94,98,86,94,97,+3,0,+1
RENNES,ILLE-ET-VILAINE,LYCEE EMILE ZOLA,RENNES,0350024L,35238,PU,296,,,,,,,,296,98,,,,,,,,98,99,,,,,,,,99,-1,,,,,,,,-1,74,,,,,,,,74,81,,,,,,,,81,-7,,,,,,,,-7,382,311,315,91,96,97,89,96,99,+2,0,-2
RENNES,ILLE-ET-VILAINE,LYCEE JEAN MACE,RENNES,0350026N,35238,PU,239,86,,,,,,,325,100,81,,,,,,,95,99,94,,,,,,,98,+1,-13,,,,,,,-3,77,35,,,,,,,66,79,47,,,,,,,71,-2,-12,,,,,,,-5,349,331,316,87,93,96,87,95,98,0,-2,-2
RENNES,ILLE-ET-VILAINE,LYCEE BREQUIGNY,RENNES,0350028R,35238,PU,385,96,67,32,32,97,,,709,98,91,81,97,91,94,,,94,98,92,90,100,93,96,,,96,0,-1,-9,-3,-2,-2,,,-2,71,35,36,97,69,53,,,61,74,40,47,91,62,56,,,65,-3,-5,-11,+6,+7,-3,,,-4,588,707,738,86,91,96,86,93,97,0,-2,-1
RENNES,ILLE-ET-VILAINE,LYCEE JOLIOT-CURIE,RENNES,0350029S,35238,PU,129,54,119,,21,,,,323,97,87,89,,90,,,,92,98,94,94,,96,,,,96,-1,-7,-5,,-6,,,,-4,67,30,48,,62,,,,54,71,42,53,,67,,,,60,-4,-12,-5,,-5,,,,-6,198,291,340,77,90,94,85,93,97,-8,-3,-3
RENNES,ILLE-ET-VILAINE,LYCEE PIERRE MENDES FRANCE (GENERAL ET TECHNO.),RENNES,0350030T,35238,PU,91,,57,,,,,,148,100,,95,,,,,,98,99,,92,,,,,,96,+1,,+3,,,,,,+2,76,,49,,,,,,66,76,,43,,,,,,63,0,,+6,,,,,,+3,137,156,153,78,90,98,85,93,97,-7,-3,+1
RENNES,ILLE-ET-VILAINE,LYCEE FRANCOIS RENE DE CHATEAUBRIAND,RENNES,0350710G,35238,PU,218,,,,,,,,218,99,,,,,,,,99,99,,,,,,,,99,0,,,,,,,,0,83,,,,,,,,83,83,,,,,,,,83,0,,,,,,,,0,206,244,275,87,95,97,90,96,99,-3,-1,-2
RENNES,ILLE-ET-VILAINE,LYCEE ST VINCENT-PROVIDENCE,RENNES,0350776D,35238,PR,216,,,,,,,,216,100,,,,,,,,100,99,,,,,,,,99,+1,,,,,,,,+1,84,,,,,,,,84,86,,,,,,,,86,-2,,,,,,,,-2,233,215,203,88,96,100,90,96,99,-2,0,+1
RENNES,ILLE-ET-VILAINE,LYCEE ST MARTIN,RENNES,0350777E,35238,PR,387,,,,,61,,,448,100,,,,,97,,,100,100,,,,,99,,,99,0,,,,,-2,,,+1,84,,,,,61,,,81,89,,,,,72,,,87,-5,,,,,-11,,,-6,468,468,445,90,96,100,91,97,99,-1,-1,+1
RENNES,ILLE-ET-VILAINE,LYCEE ASSOMPTION,RENNES,0350778F,35238,PR,306,,,,,,,,306,100,,,,,,,,100,99,,,,,,,,99,+1,,,,,,,,+1,83,,,,,,,,83,83,,,,,,,,83,0,,,,,,,,0,440,332,267,88,96,99,90,96,99,-2,0,0
RENNES,ILLE-ET-VILAINE,LYCEE ST MARTIN QUARTIER STE GENEVIEVE,RENNES,0350783L,35238,PR,96,,,30,,,,,126,98,,,100,,,,,98,98,,,99,,,,,99,0,,,+1,,,,,-1,67,,,93,,,,,73,75,,,84,,,,,77,-8,,,+9,,,,,-4,149,125,122,82,92,98,89,96,99,-7,-4,-1
RENNES,ILLE-ET-VILAINE,LYCEE DE LA SALLE (GENERAL ET TECHNO.),RENNES,0350795Z,35238,PR,,72,,,,,,,72,,97,,,,,,,97,,97,,,,,,,97,,0,,,,,,,0,,47,,,,,,,47,,51,,,,,,,51,,-4,,,,,,,-4,36,70,66,84,88,100,83,92,96,+1,-4,+4
RENNES,ILLE-ET-VILAINE,LYCEE JEANNE D'ARC (GENERAL ET TECHNO.),RENNES,0350797B,35238,PR,,147,,,,,,,147,,100,,,,,,,100,,98,,,,,,,98,,+2,,,,,,,+2,,59,,,,,,,59,,66,,,,,,,66,,-7,,,,,,,-7,76,133,153,88,96,99,87,94,98,+1,+2,+1
RENNES,ILLE-ET-VILAINE,LYCEE RENE DESCARTES,RENNES,0351907H,35238,PU,258,85,,,,,,,343,98,89,,,,,,,96,99,92,,,,,,,97,-1,-3,,,,,,,-1,76,39,,,,,,,67,77,39,,,,,,,67,-1,0,,,,,,,0,378,348,340,91,95,97,86,94,97,+5,+1,0
RENNES,ILLE-ET-VILAINE,LYCEE VICTOR ET HELENE BASCH,RENNES,0352009U,35238,PU,236,84,,,,,,,320,96,87,,,,,,,93,98,91,,,,,,,96,-2,-4,,,,,,,-3,68,38,,,,,,,60,73,36,,,,,,,63,-5,+2,,,,,,,-3,348,356,319,86,90,96,85,93,97,+1,-3,-1
RENNES,ILLE-ET-VILAINE,LYCEE JEAN PAUL II,SAINT GREGOIRE,0350801F,35278,PR,220,,,,,,,,220,100,,,,,,,,100,99,,,,,,,,99,+1,,,,,,,,+1,95,,,,,,,,95,86,,,,,,,,86,+9,,,,,,,,+9,272,199,215,95,98,100,91,97,99,+4,+1,+1
RENNES,ILLE-ET-VILAINE,LYCEE MAUPERTUIS,SAINT MALO,0350042F,35288,PU,26,,33,,12,58,,,129,100,,97,,100,93,,,96,97,,94,,95,95,,,95,+3,,+3,,+5,-2,,,+1,42,,39,,33,47,,,43,69,,47,,65,54,,,56,-27,,-8,,-32,-7,,,-13,113,162,121,74,85,93,84,92,95,-10,-7,-2
RENNES,ILLE-ET-VILAINE,LYCEE JACQUES CARTIER (GENERAL ET TECHNO.),SAINT MALO,0350048M,35288,PU,247,84,,,,,,,331,99,88,,,,,,,96,98,95,,,,,,,97,+1,-7,,,,,,,-1,69,29,,,,,,,59,74,47,,,,,,,67,-5,-18,,,,,,,-8,327,308,307,88,94,97,88,95,98,0,-1,-1
RENNES,ILLE-ET-VILAINE,LYCEE LES RIMAINS,SAINT MALO,0350787R,35288,PR,39,,40,,,,,,79,100,,100,,,,,,100,100,,98,,,,,,99,0,,+2,,,,,,+1,92,,95,,,,,,94,89,,71,,,,,,80,+3,,+24,,,,,,+14,122,105,84,94,98,100,88,95,99,+6,+3,+1
RENNES,ILLE-ET-VILAINE,INSTITUTION ST MALO-PROVIDENCE (GENERAL ET TECHNO.),SAINT MALO,0352072M,35288,PR,269,59,,,,,,,328,100,98,,,,,,,100,99,98,,,,,,,99,+1,0,,,,,,,+1,76,42,,,,,,,70,82,59,,,,,,,78,-6,-17,,,,,,,-8,306,322,291,93,96,98,90,96,99,+3,0,-1
RENNES,ILLE-ET-VILAINE,LYCEE BERTRAND D'ARGENTRE,VITRE,0350053T,35360,PU,289,98,,,,,,,387,100,91,,,,,,,97,98,93,,,,,,,97,+2,-2,,,,,,,0,75,38,,,,,,,66,72,42,,,,,,,64,+3,-4,,,,,,,+2,369,366,370,89,96,99,87,94,97,+2,+2,+2
RENNES,ILLE-ET-VILAINE,LYCEE STE JEANNE D'ARC (GENERAL ET TECHNO.),VITRE,0350808N,35360,PR,195,24,28,,,,,,247,100,100,100,,,,,,100,98,97,96,,,,,,98,+2,+3,+4,,,,,,+2,72,54,71,,,,,,70,70,56,59,,,,,,67,+2,-2,+12,,,,,,+3,280,243,232,88,96,100,88,95,98,0,+1,+2
RENNES,MORBIHAN,LYCEE BENJAMIN FRANKLIN,AURAY,0561534N,56007,PU,317,87,,,,,,,404,100,91,,,,,,,98,98,95,,,,,,,98,+2,-4,,,,,,,0,71,40,,,,,,,64,75,47,,,,,,,69,-4,-7,,,,,,,-5,510,410,357,83,94,97,87,95,98,-4,-1,-1
RENNES,MORBIHAN,LYCEE STE JEANNE D'ARC (GENERAL ET TECHNO.),GOURIN,0560096A,56066,PR,29,8,,,,,,,37,97,100,,,,,,,97,ND,ND,,,,,,,ND,ND,ND,,,,,,,ND,69,25,,,,,,,59,ND,ND,,,,,,,ND,ND,ND,,,,,,,ND,38,35,49,81,97,97,ND,ND,ND,ND,ND,ND
RENNES,MORBIHAN,LYCEE BROCELIANDE (GENERAL ET TECHNO.),GUER,0560016N,56075,PU,89,33,,,,,,,122,94,82,,,,,,,91,97,93,,,,,,,96,-3,-11,,,,,,,-5,62,30,,,,,,,53,65,42,,,,,,,59,-3,-12,,,,,,,-6,140,129,130,83,88,92,86,93,96,-3,-5,-4
RENNES,MORBIHAN,LYCEE NOTRE DAME DU VOEU,HENNEBONT,0560098C,56083,PR,125,35,,,,,,,160,98,94,,,,,,,98,98,95,,,,,,,98,0,-1,,,,,,,0,72,31,,,,,,,63,73,47,,,,,,,68,-1,-16,,,,,,,-5,164,119,139,94,97,98,88,95,98,+6,+2,0
RENNES,MORBIHAN,LYCEE VICTOR HUGO,HENNEBONT,0561607T,56083,PU,231,50,,,,,,,281,99,96,,,,,,,99,98,95,,,,,,,98,+1,+1,,,,,,,+1,65,52,,,,,,,62,71,46,,,,,,,67,-6,+6,,,,,,,-5,318,306,243,87,98,100,87,95,98,0,+3,+2
RENNES,MORBIHAN,LYCEE JEAN MACE (GENERAL ET TECHNO.),LANESTER,0561698S,56098,PU,143,,,,20,,,,163,99,,,,90,,,,98,97,,,,96,,,,97,+2,,,,-6,,,,+1,66,,,,55,,,,64,66,,,,63,,,,65,0,,,,-8,,,,-1,184,147,167,80,89,98,88,94,97,-8,-5,+1
RENNES,MORBIHAN,LYCEE DUPUY DE LOME,LORIENT,0560025Y,56121,PU,338,104,,,,,,,442,98,92,,,,,,,97,98,94,,,,,,,97,0,-2,,,,,,,0,72,39,,,,,,,64,77,43,,,,,,,69,-5,-4,,,,,,,-5,439,458,453,88,94,98,87,94,98,+1,0,0
RENNES,MORBIHAN,LYCEE JEAN-BAPTISTE COLBERT (GENERAL ET TECHNO.),LORIENT,0560026Z,56121,PU,160,,98,,12,,,,270,98,,94,,92,,,,96,98,,93,,96,,,,96,0,,+1,,-4,,,,0,72,,47,,67,,,,63,75,,49,,68,,,,65,-3,,-2,,-1,,,,-2,237,261,304,83,93,98,85,93,97,-2,0,+1
RENNES,MORBIHAN,LYCEE ST LOUIS,LORIENT,0560101F,56121,PR,223,61,,,7,44,,,335,100,93,,,100,84,,,96,98,97,,,ND,96,,,98,+2,-4,,,ND,-12,,,-2,73,36,,,57,50,,,63,75,52,,,ND,54,,,68,-2,-16,,,ND,-4,,,-5,267,310,315,85,94,96,88,95,98,-3,-1,-2
RENNES,MORBIHAN,LYCEE SAINT JOSEPH - LA SALLE (GENERAL ET TECHNO.),LORIENT,0560181T,56121,PR,93,,59,,,,,,152,98,,100,,,,,,99,99,,96,,,,,,98,-1,,+4,,,,,,+1,80,,63,,,,,,73,78,,61,,,,,,71,+2,,+2,,,,,,+2,204,184,178,87,93,99,88,95,98,-1,-2,+1
RENNES,MORBIHAN,LYCEE LA MENNAIS (GENERAL ET TECHNO.),PLOERMEL,0560105K,56165,PR,270,109,55,,,,,,434,99,100,100,,,,,,99,99,98,98,,,,,,98,0,+2,+2,,,,,,+1,79,67,69,,,,,,75,78,60,70,,,,,,73,+1,+7,-1,,,,,,+2,422,378,398,88,96,99,89,95,98,-1,+1,+1
RENNES,MORBIHAN,LYCEE JOSEPH LOTH,PONTIVY,0560038M,56178,PU,191,74,,,,,,,265,97,97,,,,,,,97,97,94,,,,,,,96,0,+3,,,,,,,+1,66,51,,,,,,,62,67,40,,,,,,,60,-1,+11,,,,,,,+2,274,251,235,80,92,98,86,94,97,-6,-2,+1
RENNES,MORBIHAN,LYCEE JEANNE D'ARC-ST IVY (GENERAL ET TECHNO.),PONTIVY,0560182U,56178,PR,191,76,44,,,,,,311,99,97,98,,,,,,98,98,95,95,,,,,,97,+1,+2,+3,,,,,,+1,80,57,73,,,,,,73,73,48,53,,,,,,64,+7,+9,+20,,,,,,+9,296,274,291,89,97,99,87,94,97,+2,+3,+2
RENNES,MORBIHAN,LYCEE MARCELLIN BERTHELOT (GENERAL ET TECHNO.),QUESTEMBERT,0561641E,56184,PU,97,14,17,,,,,,128,97,86,94,,,,,,95,97,94,94,,,,,,96,0,-8,0,,,,,,-1,67,50,53,,,,,,63,64,42,43,,,,,,59,+3,+8,+10,,,,,,+4,158,131,136,89,95,97,86,93,97,+3,+2,0
RENNES,MORBIHAN,LYCEE STE ANNE-ST LOUIS (GENERAL ET TECHNO.),SAINTE ANNE D AURAY,0560119A,56263,PR,154,46,,,,,,,200,100,98,,,,,,,100,99,96,,,,,,,98,+1,+2,,,,,,,+2,81,63,,,,,,,77,76,48,,,,,,,70,+5,+15,,,,,,,+7,120,165,189,86,94,99,88,95,98,-2,-1,+1
RENNES,MORBIHAN,LYCEE ST FRANCOIS-XAVIER,VANNES,0560114V,56260,PR,201,,,,,,,,201,100,,,,,,,,100,99,,,,,,,,99,+1,,,,,,,,+1,80,,,,,,,,80,80,,,,,,,,80,0,,,,,,,,0,198,181,191,77,88,100,90,96,99,-13,-8,+1
RENNES,MORBIHAN,LYCEE ST PAUL,VANNES,0560117Y,56260,PR,506,104,,,,,,,610,100,99,,,,,,,100,99,98,,,,,,,99,+1,+1,,,,,,,+1,81,55,,,,,,,77,82,59,,,,,,,78,-1,-4,,,,,,,-1,541,596,523,92,98,99,90,96,99,+2,+2,0
RENNES,MORBIHAN,LYCEE ALAIN RENE LESAGE,VANNES LE PRAT,0560051B,56260,PU,305,28,37,,,,,,370,97,93,95,,,,,,96,98,93,92,,,,,,97,-1,0,+3,,,,,,-1,75,29,54,,,,,,70,70,38,42,,,,,,65,+5,-9,+12,,,,,,+5,354,301,311,88,94,97,86,94,97,+2,0,0
RENNES,MORBIHAN,LYCEE ST JOSEPH - LA SALLE (GENERAL ET TECHNO.),VANNES LE PRAT,0560198L,56260,PR,25,,67,,,,,,92,100,,99,,,,,,99,99,,97,,,,,,97,+1,,+2,,,,,,+2,76,,66,,,,,,68,75,,61,,,,,,64,+1,,+5,,,,,,+4,95,91,73,85,95,99,86,94,97,-1,+1,+2
RENNES,MORBIHAN,LYCEE NOTRE DAME LE MENIMUR (GENERAL ET TECHNO.),VANNES LE PRAT,0560200N,56260,PR,57,83,,,,107,,,247,100,100,,,,99,,,100,98,95,,,,97,,,97,+2,+5,,,,+2,,,+3,75,46,,,,64,,,60,71,48,,,,60,,,59,+4,-2,,,,+4,,,+1,225,288,257,85,92,99,86,93,96,-1,-1,+3
RENNES,MORBIHAN,LYCEE CHARLES DE GAULLE,VANNES LE PRAT,0561627P,56260,PU,229,60,,,,,,,289,97,80,,,,,,,93,98,93,,,,,,,96,-1,-13,,,,,,,-3,66,33,,,,,,,59,67,43,,,,,,,62,-1,-10,,,,,,,-3,339,301,316,80,90,94,87,94,97,-7,-4,-3
STRASBOURG,BAS-RHIN,LYCEE SCHURE,BARR,0670002N,67021,PU,142,29,,,,,,,171,97,86,,,,,,,95,98,92,,,,,,,97,-1,-6,,,,,,,-2,74,45,,,,,,,69,73,37,,,,,,,67,+1,+8,,,,,,,+2,141,164,142,87,94,98,88,95,98,-1,-1,0
STRASBOURG,BAS-RHIN,LYCEE MARC BLOCH,BISCHHEIM,0672604S,67043,PU,300,,65,,,,,,365,97,,60,,,,,,90,96,,85,,,,,,94,+1,,-25,,,,,,-4,71,,25,,,,,,62,62,,30,,,,,,56,+9,,-5,,,,,,+6,484,358,379,79,88,90,82,92,96,-3,-4,-6
STRASBOURG,BAS-RHIN,LYCEE ANDRE MAUROIS,BISCHWILLER,0670005S,67046,PU,137,68,,,,,,,205,96,97,,,,,,,96,98,93,,,,,,,96,-2,+4,,,,,,,0,68,38,,,,,,,58,71,41,,,,,,,61,-3,-3,,,,,,,-3,272,214,204,85,96,97,86,94,97,-1,+2,0
STRASBOURG,BAS-RHIN,LYCEE ADRIEN ZELLER,BOUXWILLER,0670007U,67061,PU,137,32,,,,,,,169,99,100,,,,,,,99,98,95,,,,,,,98,+1,+5,,,,,,,+1,80,53,,,,,,,75,74,49,,,,,,,69,+6,+4,,,,,,,+6,190,143,125,95,98,99,89,95,98,+6,+3,+1
STRASBOURG,BAS-RHIN,LYCEE MARGUERITE YOURCENAR (GENERAL ET TECHNO.),ERSTEIN,0672677W,67130,PU,229,35,,,,,,,264,97,100,,,,,,,98,98,96,,,,,,,98,-1,+4,,,,,,,0,72,46,,,,,,,68,75,52,,,,,,,72,-3,-6,,,,,,,-4,302,245,243,87,97,98,88,95,98,-1,+2,0
STRASBOURG,BAS-RHIN,LYCEE ROBERT SCHUMAN,HAGUENAU,0670020H,67180,PU,302,70,,,22,34,,,428,98,97,,,86,100,,,97,98,93,,,96,99,,,97,0,+4,,,-10,+1,,,0,75,39,,,68,79,,,69,75,45,,,69,68,,,69,0,-6,,,-1,+11,,,0,413,432,398,88,95,97,87,95,98,+1,0,-1
STRASBOURG,BAS-RHIN,LYCEE HEINRICH-NESSEL (GENERAL ET TECHNO.),HAGUENAU,0671509B,67180,PU,152,,63,,,,,,215,97,,98,,,,,,98,98,,97,,,,,,98,-1,,+1,,,,,,0,69,,67,,,,,,68,75,,65,,,,,,72,-6,,+2,,,,,,-4,266,215,214,83,96,99,86,95,98,-3,+1,+1
STRASBOURG,BAS-RHIN,INSTITUTION STE PHILOMENE,HAGUENAU,0671602C,67180,PR,93,26,,,,,,,119,100,100,,,,,,,100,99,96,,,,,,,98,+1,+4,,,,,,,+2,87,85,,,,,,,87,77,53,,,,,,,72,+10,+32,,,,,,,+15,124,107,104,85,96,99,88,95,98,-3,+1,+1
STRASBOURG,BAS-RHIN,LYCEE ALEXANDRE DUMAS (HOTELIER) (GENERAL ET TECHNO.),ILLKIRCH GRAFFENSTADEN,0670087F,67218,PU,,36,,,,,,61,97,,81,,,,,,95,90,,88,,,,,,98,94,,-7,,,,,,-3,-4,,22,,,,,,67,51,,32,,,,,,66,53,,-10,,,,,,+1,-2,63,107,99,72,78,90,80,88,92,-8,-10,-2
STRASBOURG,BAS-RHIN,LYCEE LE CORBUSIER (GENERAL ET TECHNO.),ILLKIRCH GRAFFENSTADEN,0672198A,67218,PU,98,,32,66,,,,,196,97,,97,98,,,,,97,98,,94,99,,,,,98,-1,,+3,-1,,,,,-1,79,,38,85,,,,,74,75,,53,85,,,,,75,+4,,-15,0,,,,,-1,230,225,223,88,95,98,88,95,98,0,0,0
STRASBOURG,BAS-RHIN,LYCEE HENRI MECK,MOLSHEIM,0670041F,67300,PU,232,103,,,,,,,335,99,88,,,,,,,96,99,95,,,,,,,98,0,-7,,,,,,,-2,82,46,,,,,,,71,81,49,,,,,,,72,+1,-3,,,,,,,-1,328,319,330,90,94,97,88,95,98,+2,-1,-1
STRASBOURG,BAS-RHIN,LYCEE LOUIS MARCHAL (GENERAL ET TECHNO.),MOLSHEIM,0672615D,67300,PU,93,,61,,,,,,154,98,,98,,,,,,98,98,,94,,,,,,96,0,,+4,,,,,,+2,66,,51,,,,,,60,67,,51,,,,,,61,-1,,0,,,,,,-1,189,160,152,82,95,98,85,93,97,-3,+2,+1
STRASBOURG,BAS-RHIN,LYCEE FREPPEL,OBERNAI,0670049P,67348,PU,205,,,,,,,,205,98,,,,,,,,98,99,,,,,,,,99,-1,,,,,,,,-1,87,,,,,,,,87,83,,,,,,,,83,+4,,,,,,,,+4,240,160,175,90,95,99,90,96,99,0,-1,0
STRASBOURG,BAS-RHIN,LYCEE GEORGES IMBERT (GENERAL ET TECHNO.),SARRE UNION,0672614C,67434,PU,89,,,,,,,,89,99,,,,,,,,99,98,,,,,,,,98,+1,,,,,,,,+1,83,,,,,,,,83,69,,,,,,,,69,+14,,,,,,,,+14,104,100,71,91,96,99,87,95,98,+4,+1,+1
STRASBOURG,BAS-RHIN,LYCEE GENERAL LECLERC,SAVERNE,0670057Y,67437,PU,139,66,,,,32,,,237,99,97,,,,97,,,98,98,95,,,,97,,,97,+1,+2,,,,0,,,+1,82,41,,,,53,,,67,77,47,,,,57,,,66,+5,-6,,,,-4,,,+1,246,245,243,87,96,99,88,95,97,-1,+1,+2
STRASBOURG,BAS-RHIN,LYCEE HAUT-BARR (GENERAL ET TECHNO.),SAVERNE,0672534R,67437,PU,114,,52,,,,,,166,99,,100,,,,,,99,99,,96,,,,,,98,0,,+4,,,,,,+1,81,,67,,,,,,77,78,,58,,,,,,72,+3,,+9,,,,,,+5,203,175,156,88,98,99,87,95,98,+1,+3,+1
STRASBOURG,BAS-RHIN,LYCEE DOCTEUR KOEBERLE,SELESTAT,0670071N,67462,PU,216,106,,,,,,,322,100,97,,,,,,,99,99,95,,,,,,,97,+1,+2,,,,,,,+2,81,48,,,,,,,70,79,48,,,,,,,69,+2,0,,,,,,,+1,312,358,336,95,99,99,88,95,98,+7,+4,+1
STRASBOURG,BAS-RHIN,LYCEE JEAN-BAPTISTE SCHWILGUE (GENERAL ET TECHNO.),SELESTAT,0671832C,67462,PU,131,,49,,,62,,,242,96,,96,,,98,,,97,97,,95,,,96,,,96,-1,,+1,,,+2,,,+1,68,,57,,,45,,,60,65,,58,,,52,,,60,+3,,-1,,,-7,,,0,219,218,219,87,96,98,86,93,97,+1,+3,+1
STRASBOURG,BAS-RHIN,LYCEE JEAN MONNET,STRASBOURG,0670078W,67482,PU,234,109,,,,,,,343,89,85,,,,,,,88,90,86,,,,,,,89,-1,-1,,,,,,,-1,50,27,,,,,,,42,44,28,,,,,,,39,+6,-1,,,,,,,+3,369,305,328,81,89,94,79,88,92,+2,+1,+2
STRASBOURG,BAS-RHIN,LYCEE FUSTEL DE COULANGES,STRASBOURG,0670079X,67482,PU,277,,,,,,,,277,99,,,,,,,,99,98,,,,,,,,98,+1,,,,,,,,+1,78,,,,,,,,78,74,,,,,,,,74,+4,,,,,,,,+4,301,269,269,92,97,99,88,95,98,+4,+2,+1
STRASBOURG,BAS-RHIN,LYCEE JEAN-BAPTISTE KLEBER,STRASBOURG,0670080Y,67482,PU,334,36,,,,,,,370,96,92,,,,,,,96,97,85,,,,,,,96,-1,+7,,,,,,,0,66,28,,,,,,,62,68,24,,,,,,,63,-2,+4,,,,,,,-1,430,383,447,86,94,98,85,93,97,+1,+1,+1
STRASBOURG,BAS-RHIN,LYCEE SECTIONS INTERNATIONALES,STRASBOURG,0670081Z,67482,PU,310,,,,,,,,310,99,,,,,,,,99,98,,,,,,,,98,+1,,,,,,,,+1,86,,,,,,,,86,80,,,,,,,,80,+6,,,,,,,,+6,326,307,334,87,96,99,87,95,98,0,+1,+1
STRASBOURG,BAS-RHIN,LYCEE LOUIS PASTEUR,STRASBOURG,0670082A,67482,PU,224,70,,,,,,,294,96,90,,,,,,,94,94,87,,,,,,,92,+2,+3,,,,,,,+2,60,29,,,,,,,53,51,30,,,,,,,46,+9,-1,,,,,,,+7,346,291,317,86,91,94,81,90,94,+5,+1,0
STRASBOURG,BAS-RHIN,LYCEE MARIE CURIE,STRASBOURG,0670083B,67482,PU,205,34,,,,,,,239,97,88,,,,,,,96,94,80,,,,,,,92,+3,+8,,,,,,,+4,71,21,,,,,,,64,57,22,,,,,,,52,+14,-1,,,,,,,+12,302,235,236,80,91,96,82,91,95,-2,0,+1
STRASBOURG,BAS-RHIN,LYCEE JEAN ROSTAND (GENERAL ET TECHNO.),STRASBOURG,0670084C,67482,PU,213,,,,122,139,,,474,98,,,,74,86,,,88,98,,,,91,90,,,94,0,,,,-17,-4,,,-6,85,,,,35,40,,,59,78,,,,52,43,,,61,+7,,,,-17,-3,,,-2,344,517,498,87,90,92,84,92,95,+3,-2,-3
STRASBOURG,BAS-RHIN,LYCEE LOUIS COUFFIGNAL (GENERAL ET TECHNO.),STRASBOURG,0670085D,67482,PU,116,,91,,,,,,207,91,,78,,,,,,86,94,,84,,,,,,90,-3,,-6,,,,,,-4,53,,24,,,,,,40,56,,31,,,,,,45,-3,,-7,,,,,,-5,220,195,210,69,83,91,77,89,93,-8,-6,-2
STRASBOURG,BAS-RHIN,LYCEE RENE CASSIN (GENERAL ET TECHNO.),STRASBOURG,0670086E,67482,PU,46,113,,,,,,,159,98,88,,,,,,,91,94,90,,,,,,,91,+4,-2,,,,,,,0,48,32,,,,,,,36,52,34,,,,,,,40,-4,-2,,,,,,,-4,148,153,139,81,89,91,78,88,92,+3,+1,-1
STRASBOURG,BAS-RHIN,LYCEE LE GYMNASE JEAN STURM,STRASBOURG,0671552Y,67482,PR,251,,,,,,,,251,100,,,,,,,,100,100,,,,,,,,100,0,,,,,,,,0,98,,,,,,,,98,93,,,,,,,,93,+5,,,,,,,,+5,263,259,245,93,98,100,93,97,100,0,+1,0
STRASBOURG,BAS-RHIN,COLLEGE EPISCOPAL ST ETIENNE,STRASBOURG,0671609K,67482,PR,221,,,,,,,,221,100,,,,,,,,100,99,,,,,,,,99,+1,,,,,,,,+1,92,,,,,,,,92,82,,,,,,,,82,+10,,,,,,,,+10,222,187,235,90,98,100,90,96,99,0,+2,+1
STRASBOURG,BAS-RHIN,INSTITUTION NOTRE DAME,STRASBOURG,0671610L,67482,PR,171,,,,,,,,171,100,,,,,,,,100,99,,,,,,,,99,+1,,,,,,,,+1,91,,,,,,,,91,88,,,,,,,,88,+3,,,,,,,,+3,173,206,174,95,98,99,92,97,99,+3,+1,0
STRASBOURG,BAS-RHIN,INSTIT.LA DOCTRINE CHRETIENNE,STRASBOURG,0671611M,67482,PR,114,,,,,,,,114,100,,,,,,,,100,99,,,,,,,,99,+1,,,,,,,,+1,89,,,,,,,,89,84,,,,,,,,84,+5,,,,,,,,+5,151,119,111,92,97,99,91,96,99,+1,+1,0
STRASBOURG,BAS-RHIN,LYCEE ECOLE AQUIBA,STRASBOURG,0671615S,67482,PR,48,,,,,,,,48,96,,,,,,,,96,97,,,,,,,,97,-1,,,,,,,,-1,75,,,,,,,,75,70,,,,,,,,70,+5,,,,,,,,+5,60,54,35,86,96,96,89,95,98,-3,+1,-2
STRASBOURG,BAS-RHIN,LYCEE ORT,STRASBOURG,0671636P,67482,PR,,29,15,,,,,,44,,83,87,,,,,,84,,93,83,,,,,,90,,-10,+4,,,,,,-6,,28,53,,,,,,36,,37,29,,,,,,34,,-9,+24,,,,,,+2,39,35,46,73,84,88,76,85,90,-3,-1,-2
STRASBOURG,BAS-RHIN,INSTITUTION SAINTE CLOTILDE,STRASBOURG,0671639T,67482,PR,89,73,,,,33,,,195,97,99,,,,97,,,97,97,95,,,,96,,,96,0,+4,,,,+1,,,+1,48,42,,,,30,,,43,59,46,,,,54,,,53,-11,-4,,,,-24,,,-10,185,207,182,72,89,96,85,92,96,-13,-3,0
STRASBOURG,BAS-RHIN,LYCEE MARCEL RUDLOFF (GENERAL ET TECHNO.),STRASBOURG,0672806L,67482,PU,261,35,35,,,,,,331,90,91,69,,,,,,88,94,91,84,,,,,,93,-4,0,-15,,,,,,-5,53,40,31,,,,,,49,55,41,33,,,,,,51,-2,-1,-2,,,,,,-2,382,284,290,73,88,94,83,91,95,-10,-3,-1
STRASBOURG,BAS-RHIN,LYCEE ECOLE LIBRE SAINTE-ANNE,STRASBOURG,0673083M,67482,PR,82,,,,,,,,82,100,,,,,,,,100,95,,,,,,,,95,+5,,,,,,,,+5,79,,,,,,,,79,57,,,,,,,,57,+22,,,,,,,,+22,96,86,79,91,95,99,87,94,97,+4,+1,+2
STRASBOURG,BAS-RHIN,SEMINAIRE DE  JEUNES,WALBOURG,0671618V,67511,PR,67,,,,,,,,67,97,,,,,,,,97,98,,,,,,,,98,-1,,,,,,,,-1,61,,,,,,,,61,68,,,,,,,,68,-7,,,,,,,,-7,100,83,84,75,91,97,88,95,98,-13,-4,-1
STRASBOURG,BAS-RHIN,LYCEE STANISLAS (GENERAL ET TECHNO.),WISSEMBOURG,0670114K,67544,PU,197,62,34,,,34,,,327,100,95,97,,,97,,,98,99,96,97,,,96,,,98,+1,-1,0,,,+1,,,0,84,56,68,,,53,,,74,77,54,61,,,53,,,68,+7,+2,+7,,,0,,,+6,339,333,314,92,96,99,87,95,98,+5,+1,+1
STRASBOURG,HAUT-RHIN,LYCEE JEAN JACQUES HENNER (GENERAL ET TECHNO.),ALTKIRCH,0680001G,68004,PU,314,34,43,,,35,,,426,98,100,98,,,89,,,97,98,95,95,,,96,,,98,0,+5,+3,,,-7,,,-1,75,62,63,,,57,,,72,75,52,58,,,53,,,69,0,+10,+5,,,+4,,,+3,406,362,389,91,96,98,87,95,98,+4,+1,0
STRASBOURG,HAUT-RHIN,LYCEE BARTHOLDI,COLMAR,0680007N,68066,PU,249,34,,,,,,,283,98,94,,,,,,,98,99,95,,,,,,,98,-1,-1,,,,,,,0,79,56,,,,,,,76,78,49,,,,,,,75,+1,+7,,,,,,,+1,252,274,271,92,96,99,88,95,98,+4,+1,+1
STRASBOURG,HAUT-RHIN,LYCEE CAMILLE SEE,COLMAR,0680008P,68066,PU,239,69,,,,,,,308,98,91,,,,,,,96,98,89,,,,,,,96,0,+2,,,,,,,0,74,46,,,,,,,68,72,34,,,,,,,63,+2,+12,,,,,,,+5,299,316,314,86,92,96,86,94,97,0,-2,-1
STRASBOURG,HAUT-RHIN,LYCEE BLAISE PASCAL (GENERAL ET TECHNO.),COLMAR,0680010S,68066,PU,137,,67,,21,50,,,275,97,,99,,95,94,,,97,97,,96,,96,96,,,97,0,,+3,,-1,-2,,,0,69,,73,,62,40,,,64,68,,67,,70,55,,,66,+1,,+6,,-8,-15,,,-2,241,265,254,86,95,98,85,94,97,+1,+1,+1
STRASBOURG,HAUT-RHIN,LYCEE SAINT ANDRE,COLMAR,0680149T,68066,PR,192,37,,,12,26,,,267,99,89,,,100,100,,,98,98,97,,,96,98,,,98,+1,-8,,,+4,+2,,,0,80,54,,,67,58,,,73,76,54,,,69,61,,,71,+4,0,,,-2,-3,,,+2,280,275,257,92,97,99,88,95,98,+4,+2,+1
STRASBOURG,HAUT-RHIN,LYCEE ALFRED KASTLER,GUEBWILLER,0680015X,68112,PU,238,67,,,,,,,305,99,93,,,,,,,97,98,92,,,,,,,97,+1,+1,,,,,,,0,75,22,,,,,,,63,74,35,,,,,,,65,+1,-13,,,,,,,-2,258,226,211,90,94,98,87,94,97,+3,0,+1
STRASBOURG,HAUT-RHIN,LYCEE THEODORE DECK (GENERAL ET TECHNO.),GUEBWILLER,0680016Y,68112,PU,158,,59,,,,,,217,97,,81,,,,,,93,97,,93,,,,,,96,0,,-12,,,,,,-3,66,,36,,,,,,58,67,,44,,,,,,60,-1,,-8,,,,,,-2,247,236,264,89,94,95,86,94,97,+3,0,-2
STRASBOURG,HAUT-RHIN,LYCEE JOSEPH STORCK (HOTELIER) (GENERAL ET TECHNO.),GUEBWILLER,0681839E,68112,PU,,,,,,,,25,25,,,,,,,,96,96,,,,,,,,ND,ND,,,,,,,,ND,ND,,,,,,,,52,52,,,,,,,,ND,ND,,,,,,,,ND,ND,29,41,39,90,94,96,ND,ND,ND,ND,ND,ND
STRASBOURG,HAUT-RHIN,LYCEE LAZARE DE SCHWENDI (GENERAL ET TECHNO.),INGERSHEIM,0681817F,68155,PU,,,20,,,,,,20,,,70,,,,,,70,,,ND,,,,,,ND,,,ND,,,,,,ND,,,15,,,,,,15,,,ND,,,,,,ND,,,ND,,,,,,ND,22,20,23,74,78,78,ND,ND,ND,ND,ND,ND
STRASBOURG,HAUT-RHIN,INSTITUTION CHAMPAGNAT,ISSENHEIM,0682072H,68156,PR,60,,,,,,,,60,98,,,,,,,,98,98,,,,,,,,98,0,,,,,,,,0,80,,,,,,,,80,68,,,,,,,,68,+12,,,,,,,,+12,68,61,54,90,93,98,89,95,98,+1,-2,0
STRASBOURG,HAUT-RHIN,LYCEE DON BOSCO,LANDSER,0680134B,68174,PR,139,,,,,,,,139,100,,,,,,,,100,99,,,,,,,,99,+1,,,,,,,,+1,88,,,,,,,,88,87,,,,,,,,87,+1,,,,,,,,+1,149,140,144,91,99,100,91,97,99,0,+2,+1
STRASBOURG,HAUT-RHIN,LYCEE ALBERT SCHWEITZER,MULHOUSE,0680031P,68224,PU,310,103,,,,,,,413,92,88,,,,,,,91,95,87,,,,,,,93,-3,+1,,,,,,,-2,59,22,,,,,,,50,60,29,,,,,,,52,-1,-7,,,,,,,-2,409,422,412,84,91,94,82,91,95,+2,0,-1
STRASBOURG,HAUT-RHIN,LYCEE MICHEL DE MONTAIGNE,MULHOUSE,0680032R,68224,PU,231,87,,,,97,,,415,92,84,,,,82,,,88,95,87,,,,90,,,92,-3,-3,,,,-8,,,-4,60,20,,,,34,,,45,59,29,,,,43,,,49,+1,-9,,,,-9,,,-4,347,383,391,76,87,90,81,90,94,-5,-3,-4
STRASBOURG,HAUT-RHIN,LYCEE LOUIS ARMAND,MULHOUSE,0680034T,68224,PU,175,,102,34,,,,,311,96,,88,100,,,,,94,94,,90,99,,,,,93,+2,,-2,+1,,,,,+1,67,,44,88,,,,,62,56,,40,80,,,,,53,+11,,+4,+8,,,,,+9,339,352,361,85,94,96,82,91,95,+3,+3,+1
STRASBOURG,HAUT-RHIN,LYCEE SAINTE JEANNE D'ARC,MULHOUSE,0680151V,68224,PR,197,26,,,,,,,223,100,100,,,,,,,100,99,96,,,,,,,98,+1,+4,,,,,,,+2,82,35,,,,,,,76,79,54,,,,,,,76,+3,-19,,,,,,,0,266,201,199,89,98,100,89,95,99,0,+3,+1
STRASBOURG,HAUT-RHIN,LYCEE LAMBERT,MULHOUSE,0681761V,68224,PU,169,32,,,,,,,201,95,88,,,,,,,94,96,90,,,,,,,95,-1,-2,,,,,,,-1,68,31,,,,,,,62,63,37,,,,,,,59,+5,-6,,,,,,,+3,230,175,166,73,88,93,83,93,96,-10,-5,-3
STRASBOURG,HAUT-RHIN,LYCEE LAVOISIER (GENERAL ET TECHNO.),MULHOUSE,0681768C,68224,PU,197,,,,103,,,,300,83,,,,79,,,,81,90,,,,88,,,,89,-7,,,,-9,,,,-8,41,,,,48,,,,43,43,,,,46,,,,44,-2,,,,+2,,,,-1,338,291,336,82,88,91,80,89,93,+2,-1,-2
STRASBOURG,HAUT-RHIN,LYCEE SAINT-JOSEPH DE CLUNY,MULHOUSE,0681793E,68224,PR,,23,,,,,,,23,,100,,,,,,,100,,ND,,,,,,,ND,,ND,,,,,,,ND,,35,,,,,,,35,,ND,,,,,,,ND,,ND,,,,,,,ND,15,19,21,45,77,100,ND,ND,ND,ND,ND,ND
STRASBOURG,HAUT-RHIN,LYCEE FREDERIC KIRSCHLEGER,MUNSTER,0680051L,68226,PU,76,,,,,,,,76,100,,,,,,,,100,98,,,,,,,,98,+2,,,,,,,,+2,83,,,,,,,,83,73,,,,,,,,73,+10,,,,,,,,+10,104,92,95,91,98,100,88,95,98,+3,+3,+2
STRASBOURG,HAUT-RHIN,LYCEE RIBEAUPIERRE,RIBEAUVILLE,0680060W,68269,PU,112,26,,,,,,,138,100,92,,,,,,,99,98,95,,,,,,,97,+2,-3,,,,,,,+2,75,69,,,,,,,74,71,43,,,,,,,66,+4,+26,,,,,,,+8,142,137,143,91,97,99,87,94,97,+4,+3,+2
STRASBOURG,HAUT-RHIN,LYCEE JEAN MERMOZ (GENERAL ET TECHNO.),SAINT LOUIS,0680066C,68297,PU,340,106,48,,,,,,494,99,89,98,,,,,,97,97,90,94,,,,,,96,+2,-1,+4,,,,,,+1,75,35,56,,,,,,65,70,36,48,,,,,,61,+5,-1,+8,,,,,,+4,578,509,516,89,95,97,85,93,96,+4,+2,+1
STRASBOURG,HAUT-RHIN,LYCEE LOUISE WEISS (GENERAL ET TECHNO.),SAINTE MARIE AUX MINES,0680068E,68298,PU,39,,,,,,,,39,100,,,,,,,,100,ND,,,,,,,,ND,ND,,,,,,,,ND,97,,,,,,,,97,ND,,,,,,,,ND,ND,,,,,,,,ND,40,34,26,96,96,100,ND,ND,ND,ND,ND,ND
STRASBOURG,HAUT-RHIN,LYCEE SCHEURER KESTNER,THANN,0680073K,68334,PU,193,57,,,,,,,250,97,95,,,,,,,96,99,95,,,,,,,98,-2,0,,,,,,,-2,75,40,,,,,,,67,77,46,,,,,,,70,-2,-6,,,,,,,-3,285,244,231,86,94,97,87,95,98,-1,-1,-1
STRASBOURG,HAUT-RHIN,LYCEE AMELIE ZURCHER (GENERAL ET TECHNO.),WITTELSHEIM,0681888H,68375,PU,120,30,,,,,,,150,95,90,,,,,,,94,96,89,,,,,,,95,-1,+1,,,,,,,-1,68,17,,,,,,,58,64,30,,,,,,,57,+4,-13,,,,,,,+1,163,129,122,81,93,96,85,92,96,-4,+1,0
STRASBOURG,HAUT-RHIN,COLLEGE EPISCOPAL,ZILLISHEIM,0680141J,68384,PR,161,,,,,,,,161,99,,,,,,,,99,99,,,,,,,,99,0,,,,,,,,0,85,,,,,,,,85,80,,,,,,,,80,+5,,,,,,,,+5,197,178,165,95,98,99,90,96,99,+5,+2,0
TOULOUSE,ARIEGE,LYCEE GABRIEL FAURE,FOIX,0090002D,09122,PU,211,57,,,,,,,268,99,93,,,,,,,97,98,93,,,,,,,97,+1,0,,,,,,,0,64,51,,,,,,,61,71,40,,,,,,,64,-7,+11,,,,,,,-3,278,293,292,89,94,98,87,94,97,+2,0,+1
TOULOUSE,ARIEGE,LYCEE MIREPOIX (GENERAL ET TECHNO.),MIREPOIX,0090013R,09194,PU,102,,24,,,,,,126,96,,88,,,,,,94,96,,90,,,,,,95,0,,-2,,,,,,-1,58,,33,,,,,,53,60,,34,,,,,,55,-2,,-1,,,,,,-2,147,132,119,81,89,95,85,93,96,-4,-4,-1
TOULOUSE,ARIEGE,LYCEE PYRENE (GENERAL ET TECHNO.),PAMIERS,0090015T,09225,PU,228,63,,,20,,,,311,97,94,,,95,,,,96,97,91,,,96,,,,96,0,+3,,,-1,,,,0,68,48,,,90,,,,65,65,36,,,66,,,,60,+3,+12,,,+24,,,,+5,280,318,285,87,94,97,85,93,97,+2,+1,0
TOULOUSE,ARIEGE,LYCEE NOTRE-DAME,PAMIERS,0090036R,09225,PR,74,,,,,,,,74,100,,,,,,,,100,98,,,,,,,,98,+2,,,,,,,,+2,81,,,,,,,,81,74,,,,,,,,74,+7,,,,,,,,+7,110,64,65,78,90,99,89,96,99,-11,-6,0
TOULOUSE,ARIEGE,LYCEE DU COUSERANS,SAINT GIRONS,0090018W,09261,PU,106,,,,13,19,,,138,97,,,,92,74,,,93,96,,,,95,92,,,96,+1,,,,-3,-18,,,-3,66,,,,62,42,,,62,63,,,,62,43,,,60,+3,,,,0,-1,,,+2,143,110,149,87,95,97,86,93,97,+1,+2,0
TOULOUSE,AVEYRON,LYCEE LA DECOUVERTE (GENERAL ET TECHNO.),DECAZEVILLE,0120006S,12089,PU,65,,18,,8,29,,,120,100,,100,,100,93,,,98,98,,96,,ND,95,,,97,+2,,+4,,ND,-2,,,+1,78,,61,,75,48,,,68,72,,58,,ND,52,,,65,+6,,+3,,ND,-4,,,+3,118,113,128,91,98,98,87,94,97,+4,+4,+1
TOULOUSE,AVEYRON,LYCEE IMMACULEE CONCEPTION,ESPALION,0120052S,12096,PR,42,,,,,,,,42,100,,,,,,,,100,97,,,,,,,,97,+3,,,,,,,,+3,81,,,,,,,,81,65,,,,,,,,65,+16,,,,,,,,+16,50,49,41,81,87,93,88,95,98,-7,-8,-5
TOULOUSE,AVEYRON,LYCEE JEAN VIGO,MILLAU,0120012Y,12145,PU,130,29,,,,,,,159,97,93,,,,,,,96,97,91,,,,,,,96,0,+2,,,,,,,0,62,52,,,,,,,60,67,34,,,,,,,61,-5,+18,,,,,,,-1,176,150,133,82,94,97,86,94,97,-4,0,0
TOULOUSE,AVEYRON,LYCEE JEANNE D'ARC,MILLAU,0120051R,12145,PR,60,18,,,,,,,78,100,100,,,,,,,100,98,96,,,,,,,97,+2,+4,,,,,,,+3,65,83,,,,,,,69,69,50,,,,,,,65,-4,+33,,,,,,,+4,85,73,79,81,94,99,87,94,98,-6,0,+1
TOULOUSE,AVEYRON,LYCEE FERDINAND FOCH,RODEZ,0120022J,12202,PU,258,,,,,,,,258,99,,,,,,,,99,99,,,,,,,,99,0,,,,,,,,0,80,,,,,,,,80,81,,,,,,,,81,-1,,,,,,,,-1,303,260,251,84,94,98,89,96,99,-5,-2,-1
TOULOUSE,AVEYRON,LYCEE ALEXIS MONTEIL,RODEZ,0120024L,12202,PU,130,98,55,,22,,,,305,98,99,100,,95,,,,99,99,95,96,,97,,,,97,-1,+4,+4,,-2,,,,+2,72,65,55,,86,,,,68,75,45,60,,70,,,,62,-3,+20,-5,,+16,,,,+6,306,351,289,87,94,97,86,94,97,+1,0,0
TOULOUSE,AVEYRON,LYCEE LOUIS QUERBES,RODEZ,0121428M,12202,PR,35,33,30,,,58,,,156,100,100,100,,,98,,,99,100,98,98,,,98,,,98,0,+2,+2,,,0,,,+1,100,64,93,,,60,,,76,90,61,76,,,67,,,73,+10,+3,+17,,,-7,,,+3,114,141,129,78,91,99,89,95,98,-11,-4,+1
TOULOUSE,AVEYRON,LYCEE FRANCOIS D'ESTAING,RODEZ,0121438Y,12202,PR,213,,,37,14,,,,264,100,,,100,100,,,,100,99,,,99,97,,,,99,+1,,,+1,+3,,,,+1,77,,,73,64,,,,76,77,,,77,65,,,,77,0,,,-4,-1,,,,-1,257,257,264,93,98,100,90,96,99,+3,+2,+1
TOULOUSE,AVEYRON,LYCEE JEAN JAURES (GENERAL ET TECHNO.),SAINT AFFRIQUE,0120025M,12208,PU,50,,33,,,,,,83,94,,100,,,,,,96,97,,96,,,,,,96,-3,,+4,,,,,,0,58,,70,,,,,,63,62,,58,,,,,,60,-4,,+12,,,,,,+3,78,88,89,81,95,96,86,94,97,-5,+1,-1
TOULOUSE,AVEYRON,LYCEE SAINT-GABRIEL,SAINT AFFRIQUE,0120059Z,12208,PR,38,,,,,25,,,63,100,,,,,96,,,98,97,,,,,96,,,97,+3,,,,,0,,,+1,66,,,,,60,,,63,67,,,,,54,,,62,-1,,,,,+6,,,+1,52,59,48,87,89,98,87,94,97,0,-5,+1
TOULOUSE,AVEYRON,LYCEE RAYMOND SAVIGNAC,VILLEFRANCHE DE ROUERGUE,0120031U,12300,PU,83,30,,,,,,,113,99,100,,,,,,,99,97,93,,,,,,,96,+2,+7,,,,,,,+3,75,37,,,,,,,65,68,41,,,,,,,61,+7,-4,,,,,,,+4,131,117,96,74,89,99,86,94,97,-12,-5,+2
TOULOUSE,AVEYRON,LYCEE SAINT-JOSEPH,VILLEFRANCHE DE ROUERGUE,0120061B,12300,PR,30,7,,,,,,,37,97,100,,,,,,,97,ND,ND,,,,,,,ND,ND,ND,,,,,,,ND,70,57,,,,,,,68,ND,ND,,,,,,,ND,ND,ND,,,,,,,ND,52,53,45,86,95,97,ND,ND,ND,ND,ND,ND
TOULOUSE,GERS,LYCEE PARDAILHAN,AUCH,0320002D,32013,PU,85,62,,,,,,,147,100,100,,,,,,,100,98,96,,,,,,,97,+2,+4,,,,,,,+3,79,69,,,,,,,75,72,48,,,,,,,62,+7,+21,,,,,,,+13,212,178,190,86,95,99,87,94,97,-1,+1,+2
TOULOUSE,GERS,ORATOIRE SAINTE-MARIE,AUCH,0320051G,32013,PR,79,,,,,16,,,95,100,,,,,100,,,100,99,,,,,97,,,98,+1,,,,,+3,,,+2,76,,,,,81,,,77,78,,,,,57,,,75,-2,,,,,+24,,,+2,75,111,85,78,89,99,89,95,98,-11,-6,+1
TOULOUSE,GERS,LYCEE LE GARROS (GENERAL ET TECHNO.),AUCH,0320067Z,32013,PU,106,,31,,13,,,,150,98,,100,,100,,,,99,98,,94,,95,,,,97,0,,+6,,+5,,,,+2,68,,52,,54,,,,63,76,,51,,59,,,,69,-8,,+1,,-5,,,,-6,158,176,162,86,95,100,88,95,98,-2,0,+2
TOULOUSE,GERS,LYCEE BOSSUET,CONDOM,0320009L,32107,PU,79,32,,23,,,,,134,99,97,,100,,,,,99,98,94,,99,,,,,97,+1,+3,,+1,,,,,+2,71,56,,65,,,,,66,74,43,,78,,,,,67,-3,+13,,-13,,,,,-1,155,133,131,89,96,99,87,95,98,+2,+1,+1
TOULOUSE,GERS,LYCEE JOSEPH SAVERNE,L ISLE JOURDAIN,0320036R,32160,PU,196,,,,,35,,,231,99,,,,,97,,,99,98,,,,,95,,,98,+1,,,,,+2,,,+1,74,,,,,71,,,74,74,,,,,53,,,71,0,,,,,+18,,,+3,335,258,236,93,96,99,88,95,98,+5,+1,+1
TOULOUSE,GERS,LYCEE MARECHAL LANNES (GENERAL ET TECHNO.),LECTOURE,0320015T,32208,PU,53,12,,,,,,,65,98,92,,,,,,,97,99,94,,,,,,,98,-1,-2,,,,,,,-1,85,42,,,,,,,77,78,45,,,,,,,72,+7,-3,,,,,,,+5,86,79,83,81,92,97,86,94,98,-5,-2,-1
TOULOUSE,GERS,LYCEE SAINT-JOSEPH,LECTOURE,0320054K,32208,PR,55,,,,,,,,55,100,,,,,,,,100,98,,,,,,,,98,+2,,,,,,,,+2,73,,,,,,,,73,79,,,,,,,,79,-6,,,,,,,,-6,46,44,39,92,98,100,88,96,98,+4,+2,+2
TOULOUSE,GERS,LYCEE SAINT-CHRISTOPHE (GENERAL ET TECHNO.),MASSEUBE,0320737C,32242,PR,24,,,,,,,,24,96,,,,,,,,96,ND,,,,,,,,ND,ND,,,,,,,,ND,58,,,,,,,,58,ND,,,,,,,,ND,ND,,,,,,,,ND,14,17,21,8,87,96,ND,ND,ND,ND,ND,ND
TOULOUSE,GERS,LYCEE ALAIN-FOURNIER (GENERAL ET TECHNO.),MIRANDE,0320023B,32256,PU,60,,,,,,,,60,98,,,,,,,,98,97,,,,,,,,97,+1,,,,,,,,+1,52,,,,,,,,52,65,,,,,,,,65,-13,,,,,,,,-13,74,65,66,90,97,100,87,95,98,+3,+2,+2
TOULOUSE,GERS,LYCEE D'ARTAGNAN (GENERAL ET TECHNO.),NOGARO,0320025D,32296,PU,73,23,,,,,,,96,99,96,,,,,,,98,98,91,,,,,,,97,+1,+5,,,,,,,+1,52,48,,,,,,,51,75,40,,,,,,,66,-23,+8,,,,,,,-15,88,90,84,95,99,99,86,94,97,+9,+5,+2
TOULOUSE,HAUTE-GARONNE,LYCEE EDMOND ROSTAND (GENERAL ET TECHNO.),BAGNERES DE LUCHON,0311334G,31042,PU,70,,,,,,,,70,99,,,,,,,,99,98,,,,,,,,98,+1,,,,,,,,+1,80,,,,,,,,80,74,,,,,,,,74,+6,,,,,,,,+6,77,67,72,78,87,96,89,95,98,-11,-8,-2
TOULOUSE,HAUTE-GARONNE,LYCEE LE FERRADOU,BLAGNAC,0311126F,31069,PR,153,,,,,,,,153,100,,,,,,,,100,99,,,,,,,,99,+1,,,,,,,,+1,86,,,,,,,,86,86,,,,,,,,86,0,,,,,,,,0,172,140,151,88,96,99,91,97,99,-3,-1,0
TOULOUSE,HAUTE-GARONNE,LYCEE SAINT-EXUPERY (GENERAL ET TECHNO.),BLAGNAC,0312686B,31069,PU,308,,57,,,,,,365,98,,82,,,,,,96,98,,93,,,,,,97,0,,-11,,,,,,-1,68,,37,,,,,,63,73,,45,,,,,,69,-5,,-8,,,,,,-6,465,352,354,80,91,96,87,95,98,-7,-4,-2
TOULOUSE,HAUTE-GARONNE,LYCEE MARTIN MALVY,CAZERES,0312995M,31135,PU,163,35,,,,,,,198,98,86,,,,,,,96,97,96,,,,,,,97,+1,-10,,,,,,,-1,69,60,,,,,,,68,64,50,,,,,,,61,+5,+10,,,,,,,+7,280,216,204,82,93,96,87,94,97,-5,-1,-1
TOULOUSE,HAUTE-GARONNE,LYCEE INTERNATIONAL VICTOR HUGO,COLOMIERS,0312093G,31149,PU,332,,79,,,,,,411,98,,92,,,,,,97,98,,94,,,,,,98,0,,-2,,,,,,-1,75,,53,,,,,,71,76,,53,,,,,,72,-1,,0,,,,,,-1,502,420,428,84,93,98,87,95,98,-3,-2,0
TOULOUSE,HAUTE-GARONNE,LYCEE ORT MAURICE GRYNFOGEL,COLOMIERS,0312355S,31149,PR,,50,,,,,,,50,,100,,,,,,,100,,96,,,,,,,96,,+4,,,,,,,+4,,56,,,,,,,56,,48,,,,,,,48,,+8,,,,,,,+8,25,49,47,86,86,100,83,90,95,+3,-4,+5
TOULOUSE,HAUTE-GARONNE,LYCEE HENRI MATISSE,CUGNAUX,0312290W,31157,PU,336,73,,,,,,,409,97,97,,,,,,,97,98,94,,,,,,,97,-1,+3,,,,,,,0,62,56,,,,,,,61,70,44,,,,,,,66,-8,+12,,,,,,,-5,549,459,422,85,96,98,86,94,98,-1,+2,0
TOULOUSE,HAUTE-GARONNE,LYCEE CLEMENCE ROYER,FONSORBES,0312754A,31187,PU,288,67,,,,,,,355,98,97,,,,,,,98,98,94,,,,,,,97,0,+3,,,,,,,+1,79,63,,,,,,,76,73,44,,,,,,,68,+6,+19,,,,,,,+8,351,330,321,89,96,97,87,95,98,+2,+1,-1
TOULOUSE,HAUTE-GARONNE,LYCEE PIERRE BOURDIEU,FRONTON,0312696M,31202,PU,295,,,,,,,,295,98,,,,,,,,98,99,,,,,,,,99,-1,,,,,,,,-1,82,,,,,,,,82,80,,,,,,,,80,+2,,,,,,,,+2,394,311,251,89,97,99,90,96,99,-1,+1,0
TOULOUSE,HAUTE-GARONNE,LYCEE PAUL MATHOU (GENERAL ET TECHNO.),GOURDAN POLIGNAN,0310017A,31224,PU,64,,30,,6,,,,100,98,,100,,100,,,,99,98,,93,,ND,,,,96,0,,+7,,ND,,,,+3,64,,47,,83,,,,60,68,,42,,ND,,,,60,-4,,+5,,ND,,,,0,101,102,100,80,93,99,86,94,97,-6,-1,+2
TOULOUSE,HAUTE-GARONNE,LYCEE SIMONE DE BEAUVOIR,GRAGNAGUE,0313083H,31228,PU,108,,18,,,,,,126,94,,89,,,,,,94,98,,96,,,,,,98,-4,,-7,,,,,,-4,57,,56,,,,,,57,70,,56,,,,,,68,-13,,0,,,,,,-11,441,360,332,83,92,96,88,95,98,-5,-3,-2
TOULOUSE,HAUTE-GARONNE,LYCEE PIERRE-PAUL RIQUET,LABEGE,0312289V,31506,PU,396,,68,,,,,,464,98,,96,,,,,,98,99,,94,,,,,,98,-1,,+2,,,,,,0,76,,62,,,,,,74,82,,50,,,,,,77,-6,,+12,,,,,,-3,536,489,473,93,97,98,88,96,99,+5,+1,-1
TOULOUSE,HAUTE-GARONNE,LYCEE PIERRE D'ARAGON (GENERAL ET TECHNO.),MURET,0310024H,31395,PU,258,106,,,,80,,,444,97,87,,,,81,,,92,98,92,,,,92,,,96,-1,-5,,,,-11,,,-4,74,33,,,,38,,,58,73,38,,,,43,,,59,+1,-5,,,,-5,,,-1,396,486,484,82,91,93,86,93,96,-4,-2,-3
TOULOUSE,HAUTE-GARONNE,LYCEE CHARLES DE GAULLE (GENERAL ET TECHNO.),MURET,0312822Z,31395,PU,146,,135,,,,,,281,97,,90,,,,,,93,98,,94,,,,,,96,-1,,-4,,,,,,-3,66,,44,,,,,,56,75,,49,,,,,,63,-9,,-5,,,,,,-7,220,261,242,85,92,96,85,93,97,0,-1,-1
TOULOUSE,HAUTE-GARONNE,LYCEE NELSON MANDELA,PIBRAC,0312938A,31417,PU,236,72,,,18,,,,326,99,92,,,100,,,,97,99,95,,,95,,,,98,0,-3,,,+5,,,,-1,81,54,,,72,,,,74,81,48,,,63,,,,73,0,+6,,,+9,,,,+1,384,324,327,87,95,98,88,95,98,-1,0,0
TOULOUSE,HAUTE-GARONNE,LYCEE JEAN-PIERRE VERNANT (GENERAL ET TECHNO.),PINS JUSTARET,0312744P,31421,PU,338,72,,,23,,,,433,99,97,,,100,,,,99,99,95,,,98,,,,98,0,+2,,,+2,,,,+1,80,71,,,74,,,,79,79,47,,,73,,,,74,+1,+24,,,+1,,,,+5,469,413,396,88,97,99,88,95,98,0,+2,+1
TOULOUSE,HAUTE-GARONNE,LYCEE VINCENT AURIOL,REVEL,0310028M,31451,PU,112,,23,,,,,,135,96,,100,,,,,,97,98,,97,,,,,,98,-2,,+3,,,,,,-1,70,,70,,,,,,70,73,,63,,,,,,71,-3,,+7,,,,,,-1,159,99,106,86,95,98,87,95,98,-1,0,0
TOULOUSE,HAUTE-GARONNE,LYCEE DE BAGATELLE,SAINT GAUDENS,0310032S,31483,PU,135,60,,,,27,,,222,95,93,,,,96,,,95,98,94,,,,96,,,96,-3,-1,,,,0,,,-1,68,47,,,,41,,,59,68,45,,,,53,,,60,0,+2,,,,-12,,,-1,186,217,241,83,89,95,86,93,97,-3,-4,-2
TOULOUSE,HAUTE-GARONNE,LYCEE SAINTE-THERESE (GENERAL ET TECHNO.),SAINT GAUDENS,0311131L,31483,PR,58,,,,,,,,58,95,,,,,,,,95,96,,,,,,,,96,-1,,,,,,,,-1,57,,,,,,,,57,56,,,,,,,,56,+1,,,,,,,,+1,52,40,34,61,75,93,86,94,97,-25,-19,-4
TOULOUSE,HAUTE-GARONNE,ENSEMBLE SCOLAIRE SAINTE GENEVIEVE,SAINT JORY,0313016K,31490,PR,35,,,,,,,,35,97,,,,,,,,97,ND,,,,,,,,ND,ND,,,,,,,,ND,77,,,,,,,,77,ND,,,,,,,,ND,ND,,,,,,,,ND,51,49,43,85,91,97,ND,ND,ND,ND,ND,ND
TOULOUSE,HAUTE-GARONNE,LYCEE L' ANNONCIATION,SEILH,0311132M,31541,PR,94,,,,,,,,94,100,,,,,,,,100,100,,,,,,,,100,0,,,,,,,,0,91,,,,,,,,91,89,,,,,,,,89,+2,,,,,,,,+2,104,85,79,84,94,99,91,97,99,-7,-3,0
TOULOUSE,HAUTE-GARONNE,LYCEE PIERRE DE FERMAT,TOULOUSE,0310036W,31555,PU,279,,,,,,,,279,97,,,,,,,,97,99,,,,,,,,99,-2,,,,,,,,-2,79,,,,,,,,79,85,,,,,,,,85,-6,,,,,,,,-6,334,268,286,87,95,97,89,97,99,-2,-2,-2
TOULOUSE,HAUTE-GARONNE,LYCEE BELLEVUE (GENERAL ET TECHNO.),TOULOUSE,0310038Y,31555,PU,421,116,,,,,,,537,97,92,,,,,,,96,98,93,,,,,,,97,-1,-1,,,,,,,-1,72,46,,,,,,,66,76,39,,,,,,,68,-4,+7,,,,,,,-2,533,536,552,86,95,98,86,94,98,0,+1,0
TOULOUSE,HAUTE-GARONNE,LYCEE MARCELIN BERTHELOT,TOULOUSE,0310039Z,31555,PU,244,75,,,,,,,319,95,97,,,,,,,95,97,88,,,,,,,95,-2,+9,,,,,,,0,70,56,,,,,,,66,70,32,,,,,,,61,0,+24,,,,,,,+5,358,332,350,84,91,94,85,93,96,-1,-2,-2
TOULOUSE,HAUTE-GARONNE,LYCEE RAYMOND NAVES (GENERAL ET TECHNO.),TOULOUSE,0310040A,31555,PU,306,142,,,,,,,448,97,94,,,,,,,96,97,90,,,,,,,95,0,+4,,,,,,,+1,66,39,,,,,,,57,69,33,,,,,,,57,-3,+6,,,,,,,0,392,436,391,89,95,96,83,92,96,+6,+3,0
TOULOUSE,HAUTE-GARONNE,LYCEE SAINT-SERNIN,TOULOUSE,0310041B,31555,PU,490,,,,,,21,,511,99,,,,,,100,,99,99,,,,,,99,,99,0,,,,,,+1,,0,79,,,,,,86,,79,82,,,,,,85,,83,-3,,,,,,+1,,-4,525,509,520,88,93,98,89,96,99,-1,-3,-1
TOULOUSE,HAUTE-GARONNE,LYCEE DEODAT DE SEVERAC (GENERAL ET TECHNO.),TOULOUSE,0310044E,31555,PU,171,,153,,33,,,,357,95,,80,,94,,,,89,95,,87,,89,,,,91,0,,-7,,+5,,,,-2,54,,28,,52,,,,43,56,,35,,46,,,,46,-2,,-7,,+6,,,,-3,270,383,375,77,85,92,80,89,94,-3,-4,-2
TOULOUSE,HAUTE-GARONNE,LYCEE HOTELLERIE ET TOURISME (GENERAL ET TECHNO.),TOULOUSE,0310046G,31555,PU,,,,,,,,76,76,,,,,,,,100,100,,,,,,,,99,99,,,,,,,,+1,+1,,,,,,,,80,80,,,,,,,,74,74,,,,,,,,+6,+6,64,87,89,91,96,97,85,93,97,+6,+3,0
TOULOUSE,HAUTE-GARONNE,LYCEE OZENNE,TOULOUSE,0310047H,31555,PU,266,73,,,,,,,339,96,99,,,,,,,97,99,95,,,,,,,98,-3,+4,,,,,,,-1,79,67,,,,,,,76,81,45,,,,,,,73,-2,+22,,,,,,,+3,306,312,344,81,94,98,88,95,98,-7,-1,0
TOULOUSE,HAUTE-GARONNE,LYCEE LE CAOUSOU,TOULOUSE,0311133N,31555,PR,175,,,,,,,,175,100,,,,,,,,100,100,,,,,,,,100,0,,,,,,,,0,94,,,,,,,,94,91,,,,,,,,91,+3,,,,,,,,+3,242,208,201,93,98,100,92,97,100,+1,+1,0
TOULOUSE,HAUTE-GARONNE,LYCEE EMILIE DE RODAT (GENERAL ET TECHNO.),TOULOUSE,0311134P,31555,PR,163,26,,,,,,,189,100,100,,,,,,,100,100,98,,,,,,,99,0,+2,,,,,,,+1,98,73,,,,,,,95,93,62,,,,,,,89,+5,+11,,,,,,,+6,247,215,223,82,94,99,91,97,99,-9,-3,0
TOULOUSE,HAUTE-GARONNE,LYCEE LES MARISTES TOULOUSE,TOULOUSE,0311138U,31555,PR,35,17,,,,,,,52,91,100,,,,,,,94,97,96,,,,,,,97,-6,+4,,,,,,,-3,66,76,,,,,,,69,63,47,,,,,,,58,+3,+29,,,,,,,+11,61,72,55,66,82,96,84,92,97,-18,-10,-1
TOULOUSE,HAUTE-GARONNE,LYCEE SAINT-JOSEPH - LA SALLE,TOULOUSE,0311145B,31555,PR,226,,55,,,,,,281,100,,100,,,,,,100,100,,97,,,,,,99,0,,+3,,,,,,+1,91,,84,,,,,,90,90,,66,,,,,,85,+1,,+18,,,,,,+5,263,300,277,91,97,100,91,96,99,0,+1,+1
TOULOUSE,HAUTE-GARONNE,LYCEE SAINTE-MARIE DES CHAMPS,TOULOUSE,0311146C,31555,PR,181,53,,,,20,,,254,100,100,,,,100,,,100,99,99,,,,99,,,99,+1,+1,,,,+1,,,+1,86,94,,,,80,,,87,85,66,,,,71,,,80,+1,+28,,,,+9,,,+7,240,270,222,87,91,100,90,96,99,-3,-5,+1
TOULOUSE,HAUTE-GARONNE,LYCEE SAINTE-MARIE DE NEVERS,TOULOUSE,0311147D,31555,PR,142,71,,,36,60,,,309,100,99,,,97,98,,,99,99,98,,,98,98,,,98,+1,+1,,,-1,0,,,+1,80,75,,,75,63,,,75,79,58,,,71,64,,,70,+1,+17,,,+4,-1,,,+5,252,340,306,81,92,99,88,95,98,-7,-3,+1
TOULOUSE,HAUTE-GARONNE,LYCEE JOSEPHINE BAKER,TOULOUSE,0311323V,31555,PU,138,,,35,,67,,,240,95,,,100,,90,,,94,95,,,99,,86,,,93,0,,,+1,,+4,,,+1,59,,,89,,45,,,59,57,,,86,,37,,,56,+2,,,+3,,+8,,,+3,299,282,247,89,93,95,83,92,95,+6,+1,0
TOULOUSE,HAUTE-GARONNE,LYCEE TOULOUSE-LAUTREC,TOULOUSE,0311586F,31555,PU,328,140,,,,,,,468,95,89,,,,,,,93,96,90,,,,,,,94,-1,-1,,,,,,,-1,59,44,,,,,,,54,61,34,,,,,,,53,-2,+10,,,,,,,+1,566,479,471,84,93,95,83,92,95,+1,+1,0
TOULOUSE,HAUTE-GARONNE,LYCEE STEPHANE HESSEL,TOULOUSE,0311902Z,31555,PU,205,105,67,,32,64,,,473,97,90,87,,91,98,,,93,96,93,92,,92,96,,,95,+1,-3,-5,,-1,+2,,,-2,52,43,52,,44,55,,,50,65,40,47,,52,54,,,55,-13,+3,+5,,-8,+1,,,-5,332,479,478,78,87,94,83,92,95,-5,-5,-1
TOULOUSE,HAUTE-GARONNE,LYCEE DES ARENES,TOULOUSE,0312267W,31555,PU,183,69,,34,,,,,286,92,88,,97,,,,,92,97,85,,100,,,,,94,-5,+3,,-3,,,,,-2,65,38,,94,,,,,62,68,28,,95,,,,,61,-3,+10,,-1,,,,,+1,236,260,286,75,87,91,84,92,96,-9,-5,-5
TOULOUSE,HAUTE-GARONNE,LYCEE MARIE LOUISE DISSARD FRANCOISE (GENERAL ET TECHNO.),TOURNEFEUILLE,0312746S,31557,PU,335,71,,,,,,,406,98,96,,,,,,,98,99,95,,,,,,,98,-1,+1,,,,,,,0,75,63,,,,,,,73,81,48,,,,,,,76,-6,+15,,,,,,,-3,452,408,399,94,97,99,88,95,99,+6,+2,0
TOULOUSE,HAUTE-GARONNE,LYCEE LEON BLUM (GENERAL ET TECHNO.),VILLEFRANCHE DE LAURAGAIS,0312915A,31582,PU,206,68,,,,,,,274,98,96,,,,,,,97,99,96,,,,,,,98,-1,0,,,,,,,-1,75,59,,,,,,,71,78,51,,,,,,,71,-3,+8,,,,,,,0,322,265,271,90,94,98,88,95,98,+2,-1,0
TOULOUSE,HAUTES-PYRENEES,LYCEE RENE BILLERES,ARGELES GAZOST,0650001Y,65025,PU,76,17,,,,,,,93,97,100,,,,,,,98,97,95,,,,,,,97,0,+5,,,,,,,+1,71,76,,,,,,,72,67,49,,,,,,,64,+4,+27,,,,,,,+8,99,87,82,76,88,93,87,94,97,-11,-6,-4
TOULOUSE,HAUTES-PYRENEES,LYCEE VICTOR DURUY (GENERAL ET TECHNO.),BAGNERES DE BIGORRE,0650005C,65059,PU,105,,12,,,,,,117,99,,92,,,,,,98,98,,88,,,,,,97,+1,,+4,,,,,,+1,79,,33,,,,,,74,72,,27,,,,,,67,+7,,+6,,,,,,+7,107,82,90,86,91,100,87,95,98,-1,-4,+2
TOULOUSE,HAUTES-PYRENEES,LYCEE MICHELET,LANNEMEZAN,0650012K,65258,PU,138,,,,,,,,138,96,,,,,,,,96,96,,,,,,,,96,0,,,,,,,,0,55,,,,,,,,55,59,,,,,,,,59,-4,,,,,,,,-4,141,113,135,81,94,97,86,94,97,-5,0,0
TOULOUSE,HAUTES-PYRENEES,LYCEE LA SERRE DE SARSAN,LOURDES,0650040R,65286,PU,60,,,,19,,,,79,98,,,,100,,,,99,98,,,,94,,,,97,0,,,,+6,,,,+2,67,,,,53,,,,63,70,,,,51,,,,65,-3,,,,+2,,,,-2,46,53,59,91,96,98,87,94,97,+4,+2,+1
TOULOUSE,HAUTES-PYRENEES,LYCEE PEYRAMALE SAINT-JOSEPH,LOURDES,0650058K,65286,PR,60,,,,,,,,60,93,,,,,,,,93,94,,,,,,,,94,-1,,,,,,,,-1,55,,,,,,,,55,54,,,,,,,,54,+1,,,,,,,,+1,106,73,78,68,89,92,84,93,96,-16,-4,-4
TOULOUSE,HAUTES-PYRENEES,LYCEE NOTRE-DAME DE GARAISON (GENERAL ET TECHNO.),MONLEON MAGNOAC,0650885J,65315,PR,39,12,,,,,,,51,100,100,,,,,,,100,97,96,,,,,,,97,+3,+4,,,,,,,+3,56,75,,,,,,,61,59,43,,,,,,,56,-3,+32,,,,,,,+5,75,41,34,66,84,94,85,92,97,-19,-8,-3
TOULOUSE,HAUTES-PYRENEES,LYCEE THEOPHILE GAUTIER,TARBES,0650025Z,65440,PU,197,,,,,,,,197,98,,,,,,,,98,97,,,,,,,,97,+1,,,,,,,,+1,64,,,,,,,,64,68,,,,,,,,68,-4,,,,,,,,-4,254,203,172,83,94,97,87,95,98,-4,-1,-1
TOULOUSE,HAUTES-PYRENEES,LYCEE MARIE CURIE,TARBES,0650026A,65440,PU,226,89,,,8,82,,,405,97,96,,,100,91,,,96,97,94,,,ND,96,,,96,0,+2,,,ND,-5,,,0,70,57,,,62,40,,,61,68,44,,,ND,51,,,59,+2,+13,,,ND,-11,,,+2,308,377,371,84,90,96,87,93,97,-3,-3,-1
TOULOUSE,HAUTES-PYRENEES,LYCEE JEAN DUPUY,TARBES,0650027B,65440,PU,146,,55,18,,,,,219,97,,96,100,,,,,97,97,,93,99,,,,,96,0,,+3,+1,,,,,+1,65,,44,94,,,,,62,66,,46,94,,,,,63,-1,,-2,0,,,,,-1,230,208,218,82,93,98,87,94,97,-5,-1,+1
TOULOUSE,HAUTES-PYRENEES,LYCEE JEANNE D'ARC,TARBES,0650062P,65440,PR,53,,,,,,,,53,100,,,,,,,,100,99,,,,,,,,99,+1,,,,,,,,+1,87,,,,,,,,87,78,,,,,,,,78,+9,,,,,,,,+9,68,48,50,71,79,93,89,96,99,-18,-17,-6
TOULOUSE,HAUTES-PYRENEES,LYCEE PRADEAU-LA SEDE SAINT-PIERRE,TARBES,0650065T,65440,PR,,54,22,,8,,,,84,,89,77,,100,,,,87,,93,90,,ND,,,,92,,-4,-13,,ND,,,,-5,,41,14,,50,,,,35,,36,36,,ND,,,,38,,+5,-22,,ND,,,,-3,66,58,72,68,79,91,78,88,93,-10,-9,-2
TOULOUSE,HAUTES-PYRENEES,LYCEE PIERRE MENDES FRANCE,VIC EN BIGORRE,0650038N,65460,PU,72,,,,,,,,72,94,,,,,,,,94,97,,,,,,,,97,-3,,,,,,,,-3,65,,,,,,,,65,61,,,,,,,,61,+4,,,,,,,,+4,92,85,78,79,93,97,87,94,98,-8,-1,-1
TOULOUSE,LOT,LYCEE CLEMENT MAROT,CAHORS,0460007H,46042,PU,225,69,,,,43,,,337,96,99,,,,98,,,97,98,96,,,,93,,,96,-2,+3,,,,+5,,,+1,65,51,,,,60,,,62,70,48,,,,45,,,62,-5,+3,,,,+15,,,0,309,324,323,84,94,97,87,94,97,-3,0,0
TOULOUSE,LOT,LYCEE SAINT-ETIENNE,CAHORS,0460038S,46042,PR,28,,,33,,,,,61,100,,,100,,,,,100,97,,,99,,,,,98,+3,,,+1,,,,,+2,61,,,61,,,,,61,63,,,71,,,,,67,-2,,,-10,,,,,-6,63,70,71,78,92,97,87,95,98,-9,-3,-1
TOULOUSE,LOT,LYCEE GASTON MONNERVILLE (GENERAL ET TECHNO.),CAHORS,0460493L,46042,PU,80,,19,,21,,,,120,99,,95,,100,,,,98,99,,95,,94,,,,97,0,,0,,+6,,,,+1,78,,53,,76,,,,73,75,,54,,55,,,,68,+3,,-1,,+21,,,,+5,141,105,113,76,91,98,85,94,98,-9,-3,0
TOULOUSE,LOT,LYCEE JEAN-FRANCOIS CHAMPOLLION,FIGEAC,0460010L,46102,PU,120,62,25,,,,,,207,99,87,100,,,,,,96,98,95,92,,,,,,97,+1,-8,+8,,,,,,-1,76,50,44,,,,,,64,74,49,43,,,,,,63,+2,+1,+1,,,,,,+1,147,210,199,87,91,95,86,94,97,+1,-3,-2
TOULOUSE,LOT,LYCEE JEANNE D'ARC (GENERAL ET TECHNO.),FIGEAC,0460039T,46102,PR,50,,,,,22,,,72,98,,,,,91,,,96,98,,,,,95,,,97,0,,,,,-4,,,-1,78,,,,,55,,,71,69,,,,,54,,,64,+9,,,,,+1,,,+7,83,73,64,88,96,97,87,94,97,+1,+2,0
TOULOUSE,LOT,LYCEE LEO FERRE (GENERAL ET TECHNO.),GOURDON,0460013P,46127,PU,66,,,,,,,,66,97,,,,,,,,97,97,,,,,,,,97,0,,,,,,,,0,56,,,,,,,,56,65,,,,,,,,65,-9,,,,,,,,-9,64,47,58,82,98,98,88,95,98,-6,+3,0
TOULOUSE,LOT,LYCEE JEAN LURCAT,SAINT CERE,0460026D,46251,PU,104,,,,,,,,104,96,,,,,,,,96,97,,,,,,,,97,-1,,,,,,,,-1,69,,,,,,,,69,70,,,,,,,,70,-1,,,,,,,,-1,139,113,111,85,94,97,87,95,98,-2,-1,-1
TOULOUSE,LOT,LYCEE LOUIS VICAT (GENERAL ET TECHNO.),SOUILLAC,0460028F,46309,PU,25,,11,,,,,,36,100,,100,,,,,,100,ND,,ND,,,,,,ND,ND,,ND,,,,,,ND,60,,45,,,,,,56,ND,,ND,,,,,,ND,ND,,ND,,,,,,ND,61,48,44,82,97,97,ND,ND,ND,ND,ND,ND
TOULOUSE,TARN,LYCEE LOUIS RASCOL (GENERAL ET TECHNO.),ALBI,0810004P,81004,PU,202,114,73,,,,,,389,98,96,93,,,,,,96,97,93,95,,,,,,96,+1,+3,-2,,,,,,0,60,58,45,,,,,,57,63,40,55,,,,,,55,-3,+18,-10,,,,,,+2,356,380,369,86,93,97,84,92,96,+2,+1,+1
TOULOUSE,TARN,LYCEE BELLEVUE,ALBI,0810005R,81004,PU,229,,,,13,,,,242,93,,,,100,,,,93,97,,,,92,,,,97,-4,,,,+8,,,,-4,67,,,,62,,,,67,69,,,,52,,,,68,-2,,,,+10,,,,-1,266,228,245,83,90,95,88,95,98,-5,-5,-3
TOULOUSE,TARN,LYCEE LAPEROUSE,ALBI,0810006S,81004,PU,183,,,,,,,,183,99,,,,,,,,99,99,,,,,,,,99,0,,,,,,,,0,82,,,,,,,,82,84,,,,,,,,84,-2,,,,,,,,-2,194,153,166,85,96,98,90,97,99,-5,-1,-1
TOULOUSE,TARN,LYCEE D'AMBOISE,ALBI,0810068J,81004,PR,82,33,,,,,,,115,100,100,,,,,,,100,99,97,,,,,,,99,+1,+3,,,,,,,+1,89,82,,,,,,,87,82,56,,,,,,,75,+7,+26,,,,,,,+12,121,114,106,89,97,100,88,95,98,+1,+2,+2
TOULOUSE,TARN,LYCEE SAINTE-CECILE,ALBI,0810095N,81004,PR,,,,,,92,,,92,,,,,,100,,,100,,,,,,97,,,97,,,,,,+3,,,+3,,,,,,50,,,50,,,,,,55,,,55,,,,,,-5,,,-5,64,102,63,82,90,100,86,92,96,-4,-2,+4
TOULOUSE,TARN,LYCEE JEAN JAURES (GENERAL ET TECHNO.),CARMAUX,0810012Y,81060,PU,95,,22,,,30,,,147,97,,95,,,97,,,97,97,,90,,,96,,,96,0,,+5,,,+1,,,+1,62,,55,,,80,,,65,63,,38,,,50,,,57,-1,,+17,,,+30,,,+8,135,134,145,91,95,96,85,93,97,+6,+2,-1
TOULOUSE,TARN,LYCEE BARRAL,CASTRES,0810071M,81065,PR,107,,,,,,,,107,100,,,,,,,,100,99,,,,,,,,99,+1,,,,,,,,+1,73,,,,,,,,73,78,,,,,,,,78,-5,,,,,,,,-5,145,126,115,90,98,99,90,96,99,0,+2,0
TOULOUSE,TARN,LYCEE NOTRE-DAME,CASTRES,0810103X,81065,PR,54,25,,,,,,,79,100,96,,,,,,,99,97,95,,,,,,,97,+3,+1,,,,,,,+2,57,44,,,,,,,53,65,44,,,,,,,59,-8,0,,,,,,,-6,115,94,80,67,83,95,86,93,97,-19,-10,-2
TOULOUSE,TARN,LYCEE BORDE BASSE (GENERAL ET TECHNO.),CASTRES,0810959C,81065,PU,288,102,47,,35,,,,472,99,90,96,,94,,,,96,98,92,92,,92,,,,95,+1,-2,+4,,+2,,,,+1,75,43,47,,43,,,,63,69,39,42,,53,,,,59,+6,+4,+5,,-10,,,,+4,458,439,451,80,92,96,86,93,96,-6,-1,0
TOULOUSE,TARN,LYCEE VICTOR HUGO,GAILLAC,0810023K,81099,PU,206,103,,,,,,,309,97,96,,,,,,,97,98,95,,,,,,,97,-1,+1,,,,,,,0,66,57,,,,,,,63,68,45,,,,,,,61,-2,+12,,,,,,,+2,347,306,326,86,95,98,87,94,97,-1,+1,+1
TOULOUSE,TARN,LYCEE SAINT-JOSEPH DE L'APPARITION,GAILLAC,0810075S,81099,PR,43,,,,,,,,43,100,,,,,,,,100,99,,,,,,,,99,+1,,,,,,,,+1,84,,,,,,,,84,76,,,,,,,,76,+8,,,,,,,,+8,57,38,34,74,83,98,88,96,99,-14,-13,-1
TOULOUSE,TARN,LYCEE LAS CASES,LAVAUR,0810030T,81140,PU,219,,23,,,,,,242,99,,96,,,,,,99,99,,96,,,,,,98,0,,0,,,,,,+1,76,,74,,,,,,76,77,,59,,,,,,75,-1,,+15,,,,,,+1,273,225,205,87,93,97,89,95,99,-2,-2,-2
TOULOUSE,TARN,LYCEE MARECHAL SOULT,MAZAMET,0810033W,81163,PU,86,24,18,,,36,,,164,90,96,78,,,92,,,90,97,90,86,,,93,,,94,-7,+6,-8,,,-1,,,-4,51,54,33,,,47,,,49,63,35,30,,,43,,,51,-12,+19,+3,,,+4,,,-2,148,176,139,80,87,94,83,91,95,-3,-4,-1
TOULOUSE,TARN,ENSEMBLE SCOLAIRE JEANNE D'ARC,MAZAMET,0810079W,81163,PR,36,,,,,,,,36,100,,,,,,,,100,ND,,,,,,,,ND,ND,,,,,,,,ND,75,,,,,,,,75,ND,,,,,,,,ND,ND,,,,,,,,ND,58,44,32,65,76,97,ND,ND,ND,ND,ND,ND
TOULOUSE,TARN-ET-GARONNE,LYCEE JEAN DE PRADES (GENERAL ET TECHNO.),CASTELSARRASIN,0820004J,82033,PU,66,34,,,,,,13,113,91,91,,,,,,92,91,95,89,,,,,,93,93,-4,+2,,,,,,-1,-2,56,44,,,,,,38,50,54,28,,,,,,50,46,+2,+16,,,,,,-12,+4,176,137,123,76,88,91,82,90,94,-6,-2,-3
TOULOUSE,TARN-ET-GARONNE,LYCEE FRANCOIS MITTERRAND,MOISSAC,0820016X,82112,PU,109,,,,,32,,,141,97,,,,,97,,,97,97,,,,,94,,,96,0,,,,,+3,,,+1,63,,,,,41,,,58,64,,,,,47,,,60,-1,,,,,-6,,,-2,197,156,149,85,95,97,85,93,97,0,+2,0
TOULOUSE,TARN-ET-GARONNE,LYCEE JULES MICHELET,MONTAUBAN,0820020B,82121,PU,248,76,,,,,,,324,96,93,,,,,,,96,98,92,,,,,,,97,-2,+1,,,,,,,-1,66,38,,,,,,,59,71,39,,,,,,,64,-5,-1,,,,,,,-5,279,281,321,84,93,96,86,94,97,-2,-1,-1
TOULOUSE,TARN-ET-GARONNE,LYCEE BOURDELLE (GENERAL ET TECHNO.),MONTAUBAN,0820021C,82121,PU,228,71,109,,23,92,,,523,92,94,89,,87,88,,,91,96,89,93,,94,95,,,94,-4,+5,-4,,-7,-7,,,-3,54,34,39,,61,53,,,48,60,33,48,,58,52,,,52,-6,+1,-9,,+3,+1,,,-4,417,543,540,83,90,93,83,91,95,0,-1,-2
TOULOUSE,TARN-ET-GARONNE,LYCEE PIERRE MARIE THEAS,MONTAUBAN,0820044C,82121,PR,207,58,,,,,,,265,100,100,,,,,,,100,99,98,,,,,,,99,+1,+2,,,,,,,+1,83,78,,,,,,,82,78,64,,,,,,,75,+5,+14,,,,,,,+7,333,269,233,85,95,100,89,96,99,-4,-1,+1
TOULOUSE,TARN-ET-GARONNE,LYCEE OLYMPE DE GOUGES (GENERAL ET TECHNO.),MONTECH,0820917B,82125,PU,192,36,,,,,,,228,96,97,,,,,,,96,97,91,,,,,,,96,-1,+6,,,,,,,0,59,56,,,,,,,58,64,36,,,,,,,60,-5,+20,,,,,,,-2,314,226,231,85,94,98,86,94,97,-1,0,+1
TOULOUSE,TARN-ET-GARONNE,LYCEE CLAUDE NOUGARO (GENERAL ET TECHNO.),MONTEILS,0820883P,82126,PU,106,60,,,,,,,166,95,92,,,,,,,94,96,90,,,,,,,94,-1,+2,,,,,,,0,66,47,,,,,,,59,61,32,,,,,,,51,+5,+15,,,,,,,+8,200,175,164,82,91,94,85,92,95,-3,-1,-1
TOULOUSE,TARN-ET-GARONNE,LYCEE JEAN BAYLET (GENERAL ET TECHNO.),VALENCE D AGEN,0820899G,82186,PU,80,,18,,,,,,98,96,,72,,,,,,92,96,,80,,,,,,93,0,,-8,,,,,,-1,64,,28,,,,,,57,58,,19,,,,,,51,+6,,+9,,,,,,+6,102,108,95,87,95,96,85,92,96,+2,+3,0
VERSAILLES,ESSONNE,LYCEE RENE CASSIN,ARPAJON,0911632E,91021,PU,350,103,,,,,,,453,98,91,,,,,,,97,98,92,,,,,,,97,0,-1,,,,,,,0,74,50,,,,,,,69,72,36,,,,,,,64,+2,+14,,,,,,,+5,452,447,447,90,95,97,86,94,97,+4,+1,0
VERSAILLES,ESSONNE,LYCEE EDMOND MICHELET,ARPAJON,0911961M,91021,PU,279,,89,,,,,,368,95,,84,,,,,,93,95,,84,,,,,,92,0,,0,,,,,,+1,59,,30,,,,,,52,54,,24,,,,,,47,+5,,+6,,,,,,+5,480,373,362,87,92,95,83,91,95,+4,+1,0
VERSAILLES,ESSONNE,LYCEE MARCEL PAGNOL,ATHIS MONS,0910623H,91027,PU,232,102,,,,68,,,402,94,88,,,,90,,,92,94,86,,,,85,,,91,0,+2,,,,+5,,,+1,51,23,,,,49,,,43,52,26,,,,33,,,42,-1,-3,,,,+16,,,+1,341,477,432,85,90,93,80,88,93,+5,+2,0
VERSAILLES,ESSONNE,LYCEE CLEMENT ADER (GENERAL ET TECHNO.),ATHIS MONS,0910676R,91027,PU,100,,65,,,,,,165,89,,71,,,,,,82,91,,80,,,,,,87,-2,,-9,,,,,,-5,49,,18,,,,,,37,44,,19,,,,,,34,+5,,-1,,,,,,+3,221,176,143,73,80,85,78,87,91,-5,-7,-6
VERSAILLES,ESSONNE,LYCEE SAINT CHARLES,ATHIS MONS,0910808J,91027,PR,214,26,,,,,,,240,99,100,,,,,,,99,99,97,,,,,,,99,0,+3,,,,,,,0,79,62,,,,,,,77,76,54,,,,,,,74,+3,+8,,,,,,,+3,273,269,264,91,97,99,89,95,99,+2,+2,0
VERSAILLES,ESSONNE,LYCEE FRANCOIS TRUFFAUT,BONDOUFLE,0911937L,91086,PU,249,144,,,,,,,393,78,85,,,,,,,80,91,86,,,,,,,89,-13,-1,,,,,,,-9,43,24,,,,,,,36,44,24,,,,,,,37,-1,0,,,,,,,-1,291,328,378,73,86,88,78,88,92,-5,-2,-4
VERSAILLES,ESSONNE,LYCEE JEAN-PIERRE TIMBAUD (GENERAL ET TECHNO.),BRETIGNY SUR ORGE,0910975R,91103,PU,251,136,59,,,,,,446,96,82,88,,,,,,91,94,85,83,,,,,,90,+2,-3,+5,,,,,,+1,61,20,36,,,,,,45,55,24,24,,,,,,41,+6,-4,+12,,,,,,+4,374,402,379,75,87,91,79,88,93,-4,-1,-2
VERSAILLES,ESSONNE,LYCEE JEANNE D'ARC,BRETIGNY SUR ORGE,0912384X,91103,PR,60,,,,,,,,60,100,,,,,,,,100,98,,,,,,,,98,+2,,,,,,,,+2,83,,,,,,,,83,78,,,,,,,,78,+5,,,,,,,,+5,74,74,65,97,98,100,90,96,99,+7,+2,+1
VERSAILLES,ESSONNE,LYCEE SAINT PIERRE (GENERAL ET TECHNO.),BRUNOY,0910843X,91114,PR,262,37,,,,,,16,315,99,100,,,,,,100,99,99,99,,,,,,99,99,0,+1,,,,,,+1,0,83,92,,,,,,81,84,85,68,,,,,,74,83,-2,+24,,,,,,+7,+1,329,318,310,96,99,100,90,96,99,+6,+3,+1
VERSAILLES,ESSONNE,LYCEE FRANCOIS-JOSEPH TALMA,BRUNOY,0911021R,91114,PU,305,71,,,,72,,,448,94,77,,,,85,,,90,97,87,,,,87,,,94,-3,-10,,,,-2,,,-4,60,14,,,,39,,,50,64,28,,,,34,,,54,-4,-14,,,,+5,,,-4,412,421,433,83,90,92,83,92,95,0,-2,-3
VERSAILLES,ESSONNE,LYCEE ALEXANDRE DENIS (GENERAL ET TECHNO.),CERNY,0910630R,91129,PU,125,,,,,,,,125,97,,,,,,,,97,96,,,,,,,,96,+1,,,,,,,,+1,61,,,,,,,,61,61,,,,,,,,61,0,,,,,,,,0,213,135,121,93,97,98,86,94,98,+7,+3,0
VERSAILLES,ESSONNE,LYCEE ROBERT DOISNEAU (GENERAL ET TECHNO.),CORBEIL ESSONNES,0910620E,91174,PU,341,138,74,,,,,,553,94,93,91,,,,,,94,94,90,83,,,,,,92,0,+3,+8,,,,,,+2,58,48,30,,,,,,52,55,33,28,,,,,,46,+3,+15,+2,,,,,,+6,548,651,577,90,94,95,82,90,94,+8,+4,+1
VERSAILLES,ESSONNE,LYCEE SAINT LEON (GENERAL ET TECHNO.),CORBEIL ESSONNES,0912161E,91174,PR,156,,,,10,24,,,190,99,,,,100,100,,,99,99,,,,99,95,,,98,0,,,,+1,+5,,,+1,81,,,,80,83,,,81,80,,,,82,55,,,77,+1,,,,-2,+28,,,+4,243,215,171,95,97,99,89,95,99,+6,+2,0
VERSAILLES,ESSONNE,LYCEE NIKOLA TESLA (GENERAL ET TECHNO.),DOURDAN,0912364A,91200,PU,253,74,50,,,49,,,426,97,85,92,,,90,,,94,98,93,92,,,91,,,95,-1,-8,0,,,-1,,,-1,68,45,34,,,33,,,56,70,35,39,,,37,,,57,-2,+10,-5,,,-4,,,-1,354,400,447,90,94,95,85,92,96,+5,+2,-1
VERSAILLES,ESSONNE,LYCEE MAURICE ELIOT,EPINAY SOUS SENART,0911927A,91215,PU,192,,,,24,,,,216,95,,,,92,,,,94,91,,,,87,,,,91,+4,,,,+5,,,,+3,53,,,,38,,,,51,46,,,,34,,,,44,+7,,,,+4,,,,+7,258,199,194,91,96,99,81,90,94,+10,+6,+5
VERSAILLES,ESSONNE,LYCEE GEOFFROY-SAINT-HILAIRE (GENERAL ET TECHNO.),ETAMPES,0910622G,91223,PU,294,140,80,,,62,,,576,97,89,88,,,89,,,93,95,88,85,,,88,,,91,+2,+1,+3,,,+1,,,+2,60,44,30,,,53,,,51,55,28,26,,,34,,,42,+5,+16,+4,,,+19,,,+9,509,605,600,90,93,95,81,90,94,+9,+3,+1
VERSAILLES,ESSONNE,LYCEE JEANNE D'ARC,ETAMPES,0910815S,91223,PR,78,,,,,,,,78,100,,,,,,,,100,98,,,,,,,,98,+2,,,,,,,,+2,85,,,,,,,,85,75,,,,,,,,75,+10,,,,,,,,+10,117,92,88,83,96,99,89,96,99,-6,0,0
VERSAILLES,ESSONNE,LYCEE PARC DES LOGES,EVRY COURCOURONNES,0911251R,91228,PU,272,120,,,29,70,,,491,93,84,,,90,96,,,91,94,87,,,89,92,,,92,-1,-3,,,+1,+4,,,-1,58,35,,,48,43,,,49,52,28,,,44,42,,,44,+6,+7,,,+4,+1,,,+5,490,467,477,71,88,91,81,89,93,-10,-1,-2
VERSAILLES,ESSONNE,LYCEE GEORGES BRASSENS (GENERAL ET TECHNO.),EVRY COURCOURONNES,0911828T,91228,PU,157,,90,30,,,,,277,91,,68,97,,,,,84,89,,77,99,,,,,86,+2,,-9,-2,,,,,-2,41,,17,87,,,,,38,40,,19,82,,,,,38,+1,,-2,+5,,,,,0,384,300,284,77,87,91,78,88,92,-1,-1,-1
VERSAILLES,ESSONNE,LYCEE NOTRE DAME DE SION,EVRY COURCOURONNES,0912117G,91228,PR,168,33,34,,,,,,235,99,97,97,,,,,,98,99,97,94,,,,,,98,0,0,+3,,,,,,0,76,61,56,,,,,,71,77,47,51,,,,,,69,-1,+14,+5,,,,,,+2,238,211,226,87,95,99,87,95,98,0,0,+1
VERSAILLES,ESSONNE,LYCEE VALLEE DE CHEVREUSE,GIF SUR YVETTE,0911913K,91272,PU,311,,,,34,,,,345,98,,,,91,,,,97,99,,,,95,,,,99,-1,,,,-4,,,,-2,78,,,,53,,,,76,80,,,,62,,,,78,-2,,,,-9,,,,-2,420,382,366,95,97,98,88,95,99,+7,+2,-1
VERSAILLES,ESSONNE,LYCEE SACRE COEUR,LA VILLE DU BOIS,0910824B,91665,PR,135,30,,,,,,,165,100,100,,,,,,,100,99,98,,,,,,,99,+1,+2,,,,,,,+1,92,77,,,,,,,89,87,66,,,,,,,83,+5,+11,,,,,,,+6,182,173,176,94,97,100,91,96,99,+3,+1,+1
VERSAILLES,ESSONNE,LYCEE L'ESSOURIAU (GENERAL ET TECHNO.),LES ULIS,0911492C,91692,PU,197,70,45,,,,,,312,97,97,82,,,,,,95,96,92,88,,,,,,94,+1,+5,-6,,,,,,+1,55,43,27,,,,,,48,58,38,31,,,,,,50,-3,+5,-4,,,,,,-2,329,324,302,86,95,97,83,92,95,+3,+3,+2
VERSAILLES,ESSONNE,LYCEE JULES VERNE,LIMOURS,0911983L,91338,PU,255,70,,,,,,,325,99,93,,,,,,,98,99,95,,,,,,,98,0,-2,,,,,,,0,82,60,,,,,,,77,81,45,,,,,,,73,+1,+15,,,,,,,+4,311,293,316,94,97,98,88,95,98,+6,+2,0
VERSAILLES,ESSONNE,LYCEE JACQUES PREVERT,LONGJUMEAU,0911577V,91345,PU,242,70,,,,,,,312,96,89,,,,,,,95,97,93,,,,,,,96,-1,-4,,,,,,,-1,58,31,,,,,,,52,66,35,,,,,,,59,-8,-4,,,,,,,-7,315,297,291,88,93,95,85,93,97,+3,0,-2
VERSAILLES,ESSONNE,LYCEE FUSTEL DE COULANGES,MASSY,0910687C,91377,PU,236,55,,,,,,,291,96,98,,,,,,,96,96,90,,,,,,,94,0,+8,,,,,,,+2,61,49,,,,,,,59,60,32,,,,,,,55,+1,+17,,,,,,,+4,312,307,292,89,94,98,84,92,96,+5,+2,+2
VERSAILLES,ESSONNE,LYCEE PARC DE VILGENIS (GENERAL ET TECHNO.),MASSY,0910727W,91377,PU,196,70,84,,,,,,350,93,86,85,,,,,,89,97,91,89,,,,,,94,-4,-5,-4,,,,,,-5,59,24,39,,,,,,47,68,32,38,,,,,,54,-9,-8,+1,,,,,,-7,264,344,342,82,88,93,83,91,96,-1,-3,-3
VERSAILLES,ESSONNE,LYCEE MARIE LAURENCIN (GENERAL ET TECHNO.),MENNECY,0911962N,91386,PU,288,108,,,,,,,396,97,93,,,,,,,96,96,90,,,,,,,95,+1,+3,,,,,,,+1,56,33,,,,,,,50,60,32,,,,,,,52,-4,+1,,,,,,,-2,424,337,339,83,95,97,84,92,96,-1,+3,+1
VERSAILLES,ESSONNE,LYCEE ROSA PARKS,MONTGERON,0910625K,91421,PU,610,138,82,,,,,,830,92,80,77,,,,,,89,94,86,82,,,,,,92,-2,-6,-5,,,,,,-3,54,21,18,,,,,,45,56,26,24,,,,,,48,-2,-5,-6,,,,,,-3,877,872,869,88,94,94,81,90,94,+7,+4,0
VERSAILLES,ESSONNE,LYCEE MARGUERITE YOURCENAR (GENERAL ET TECHNO.),MORANGIS,0911945V,91432,PU,124,69,,,,,,,193,93,86,,,,,,,90,96,86,,,,,,,93,-3,0,,,,,,,-3,60,26,,,,,,,48,61,23,,,,,,,48,-1,+3,,,,,,,0,219,206,193,84,88,92,81,90,94,+3,-2,-2
VERSAILLES,ESSONNE,LYCEE BLAISE PASCAL,ORSAY,0910626L,91471,PU,337,,,,,,,,337,100,,,,,,,,100,99,,,,,,,,99,+1,,,,,,,,+1,90,,,,,,,,90,88,,,,,,,,88,+2,,,,,,,,+2,359,325,343,95,98,100,90,97,99,+5,+1,+1
VERSAILLES,ESSONNE,COURS SECONDAIRE,ORSAY,0910819W,91471,PR,73,,,,,,,,73,100,,,,,,,,100,99,,,,,,,,99,+1,,,,,,,,+1,86,,,,,,,,86,83,,,,,,,,83,+3,,,,,,,,+3,79,65,66,87,94,100,90,96,99,-3,-2,+1
VERSAILLES,ESSONNE,LYCEE CAMILLE CLAUDEL,PALAISEAU,0911938M,91477,PU,170,,,,,,,,170,95,,,,,,,,95,97,,,,,,,,97,-2,,,,,,,,-2,59,,,,,,,,59,67,,,,,,,,67,-8,,,,,,,,-8,203,174,171,89,96,98,87,95,98,+2,+1,0
VERSAILLES,ESSONNE,LYCEE HENRI POINCARE (GENERAL ET TECHNO.),PALAISEAU,0912251C,91477,PU,91,,,,15,61,,,167,96,,,,87,93,,,94,96,,,,94,88,,,93,0,,,,-7,+5,,,+1,62,,,,33,54,,,56,61,,,,55,38,,,52,+1,,,,-22,+16,,,+4,121,151,149,82,92,94,83,90,95,-1,+2,-1
VERSAILLES,ESSONNE,LYCEE SAINT MARTIN (GENERAL ET TECHNO.),PALAISEAU,0912321D,91477,PR,,,,56,,,,,56,,,,96,,,,,96,,,,99,,,,,99,,,,-3,,,,,-3,,,,59,,,,,59,,,,84,,,,,84,,,,-25,,,,,-25,52,60,55,92,92,96,90,96,99,+2,-4,-3
VERSAILLES,ESSONNE,LYCEE INTERNATIONAL-PALAISEAU-PARIS-SACLAY,PALAISEAU,0912433A,91477,PU,188,,,,,,,,188,99,,,,,,,,99,99,,,,,,,,99,0,,,,,,,,0,95,,,,,,,,95,89,,,,,,,,89,+6,,,,,,,,+6,306,257,255,91,98,99,90,97,99,+1,+1,0
VERSAILLES,ESSONNE,LYCEE LEONARD DE VINCI (GENERAL ET TECHNO.),SAINT MICHEL SUR ORGE,0911946W,91570,PU,163,,,,23,78,,,264,97,,,,96,83,,,93,95,,,,92,86,,,92,+2,,,,+4,-3,,,+1,53,,,,61,27,,,46,57,,,,44,32,,,49,-4,,,,+17,-5,,,-3,238,248,262,88,92,95,81,90,95,+7,+2,0
VERSAILLES,ESSONNE,LYCEE ALBERT EINSTEIN,SAINTE GENEVIEVE DES BOIS,0911346U,91549,PU,288,128,,,,,,,416,97,91,,,,,,,95,95,89,,,,,,,93,+2,+2,,,,,,,+2,65,40,,,,,,,57,60,30,,,,,,,50,+5,+10,,,,,,,+7,414,434,412,90,95,97,82,91,95,+8,+4,+2
VERSAILLES,ESSONNE,LYCEE JEAN-BAPTISTE COROT,SAVIGNY SUR ORGE,0910627M,91589,PU,553,167,,,,,,,720,96,90,,,,,,,95,97,91,,,,,,,96,-1,-1,,,,,,,-1,66,50,,,,,,,62,68,36,,,,,,,61,-2,+14,,,,,,,+1,723,713,713,90,96,97,86,93,97,+4,+3,0
VERSAILLES,ESSONNE,LYCEE GASPARD MONGE (GENERAL ET TECHNO.),SAVIGNY SUR ORGE,0912142J,91589,PU,198,,62,,,,,,260,87,,79,,,,,,85,89,,85,,,,,,88,-2,,-6,,,,,,-3,40,,16,,,,,,34,37,,29,,,,,,35,+3,,-13,,,,,,-1,312,261,241,81,88,89,78,88,93,+3,0,-4
VERSAILLES,ESSONNE,LYCEE ILE DE FRANCE,VILLEBON SUR YVETTE,0910823A,91661,PR,67,20,,,,,,,87,99,100,,,,,,,99,98,97,,,,,,,98,+1,+3,,,,,,,+1,73,30,,,,,,,63,76,53,,,,,,,71,-3,-23,,,,,,,-8,83,88,100,86,98,100,87,94,98,-1,+4,+2
VERSAILLES,ESSONNE,LYCEE SAINT- LOUIS SAINT-CLEMENT,VIRY CHATILLON,0910826D,91687,PR,190,12,,,,,,,202,100,100,,,,,,,100,99,97,,,,,,,99,+1,+3,,,,,,,+1,83,67,,,,,,,82,81,51,,,,,,,79,+2,+16,,,,,,,+3,218,199,200,91,98,100,89,96,99,+2,+2,+1
VERSAILLES,HAUTS-DE-SEINE,LYCEE DESCARTES,ANTONY,0920130S,92002,PU,301,69,,,,,,,370,97,91,,,,,,,96,98,93,,,,,,,97,-1,-2,,,,,,,-1,73,51,,,,,,,69,75,38,,,,,,,68,-2,+13,,,,,,,+1,420,371,381,90,95,99,86,94,98,+4,+1,+1
VERSAILLES,HAUTS-DE-SEINE,LYCEE SAINTE MARIE LA CROIX,ANTONY,0920904H,92002,PR,333,,,,,,,,333,100,,,,,,,,100,100,,,,,,,,100,0,,,,,,,,0,98,,,,,,,,98,92,,,,,,,,92,+6,,,,,,,,+6,393,359,333,92,96,100,92,97,100,0,-1,0
VERSAILLES,HAUTS-DE-SEINE,LYCEE AUGUSTE RENOIR,ASNIERES SUR SEINE,0920131T,92004,PU,262,105,,,,,,,367,98,82,,,,,,,93,95,85,,,,,,,92,+3,-3,,,,,,,+1,61,28,,,,,,,51,60,25,,,,,,,50,+1,+3,,,,,,,+1,305,303,306,84,93,94,82,90,94,+2,+3,0
VERSAILLES,HAUTS-DE-SEINE,LYCEE SAINTE GENEVIEVE,ASNIERES SUR SEINE,0920889S,92004,PR,186,,,,,,,,186,99,,,,,,,,99,100,,,,,,,,100,-1,,,,,,,,-1,96,,,,,,,,96,95,,,,,,,,95,+1,,,,,,,,+1,203,194,186,96,98,100,92,97,100,+4,+1,0
VERSAILLES,HAUTS-DE-SEINE,LYCEE SAINT GABRIEL,BAGNEUX,0920894X,92007,PR,35,29,,,,,,,64,91,79,,,,,,,86,92,89,,,,,,,90,-1,-10,,,,,,,-4,54,17,,,,,,,38,45,30,,,,,,,38,+9,-13,,,,,,,0,41,69,62,85,89,92,79,88,92,+6,+1,0
VERSAILLES,HAUTS-DE-SEINE,LYCEE ALBERT CAMUS,BOIS COLOMBES,0920132U,92009,PU,275,69,,,,,,,344,98,87,,,,,,,96,98,94,,,,,,,98,0,-7,,,,,,,-2,70,19,,,,,,,60,77,40,,,,,,,69,-7,-21,,,,,,,-9,427,366,365,90,95,96,88,94,98,+2,+1,-2
VERSAILLES,HAUTS-DE-SEINE,LYCEE JACQUES PREVERT,BOULOGNE BILLANCOURT,0920134W,92012,PU,208,70,,,,,,,278,99,94,,,,,,,97,98,92,,,,,,,96,+1,+2,,,,,,,+1,70,37,,,,,,,62,68,37,,,,,,,60,+2,0,,,,,,,+2,259,302,278,87,95,98,85,93,97,+2,+2,+1
VERSAILLES,HAUTS-DE-SEINE,LYCEE NOTRE DAME,BOULOGNE BILLANCOURT,0920897A,92012,PR,375,31,,,,,,,406,100,100,,,,,,,100,100,99,,,,,,,100,0,+1,,,,,,,0,97,84,,,,,,,96,93,77,,,,,,,91,+4,+7,,,,,,,+5,437,420,408,94,98,100,92,97,100,+2,+1,0
VERSAILLES,HAUTS-DE-SEINE,LYCEE RAMBAM,BOULOGNE BILLANCOURT,0920898B,92012,PR,83,,,,,,,,83,100,,,,,,,,100,99,,,,,,,,99,+1,,,,,,,,+1,87,,,,,,,,87,81,,,,,,,,81,+6,,,,,,,,+6,103,93,85,91,94,99,91,97,99,0,-3,0
VERSAILLES,HAUTS-DE-SEINE,LYCEE SIMONE VEIL,BOULOGNE BILLANCOURT,0922801V,92012,PU,164,,,,23,,,,187,87,,,,91,,,,87,94,,,,92,,,,94,-7,,,,-1,,,,-7,40,,,,35,,,,39,48,,,,49,,,,48,-8,,,,-14,,,,-9,203,142,197,88,94,96,83,92,96,+5,+2,0
VERSAILLES,HAUTS-DE-SEINE,LYCEE NOTRE-DAME,BOURG LA REINE,0920906K,92014,PR,172,,,,,,,,172,100,,,,,,,,100,100,,,,,,,,100,0,,,,,,,,0,98,,,,,,,,98,93,,,,,,,,93,+5,,,,,,,,+5,217,192,178,94,99,100,92,97,100,+2,+2,0
VERSAILLES,HAUTS-DE-SEINE,LYCEE EMMANUEL MOUNIER,CHATENAY MALABRY,0920135X,92019,PU,187,103,,,,,,,290,99,87,,,,,,,95,97,91,,,,,,,95,+2,-4,,,,,,,0,64,31,,,,,,,52,62,33,,,,,,,52,+2,-2,,,,,,,0,233,276,295,86,92,96,83,91,95,+3,+1,+1
VERSAILLES,HAUTS-DE-SEINE,LYCEE SOPHIE BARAT,CHATENAY MALABRY,0920907L,92019,PR,160,54,,,7,26,,,247,100,98,,,100,100,,,100,100,99,,,ND,98,,,99,0,-1,,,ND,+2,,,+1,94,69,,,86,73,,,86,92,63,,,ND,59,,,82,+2,+6,,,ND,+14,,,+4,239,265,270,95,98,100,90,96,99,+5,+2,+1
VERSAILLES,HAUTS-DE-SEINE,LYCEE MISSAK ET MELINEE MANOUCHIAN (GENERAL ET TECHNO.),CHATENAY MALABRY,0921166T,92019,PU,59,,79,,20,47,,,205,86,,72,,95,85,,,81,95,,87,,93,86,,,90,-9,,-15,,+2,-1,,,-9,39,,27,,60,47,,,38,53,,30,,53,32,,,39,-14,,-3,,+7,+15,,,-1,121,202,207,66,82,88,77,87,92,-11,-5,-4
VERSAILLES,HAUTS-DE-SEINE,LYCEE SAINT THOMAS DE VILLENEUVE,CHAVILLE,0920908M,92022,PR,99,,,,,,,,99,100,,,,,,,,100,100,,,,,,,,100,0,,,,,,,,0,95,,,,,,,,95,92,,,,,,,,92,+3,,,,,,,,+3,159,125,126,92,98,100,92,97,100,0,+1,0
VERSAILLES,HAUTS-DE-SEINE,LYCEE JACQUES MONOD,CLAMART,0921555R,92023,PU,384,69,,,,,,,453,99,100,,,,,,,99,99,96,,,,,,,98,0,+4,,,,,,,+1,82,67,,,,,,,79,81,50,,,,,,,76,+1,+17,,,,,,,+3,519,475,475,89,97,100,88,95,98,+1,+2,+2
VERSAILLES,HAUTS-DE-SEINE,LYCEE NEWTON-ENREA (GENERAL ET TECHNO.),CLICHY,0920136Y,92024,PU,168,,59,,,,,,227,90,,71,,,,,,85,91,,72,,,,,,86,-1,,-1,,,,,,-1,36,,7,,,,,,28,39,,12,,,,,,32,-3,,-5,,,,,,-4,235,242,219,81,86,89,78,87,92,+3,-1,-3
VERSAILLES,HAUTS-DE-SEINE,LYCEE RENE AUFFRAY (GENERAL ET TECHNO.),CLICHY,0922149L,92024,PU,86,,,,,63,,26,175,95,,,,,81,,85,89,87,,,,,81,,89,85,+8,,,,,0,,-4,+4,34,,,,,37,,35,35,37,,,,,28,,38,34,-3,,,,,+9,,-3,+1,158,187,157,84,90,92,76,85,90,+8,+5,+2
VERSAILLES,HAUTS-DE-SEINE,LYCEE GUY DE MAUPASSANT,COLOMBES,0920137Z,92025,PU,239,116,,,,58,,,413,95,84,,,,84,,,91,92,84,,,,86,,,89,+3,0,,,,-2,,,+2,48,25,,,,34,,,39,46,23,,,,31,,,37,+2,+2,,,,+3,,,+2,342,401,428,83,89,92,79,87,91,+4,+2,+1
VERSAILLES,HAUTS-DE-SEINE,LYCEE JEANNE D ARC,COLOMBES,0921663H,92025,PR,177,28,,,,,,,205,100,100,,,,,,,100,99,98,,,,,,,99,+1,+2,,,,,,,+1,90,93,,,,,,,90,87,65,,,,,,,84,+3,+28,,,,,,,+6,218,225,210,96,99,100,91,96,99,+5,+3,+1
VERSAILLES,HAUTS-DE-SEINE,LYCEE PAUL LAPIE,COURBEVOIE,0920138A,92026,PU,296,70,,,,,,,366,94,86,,,,,,,92,98,89,,,,,,,96,-4,-3,,,,,,,-4,62,24,,,,,,,55,68,29,,,,,,,60,-6,-5,,,,,,,-5,360,332,384,87,93,93,84,93,97,+3,0,-4
VERSAILLES,HAUTS-DE-SEINE,LYCEE MONTALEMBERT,COURBEVOIE,0921484N,92026,PR,291,71,,,,,,,362,100,100,,,,,,,100,100,99,,,,,,,99,0,+1,,,,,,,+1,91,89,,,,,,,91,88,68,,,,,,,84,+3,+21,,,,,,,+7,396,371,352,96,98,99,90,96,99,+6,+2,0
VERSAILLES,HAUTS-DE-SEINE,LYCEE LUCIE AUBRAC,COURBEVOIE,0922615T,92026,PU,297,70,,,,,,,367,97,93,,,,,,,96,98,94,,,,,,,97,-1,-1,,,,,,,-1,75,26,,,,,,,66,73,41,,,,,,,67,+2,-15,,,,,,,-1,327,332,354,89,93,96,86,94,98,+3,-1,-2
VERSAILLES,HAUTS-DE-SEINE,LYCEE GALILEE,GENNEVILLIERS,0921156G,92036,PU,208,,60,,85,,,,353,95,,83,,88,,,,92,95,,76,,84,,,,89,0,,+7,,+4,,,,+3,63,,22,,35,,,,49,56,,17,,34,,,,44,+7,,+5,,+1,,,,+5,385,339,379,89,93,94,79,88,92,+10,+5,+2
VERSAILLES,HAUTS-DE-SEINE,LYCEE EUGENE IONESCO,ISSY LES MOULINEAUX,0922397F,92040,PU,202,,87,,,,,,289,100,,89,,,,,,96,99,,91,,,,,,96,+1,,-2,,,,,,0,80,,39,,,,,,67,78,,37,,,,,,66,+2,,+2,,,,,,+1,295,385,351,93,95,98,87,94,98,+6,+1,0
VERSAILLES,HAUTS-DE-SEINE,LYCEE LA SALLE ST NICOLAS (GENERAL ET TECHNO.),ISSY LES MOULINEAUX,0922653J,92040,PR,49,,16,,,,,,65,96,,100,,,,,,97,95,,96,,,,,,95,+1,,+4,,,,,,+2,43,,69,,,,,,49,52,,55,,,,,,52,-9,,+14,,,,,,-3,92,85,88,79,91,97,81,92,97,-2,-1,0
VERSAILLES,HAUTS-DE-SEINE,LYCEE MONTESQUIEU,LE PLESSIS ROBINSON,0922249V,92060,PU,134,67,,,,,,,201,87,90,,,,,,,88,94,92,,,,,,,94,-7,-2,,,,,,,-6,50,36,,,,,,,45,54,37,,,,,,,48,-4,-1,,,,,,,-3,195,207,231,81,91,95,82,91,95,-1,0,0
VERSAILLES,HAUTS-DE-SEINE,LYCEE LEONARD DE VINCI (GENERAL ET TECHNO.),LEVALLOIS PERRET,0921230M,92044,PU,314,74,59,,,,,,447,96,88,88,,,,,,94,97,92,87,,,,,,95,-1,-4,+1,,,,,,-1,56,43,25,,,,,,50,64,34,29,,,,,,54,-8,+9,-4,,,,,,-4,336,453,445,85,92,97,84,93,96,+1,-1,+1
VERSAILLES,HAUTS-DE-SEINE,LYCEE RABELAIS,MEUDON,0920798T,92048,PU,238,,,,,,,,238,98,,,,,,,,98,98,,,,,,,,98,0,,,,,,,,0,73,,,,,,,,73,75,,,,,,,,75,-2,,,,,,,,-2,342,221,214,89,96,98,88,96,99,+1,0,-1
VERSAILLES,HAUTS-DE-SEINE,LYCEE LA SOURCE,MEUDON,0920916W,92048,PR,65,,,,,,,,65,98,,,,,,,,98,99,,,,,,,,99,-1,,,,,,,,-1,80,,,,,,,,80,78,,,,,,,,78,+2,,,,,,,,+2,72,61,54,83,89,100,90,96,99,-7,-7,+1
VERSAILLES,HAUTS-DE-SEINE,LYCEE NOTRE-DAME,MEUDON,0920917X,92048,PR,202,,,,,,,,202,100,,,,,,,,100,100,,,,,,,,100,0,,,,,,,,0,100,,,,,,,,100,93,,,,,,,,93,+7,,,,,,,,+7,238,214,201,91,99,100,92,97,100,-1,+2,0
VERSAILLES,HAUTS-DE-SEINE,LYCEE JEANNE D ARC,MONTROUGE,0920918Y,92049,PR,88,,,,,,,,88,99,,,,,,,,99,99,,,,,,,,99,0,,,,,,,,0,88,,,,,,,,88,85,,,,,,,,85,+3,,,,,,,,+3,109,101,67,92,94,100,90,96,99,+2,-2,+1
VERSAILLES,HAUTS-DE-SEINE,LYCEE MAURICE GENEVOIX,MONTROUGE,0921399W,92049,PU,239,70,,,,,,,309,96,90,,,,,,,94,95,86,,,,,,,93,+1,+4,,,,,,,+1,52,29,,,,,,,47,55,25,,,,,,,48,-3,+4,,,,,,,-1,354,315,307,86,93,97,82,90,95,+4,+3,+2
VERSAILLES,HAUTS-DE-SEINE,LYCEE JOLIOT-CURIE (GENERAL ET TECHNO.),NANTERRE,0920141D,92050,PU,260,135,,,,60,,,455,88,80,,,,77,,,84,90,85,,,,87,,,88,-2,-5,,,,-10,,,-4,40,22,,,,28,,,33,40,25,,,,32,,,35,0,-3,,,,-4,,,-2,475,465,467,77,85,88,79,87,92,-2,-2,-4
VERSAILLES,HAUTS-DE-SEINE,LYCEE LOUIS PASTEUR,NEUILLY SUR SEINE,0920142E,92051,PU,237,,,,,,,,237,99,,,,,,,,99,99,,,,,,,,99,0,,,,,,,,0,76,,,,,,,,76,82,,,,,,,,82,-6,,,,,,,,-6,269,205,213,89,95,100,90,96,99,-1,-1,+1
VERSAILLES,HAUTS-DE-SEINE,LYCEE LA FOLIE SAINT-JAMES,NEUILLY SUR SEINE,0920143F,92051,PU,153,,,,,,,,153,92,,,,,,,,92,98,,,,,,,,98,-6,,,,,,,,-6,56,,,,,,,,56,67,,,,,,,,67,-11,,,,,,,,-11,165,138,146,90,93,97,87,95,98,+3,-2,-1
VERSAILLES,HAUTS-DE-SEINE,LYCEE SAINTE MARIE,NEUILLY SUR SEINE,0920875B,92051,PR,97,,,,,,,,97,100,,,,,,,,100,100,,,,,,,,100,0,,,,,,,,0,99,,,,,,,,99,97,,,,,,,,97,+2,,,,,,,,+2,127,96,85,98,100,100,94,98,100,+4,+2,0
VERSAILLES,HAUTS-DE-SEINE,LYCEE NOTRE DAME DE SAINTE-CROIX,NEUILLY SUR SEINE,0920919Z,92051,PR,200,,,,,,,,200,100,,,,,,,,100,100,,,,,,,,100,0,,,,,,,,0,98,,,,,,,,98,93,,,,,,,,93,+5,,,,,,,,+5,206,200,207,88,91,92,92,97,99,-4,-6,-7
VERSAILLES,HAUTS-DE-SEINE,LYCEE SAINT DOMINIQUE,NEUILLY SUR SEINE,0920921B,92051,PR,230,,,,,,,,230,100,,,,,,,,100,100,,,,,,,,100,0,,,,,,,,0,99,,,,,,,,99,94,,,,,,,,94,+5,,,,,,,,+5,243,231,232,95,98,100,93,97,100,+2,+1,0
VERSAILLES,HAUTS-DE-SEINE,LYCEE LA TRINITE (GENERAL ET TECHNO.),NEUILLY SUR SEINE,0920985W,92051,PR,74,,,,,,,,74,100,,,,,,,,100,98,,,,,,,,98,+2,,,,,,,,+2,72,,,,,,,,72,73,,,,,,,,73,-1,,,,,,,,-1,87,72,78,94,99,100,89,95,99,+5,+4,+1
VERSAILLES,HAUTS-DE-SEINE,LYCEE L'AGORA,PUTEAUX,0920144G,92062,PU,193,,63,,,,,,256,92,,90,,,,,,92,95,,85,,,,,,93,-3,,+5,,,,,,-1,51,,25,,,,,,45,58,,27,,,,,,50,-7,,-2,,,,,,-5,279,263,251,84,92,94,82,91,95,+2,+1,-1
VERSAILLES,HAUTS-DE-SEINE,LYCEE RICHELIEU,RUEIL MALMAISON,0920799U,92063,PU,511,,113,,,,,,624,97,,90,,,,,,96,98,,90,,,,,,97,-1,,0,,,,,,-1,69,,40,,,,,,64,75,,39,,,,,,69,-6,,+1,,,,,,-5,509,578,585,89,94,97,87,94,98,+2,0,-1
VERSAILLES,HAUTS-DE-SEINE,LYCEE LA SALLE PASSY BUZENVAL,RUEIL MALMAISON,0920928J,92063,PR,315,,30,,,,,,345,100,,100,,,,,,100,99,,99,,,,,,99,+1,,+1,,,,,,+1,90,,83,,,,,,90,86,,80,,,,,,86,+4,,+3,,,,,,+4,386,376,354,94,99,100,90,96,99,+4,+3,+1
VERSAILLES,HAUTS-DE-SEINE,LYCEE MADELEINE DANIELOU,RUEIL MALMAISON,0921365J,92063,PR,128,,,,,,,,128,100,,,,,,,,100,100,,,,,,,,100,0,,,,,,,,0,99,,,,,,,,99,98,,,,,,,,98,+1,,,,,,,,+1,183,135,140,94,98,99,94,98,100,0,0,-1
VERSAILLES,HAUTS-DE-SEINE,LYCEE GUSTAVE EIFFEL (GENERAL ET TECHNO.),RUEIL MALMAISON,0922398G,92063,PU,58,61,,,,,,,119,100,85,,,,,,,92,99,90,,,,,,,95,+1,-5,,,,,,,-3,74,38,,,,,,,55,80,34,,,,,,,56,-6,+4,,,,,,,-1,128,125,125,73,85,92,84,92,95,-11,-7,-3
VERSAILLES,HAUTS-DE-SEINE,LYCEE ALEXANDRE DUMAS,SAINT CLOUD,0920801W,92064,PU,420,69,,,,,,,489,99,93,,,,,,,98,99,95,,,,,,,98,0,-2,,,,,,,0,72,36,,,,,,,67,77,43,,,,,,,73,-5,-7,,,,,,,-6,508,467,450,93,98,99,88,95,98,+5,+3,+1
VERSAILLES,HAUTS-DE-SEINE,LYCEE LAKANAL,SCEAUX,0920145H,92071,PU,306,36,,,,,,,342,100,97,,,,,,,99,99,97,,,,,,,99,+1,0,,,,,,,0,86,61,,,,,,,83,85,51,,,,,,,81,+1,+10,,,,,,,+2,358,346,349,89,97,99,88,96,99,+1,+1,0
VERSAILLES,HAUTS-DE-SEINE,LYCEE MARIE CURIE,SCEAUX,0920146J,92071,PU,339,,,,,,,,339,99,,,,,,,,99,99,,,,,,,,99,0,,,,,,,,0,83,,,,,,,,83,79,,,,,,,,79,+4,,,,,,,,+4,374,292,318,96,98,99,89,96,99,+7,+2,0
VERSAILLES,HAUTS-DE-SEINE,LYCEE JEAN-PIERRE VERNANT,SEVRES,0920802X,92072,PU,374,73,,30,,,,,477,97,86,,97,,,,,95,99,89,,99,,,,,97,-2,-3,,-2,,,,,-2,74,27,,80,,,,,67,79,27,,81,,,,,71,-5,0,,-1,,,,,-4,444,462,477,93,96,97,87,94,98,+6,+2,-1
VERSAILLES,HAUTS-DE-SEINE,LYCEE PAUL LANGEVIN,SURESNES,0920147K,92073,PU,225,70,,,37,,,,332,96,91,,,97,,,,95,96,89,,,91,,,,94,0,+2,,,+6,,,,+1,56,27,,,54,,,,50,59,30,,,48,,,,52,-3,-3,,,+6,,,,-2,309,388,360,88,91,98,83,91,95,+5,0,+3
VERSAILLES,HAUTS-DE-SEINE,LYCEE MICHELET,VANVES,0920149M,92075,PU,358,,,,,,,,358,97,,,,,,,,97,98,,,,,,,,98,-1,,,,,,,,-1,74,,,,,,,,74,77,,,,,,,,77,-3,,,,,,,,-3,482,361,381,94,97,99,88,96,99,+6,+1,0
VERSAILLES,HAUTS-DE-SEINE,LYCEE SUGER,VAUCRESSON,0920937U,92076,PR,30,13,,,,,,,43,100,92,,,,,,,98,96,92,,,,,,,95,+4,0,,,,,,,+3,47,15,,,,,,,37,62,37,,,,,,,55,-15,-22,,,,,,,-18,39,72,65,78,92,100,82,91,95,-4,+1,+5
VERSAILLES,HAUTS-DE-SEINE,LYCEE TOULOUSE LAUTREC,VAUCRESSON,0921935D,92076,PU,16,9,,,,,,,25,100,100,,,,,,,100,ND,ND,,,,,,,ND,ND,ND,,,,,,,ND,44,44,,,,,,,44,ND,ND,,,,,,,ND,ND,ND,,,,,,,ND,25,33,34,100,100,100,ND,ND,ND,ND,ND,ND
VERSAILLES,HAUTS-DE-SEINE,LYCEE MICHEL ANGE,VILLENEUVE LA GARENNE,0921594H,92078,PU,139,89,,,,,,,228,85,79,,,,,,,82,88,85,,,,,,,86,-3,-6,,,,,,,-4,30,18,,,,,,,25,36,24,,,,,,,31,-6,-6,,,,,,,-6,179,208,223,81,84,87,76,86,90,+5,-2,-3
VERSAILLES,VAL-D'OISE,LYCEE JULIE-VICTOIRE DAUBIE,ARGENTEUIL,0950640E,95018,PU,229,106,,,,,,,335,92,81,,,,,,,89,94,86,,,,,,,91,-2,-5,,,,,,,-2,51,27,,,,,,,44,51,26,,,,,,,43,0,+1,,,,,,,+1,273,290,311,87,90,94,81,89,93,+6,+1,+1
VERSAILLES,VAL-D'OISE,LYCEE JEAN JAURES (GENERAL ET TECHNO.),ARGENTEUIL,0950641F,95018,PU,155,,90,,,,,,245,75,,69,,,,,,73,85,,75,,,,,,81,-10,,-6,,,,,,-8,26,,11,,,,,,21,32,,14,,,,,,25,-6,,-3,,,,,,-4,139,242,225,67,79,84,73,84,89,-6,-5,-5
VERSAILLES,VAL-D'OISE,LYCEE GEORGES BRAQUE (GENERAL ET TECHNO.),ARGENTEUIL,0950666H,95018,PU,260,155,,,,,,,415,90,83,,,,,,,88,88,83,,,,,,,86,+2,0,,,,,,,+2,43,30,,,,,,,38,38,23,,,,,,,32,+5,+7,,,,,,,+6,341,353,358,87,89,91,77,85,90,+10,+4,+1
VERSAILLES,VAL-D'OISE,LYCEE FERNAND ET NADIA LEGER (GENERAL ET TECHNO.),ARGENTEUIL,0951811C,95018,PU,90,,,,,62,,,152,81,,,,,89,,,84,78,,,,,85,,,81,+3,,,,,+4,,,+3,21,,,,,39,,,28,23,,,,,33,,,27,-2,,,,,+6,,,+1,113,149,127,84,89,92,75,83,88,+9,+6,+4
VERSAILLES,VAL-D'OISE,LYCEE SAINT JOSEPH,ARGENTEUIL,0952208J,95018,PR,88,,,,,,,,88,99,,,,,,,,99,99,,,,,,,,99,0,,,,,,,,0,83,,,,,,,,83,76,,,,,,,,76,+7,,,,,,,,+7,128,99,95,91,97,98,90,96,99,+1,+1,-1
VERSAILLES,VAL-D'OISE,LYCEE EVARISTE GALOIS (GENERAL ET TECHNO.),BEAUMONT SUR OISE,0951748J,95052,PU,215,36,,,,34,,,285,84,89,,,,65,,,82,93,93,,,,88,,,92,-9,-4,,,,-23,,,-10,41,33,,,,26,,,38,51,43,,,,38,,,49,-10,-10,,,,-12,,,-11,287,281,270,82,88,89,83,91,95,-1,-3,-6
VERSAILLES,VAL-D'OISE,LYCEE EUGENE RONCERAY (GENERAL ET TECHNO.),BEZONS,0952173W,95063,PU,136,,,,,,,,136,85,,,,,,,,85,84,,,,,,,,84,+1,,,,,,,,+1,31,,,,,,,,31,32,,,,,,,,32,-1,,,,,,,,-1,192,174,135,88,91,91,79,88,92,+9,+3,-1
VERSAILLES,VAL-D'OISE,LYCEE JULES VERNE (GENERAL ET TECHNO.),CERGY,0951756T,95127,PU,228,,75,,,,,,303,94,,95,,,,,,94,97,,86,,,,,,94,-3,,+9,,,,,,0,60,,32,,,,,,53,65,,28,,,,,,56,-5,,+4,,,,,,-3,342,291,291,85,92,96,84,92,96,+1,0,0
VERSAILLES,VAL-D'OISE,LYCEE ALFRED KASTLER,CERGY PONTOISE,0951399E,95127,PU,251,82,,,,,,,333,89,91,,,,,,,89,91,87,,,,,,,90,-2,+4,,,,,,,-1,47,26,,,,,,,42,45,24,,,,,,,40,+2,+2,,,,,,,+2,306,304,310,77,87,92,79,88,93,-2,-1,-1
VERSAILLES,VAL-D'OISE,LYCEE GALILEE,CERGY PONTOISE,0951637N,95127,PU,209,71,89,,,,,,369,92,92,81,,,,,,89,96,90,79,,,,,,91,-4,+2,+2,,,,,,-2,58,32,33,,,,,,47,59,30,21,,,,,,44,-1,+2,+12,,,,,,+3,298,368,365,80,88,92,81,90,94,-1,-2,-2
VERSAILLES,VAL-D'OISE,LYCEE CAMILLE SAINT-SAENS,DEUIL LA BARRE,0951922Y,95197,PU,310,165,,,,,,,475,87,78,,,,,,,84,92,84,,,,,,,89,-5,-6,,,,,,,-5,46,21,,,,,,,37,47,23,,,,,,,39,-1,-2,,,,,,,-2,433,369,440,79,88,89,79,88,92,0,0,-3
VERSAILLES,VAL-D'OISE,LYCEE GEORGE SAND (GENERAL ET TECHNO.),DOMONT,0951788C,95199,PU,346,69,,,,,,,415,93,90,,,,,,,93,95,92,,,,,,,95,-2,-2,,,,,,,-2,53,23,,,,,,,48,59,37,,,,,,,55,-6,-14,,,,,,,-7,454,413,415,90,94,96,85,92,96,+5,+2,0
VERSAILLES,VAL-D'OISE,LYCEE LOUIS ARMAND (GENERAL ET TECHNO.),EAUBONNE,0951974E,95203,PU,311,,,,,,,,311,95,,,,,,,,95,95,,,,,,,,95,0,,,,,,,,0,59,,,,,,,,59,56,,,,,,,,56,+3,,,,,,,,+3,364,304,316,92,96,97,84,93,97,+8,+3,0
VERSAILLES,VAL-D'OISE,LYCEE NOTRE DAME DE LA PROVIDENCE,ENGHIEN LES BAINS,0950753C,95210,PR,185,,,,,,,,185,100,,,,,,,,100,99,,,,,,,,99,+1,,,,,,,,+1,84,,,,,,,,84,84,,,,,,,,84,0,,,,,,,,0,248,171,173,88,96,100,90,96,99,-2,0,+1
VERSAILLES,VAL-D'OISE,LYCEE GUSTAVE MONOD (GENERAL ET TECHNO.),ENGHIEN LES BAINS,0952196W,95210,PU,342,71,88,,,,,,501,92,90,76,,,,,,89,95,92,80,,,,,,92,-3,-2,-4,,,,,,-3,60,44,18,,,,,,50,57,37,22,,,,,,48,+3,+7,-4,,,,,,+2,450,532,544,81,90,92,82,91,95,-1,-1,-3
VERSAILLES,VAL-D'OISE,LYCEE VAN GOGH,ERMONT,0950645K,95219,PU,345,107,,,,,,,452,96,90,,,,,,,95,96,91,,,,,,,95,0,-1,,,,,,,0,63,47,,,,,,,59,62,35,,,,,,,55,+1,+12,,,,,,,+4,490,434,485,84,91,94,84,92,96,0,-1,-2
VERSAILLES,VAL-D'OISE,LYCEE CHARLES BAUDELAIRE (GENERAL ET TECHNO.),FOSSES,0951727L,95250,PU,159,62,,,,,,,221,86,76,,,,,,,83,88,87,,,,,,,88,-2,-11,,,,,,,-5,45,24,,,,,,,39,39,25,,,,,,,35,+6,-1,,,,,,,+4,181,199,211,82,84,86,79,86,91,+3,-2,-5
VERSAILLES,VAL-D'OISE,LYCEE JEAN MONNET,FRANCONVILLE,0951722F,95252,PU,304,73,,,52,,,,429,91,89,,,92,,,,91,92,87,,,86,,,,91,-1,+2,,,+6,,,,0,55,23,,,35,,,,47,47,27,,,37,,,,43,+8,-4,,,-2,,,,+4,412,398,423,84,91,94,80,89,93,+4,+2,+1
VERSAILLES,VAL-D'OISE,LYCEE JEANNE D'ARC (GENERAL ET TECHNO.),FRANCONVILLE LA GARENNE,0950812S,95252,PR,56,,,,,,,,56,100,,,,,,,,100,99,,,,,,,,99,+1,,,,,,,,+1,93,,,,,,,,93,85,,,,,,,,85,+8,,,,,,,,+8,88,87,81,93,99,100,91,97,99,+2,+2,+1
VERSAILLES,VAL-D'OISE,LYCEE SIMONE DE BEAUVOIR,GARGES LES GONESSE,0951766D,95268,PU,243,66,47,,,,,,356,87,89,55,,,,,,83,82,81,61,,,,,,79,+5,+8,-6,,,,,,+4,41,33,2,,,,,,35,30,22,9,,,,,,26,+11,+11,-7,,,,,,+9,379,356,359,80,87,88,73,82,86,+7,+5,+2
VERSAILLES,VAL-D'OISE,LYCEE RENE CASSIN,GONESSE,0950646L,95277,PU,310,122,,,44,69,,,545,93,90,,,82,94,,,91,90,85,,,81,79,,,87,+3,+5,,,+1,+15,,,+4,49,32,,,34,46,,,43,43,27,,,32,28,,,37,+6,+5,,,+2,+18,,,+6,504,513,494,87,92,94,77,86,90,+10,+6,+4
VERSAILLES,VAL-D'OISE,LYCEE ROMAIN ROLLAND (GENERAL ET TECHNO.),GOUSSAINVILLE,0950667J,95280,PU,222,99,60,,,,,,381,82,80,82,,,,,,81,89,84,76,,,,,,85,-7,-4,+6,,,,,,-4,39,20,32,,,,,,33,40,22,18,,,,,,32,-1,-2,+14,,,,,,+1,419,327,398,73,85,86,75,85,89,-2,0,-3
VERSAILLES,VAL-D'OISE,LYCEE MONTESQUIEU,HERBLAY SUR SEINE,0951723G,95306,PU,374,102,,,,,,,476,95,76,,,,,,,91,97,90,,,,,,,95,-2,-14,,,,,,,-4,54,23,,,,,,,47,62,34,,,,,,,56,-8,-11,,,,,,,-9,429,372,381,82,89,94,85,93,96,-3,-4,-2
VERSAILLES,VAL-D'OISE,LYCEE DE L HAUTIL (GENERAL ET TECHNO.),JOUY LE MOUTIER,0951824S,95323,PU,101,71,,,,,,,172,94,76,,,,,,,87,93,87,,,,,,,90,+1,-11,,,,,,,-3,45,11,,,,,,,31,49,26,,,,,,,39,-4,-15,,,,,,,-8,151,144,197,77,87,92,79,89,93,-2,-2,-1
VERSAILLES,VAL-D'OISE,LYCEE FRAGONARD,L ISLE ADAM,0951147F,95313,PU,312,95,,,,,,,407,95,77,,,,,,,90,98,92,,,,,,,96,-3,-15,,,,,,,-6,54,26,,,,,,,48,67,35,,,,,,,60,-13,-9,,,,,,,-12,452,383,419,86,92,93,86,93,97,0,-1,-4
VERSAILLES,VAL-D'OISE,LYCEE PAUL RICOEUR,LOUVRES,0952158E,95351,PR,59,,,,,,,,59,97,,,,,,,,97,97,,,,,,,,97,0,,,,,,,,0,64,,,,,,,,64,62,,,,,,,,62,+2,,,,,,,,+2,85,94,61,96,98,100,87,94,98,+9,+4,+2
VERSAILLES,VAL-D'OISE,LYCEE GERARD DE NERVAL,LUZARCHES,0950647M,95352,PU,203,72,,,,,,,275,95,90,,,,,,,94,96,92,,,,,,,95,-1,-2,,,,,,,-1,65,54,,,,,,,62,61,34,,,,,,,54,+4,+20,,,,,,,+8,288,269,293,87,91,95,83,92,96,+4,-1,-1
VERSAILLES,VAL-D'OISE,LYCEE NOTRE-DAME DE BURY,MARGENCY,0950759J,95369,PR,212,32,,,,,,,244,100,100,,,,,,,100,99,99,,,,,,,99,+1,+1,,,,,,,+1,89,81,,,,,,,88,86,64,,,,,,,83,+3,+17,,,,,,,+5,286,271,247,89,96,100,90,96,99,-1,0,+1
VERSAILLES,VAL-D'OISE,LYCEE JEAN-JACQUES ROUSSEAU,MONTMORENCY,0950648N,95428,PU,265,69,,,,,,,334,94,97,,,,,,,95,94,90,,,,,,,93,0,+7,,,,,,,+2,49,23,,,,,,,44,55,28,,,,,,,49,-6,-5,,,,,,,-5,340,334,349,93,95,96,83,91,95,+10,+4,+1
VERSAILLES,VAL-D'OISE,LYCEE PAUL-EMILE VICTOR (GENERAL ET TECHNO.),OSNY,0951937P,95476,PU,126,,,,,,,,126,94,,,,,,,,94,96,,,,,,,,96,-2,,,,,,,,-2,62,,,,,,,,62,63,,,,,,,,63,-1,,,,,,,,-1,237,150,141,91,98,99,87,94,98,+4,+4,+1
VERSAILLES,VAL-D'OISE,LYCEE CAMILLE PISSARRO (GENERAL ET TECHNO.),PONTOISE,0950649P,95500,PU,265,98,,,,103,,,466,95,87,,,,78,,,89,96,87,,,,88,,,92,-1,0,,,,-10,,,-3,65,18,,,,27,,,47,62,25,,,,36,,,48,+3,-7,,,,-9,,,-1,412,453,453,82,91,92,81,90,94,+1,+1,-2
VERSAILLES,VAL-D'OISE,LYCEE NOTRE DAME DE LA COMPASSION (GENERAL ET TECHNO.),PONTOISE,0950761L,95500,PR,185,16,,,,13,,,214,100,100,,,,100,,,100,100,98,,,,99,,,99,0,+2,,,,+1,,,+1,88,56,,,,77,,,85,88,61,,,,71,,,85,0,-5,,,,+6,,,0,261,234,215,92,99,100,91,97,99,+1,+2,+1
VERSAILLES,VAL-D'OISE,LYCEE SAINT MARTIN DE FRANCE,PONTOISE,0950762M,95500,PR,111,,,,,,,,111,95,,,,,,,,95,97,,,,,,,,97,-2,,,,,,,,-2,52,,,,,,,,52,63,,,,,,,,63,-11,,,,,,,,-11,149,145,124,78,86,97,85,94,98,-7,-8,-1
VERSAILLES,VAL-D'OISE,LYCEE VAUBAN (GENERAL ET TECHNO.),PONTOISE,0951221L,95500,PR,59,20,,,,,,,79,98,100,,,,,,,99,99,98,,,,,,,99,-1,+2,,,,,,,0,81,85,,,,,,,82,85,67,,,,,,,80,-4,+18,,,,,,,+2,94,71,76,84,92,99,89,96,99,-5,-4,0
VERSAILLES,VAL-D'OISE,LYCEE JEAN PERRIN (GENERAL ET TECHNO.),SAINT OUEN L AUMONE,0951104J,95572,PU,64,,119,,19,,,,202,91,,87,,89,,,,88,96,,88,,92,,,,91,-5,,-1,,-3,,,,-3,56,,31,,42,,,,40,62,,34,,50,,,,44,-6,,-3,,-8,,,,-4,157,206,204,82,87,92,79,89,94,+3,-2,-2
VERSAILLES,VAL-D'OISE,LYCEE EDMOND ROSTAND (GENERAL ET TECHNO.),SAINT OUEN L AUMONE,0951728M,95572,PU,175,73,,,,,,,248,87,82,,,,,,,85,91,85,,,,,,,89,-4,-3,,,,,,,-4,42,23,,,,,,,37,43,23,,,,,,,37,-1,0,,,,,,,0,261,252,259,81,89,91,80,88,92,+1,+1,-1
VERSAILLES,VAL-D'OISE,LYCEE LEONARD DE VINCI,SAINT WITZ,0951753P,95580,PU,160,34,,,,,,,194,97,97,,,,,,,97,97,90,,,,,,,96,0,+7,,,,,,,+1,61,56,,,,,,,60,61,32,,,,,,,56,0,+24,,,,,,,+4,239,167,229,89,97,98,84,93,97,+5,+4,+1
VERSAILLES,VAL-D'OISE,LYCEE NOTRE-DAME,SANNOIS,0950785M,95582,PR,163,,28,,,,,,191,100,,100,,,,,,100,100,,98,,,,,,99,0,,+2,,,,,,+1,93,,89,,,,,,93,89,,74,,,,,,87,+4,,+15,,,,,,+6,216,203,186,87,97,100,91,97,99,-4,0,+1
VERSAILLES,VAL-D'OISE,LYCEE JEAN-JACQUES ROUSSEAU (GENERAL ET TECHNO.),SARCELLES,0950650R,95585,PU,304,140,,,,99,,,543,89,85,,,,83,,,87,85,80,,,,81,,,83,+4,+5,,,,+2,,,+4,40,16,,,,32,,,32,33,20,,,,28,,,29,+7,-4,,,,+4,,,+3,375,495,572,88,89,90,75,84,88,+13,+5,+2
VERSAILLES,VAL-D'OISE,LYCEE LA SALLE - SAINT ROSAIRE,SARCELLES,0950786N,95585,PR,128,30,,,,22,,,180,98,100,,,,95,,,98,99,94,,,,97,,,98,-1,+6,,,,-2,,,0,86,63,,,,45,,,77,76,42,,,,59,,,68,+10,+21,,,,-14,,,+9,215,191,180,91,96,99,87,94,98,+4,+2,+1
VERSAILLES,VAL-D'OISE,LYCEE MARYSE CONDE (GENERAL ET TECHNO.),SARCELLES,0950947N,95585,PU,164,,108,,,,,,272,68,,55,,,,,,63,73,,62,,,,,,69,-5,,-7,,,,,,-6,24,,12,,,,,,19,22,,10,,,,,,17,+2,,+2,,,,,,+2,318,206,246,61,66,69,68,77,81,-7,-11,-12
VERSAILLES,VAL-D'OISE,LYCEE TORAT EMET,SARCELLES,0951048Y,95585,PR,31,,,,,,,,31,100,,,,,,,,100,ND,,,,,,,,ND,ND,,,,,,,,ND,84,,,,,,,,84,ND,,,,,,,,ND,ND,,,,,,,,ND,27,36,28,89,96,100,ND,ND,ND,ND,ND,ND
VERSAILLES,VAL-D'OISE,LYCEE OZAR HATORAH,SARCELLES,0951940T,95585,PR,20,,,,,,,,20,95,,,,,,,,95,ND,,,,,,,,ND,ND,,,,,,,,ND,40,,,,,,,,40,ND,,,,,,,,ND,ND,,,,,,,,ND,12,14,14,68,88,95,ND,ND,ND,ND,ND,ND
VERSAILLES,VAL-D'OISE,LYCEE JACQUES PREVERT,TAVERNY,0950651S,95607,PU,225,104,,,,,,,329,94,72,,,,,,,87,97,89,,,,,,,94,-3,-17,,,,,,,-7,63,26,,,,,,,51,65,30,,,,,,,54,-2,-4,,,,,,,-3,303,331,311,82,86,89,84,92,95,-2,-6,-6
VERSAILLES,VAL-D'OISE,LYCEE LOUIS JOUVET (GENERAL ET TECHNO.),TAVERNY,0951763A,95607,PU,208,,60,,,68,,,336,96,,87,,,82,,,91,96,,84,,,89,,,92,0,,+3,,,-7,,,-1,53,,23,,,41,,,46,58,,26,,,38,,,49,-5,,-3,,,+3,,,-3,325,362,332,84,91,94,82,91,95,+2,0,-1
VERSAILLES,VAL-D'OISE,LYCEE CAMILLE CLAUDEL (GENERAL ET TECHNO.),VAUREAL,0951710T,95637,PU,256,71,,30,,,,,357,94,93,,100,,,,,94,97,92,,99,,,,,96,-3,+1,,+1,,,,,-2,61,37,,90,,,,,59,65,35,,84,,,,,61,-4,+2,,+6,,,,,-2,409,404,411,89,94,95,85,93,97,+4,+1,-2
VERSAILLES,VAL-D'OISE,LYCEE O R T (GENERAL ET TECHNO.),VILLIERS LE BEL,0951994B,95680,PR,55,27,,,,,,,82,100,93,,,,,,,98,97,97,,,,,,,97,+3,-4,,,,,,,+1,62,52,,,,,,,59,61,49,,,,,,,57,+1,+3,,,,,,,+2,72,69,74,91,92,98,86,93,97,+5,-1,+1
VERSAILLES,YVELINES,LYCEE LOUISE WEISS (GENERAL ET TECHNO.),ACHERES,0781950W,78005,PU,125,,,,,70,,,195,91,,,,,86,,,89,91,,,,,87,,,90,0,,,,,-1,,,-1,46,,,,,44,,,46,45,,,,,36,,,42,+1,,,,,+8,,,+4,205,191,175,84,93,94,81,89,93,+3,+4,+1
VERSAILLES,YVELINES,LYCEE VINCENT VAN GOGH,AUBERGENVILLE,0781859X,78029,PU,304,77,,,,,,,381,94,87,,,,,,,93,96,89,,,,,,,95,-2,-2,,,,,,,-2,57,35,,,,,,,53,61,31,,,,,,,55,-4,+4,,,,,,,-2,430,383,388,89,95,98,84,92,96,+5,+3,+2
VERSAILLES,YVELINES,LYCEE FRANCO ALLEMAND,BUC,0783548H,78117,PU,142,,,,,,,,142,99,,,,,,,,99,100,,,,,,,,100,-1,,,,,,,,-1,92,,,,,,,,92,94,,,,,,,,94,-2,,,,,,,,-2,161,150,168,94,98,100,92,97,100,+2,+1,0
VERSAILLES,YVELINES,LYCEE LES PIERRES VIVES,CARRIERES SUR SEINE,0781860Y,78124,PU,432,,56,,,,,,488,98,,89,,,,,,97,98,,95,,,,,,98,0,,-6,,,,,,-1,70,,41,,,,,,67,75,,57,,,,,,73,-5,,-16,,,,,,-6,506,413,422,92,96,98,88,95,99,+4,+1,-1
VERSAILLES,YVELINES,LYCEE JULES FERRY,CONFLANS SAINTE HONORINE,0781845G,78172,PU,301,106,,,,,,,407,98,95,,,,,,,97,97,89,,,,,,,95,+1,+6,,,,,,,+2,67,40,,,,,,,60,66,32,,,,,,,57,+1,+8,,,,,,,+3,514,439,418,91,98,99,85,93,96,+6,+5,+3
VERSAILLES,YVELINES,LYCEE D'HOTELLERIE ET DE TOURISME (GENERAL ET TECHNO.),GUYANCOURT,0781578S,78297,PU,,23,,,,,,56,79,,91,,,,,,89,90,,90,,,,,,97,95,,+1,,,,,,-8,-5,,17,,,,,,52,42,,31,,,,,,58,50,,-14,,,,,,-6,-8,37,56,53,84,86,92,82,89,93,+2,-3,-1
VERSAILLES,YVELINES,LYCEE DE VILLAROY,GUYANCOURT,0781949V,78297,PU,147,91,53,,,,,,291,97,79,77,,,,,,88,95,89,85,,,,,,92,+2,-10,-8,,,,,,-4,59,14,26,,,,,,39,58,29,24,,,,,,43,+1,-15,+2,,,,,,-4,266,320,301,78,88,92,82,90,94,-4,-2,-2
VERSAILLES,YVELINES,LYCEE PIERRE CORNEILLE (GENERAL ET TECHNO.),LA CELLE SAINT CLOUD,0782822U,78126,PU,265,81,,,,,,,346,96,91,,,,,,,95,98,92,,,,,,,96,-2,-1,,,,,,,-1,63,36,,,,,,,57,70,35,,,,,,,62,-7,+1,,,,,,,-5,342,338,327,87,93,98,85,93,97,+2,0,+1
VERSAILLES,YVELINES,LYCEE JEAN MONNET (GENERAL ET TECHNO.),LA QUEUE LES YVELINES,0781839A,78513,PU,285,68,,,,,,,353,98,97,,,,,,,98,98,97,,,,,,,98,0,0,,,,,,,0,67,60,,,,,,,66,73,53,,,,,,,69,-6,+7,,,,,,,-3,337,340,330,94,98,99,89,95,98,+5,+3,+1
VERSAILLES,YVELINES,LYCEE BLANCHE DE CASTILLE,LE CHESNAY ROCQUENCOURT,0783282U,78158,PR,216,,,28,,,,,244,100,,,100,,,,,100,99,,,99,,,,,99,+1,,,+1,,,,,+1,92,,,89,,,,,92,87,,,91,,,,,87,+5,,,-2,,,,,+5,304,244,245,93,100,100,91,97,99,+2,+3,+1
VERSAILLES,YVELINES,LYCEE ALAIN,LE VESINET,0782568T,78650,PU,346,,,,,,,,346,100,,,,,,,,100,99,,,,,,,,99,+1,,,,,,,,+1,86,,,,,,,,86,82,,,,,,,,82,+4,,,,,,,,+4,443,334,379,92,98,99,89,96,99,+3,+2,0
VERSAILLES,YVELINES,LYCEE LE BON SAUVEUR,LE VESINET,0783297K,78650,PR,175,,,,,,,,175,100,,,,,,,,100,99,,,,,,,,99,+1,,,,,,,,+1,83,,,,,,,,83,87,,,,,,,,87,-4,,,,,,,,-4,174,169,172,91,98,100,91,97,99,0,+1,+1
VERSAILLES,YVELINES,LYCEE FRANCOIS VILLON,LES MUREAUX,0780422K,78440,PU,262,71,,,,34,,,367,93,94,,,,97,,,93,94,90,,,,88,,,92,-1,+4,,,,+9,,,+1,46,42,,,,56,,,46,49,30,,,,36,,,44,-3,+12,,,,+20,,,+2,497,386,360,80,92,94,82,91,94,-2,+1,0
VERSAILLES,YVELINES,LYCEE CONDORCET (GENERAL ET TECHNO.),LIMAY,0781884Z,78335,PU,210,72,,,,,,,282,92,93,,,,,,,93,94,90,,,,,,,93,-2,+3,,,,,,,0,49,40,,,,,,,47,53,32,,,,,,,47,-4,+8,,,,,,,0,361,279,317,87,94,95,83,91,95,+4,+3,0
VERSAILLES,YVELINES,LYCEE LEOPOLD SEDAR SENGHOR (GENERAL ET TECHNO.),MAGNANVILLE,0781951X,78354,PU,172,53,,,,30,,,255,97,94,,,,93,,,96,96,94,,,,94,,,95,+1,0,,,,-1,,,+1,57,43,,,,27,,,51,56,39,,,,45,,,51,+1,+4,,,,-18,,,0,331,251,253,84,95,97,83,93,96,+1,+2,+1
VERSAILLES,YVELINES,LYCEE L'ERMITAGE,MAISONS LAFFITTE,0783283V,78358,PR,83,,,,,,,,83,100,,,,,,,,100,100,,,,,,,,100,0,,,,,,,,0,96,,,,,,,,96,92,,,,,,,,92,+4,,,,,,,,+4,95,105,92,88,96,100,91,97,100,-3,-1,0
VERSAILLES,YVELINES,LYCEE ST EXUPERY,MANTES LA JOLIE,0782539L,78361,PU,313,135,,,,52,,,500,93,84,,,,90,,,91,93,84,,,,86,,,90,0,0,,,,+4,,,+1,53,24,,,,35,,,43,52,24,,,,33,,,42,+1,0,,,,+2,,,+1,443,497,452,86,91,93,80,89,93,+6,+2,0
VERSAILLES,YVELINES,LYCEE JEAN ROSTAND (GENERAL ET TECHNO.),MANTES LA JOLIE,0782540M,78361,PU,88,60,59,,,,,,207,78,87,73,,,,,,79,75,77,79,,,,,,77,+3,+10,-6,,,,,,+2,16,20,14,,,,,,16,21,16,21,,,,,,19,-5,+4,-7,,,,,,-3,257,196,205,65,82,86,71,80,85,-6,+2,+1
VERSAILLES,YVELINES,LYCEE NOTRE DAME,MANTES LA JOLIE,0783289B,78361,PR,158,36,,,,,,,194,99,100,,,,,,,99,99,98,,,,,,,99,0,+2,,,,,,,0,83,89,,,,,,,84,85,65,,,,,,,81,-2,+24,,,,,,,+3,215,209,166,89,97,99,89,96,99,0,+1,0
VERSAILLES,YVELINES,LYCEE LOUIS DE BROGLIE,MARLY LE ROI,0781861Z,78372,PU,296,,,,,,,,296,98,,,,,,,,98,99,,,,,,,,99,-1,,,,,,,,-1,82,,,,,,,,82,76,,,,,,,,76,+6,,,,,,,,+6,303,268,299,95,98,99,89,96,99,+6,+2,0
VERSAILLES,YVELINES,LYCEE LES SEPT MARES,MAUREPAS,0780515L,78383,PU,222,,,,,35,,,257,98,,,,,94,,,97,98,,,,,92,,,97,0,,,,,+2,,,0,71,,,,,40,,,67,70,,,,,45,,,67,+1,,,,,-5,,,0,340,219,262,94,98,98,87,94,98,+7,+4,0
VERSAILLES,YVELINES,LYCEE DUMONT D'URVILLE (GENERAL ET TECHNO.),MAUREPAS,0781883Y,78383,PU,103,62,,,,,,,165,97,87,,,,,,,93,95,91,,,,,,,93,+2,-4,,,,,,,0,50,26,,,,,,,41,55,32,,,,,,,46,-5,-6,,,,,,,-5,165,154,154,75,90,96,81,91,95,-6,-1,+1
VERSAILLES,YVELINES,LYCEE DESCARTES,MONTIGNY LE BRETONNEUX,0781512V,78423,PU,231,70,,,,,,,301,99,97,,,,,,,98,99,94,,,,,,,98,0,+3,,,,,,,0,84,50,,,,,,,76,85,40,,,,,,,74,-1,+10,,,,,,,+2,313,316,309,92,96,99,88,95,98,+4,+1,+1
VERSAILLES,YVELINES,LYCEE EMILIE DE BRETEUIL (GENERAL ET TECHNO.),MONTIGNY LE BRETONNEUX,0781819D,78423,PU,199,,91,,,,,,290,98,,97,,,,,,98,98,,92,,,,,,96,0,,+5,,,,,,+2,71,,56,,,,,,67,70,,43,,,,,,62,+1,,+13,,,,,,+5,298,313,270,95,98,99,86,94,97,+9,+4,+2
VERSAILLES,YVELINES,LYCEE SAINT FRANCOIS D'ASSISE,MONTIGNY LE BRETONNEUX,0781899R,78423,PR,170,,18,,,,,,188,99,,100,,,,,,99,100,,99,,,,,,100,-1,,+1,,,,,,-1,98,,94,,,,,,97,93,,78,,,,,,92,+5,,+16,,,,,,+5,257,181,205,91,97,100,92,97,100,-1,0,0
VERSAILLES,YVELINES,LYCEE SAINT-EXUPERY,MONTIGNY LE BRETONNEUX,0781974X,78423,PR,77,23,,,,,,,100,100,100,,,,,,,100,99,98,,,,,,,99,+1,+2,,,,,,,+1,88,83,,,,,,,87,87,59,,,,,,,81,+1,+24,,,,,,,+6,125,119,103,90,94,100,90,96,99,0,-2,+1
VERSAILLES,YVELINES,LYCEE JEAN VILAR,PLAISIR,0780582J,78490,PU,188,71,,,,,,,259,99,100,,,,,,,99,98,92,,,,,,,96,+1,+8,,,,,,,+3,74,55,,,,,,,69,71,38,,,,,,,62,+3,+17,,,,,,,+7,309,267,210,85,98,100,85,93,97,0,+5,+3
VERSAILLES,YVELINES,LYCEE CHARLES DE GAULLE,POISSY,0781898P,78498,PU,325,,62,,,,,,387,97,,95,,,,,,96,97,,89,,,,,,96,0,,+6,,,,,,0,75,,53,,,,,,71,67,,32,,,,,,61,+8,,+21,,,,,,+10,392,351,345,90,95,97,85,94,97,+5,+1,0
VERSAILLES,YVELINES,LYCEE LE CORBUSIER,POISSY,0782546U,78498,PU,287,105,59,30,,,,,481,94,90,86,100,,,,,93,97,92,81,99,,,,,94,-3,-2,+5,+1,,,,,-1,62,22,37,83,,,,,52,64,35,21,84,,,,,54,-2,-13,+16,-1,,,,,-2,463,495,441,84,90,94,83,92,96,+1,-2,-2
VERSAILLES,YVELINES,LYCEE SAINTE THERESE,RAMBOUILLET,0781664K,78517,PR,135,14,,,,,,,149,100,100,,,,,,,100,100,98,,,,,,,99,0,+2,,,,,,,+1,96,93,,,,,,,96,90,60,,,,,,,87,+6,+33,,,,,,,+9,181,165,171,91,96,100,91,97,99,0,-1,+1
VERSAILLES,YVELINES,LYCEE LOUIS BASCAN (GENERAL ET TECHNO.),RAMBOUILLET,0782549X,78517,PU,479,139,60,,,31,,,709,97,90,90,,,94,,,95,98,95,93,,,96,,,97,-1,-5,-3,,,-2,,,-2,67,43,43,,,58,,,60,70,42,45,,,52,,,62,-3,+1,-2,,,+6,,,-2,617,644,711,92,95,98,87,94,97,+5,+1,+1
VERSAILLES,YVELINES,LYCEE MILITAIRE NATIONAL,SAINT CYR L ECOLE,0780015T,78545,PU,165,,10,,,,,,175,100,,100,,,,,,100,99,,98,,,,,,99,+1,,+2,,,,,,+1,84,,90,,,,,,85,80,,77,,,,,,80,+4,,+13,,,,,,+5,165,170,175,92,95,99,90,96,99,+2,-1,0
VERSAILLES,YVELINES,LYCEE MANSART,SAINT CYR L ECOLE,0783140P,78545,PU,182,72,,,8,,,,262,97,94,,,100,,,,97,97,94,,,ND,,,,96,0,0,,,ND,,,,+1,66,49,,,62,,,,61,66,41,,,ND,,,,59,0,+8,,,ND,,,,+2,288,267,261,84,95,98,85,93,97,-1,+2,+1
VERSAILLES,YVELINES,LYCEE JEANNE D'ALBRET,SAINT GERMAIN EN LAYE,0782132U,78551,PU,423,,,,,,,,423,99,,,,,,,,99,99,,,,,,,,99,0,,,,,,,,0,81,,,,,,,,81,82,,,,,,,,82,-1,,,,,,,,-1,439,390,400,94,97,100,89,96,99,+5,+1,+1
VERSAILLES,YVELINES,LYCEE LEONARD DE VINCI (GENERAL ET TECHNO.),SAINT GERMAIN EN LAYE,0782556E,78551,PU,59,,61,,39,,,,159,83,,82,,95,,,,86,94,,92,,94,,,,93,-11,,-10,,+1,,,,-7,27,,36,,44,,,,35,48,,41,,56,,,,47,-21,,-5,,-12,,,,-12,129,125,141,65,83,91,79,90,95,-14,-7,-4
VERSAILLES,YVELINES,LYCEE JEAN-BAPTISTE POQUELIN (GENERAL ET TECHNO.),SAINT GERMAIN EN LAYE,0782557F,78551,PU,34,106,,,,38,,,178,94,90,,,,79,,,88,91,94,,,,93,,,93,+3,-4,,,,-14,,,-5,47,39,,,,37,,,40,40,42,,,,46,,,43,+7,-3,,,,-9,,,-3,119,199,183,75,87,92,80,89,93,-5,-2,-1
VERSAILLES,YVELINES,LYCEE SAINT EREMBERT,SAINT GERMAIN EN LAYE,0783286Y,78551,PR,210,,57,,,,,,267,100,,98,,,,,,100,100,,97,,,,,,99,0,,+1,,,,,,+1,97,,68,,,,,,91,90,,62,,,,,,84,+7,,+6,,,,,,+7,248,286,256,92,97,99,91,96,99,+1,+1,0
VERSAILLES,YVELINES,LYCEE NOTRE DAME,SAINT GERMAIN EN LAYE,0783288A,78551,PR,206,,,,,,,,206,100,,,,,,,,100,100,,,,,,,,100,0,,,,,,,,0,96,,,,,,,,96,92,,,,,,,,92,+4,,,,,,,,+4,239,206,205,90,97,100,92,97,100,-2,0,0
VERSAILLES,YVELINES,LYCEE SAINT THOMAS DE VILLENEUVE,SAINT GERMAIN EN LAYE,0783323N,78551,PR,94,64,,,,19,,,177,99,98,,,,95,,,98,99,98,,,,97,,,98,0,0,,,,-2,,,0,61,62,,,,47,,,60,76,62,,,,60,,,69,-15,0,,,,-13,,,-9,135,176,174,91,97,100,88,94,98,+3,+3,+2
VERSAILLES,YVELINES,LYCEE INTERNATIONAL,SAINT GERMAIN EN LAYE,0783549J,78551,PU,335,,,,,,,,335,100,,,,,,,,100,100,,,,,,,,100,0,,,,,,,,0,99,,,,,,,,99,89,,,,,,,,89,+10,,,,,,,,+10,366,344,347,93,99,100,91,97,99,+2,+2,+1
VERSAILLES,YVELINES,LYCEE SAINT-AUGUSTIN,SAINT GERMAIN EN LAYE,0783657B,78551,PR,84,,,,,,,,84,100,,,,,,,,100,99,,,,,,,,99,+1,,,,,,,,+1,83,,,,,,,,83,84,,,,,,,,84,-1,,,,,,,,-1,109,107,110,93,98,100,90,97,99,+3,+1,+1
VERSAILLES,YVELINES,LYCEE EVARISTE GALOIS,SARTROUVILLE,0782924E,78586,PU,424,169,,,,,,,593,97,89,,,,,,,95,97,91,,,,,,,95,0,-2,,,,,,,0,74,41,,,,,,,64,67,36,,,,,,,58,+7,+5,,,,,,,+6,641,574,564,91,95,96,85,93,96,+6,+2,0
VERSAILLES,YVELINES,LYCEE JEAN PAUL II (GENERAL ET TECHNO.),SARTROUVILLE,0783835V,78586,PR,122,28,,,,,,,150,100,100,,,,,,,100,100,99,,,,,,,99,0,+1,,,,,,,+1,96,75,,,,,,,92,90,73,,,,,,,87,+6,+2,,,,,,,+5,182,156,154,90,99,100,91,97,99,-1,+2,+1
VERSAILLES,YVELINES,LYCEE PLAINE DE NEAUPHLE,TRAPPES,0781297L,78621,PU,91,92,,,,29,,,212,97,90,,,,83,,,92,88,81,,,,85,,,84,+9,+9,,,,-2,,,+8,35,34,,,,28,,,33,35,21,,,,30,,,28,0,+13,,,,-2,,,+5,159,198,177,85,94,94,74,83,87,+11,+11,+7
VERSAILLES,YVELINES,LYCEE NOTRE DAME,VERNEUIL SUR SEINE,0783344L,78642,PR,290,40,,,20,,,,350,100,100,,,100,,,,100,100,98,,,99,,,,99,0,+2,,,+1,,,,+1,94,78,,,100,,,,92,90,62,,,79,,,,86,+4,+16,,,+21,,,,+6,359,358,323,94,97,99,91,97,99,+3,0,0
VERSAILLES,YVELINES,LYCEE HOCHE,VERSAILLES,0782562L,78646,PU,401,,,,,,,,401,100,,,,,,,,100,100,,,,,,,,100,0,,,,,,,,0,96,,,,,,,,96,93,,,,,,,,93,+3,,,,,,,,+3,375,377,372,95,99,100,92,97,100,+3,+2,0
VERSAILLES,YVELINES,LYCEE LA BRUYERE,VERSAILLES,0782563M,78646,PU,398,,,,,,15,,413,98,,,,,,100,,98,99,,,,,,99,,99,-1,,,,,,+1,,-1,77,,,,,,100,,78,83,,,,,,90,,83,-6,,,,,,+10,,-5,410,384,396,91,95,97,91,96,99,0,-1,-2
VERSAILLES,YVELINES,LYCEE JULES FERRY (GENERAL ET TECHNO.),VERSAILLES,0782565P,78646,PU,217,,111,,,,,,328,94,,90,,,,,,93,96,,94,,,,,,96,-2,,-4,,,,,,-3,50,,54,,,,,,52,62,,50,,,,,,58,-12,,+4,,,,,,-6,334,308,321,84,91,94,84,93,97,0,-2,-3
VERSAILLES,YVELINES,LYCEE MARIE CURIE,VERSAILLES,0782567S,78646,PU,254,124,,,44,65,,,487,99,99,,,93,88,,,97,98,95,,,96,91,,,96,+1,+4,,,-3,-3,,,+1,73,51,,,59,52,,,63,71,47,,,61,44,,,60,+2,+4,,,-2,+8,,,+3,311,467,459,88,95,98,86,93,97,+2,+2,+1
VERSAILLES,YVELINES,LYCEE LES CHATAIGNIERS,VERSAILLES,0783293F,78646,PR,24,,,,,22,,,46,100,,,,,95,,,98,99,,,,,99,,,99,+1,,,,,-4,,,-1,58,,,,,68,,,63,81,,,,,70,,,76,-23,,,,,-2,,,-13,54,56,56,95,98,100,88,95,99,+7,+3,+1
VERSAILLES,YVELINES,LYCEE ST VINCENT DE PAUL (GENERAL ET TECHNO.),VERSAILLES,0783325R,78646,PR,,,,31,,,,,31,,,,94,,,,,94,,,,ND,,,,,ND,,,,ND,,,,,ND,,,,39,,,,,39,,,,ND,,,,,ND,,,,ND,,,,,ND,25,28,29,75,81,94,ND,ND,ND,ND,ND,ND
VERSAILLES,YVELINES,LYCEE SAINT JEAN ET HULST,VERSAILLES,0783350T,78646,PR,323,,,,,,,,323,100,,,,,,,,100,100,,,,,,,,100,0,,,,,,,,0,95,,,,,,,,95,93,,,,,,,,93,+2,,,,,,,,+2,354,334,297,89,95,98,92,97,100,-3,-2,-2
VERSAILLES,YVELINES,LYCEE NOTRE DAME DU GRANDCHAMP,VERSAILLES,0783351U,78646,PR,247,115,,,,,,,362,100,100,,,,,,,100,100,99,,,,,,,99,0,+1,,,,,,,+1,95,96,,,,,,,95,90,72,,,,,,,84,+5,+24,,,,,,,+11,290,372,361,96,99,100,91,96,99,+5,+3,+1
VERSAILLES,YVELINES,LYCEE SONIA DELAUNAY,VILLEPREUX,0781952Y,78674,PU,182,,,,,34,,,216,100,,,,,97,,,100,98,,,,,96,,,98,+2,,,,,+1,,,+2,76,,,,,65,,,75,72,,,,,52,,,69,+4,,,,,+13,,,+6,345,255,266,91,97,100,87,95,98,+4,+2,+2
VERSAILLES,YVELINES,LYCEE VIOLLET-LE-DUC (GENERAL ET TECHNO.),VILLIERS SAINT FREDERIC,0782587N,78683,PU,185,,41,,21,,,,247,99,,98,,95,,,,99,99,,95,,97,,,,98,0,,+3,,-2,,,,+1,78,,54,,62,,,,72,79,,50,,67,,,,73,-1,,+4,,-5,,,,-1,277,229,223,91,95,98,88,95,98,+3,0,0
