AAV2020;LIBAAV2020;TAAV2017;TDAAV2017;NB_COM;AAV;pop20;surfcom2023;artif_total;artif_par_hab;art22act23;art22hab23;ratio_act_hab;densite_pop;mepart1420;artpop1420;categorie_taille
000;Commune hors attraction des villes;0;0;8921;000;7235999;257695331618;662893199;1223528.9621680984;8431320;24535102;0.8869195716293006;0.5089240550882761;-42.17380982769624;-1695126.5;
001;Paris;5;50;1929;001;13125142;19036599616;175192014;120529.63941565387;3341187;4511280;2.823202951894003;9.935076519179068;333.38818040435456;668896.44;Petite
002;Lyon;4;42;397;002;2293180;4621017179;68558744;30830.353705298647;857690;1966622;2.4328105174303776;5.106700955302537;145.81650753768844;121572.31;Petite
003;Marseille - Aix-en-Provence;4;42;115;003;1879601;3970639832;68968189;11320.552813635644;1066000;2092472;1.3685943038385282;3.622061998319015;28.270869565217392;192849.97;Petite
004;Lille (partie française);4;42;201;004;1515061;1677285499;30942398;10000.704203498648;489150;1130817;1.5757726155053597;9.608058741629856;96.47109452736318;10345.98;Petite
005;Toulouse;4;42;527;005;1470899;6570034612;100512126;88023.5949470558;1619913;4454547;0.9057367739092738;1.79905057973093;92.80415559772297;386697.13;Petite
006;Bordeaux;4;42;275;006;1376375;6398625157;77975415;32759.139109684933;1010812;2418068;0.4380663079358442;3.108088901514236;75.8904;93755.69;Petite
008;Nantes;4;41;116;008;1022775;3542032732;47118685;10694.247654030223;533213;1355089;1.2735256128503996;3.285722771385855;45.672413793103445;89640.81999999999;Petite
010;Strasbourg (partie française);4;41;268;010;860744;2248831119;23878288;14961.394646682887;756976;677049;9.53958818738926;2.952020995195157;45.61847014925373;27493.100000000006;Petite
012;Montpellier;4;41;161;012;813272;2519726172;28448162;13902.076532163299;251678;880953;1.4106612819003972;2.894199644870037;46.296708074534166;10766.690000000004;Petite
013;Rennes;4;41;183;013;763749;3834189501;52614984;19321.213644671352;660547;2590167;0.7217336921697205;1.9623532146104221;-25.510601092896174;235648.58000000002;Petite
014;Grenoble;4;41;204;014;720081;2921955692;20444319;13362.406685580396;155156;734905;0.3879524540198655;3.221171808890259;-263.3057843137255;38454.96;Petite
015;Rouen;3;34;317;015;708289;2802478705;39778216;46730.533767808956;328047;1631580;0.46606349326437346;2.741242334373386;-3.084462025316453;15585.71999999999;Petite
017;Nice;3;34;100;017;618489;2067377395;9310273;4069.9777408698246;60441;426736;0.41458819408847186;3.103790558242852;-18.2243;5609.31;Petite
018;Toulon;3;34;35;018;576648;1014138879;21047898;3378.9572710900798;202339;1485591;0.17544332775491595;6.442394804138583;53.85228571428572;-18738.3;Petite
019;Tours;3;34;162;019;522317;3642902646;34547568;21726.08820989055;558770;2027583;0.3295819330202579;1.6527740916472773;10.964876543209876;58037.58;Petite
020;Nancy;3;34;353;020;508947;3140617631;14355244;32697.676195863998;186335;306909;1.0565703526376493;1.7415321590964112;11.410198300283284;-124513.32;Petite
022;Clermont-Ferrand;3;33;209;022;507954;2859871781;29158069;24573.221509585164;161392;797869;0.33608771580790503;2.0459788227943094;8.52712918660287;-63430.66000000001;Petite
023;Saint-Étienne;3;33;105;023;500851;1641919854;18371757;8506.206943880947;743509;936240;3.824046941683656;2.8124762448768674;16.474571428571426;30679.32;Petite
024;Caen;3;33;296;024;475144;2617607744;34967536;40099.25466714223;667053;1808586;1.0224328155137916;1.9049904165924691;21.361796610169492;46687.52999999999;Petite
025;Orléans;3;33;136;025;454208;3440126584;35262818;30079.32828214948;400118;1319789;1.0036889772262922;1.9327160625920086;4.776617647058823;313365.75;Petite
026;Angers;3;33;81;026;437560;2448703057;26400739;9351.783378657148;293720;1007294;1.167815519983525;1.9595726396341726;14.056913580246912;-5203.34;Petite
028;Dijon;3;33;333;028;413996;3905589386;16791119;34859.800352006314;496393;320181;3.1845535969379526;1.0174034515187236;-23.781201201201203;-12367.76;Petite
029;Mulhouse;3;33;132;029;410008;1226771701;12588664;8193.470887503163;266943;382236;1.0686904291193087;2.889034741062904;0.3684848484848482;23533.56;Petite
030;Perpignan;3;33;118;030;418104;1825732324;25012304;10763.602755190956;201842;1329634;0.793914768228865;2.3291188972538337;15.55228813559322;53749.79;Petite
031;Cannes - Antibes;3;32;24;031;393232;440728153;7417692;1214.0902795437526;50178;385049;0.2865152134777697;9.83568508585071;-44.084583333333335;29.930000000000632;Petite
032;Brest;3;32;68;032;373808;1274204230;21055993;6335.871553794733;144728;805069;0.9068605798771543;2.655526572731374;20.14294117647059;34853.909999999996;Petite
033;Metz;3;32;245;033;373821;1879713668;13486917;18774.96787148949;158557;343466;0.2525714084983937;1.7645314164366226;-40.428326530612246;-29655.510000000002;Petite
034;Le Mans;3;32;144;034;369976;2350176237;26561180;18693.819394362188;357507;647055;1.7466252528313249;1.3349190319885396;2.7175;-10188.32;Petite
035;Amiens;3;32;369;035;354217;3095470479;15268140;32086.319366990985;301171;468540;0.21425312688021594;0.7865991171454151;-13.251571815718156;-6555.759999999999;Petite
036;Reims;3;32;294;036;355617;3264547994;15453785;29222.8825139711;265782;471923;0.4433890685000427;0.8461743205640235;-12.432142857142857;41236.46;Petite
037;Nîmes;3;32;92;037;347033;1472594789;18259404;7342.245387615884;219309;673777;5.7927927241259685;1.7720786057168474;20.22217391304348;23738.0;Petite
038;Valenciennes (partie française);3;32;102;038;337293;727149944;10388103;6187.3316784564495;96793;232520;0.17517726774247422;4.501802191912371;7.109411764705882;-12307.09;Petite
039;Le Havre;3;32;116;039;333814;1020407879;15288640;14306.112476063592;87088;404442;0.696679571310017;2.1781528210626795;-5.197672413793103;-425197.23;Petite
040;Avignon;3;32;48;040;337039;957254526;15797703;3238.866382307247;169334;450481;0.532465324306484;3.3576199963544906;19.369375;31669.77;Petite
041;Limoges;3;32;127;041;323156;3427477570;24153455;16123.712369858747;265492;1064684;0.3508919540830714;0.7869410009100558;-1.4883464566929137;312431.23;Petite
042;Lens - Liévin;3;32;50;042;321219;350943297;11078382;2196.3684771247576;288162;193938;44.39366419995076;9.463412832279229;26.162799999999997;-905.1399999999999;Petite
043;Annecy;3;31;79;043;296738;1225004571;13894674;6466.134510319838;83195;523049;0.1041477863358299;1.8943041056991616;19.53253164556962;16252.94;Petite
044;Pau;3;31;227;044;280668;2181767966;25532318;43740.067457791345;129744;1007971;0.1901515632923491;1.2072911256816734;2.2544298245614036;86531.76999999999;Petite
045;Besançon;3;31;310;045;281610;2521436261;15918261;33538.65001576196;201402;533827;0.5800135157813519;0.7969246946600703;19.54641935483871;104846.09999999999;Petite
046;Poitiers;3;31;97;046;281020;2602845614;18995795;9704.763995232577;193527;804608;0.5773120967461682;1.2203632909612459;0.874742268041237;24209.57;Petite
047;Bayonne (partie française);3;31;56;047;280229;1157782476;20908988;8379.662149207705;376039;707132;1.1399218977809185;2.991870876862627;38.18767857142858;99133.21;Petite
048;Dunkerque;3;31;66;048;258870;887539910;10440237;6399.5959143238315;457500;264397;19.801779673288056;3.2158122668437947;-18.341666666666665;17309.170000000002;Petite
049;Valence;3;31;71;049;255750;1234243605;13986215;5511.816573468016;313193;583136;0.5830841672875805;2.2241928366772927;27.813521126760563;62075.87;Petite
050;Chambéry;3;31;115;050;258795;1170602348;12360624;10633.31488004698;49653;449328;4.255788532712707;2.497827601422335;17.587565217391305;19525.94;Petite
051;La Rochelle;3;31;72;051;243480;1198393130;12369151;5898.440157278289;63520;553502;0.19104904833524722;2.4650833383540416;32.924305555555556;4396.1100000000015;Petite
052;Quimper;3;31;58;052;238389;1470185565;15723367;5142.985535769411;298555;891856;0.24290041407539856;1.4640201854516235;11.148620689655173;-16814.79;Petite
053;Lorient;3;31;31;053;228023;851479665;9373976;2107.7891652855674;57784;450033;0.29335008532919954;4.737155999620653;59.446451612903225;16236.7;Petite
054;Troyes;3;31;209;054;221309;2809935098;11479598;21417.170891043465;95752;324216;1.2878843011158232;1.268952688815936;-35.49497607655502;53451.780000000006;Petite
055;Saint-Nazaire;3;31;24;055;217944;781823099;10060665;1636.3833410022808;186786;377111;0.41735023281382844;3.0769133383085596;50.78541666666666;6090.74;Petite
056;Saint-Brieuc;3;31;51;056;202029;1071049071;16755048;5933.740276890629;157852;996890;0.1455434814954168;2.6188848575017682;3.363725490196078;97968.77;Petite
057;Vannes;2;25;47;057;205495;1196569351;15026583;5149.579949812565;97710;615134;0.3708447428765033;2.0104528095981493;16.7;-13508.050000000001;Petite
058;Colmar;2;25;95;058;199614;1106452652;6602624;4431.130873941496;67958;137684;1.1547393249985616;1.7330898455354744;15.089157894736843;-11591.92;Petite
059;Douai;2;25;61;059;198120;381006930;6814953;3171.201732352118;141821;178717;1.7215233307289566;4.732252282860964;27.883114754098358;47672.19;Petite
060;Béziers;2;25;53;060;198254;933965816;11615148;4207.180142482705;94675;579436;0.27356793915752614;2.0656173141204732;18.41698113207547;37904.37;Petite
061;Montbéliard;2;25;137;061;179555;919887216;6244985;8687.82224555703;69526;235198;0.5664792983275606;2.0896106994234804;67.78802919708029;32435.899999999998;Petite
062;Angoulême;2;25;94;062;180300;1514822411;14850381;12843.345750448756;276151;533190;0.1733426139507916;1.4470012536927634;-2.5187234042553195;6875.460000000001;Petite
063;Niort;2;25;91;063;178229;1756465814;14262519;9853.573929719403;233256;496362;1.1930841319297352;0.802768789625941;-4.11;-142501.49;Petite
064;Bourges;2;25;111;064;174160;2674719149;14516492;15614.465702505522;59672;627795;0.1459837829436111;0.5447943297749148;-26.007767857142856;-73146.11;Petite
065;Chartres;2;25;117;065;170962;1938594232;9071905;9975.770518590964;202224;512074;0.0928801884595503;1.3535324998052234;-9.436752136752135;-75377.03;Petite
066;La Roche-sur-Yon;2;25;45;066;172205;1384420152;19143737;6227.530451082509;144366;577520;0.49757732395967896;1.007475347633089;11.057777777777778;61331.64;Petite
067;Cholet;2;25;26;067;163812;1141834996;11664758;2607.801969455115;120006;264996;0.8538442145259927;1.3688724087948085;20.471153846153847;2900.47;Petite
068;Boulogne-sur-Mer;2;25;80;068;159605;674299507;5060193;5885.682481953803;13008;220167;0.16400565298210099;2.619678805809065;19.872374999999998;-62183.78;Petite
069;Arras;2;25;163;069;159432;1018038840;8428127;12729.373301733134;83126;176413;0.7706199518144856;1.372831290536936;163.2134969325153;7707.88;Petite
070;Chalon-sur-Saône;2;25;109;070;154796;1319063449;8348908;10018.444760266486;64085;370951;0.06867788830103451;1.1617282097466988;4.357614678899083;85757.08;Petite
071;Cherbourg-en-Cotentin;2;25;77;071;151356;1022529445;9719438;9144.71184335727;69391;300329;0.9020664062459445;0.9123962762929169;8.617792207792208;109307.08;Petite
072;Narbonne;2;25;71;072;154923;1371021656;11029162;7815.749035144016;24508;449267;0.10137774917724825;0.93459465453844;9.763380281690141;-23975.57;Petite
073;Calais;2;25;45;073;144625;507593922;7150735;4398.783938461065;77594;265496;0.23174095733807715;1.8597699084894646;8.915333333333333;-2547.3199999999997;Petite
074;Blois;2;24;78;074;145019;1539577629;11322262;15240.176836667719;369157;483816;1.6410041172930103;1.0069631885256856;0.6020512820512819;-52484.17;Petite
075;Laval;2;24;66;075;144900;1447678281;15152412;9686.077506029482;114187;549807;0.15281746096630425;0.8849449379926274;2.107575757575757;1466.7700000000018;Petite
076;Beauvais;2;24;162;076;144802;1332384808;9721757;15234.081852638446;101324;256959;0.5487986860719986;0.7611792827307367;7.903024691358024;-27307.280000000002;Petite
077;Maubeuge (partie française);2;24;65;077;140491;506994524;5271907;4111.077168736121;97660;83694;3.7727265379770554;2.507762911295156;96.27553846153847;-52576.78;Petite
078;Compiègne;2;24;101;078;142038;891049396;8182184;11941.089919301638;61293;107673;79.19977924750201;1.419644972280067;12.374356435643564;43953.37;Petite
079;Roanne;2;24;88;079;141028;1455303410;10915118;12572.272695115813;304745;267740;1.5123150482410508;1.2924290878795741;1.5646590909090905;17596.009999999995;Petite
080;Bourg-en-Bresse;2;24;80;080;141908;1334882241;11099822;8388.013867627786;101796;451088;0.2195838474295156;1.0391198313632413;31.558249999999997;17597.44;Petite
081;Montauban;2;24;50;081;141200;1216939390;12903808;6149.681701299607;34550;328856;0.19789310176057032;0.8312612232199621;5.9277999999999995;59094.43;Petite
082;Albi;2;24;91;082;138501;1313969163;9007769;10165.853951607454;13815;365012;0.045446287603191055;0.9946186287544466;4.4484615384615385;248027.25;Petite
083;Évreux;2;24;108;083;136155;1225957441;7602304;9852.290013018523;65146;299065;0.22629748009370348;1.0282211419360878;3.094722222222223;61919.42;Petite
084;Mâcon;2;24;105;084;138374;1078523168;10152629;10518.710940221068;57727;495375;0.8258576310419319;1.6149697603036446;9.052095238095239;166846.6;Petite
085;Tarbes;2;24;153;085;136460;972084771;7822532;16088.315465753194;134874;365886;0.36090827877817927;1.128225112362992;6.73686274509804;-4533.17;Petite
086;Belfort;2;24;91;086;131823;633568125;6402567;9201.679687791711;35290;243310;0.6278273105102649;2.0281595065971607;-3.989999999999999;-18623.920000000002;Petite
087;Brive-la-Gaillarde;2;24;80;087;132889;1338578899;15717558;15269.429686764786;75336;568741;0.051591820596898964;0.7951062981653948;1.706375;91523.52;Petite
088;Saint-Malo;2;24;35;088;136449;487947579;9398534;3164.8980287109844;141951;407128;2.080275043693897;3.1431663810625667;215.95999999999998;5709.67;Petite
089;Alès;2;24;64;089;132041;811661860;7569532;5018.682798219787;112289;216872;0.45776025721474295;1.3998396842261775;-10.205;-17681.229999999996;Petite
090;Charleville-Mézières;2;24;132;090;125984;1373982708;10073853;29460.415904713194;21714;192348;0.29504520005572427;0.8171984862252866;-17.027348484848485;27277.14;Petite
091;Carcassonne;2;23;115;091;124405;1498185416;9174887;14862.243795314966;113610;274520;1.3279143039478145;0.7238134878673791;26.800695652173914;34439.06999999999;Petite
092;Fréjus;2;23;6;092;126384;439536448;4456966;422.9136147659236;41549;230558;0.17027593487343176;2.6128196720652;36.38166666666667;3371.49;Petite
093;Agen;2;23;81;093;120319;1207684225;11097377;12243.983677346396;170518;424261;0.6440470907901253;1.0990082618582016;-0.7422222222222222;48115.37;Petite
094;Saint-Quentin;2;23;120;094;119009;994575595;3491633;5397.593512062529;36276;147201;0.35090663058186744;0.915808972189625;-4237.6205;20624.37999999999;Petite
095;Épinal;2;23;118;095;119099;1296197012;6510275;12400.669165028472;295980;178102;3.7916225543982587;0.7728864819463049;-22.04576271186441;-153900.66;Petite
096;Saint-Omer;2;23;79;096;117466;721002120;11528079;11247.145802847795;335266;421342;0.9085667477002634;1.6198666670684532;-2.041645569620253;110339.12;Petite
097;Nevers;2;23;93;097;113728;2101833828;5104093;7562.158485429684;83629;247380;0.16624648612870901;0.7208253892256192;-24.718494623655914;-50146.96;Petite
098;Ajaccio;2;23;79;098;117405;1895723837;7768161;8282.78965219854;135175;276924;0.10064316527019881;0.37854844118801945;66.04759493670886;29024.41;Petite
100;Châteauroux;2;23;71;100;112779;2308816378;13635008;13890.394259412527;727305;455187;2.5385905896198393;0.5324747433933672;-3.795915492957747;39373.04;Petite
101;Périgueux;2;23;49;101;113046;1090138600;11299220;7658.716503331648;9784;340863;0.039196541924388886;1.3509944313819204;21.96775510204082;-14105.479999999998;Petite
102;Auxerre;2;23;104;102;111344;1658620282;5011989;6178.744492594776;58353;134171;0.43157330696933743;0.6580575422252645;-26.07528846153846;8802.980000000001;Petite
103;Rodez;2;23;68;103;112817;2002651197;9814064;9282.172987602466;96111;304929;1.8141295437873481;0.8149108041040539;9.593235294117648;43933.64;Petite
104;Bastia;2;23;93;104;112990;1084230746;6527374;6004.663513539474;36674;593136;0.023650515221818845;0.6989885475454823;6.904086021505376;20139.420000000002;Petite
105;Castres;2;23;55;105;105009;1036563658;8578693;7849.498329470654;14692;256991;0.0652750365831195;0.8704319206789098;-5.461636363636364;-5443.830000000002;Petite
106;Mont-de-Marsan;2;23;101;106;101849;2504571097;15030864;23276.270639868984;59152;495718;0.3675574679162854;0.4349110164995936;3.514851485148515;246219.4;Petite
107;Montélimar;2;22;45;107;100095;759384838;7995858;4206.783223141786;139581;507823;0.338881569372197;1.1916313146271769;12.018444444444444;17146.33;Petite
108;Cambrai;2;22;64;108;93452;504358280;3993870;6194.022219115698;9798;45904;0.13825217564829753;1.7473444303473373;8.833124999999999;-11192.489999999996;Petite
109;Montluçon;2;22;58;109;90659;1323006148;8221846;10518.56045372581;14779;294299;0.09337332406487545;0.7886884980366504;-10.702068965517242;13455.519999999999;Petite
110;Vichy;2;22;50;110;91229;857832498;7088164;7893.8782574509;13174;204931;0.20029080594271417;1.7589264338920572;0.13079999999999994;-97601.13;Petite
111;Dax;2;22;60;111;91952;1043485446;12884207;11796.292960671195;28772;588211;0.12444269627944991;0.9661328318094236;5.599333333333333;116581.41;Petite
112;Châlons-en-Champagne;2;22;97;112;87023;1745737138;6178135;20669.401129864444;38196;114252;0.48802421215540726;0.49204853362028006;-9.063298969072166;-26289.78;Petite
113;Lannion;2;22;40;113;86042;622321161;6211259;3419.2494746822767;122124;394458;4.2686919262838074;1.3074446224666947;3.653;16590.96;Petite
114;Dieppe;2;22;62;114;82152;553384830;6470452;8714.218943787602;94219;439435;0.7291216005532112;1.3610398682796732;-9.379193548387097;-2087.1100000000006;Petite
115;Le Puy-en-Velay;2;22;59;115;82814;1065878322;7070795;7620.361491179124;243671;222086;0.5755937114553937;1.4563029911472827;-10.819322033898304;-59082.32;Petite
116;Alençon;2;22;89;116;81148;1199029929;7224448;17664.030237322884;539435;208159;0.40127156435367667;1.0601956247116828;-1209.3667415730338;-46900.28;Petite
117;Châtellerault;2;22;44;117;80066;1000558715;7365683;8434.599839142982;204272;234622;0.5647667555127833;0.6917601561100738;3.575909090909091;13765.29;Petite
118;Sens;2;22;65;118;81378;984120764;4642852;6915.168316262257;31527;84323;0.3106956267528821;0.8947618133318072;18.763846153846156;75990.69;Petite
119;Gap;2;22;73;119;80864;1666340855;6172334;9760.72880888566;65607;449437;0.062071267714460684;0.38366449567646915;7.808630136986301;68974.70999999999;Petite
120;Saintes;2;22;62;120;80154;850933980;7181592;7479.938701577298;82994;247141;0.02661116158089449;0.7789793816515476;6.778870967741936;65158.6;Petite
121;Sarreguemines (partie française);2;22;48;121;77422;519917471;3005247;1830.2101139350318;6499;52612;0.024319354500363925;1.4351716578627978;3.290625000000001;3896.2199999999993;Petite
122;Moulins;2;22;64;122;76797;1963589088;10384769;15163.987429083187;296238;328701;1.59276394724086;0.642911115654887;86.87265625;-33915.26;Petite
123;Aurillac;2;22;85;123;77247;1810262546;7388687;11847.317183903706;17326;269357;4.63501355453857;0.39178239446097585;-6.211176470588234;140806.34;Petite
124;Saint-Lô;2;22;63;124;77155;831867849;8877138;9478.006916935183;55048;257553;0.4264145920834288;0.8585957097510886;-5.395873015873016;44706.520000000004;Petite
125;Béthune;2;22;23;125;76431;142376050;2506578;1225.5657566998477;59266;121619;0.08705033838149019;5.271714696852613;38.02782608695652;32987.61;Petite
126;Draguignan;2;22;11;126;76827;485250968;6480327;1232.0451368198994;96270;511316;0.17511334435591516;1.6419576317565279;6.467272727272728;9885.19;Petite
127;Haguenau;2;22;34;127;77331;397658683;2361601;1837.5243320695383;27324;66855;0.1980040893682863;2.260465859135432;28.289411764705882;26864.22;Petite
128;Soissons;2;21;92;128;74939;678393159;3341394;6660.293057612446;11748;6863;0.6582446808510639;1.0361361201056578;9.143152173913043;-29254.109999999997;Petite
129;Bergerac;2;21;73;129;73585;1036949541;5849995;7598.896330331942;24894;334534;0.10634733922736245;0.5661705385413551;7.476712328767123;-49941.81;Petite
130;Montargis;2;21;33;130;72140;485641766;4843245;3842.9705446468743;85517;146168;1.8021306161311783;2.1046018557180464;-8.235757575757576;-12286.26;Petite
131;Royan;2;21;26;131;72957;488165160;5301653;2708.389095013171;56369;185650;0.4602834909562421;1.7669778482094562;9.954230769230769;32765.58;Petite
132;Lons-le-Saunier;2;21;139;132;71329;1189801994;5951021;15396.031566946447;47805;196488;0.4656784074329127;0.7118384271653394;2.5558992805755394;31375.41;Petite
133;Saumur;2;21;31;133;70039;737467193;3410791;1886.0411814306142;31465;71320;0.29785202166389674;0.8717499647253323;-7.408064516129032;-17115.59;Petite
134;Dole;2;21;87;134;69381;832730804;4479421;8345.389075372928;16841;197826;0.15348590444434632;0.716106510723163;14.029080459770114;19307.760000000002;Petite
135;Salon-de-Provence;2;21;6;135;68681;234050944;4017304;436.11549358198624;94772;167370;0.3592993682769123;2.3577442631514574;19.401666666666667;53408.47;Petite
136;Laon;2;21;106;136;67269;954835225;3740345;7227.577408813387;652887;25259;21.962971342383106;0.527713374474746;8.571320754716979;-18551.049999999996;Petite
137;Manosque;2;21;30;137;69392;912668081;7462443;3488.4517014994076;27202;130082;0.18540738059915224;0.7477484514837294;25.519666666666662;48753.07;Petite
138;Vesoul;2;21;158;138;66970;1483453670;4048197;13062.5796740349;100063;200198;1.5889516904387149;0.4770214672431645;-33.595;4475.049999999999;Petite
139;Les Sables-d'Olonne;2;21;9;139;70548;342106440;5586326;1020.4236057094683;44975;211880;0.10830949325268732;1.5322665218987552;22.735555555555557;4076.0499999999997;Petite
140;Rochefort;2;21;33;140;65995;557696348;4686428;4053.337030655964;17171;319081;0.2984458686385967;1.1317248324672358;6.0196969696969695;-24830.33;Petite
141;Romans-sur-Isère;2;21;30;141;65228;426466191;4576785;3638.9745318402724;60457;389621;0.1486442935520301;1.3045286007672061;11.339666666666666;45387.39;Petite
142;Saint-Dié-des-Vosges;2;21;47;142;64254;615388218;2391092;2073.925742815123;21056;107992;0.11819248230562453;0.8422089487962586;-15.89723404255319;-5121.409999999999;Petite
143;Aubenas;2;21;68;143;65869;916468362;5896869;7108.160721204947;18889;174316;0.10733017432014057;1.0129751238866658;11.219117647058823;5919.140000000003;Petite
144;Louviers;2;21;44;144;64487;364945507;4125428;4477.588985962411;106992;96016;0.18064019887156227;1.452728765385311;63.26522727272727;-33573.61;Petite
145;Auch;2;21;112;145;64557;1616548006;11390239;29596.050771349455;269718;432472;0.6798979972025335;0.277221771158584;-1.0954464285714285;71127.91;Petite
146;Saint-Dizier;2;21;72;146;61026;981443636;1982154;6380.574843080642;23528;77877;0.05957493598883694;0.567860240015159;-187.0126388888889;6745.470000000001;Petite
147;Roussillon;2;21;27;147;63079;304574496;4955921;2572.8050156349145;173311;248730;2.0123487777681985;2.255777845869438;9.778888888888888;14251.440000000002;Petite
148;Carpentras;2;21;21;148;63489;459561841;4447754;2200.170921359659;42511;125055;0.19601752194786337;1.438892039661482;3.807619047619048;-1813.3200000000002;Petite
149;Morlaix;2;21;24;149;61572;665676397;5647883;2611.541609941294;128442;152514;1.153501400264234;1.4160445750161086;8.444583333333332;21623.44;Petite
150;Arles;2;21;4;150;59392;851904259;2304597;296.6578106761681;9273;204962;0.012182272973299631;0.9040089322183841;-13.8225;-669.15;Petite
151;Thonon-les-Bains;2;21;18;151;62667;205165374;2781817;1455.5643396245846;47267;53563;0.8310592525638032;2.9321257206224627;22.735555555555557;9364.23;Petite
152;Cognac;2;21;44;152;58800;567176548;5767222;6586.326925169735;34571;146474;0.945494689589328;1.0580000177768003;7.695111111111112;-182769.03;Petite
153;Cahors;2;21;78;153;59686;1406847007;4783686;7963.902892862878;74483;253286;0.3212863114454895;0.3799112745550248;120.6671794871795;-8627.76;Petite
154;Villeneuve-sur-Lot;2;21;34;154;58780;663756098;6009100;5383.842672560753;12479;102728;0.12019954415376506;0.6626072622096671;2.830294117647059;80638.15;Petite
155;Ancenis-Saint-Géréon;2;21;12;155;58792;740766357;4480053;873.690981433753;38554;170027;0.13983825330848462;0.9560236672797836;7.209166666666667;3635.5599999999995;Petite
156;Auchel - Lillers;2;21;29;156;57126;164647126;1717306;1739.9820646075966;14386;63187;0.0011893758155719879;3.390129208710951;-12.241379310344827;-9990.26;Petite
157;Épernay;2;21;44;157;56395;457187108;1706634;2137.475439750307;30306;27370;0.3827792424676073;1.499260831443432;-17.86090909090909;7816.990000000001;Petite
158;Sélestat;2;21;37;158;56911;360736976;2408736;1927.636124125083;56808;63195;0.2154427302051052;1.420307857928295;7.845675675675676;4135.010000000001;Petite
159;Libourne;2;21;24;159;55681;313540786;2363292;1409.6987282874372;6292;84384;0.04475043029259897;1.5589825802381163;-6.054166666666667;-26729.62;Petite
160;Chaumont;2;21;112;160;55221;1893559862;2789700;7860.368255504222;6498;63954;0.05312062144564411;0.21033145807366874;-31.86801801801802;23638.78;Petite
161;Annonay;2;21;37;161;56324;479491118;4974368;4056.304450658938;43654;279472;0.23015190670070781;1.2358615221512594;7.558108108108109;8258.069999999998;Petite
162;Lisieux;2;21;57;162;54858;700141416;6893552;11518.359940880686;117929;481350;506.59756615140435;0.8343288708684072;-0.8635087719298247;-64988.96;Petite
163;Cluses;2;21;12;163;55691;237386025;1790823;509.63607064368;13407;55286;0.20310615554606795;3.805623870343371;19.945833333333333;58836.189999999995;Petite
164;Abbeville;2;21;73;164;54665;686276744;2728844;6175.188198557214;13521;79310;0.0828073727008103;0.6373969054087536;9.71945205479452;50285.07;Petite
165;Orange;2;21;10;165;54503;266324874;3073375;942.210613073319;23102;127046;0.16886163568566237;1.55388900198921;8.968;1469.1999999999998;Petite
166;Agde;2;21;6;166;55248;210828788;2815591;407.4995756613866;18659;92665;0.29842158404694885;2.3840054496280207;-6.893333333333335;-1829.8799999999999;Petite
167;Albertville;2;21;30;167;55590;406059190;2631414;2048.9270187497514;17619;68426;0.27031768340688817;1.7635714381335228;20.066;6531.15;Petite
168;Oyonnax;2;21;40;168;53635;545222771;2909097;2816.1373831570554;26551;181764;0.631403766847865;0.9016949117896799;2.35325;-47975.63;Petite
169;Vitré;2;21;30;169;54003;597556117;6024201;3758.1743053404753;332336;471582;1.6964280477175702;0.8273521873952361;4.877;24397.55;Petite
170;Sarrebourg;2;21;87;170;52380;902657927;4357818;13335.295309959936;16129;141037;0.3065899582011721;0.6885876550952451;-6.419080459770115;-51950.57;Petite
171;Flers;2;21;38;171;52021;623625835;6693029;7378.497038116744;55080;227794;0.3152465874799913;0.9827854737774869;-1.0076315789473682;-22173.950000000004;Petite
172;Fougères;2;21;26;172;52002;491069211;3976275;3464.7723069298145;37994;327057;0.11539010373743405;1.3908127965035317;7.086666666666666;-24042.219999999998;Petite
173;Les Herbiers;2;21;15;173;51998;509294367;6450684;2052.086163720171;78898;256615;1.5461120439410203;1.0102051862575792;7.327333333333333;12135.01;Petite
174;Beaune;2;21;64;174;49992;747338790;3859451;8435.157353954493;20622;97457;0.7084827288533636;0.5851290919304253;-2182.69296875;20578.07;Petite
175;Marmande;2;21;48;175;50462;657414370;6596618;8536.926930362793;151432;285002;0.8729516050089153;0.6128292995427073;2.7141666666666673;56983.07;Petite
176;Montceau-les-Mines;2;21;22;176;48775;618024278;1621569;2387.5599725104003;49466;95167;0.5378726022696344;0.9593494697105359;-11.084999999999999;4534.15;Petite
177;Bar-le-Duc;2;21;86;177;48873;1068234714;1275836;3478.943210551202;431;43752;3.591666666666667;0.39283628373640256;2.9579999999999993;1267.9100000000008;Petite
178;Saint-Avold (partie française);1;14;28;178;48891;246771982;2570506;1889.1211612569757;1137;36416;0.0036403925292814183;1.7851749169299265;4.510000000000001;-25928.64;Petite
179;Guéret;1;14;72;179;48185;1461130100;4042446;6867.927699717469;18433;235440;0.27350875750016523;0.33885955385857747;-11.465;2001.3899999999994;Petite
180;Challans;1;14;12;180;50804;460570413;6844801;1717.0896898810079;117765;253999;1.0404359331197555;0.9677390922727264;13.56;9265.33;Petite
181;Pontarlier;1;14;54;181;50493;804484533;3708067;6340.545728456779;4031;121516;0.026189656437225626;0.5345819127919067;20.25339285714286;19459.13;Petite
182;Vendôme;1;14;57;182;46857;865380857;3152006;6142.4469388839;20073;100748;0.1333008418737345;0.5336919549102401;1.6421052631578952;-9184.41;Petite
183;Le Creusot;1;14;22;183;47010;386507775;1752410;1458.3551207797761;263;35894;0.002025946330193709;1.369158399128332;-9.070454545454545;-13464.88;Petite
184;Longwy;1;14;23;184;49126;195972444;1248663;888.7508954887954;5655;21113;0.7061688311688312;3.482121267759953;-11.210869565217392;-4635.95;Petite
185;Bagnols-sur-Cèze;1;14;30;185;47786;424307616;3304521;3178.0379295223734;19003;121929;0.12039289748996476;0.9754469235780291;12.129666666666667;5267.18;Petite
186;Granville;1;14;34;186;47954;332605960;4246713;4147.294768067306;13213;173502;0.07558556474902245;1.755720029011666;5.639411764705883;24903.98;Petite
187;Dinan;1;14;25;187;48483;304124653;4251285;2959.132309747928;24721;102848;0.6140958147768765;1.9191018827995259;13.104000000000001;2159.4100000000035;Petite
188;Redon;1;14;22;188;47464;598475022;5755313;2914.723865698116;44345;311275;0.17589685380918554;1.0194591999094964;16.070454545454545;-73769.92;Petite
189;Bressuire;1;14;19;189;47369;819824785;6762240;3509.3418134714602;85430;336760;0.23805336947436148;0.48014052824021275;-0.01631578947368426;-35474.93;Petite
190;Pierrelatte;1;14;17;190;47282;345186239;3624085;1565.7825740192718;17945;83758;0.8189086988879494;1.181717594362193;8.051764705882352;-8704.25;Petite
191;Sablé-sur-Sarthe;1;14;39;191;46233;810744613;5475187;6904.589094399755;102848;316136;26.159411644407577;0.53143483851851;-3.9751282051282057;9263.489999999998;Petite
192;Saint-Hilaire-de-Riez;1;14;13;192;48705;277418473;5566568;1858.0275626685573;59626;206419;0.6949694979735471;2.1442042013236136;17.432307692307692;8945.85;Petite
193;Verdun;1;14;103;193;44291;1246220107;1728520;6276.320340899851;41198;95071;0.09624637894633475;0.28301818398485645;28.294368932038832;-21420.559999999998;Petite
194;Issoire;1;14;53;194;45671;544303344;3114299;5363.750513050781;73348;254369;2.5412855545155306;0.8938406727636915;-78.85264150943397;7089.26;Petite
195;Saint-Gaudens;1;14;85;195;44930;752743380;5530731;12488.525465463534;41436;144005;0.27833111007703887;0.559670006537423;-29.880823529411764;-78195.58;Petite
196;Gien;1;14;29;196;43452;936443965;5687439;3489.3358890337363;767656;445814;0.32640194299440467;0.4069782729423693;-1.1724137931034482;-48928.77;Petite
197;Forbach (partie française);1;14;10;197;43653;71513618;1546585;463.15336521736276;19677;14758;0.5771125426297841;5.515080030872452;-13.143;-5940.92;Petite
198;Vire Normandie;1;14;20;198;42937;797850744;11509787;7162.480647895065;45620;505329;0.050347629631887304;0.3682666555300255;-16.044999999999998;-23084.71;Petite
199;Pamiers;1;14;52;199;44080;562132450;3551134;6658.039918104152;39605;63732;0.2864618766564195;0.7540343219613607;11.1475;-13043.03;Petite
200;Sète;1;14;1;200;44576;40693781;326072;7.314967695620962;0;0;;10.954007935512308;132.03;358.39;Petite
201;Cavaillon;1;14;6;201;42213;153372680;2325318;474.8109835379088;14555;65934;0.2950271354719341;2.7044122740732437;13.766666666666667;2904.2599999999998;Petite
202;Montaigu-Vendée;1;14;8;202;43798;357869645;5034841;907.831085640954;118737;120271;3.8432025952168147;1.1655875340103945;12.26625;-7323.409999999998;Petite
203;Romorantin-Lanthenay;1;14;29;203;41970;916983944;5327748;4019.525428170158;220716;155795;2.884298549609862;0.4115276295720935;6.8389655172413795;-21135.44;Petite
204;Fontenay-le-Comte;1;14;30;204;41174;589046509;3881932;2332.5124116947527;126040;161731;0.5957507288434477;0.6372066452490864;-0.2770000000000003;33524.28;Petite
205;Coutances;1;14;37;205;42034;491325972;4703952;4291.858077762315;163621;187150;0.5117669734034849;0.9244008870869901;1.2286486486486485;-64673.18;Petite
206;Tulle;1;14;43;206;39908;869407287;4588274;8314.940646141671;7584;146376;0.03194600955982292;0.41950533950274893;-4.573720930232558;19127.21;Petite
207;Pontivy;1;14;16;207;40605;552718913;3989085;2354.467380144366;7684;111335;0.1705348554567601;0.8517211556161621;3.306875;23154.47;Petite
208;Vierzon;1;14;20;208;39062;638389491;2620195;2077.0372497147696;157301;102614;0.7884939118323764;0.4527540845420135;34.26950000000001;-4084.74;Petite
209;Château-Thierry;1;14;52;209;39260;468676444;2686160;5120.4371956657615;28458;25009;0.2137920363111203;0.8253315845094635;6.9598076923076935;2113.8700000000013;Petite
210;Montbrison;1;14;27;210;38033;416697203;3362612;2987.7734341618625;155458;255066;0.7545093959291895;0.9807391433438993;-2.645185185185185;27043.7;Petite
211;Arcachon - La Teste-de-Buch;1;14;2;211;37345;185833588;1218304;57.008109093844624;0;9287;0.0;7.932696829914785;72.755;2516.09;Petite
212;Chemillé-en-Anjou;1;14;2;212;36919;520423318;2956003;150.1471202321713;5203;84451;0.057773798816021384;0.7242787302317488;-3.3050000000000006;-4907.860000000001;Petite
213;Brignoles;1;14;10;213;37567;346289707;3681299;937.9026447838725;14092;272507;0.021729052214216622;0.932498932516998;6.821000000000001;6346.0599999999995;Petite
214;Quimperlé;1;14;11;214;37227;310845221;2802044;954.8682646241052;9460;213399;0.019426404221913617;1.2480705465877404;10.950909090909091;-11861.89;Petite
215;Argentan;1;14;50;215;35841;775418742;4656995;10538.991231841354;45634;124195;0.5465018255991034;0.44845743886711914;-14.944199999999999;-11064.710000000001;Petite
216;Sedan;1;14;31;216;36207;361439595;1102110;1885.786045157633;24959;31461;0.811504521809455;1.007013635926145;-14.614062500000001;-5599.17;Petite
217;Thouars;1;14;26;217;35780;646518509;3619745;4093.5114302005113;98930;171437;0.48636522297948936;0.5377233628193724;-0.6742307692307689;57835.409999999996;Petite
218;Vitry-le-François;1;14;73;218;34832;843669114;2432504;8195.96418080549;28609;44000;0.1991895258523689;0.5862147635057221;-22.126575342465753;88016.78;Petite
219;Mayenne;1;14;27;219;35099;558328705;5893036;5868.560881759972;31156;376317;0.049438571390008755;0.7040605485270385;-0.9777777777777777;12046.739999999993;Petite
220;Fécamp;1;14;26;220;34524;164300280;1825258;2544.7345150900255;2964;17922;0.007918910357934749;1.6215548705978728;-15.99;11015.39;Petite
221;Noeux-les-Mines;1;14;8;221;34752;44932335;2067967;757.7995173095618;175935;14344;15.652097326706073;7.2037333651281195;7.793750000000001;-671.6;Petite
222;Beaucaire;1;14;5;222;35614;202707468;1539082;242.47384523722667;701;36065;11.683333333333334;1.4642026955147187;9.102;1017.9900000000002;Petite
223;Châteaudun;1;14;25;223;33982;698212947;1669760;1745.56113083811;39915;54701;1.7148327161481152;0.4818841213747848;-9.7736;-13845.93;Petite
224;Millau;1;14;23;224;34648;831308386;1847693;2540.8408256424923;21333;52722;0.04851328466161004;0.28773701479862174;16.096956521739127;15838.99;Petite
225;Thiers;1;14;19;225;33594;415432198;2164754;1584.3357678999155;7407;102658;0.03601877411161012;0.84722359678184;26.222105263157896;-39859.85;Petite
226;Figeac;1;14;59;226;34471;760490727;2945254;4869.287190766703;27134;86037;0.04070058822478238;0.39017716565732463;-47.57559322033898;1129.6099999999979;Petite
227;La Ferté-Bernard;1;14;37;227;33670;620342043;3397285;4827.552711135213;13325;112988;0.0;0.5328780797028542;-10.312162162162162;-16233.460000000001;Petite
228;Châteaubriant;1;14;20;228;33815;639173002;2478968;1981.6482363435694;20747;121573;0.11094767182763725;0.5197881318104077;16.326;15595.480000000001;Petite
229;Loudéac;1;14;22;229;33504;570919527;4796048;3638.0487235258834;61347;127546;0.7916147700399776;0.60834270665372;-7.797727272727273;-52259.759999999995;Petite
230;Bernay;1;14;36;230;32439;514125044;3838060;6816.826299800854;111847;144227;0.13138279430432273;0.7154048893424179;-2.258611111111111;-38452.7;Petite
231;Pornic;1;14;7;231;35833;198104714;3198625;678.4793620251276;8462;84884;0.11602453435035884;2.4034010165093664;30.557142857142857;6013.83;Petite
232;Caudry;1;14;17;232;31629;116564449;1026806;544.3452154110269;11307;27906;0.09755542324799496;2.3621556259472136;-25.76235294117647;2212.66;Petite
233;Sarlat-la-Canéda;1;14;45;233;31987;746106993;5232647;7944.1914200175415;21650;281989;0.05853236947100294;0.374624702378814;28.37177777777778;22212.5;Petite
234;Avranches;1;14;32;234;32679;310207447;3988365;5489.466585400663;25642;200740;0.15793382847921933;1.071301097566231;9.976875;-7840.869999999999;Petite
235;Berck;1;14;19;235;31673;192745228;1620706;2083.400187690832;70916;36515;0.8998248758187944;1.3575356563956043;0.7863157894736839;17815.26;Petite
236;Hazebrouck;1;14;11;236;32052;149290935;1438877;1040.3659925442487;2547;78532;0.016463059918557302;1.6358093473872428;12.306363636363637;-235.99999999999994;Petite
237;Pont-Audemer;1;14;34;237;31567;339839510;4025667;5705.140247296728;37433;108590;0.14175011262026366;0.8310450995666562;-0.9247058823529413;-860.7900000000006;Petite
238;Trouville-sur-Mer;1;14;35;238;32043;255805022;7463715;18154.127534555406;42839;563909;0.12004010668606163;1.4395493481124932;2.0397142857142856;-39821.08;Petite
239;Autun;1;14;42;239;31448;1064828261;1622478;3279.0421309073017;7435;28097;0.06377383300460224;0.2189870389873773;-475.3490476190476;-16184.44;Petite
240;Remiremont;1;14;12;240;31616;287926687;2299625;1048.397795586049;8789;94586;0.13375851147857015;1.269031928702115;7.120833333333334;17002.67;Petite
241;Parthenay;1;14;26;241;30434;542114902;3125587;3595.7663102879264;22629;134856;0.03428882611314436;0.7362492768902255;-4.8634615384615385;17364.920000000002;Petite
242;Noyon;1;14;38;242;30344;235389494;1060249;2168.0466529598934;31809;11693;0.0;1.1169099699492078;-2.6497368421052636;1020.8399999999999;Petite
243;Ambérieu-en-Bugey;1;14;15;243;31063;198345442;1483157;640.2519179636512;13207;40560;0.6277647560626158;1.843731028719531;16.137333333333334;11336.59;Petite
244;Château-Gontier-sur-Mayenne;1;14;19;244;30636;483871369;4280529;3803.6658387217585;39013;183717;0.591033595018456;0.4508844849688886;-12.224736842105264;-14821.550000000001;Petite
245;Villefranche-de-Rouergue;1;14;34;245;30288;788222794;2440625;3635.3831148640547;13984;94733;0.4372007055955391;0.33851493769113994;-5.247058823529411;-8437.87;Petite
246;Friville-Escarbotin;1;14;33;246;29907;246686295;2193879;2871.346666553189;37563;42119;1.1126888517365001;1.4374382221850126;1.1563636363636363;-19157.86;Petite
247;Étaples - Le Touquet-Paris-Plage;1;14;21;247;30556;176914258;1377115;1523.9118358894636;7738;56168;0.0;1.4346408485737443;90.57809523809523;9056.88;Petite
248;Eu;1;14;26;248;29010;225761302;1705170;2198.9818373138523;27251;55342;0.2935213710152432;1.347842646746344;-43.14846153846153;-40188.26;Petite
249;Sallanches;1;14;4;249;31556;174932279;1239417;237.20517978730996;13647;45979;0.6902367768756763;1.8735821775700328;55.195;-40618.11;Petite
250;Val de Briey;1;14;14;250;30040;152886397;581264;469.96012546343917;3672;7308;0.18576687116564417;3.5485463073748145;76.60357142857143;3380.0099999999998;Petite
251;Digne-les-Bains;1;13;34;251;30098;1250823182;1172535;2445.0980697004434;3720;22694;0.18200380142229972;0.23888153085701724;29.24970588235294;5771.360000000001;Petite
252;Nogent-le-Rotrou;1;13;25;252;28900;590364446;1832355;2591.0676930324494;2543;82089;0.010271213322759716;0.4970679509067669;-6.627200000000001;-264.64999999999964;Petite
253;Oloron-Sainte-Marie;1;13;44;253;29539;755413449;3231022;6470.409428041757;17804;73854;0.3054028398824625;0.6794897603389471;-14.549545454545454;13062.880000000003;Petite
254;Cosne-Cours-sur-Loire;1;13;30;254;28891;725002777;1995211;2115.769274364611;6301;121042;0.042317575984461335;0.4000320106741351;-32.19166666666667;21096.059999999998;Petite
255;Ploërmel;1;13;19;255;29567;478779764;3242820;1971.8128625490817;32910;168537;0.11711430232754139;0.696633994700838;-0.49789473684210567;-16689.39;Petite
256;Bruay-la-Buissière;1;13;2;256;29019;22821004;430115;32.99257489197163;0;31926;0.0;12.239678877133809;-17.740000000000002;-304.99;Petite
257;Guingamp;1;13;15;257;28876;262748959;2670245;1822.188810637903;47988;49976;2.2690927466834876;2.3017606541587026;4.9879999999999995;-3243.6600000000003;Petite
258;Segré-en-Anjou Bleu;1;13;6;258;28758;521104954;6249621;1981.0509547382244;94690;221872;0.334017946827445;0.4199420404275802;1.8033333333333335;22379.239999999998;Petite
259;Luxeuil-les-Bains;1;13;41;259;28056;481552421;1779817;3227.2435924899846;6370;161288;0.19998955098808985;0.5013765859555801;-30.867560975609756;73611.65000000001;Petite
260;Langres;1;13;77;260;27663;916583821;1624724;7899.954462920395;9393;36196;0.24075556340509707;0.2755027201456401;-62.346623376623384;-29311.69;Petite
261;Hendaye (partie française);1;13;3;261;29347;73296299;1091405;191.65478428141938;0;22995;0.0;6.661065268345169;68.53333333333333;1586.32;Petite
262;L'Aigle;1;13;32;262;27027;548554619;1853760;3547.5238231841117;7205;105650;0.07519459744710107;0.5785444619780754;22.3834375;11125.13;Petite
263;Aire-sur-la-Lys;1;13;15;263;26732;107196985;1741931;1642.1970753532846;43621;77783;0.6941634600654889;1.7758951959130835;-3.4586666666666663;1159.3300000000004;Petite
264;Romilly-sur-Seine;1;13;26;264;27315;320575606;1283787;1744.5255448166422;1061;31470;0.5953011567610691;0.6427711070169502;-12.591153846153846;-9702.029999999999;Petite
265;Bayeux;1;13;29;265;26810;238519492;2769671;6317.475668488075;129779;68113;3.2773268493205987;1.2421176941980296;18.761724137931033;-31969.920000000002;Petite
266;Biscarrosse;1;13;7;266;27748;720933733;5693049;2377.986739932069;75582;162459;0.20732100443963306;0.30677795725058205;6.507142857142857;19180.690000000002;Petite
267;Privas;1;13;24;267;27307;333397719;1459666;2078.2486547070716;0;100932;0.0;0.8958920690107689;12.8525;20516.87;Petite
268;Castelnaudary;1;13;34;268;27586;477305604;3675363;4430.761816570096;72409;102315;0.6364606118395676;0.46575287796811304;4.295000000000001;4478.679999999999;Petite
269;Miramas;1;13;1;269;26433;25783102;1122584;42.46903491847312;0;70750;0.0;10.252063541462157;35.12;483.34;Petite
270;Pithiviers;1;13;27;270;26161;386070153;3525099;5890.615908532666;24024;94125;0.3130156535568075;0.9683557702787117;-15.547407407407409;53577.11;Petite
271;Biars-sur-Cère - Saint-Céré;1;13;49;271;26057;669570555;2553056;6296.282981781192;70494;115885;0.13908359676890295;0.6132497304107417;3.0034693877551017;-13734.54;Petite
272;Pleyben - Châteaulin;1;13;18;272;25644;531161207;2400415;1646.1469890374922;16044;46023;0.8119432505626554;0.5873497919357198;-13.756111111111112;-4152.71;Petite
273;Chauny;1;13;23;273;25247;191090787;1068413;1213.8120730634444;8628;21922;0.15777924072854949;1.145973946661105;-136.57956521739132;-3898.4399999999996;Petite
274;Pont-à-Mousson;1;13;16;274;25931;163806118;1659603;1644.168079243384;893;8201;0.6922480620155039;1.6598208371292433;-3.810624999999999;-12988.85;Petite
275;Apt;1;13;18;275;24714;472134016;2288923;2178.0204804725668;13019;116623;0.056055354113633465;0.45037961789680064;15.305555555555555;-72299.39;Petite
276;Gray;1;13;63;276;25073;801618989;1405238;3835.8994288814806;13611;44582;0.12254817753352865;0.3371708843249677;-165.3369841269841;-11490.32;Petite
277;Péronne;1;13;52;277;24692;403906842;1324608;4039.7211914409154;30807;33829;1.3416134913400182;0.5132693398677524;-281.49346153846153;-21961.609999999997;Petite
278;Mende;1;13;31;278;25497;1113443059;2086333;4602.160485098069;37233;61728;0.4809842193449342;0.2575214837527422;3.14258064516129;4152.7;Petite
279;Avallon;1;13;74;279;24482;1095579982;3865913;11093.085252228206;55582;29892;0.2513475694843136;0.23460366492763812;-0.53054054054054;-58010.98;Petite
280;Creutzwald;1;13;8;280;24637;65453404;1004937;305.3475297858935;27;11188;0.002115987460815047;3.9167039933443473;-0.6387500000000002;666.7099999999999;Petite
281;Foix;1;13;38;281;24977;435404352;1502850;2781.4123675614073;2785;43000;0.0850345043355342;0.6382461221344773;26.468684210526316;5777.4800000000005;Petite
282;Lourdes;1;13;45;282;24801;295208273;1121764;2949.4774464631205;9941;42770;0.3888273329258748;0.6765556805917152;27.898222222222223;-680.2199999999998;Petite
283;Tergnier;1;13;14;283;24674;102713716;510664;468.6457260201023;16114;0;;1.877480827532219;-112.22071428571428;-7907.08;Petite
284;Saint-Girons;1;13;70;284;24630;997529632;1740261;4955.974591613113;19456;31335;1.8149219973544077;0.3055953586102217;5.880571428571429;-8226.569999999998;Petite
285;Saint-Jean-de-Maurienne;1;13;26;285;24144;468545629;1649435;2433.5261862339207;12975;58241;2.1098100248600873;0.9017212008312975;-0.9226923076923076;103135.62;Petite
286;Belley;1;13;31;286;24558;337182873;2855662;6010.838082631143;219;83026;0.03395348837209302;0.709587685397113;-4.39258064516129;-122619.86;Petite
287;Fourmies;1;13;7;287;23721;135719145;791231;289.4969318567019;0;29543;0.0;1.7183348639894163;-33.51;-2825.89;Petite
288;La Flèche;1;13;11;288;23979;345756683;2776560;1517.6086515564089;20621;124059;0.10161016647785112;0.4995739403930733;0.5809090909090907;-51382.869999999995;Petite
289;Landivisiau;1;13;12;289;24077;234583768;2823440;1364.747277458442;82611;157287;0.6078678304533159;1.0290733056358878;-171.59083333333334;9136.3;Petite
290;Briançon;1;13;15;290;22820;844482986;971289;912.4491071775584;7565;43000;0.47773032513311536;0.4904702936898016;8.864666666666666;-4975.2300000000005;Petite
291;Lure;1;13;33;291;23481;287738631;1848737;3125.050351771584;9651;109886;0.3030816089525265;0.6922139648593402;11.652424242424244;-115020.4;Petite
292;Paimpol;1;13;13;292;23528;206309239;2611893;1651.1321078720803;10131;52765;0.7583718887007159;1.0608228162339322;5.914615384615384;18987.100000000002;Petite
293;Saint-Pol-sur-Ternoise;1;13;72;293;23164;415938851;1910625;6463.8005922604725;5059;61647;0.17163772270660632;0.5308557428333072;112.97874999999999;-13706.950000000003;Petite
294;Chinon;1;13;20;294;23429;370811799;2205862;1879.1485961552685;13992;152904;0.07259579638182882;0.6337459482645345;1.3035;-22254.53;Petite
295;Saint-Marcellin;1;13;17;295;23369;222648222;1645130;1473.8084484996207;24543;154944;0.1496319476651751;1.3424172601351636;9.698235294117648;1848.9500000000012;Petite
296;Roscoff - Saint-Pol-de-Léon;1;13;9;296;23075;156932895;3739105;1661.8887602986435;9828;62815;0.28265562406111366;1.79907246819803;6.656666666666667;5924.369999999997;Petite
297;Vittel - Contrexéville;1;13;72;297;22483;726529198;2448840;8747.3857682124;25056;60703;0.9769923551332965;0.2577975519487439;-0.011805555555554466;-31242.85;Petite
298;Porto-Vecchio;1;13;10;298;22601;724780532;7678152;3227.689822360127;28636;175723;0.1185074058969896;0.2727071627910112;9.065999999999999;84985.84;Petite
299;Yvetot;1;13;15;299;22399;123666145;1976189;1796.8406535246324;2078;39520;0.1922694243373022;2.0184457758268235;12.017333333333333;4915.61;Petite
300;Saint-Amand-Montrond;1;13;36;300;22775;718111070;2185887;6498.911582598956;73416;81294;2.4774285190615832;0.41401806514290146;-1.4188888888888895;-3627.5699999999993;Petite
301;Le Luc;1;13;5;301;22958;225359754;1948187;477.81331345217484;8785;74505;0.0808894618111505;1.01070066195345;14.178;-2321.64;Petite
302;Capbreton;1;13;6;302;23849;105626164;2695757;897.6232851046997;5159;100787;0.1099751184291493;2.4660917603576946;14.166666666666666;3356.01;Petite
303;Somain;1;13;5;303;22064;39599444;783323;270.20715720479535;87;14310;0.005044648034326801;4.741786173974035;2.7660000000000005;-25281.120000000003;Petite
304;L'Isle-sur-la-Sorgue;1;13;4;304;23166;89612223;1154483;241.84183903013877;0;28591;0.0;1.6752501105250164;341.33750000000003;-1541.6699999999998;Petite
305;Carhaix-Plouguer;1;13;18;305;22248;571695909;2664055;2406.4659951478434;24682;104051;0.7324338418761818;0.45211013561733615;-5.164444444444445;-32400.44;Petite
306;Gaillac;1;13;14;306;22632;286661952;2099660;1355.5840403688092;179100;54413;1.1592478096077221;0.5017147346210767;25.76928571428571;15545.57;Petite
307;Neufchâteau;1;13;72;307;22304;837990427;1665941;5349.235022413475;6188;89590;0.01893257398692613;0.2284093660325533;-11.960833333333333;32362.82;Petite
308;Hirson;1;13;26;308;21391;360104715;793312;1494.5180729469964;515;18412;0.0;0.49552445632307546;-12.338461538461539;-1297.9499999999996;Petite
309;Ussel;1;13;38;309;21186;909860717;2673509;6559.53390591912;103512;96609;0.2420780212858661;0.18904479693228365;3.4286842105263164;23178.56;Petite
310;Orthez;1;13;26;310;21486;302942650;2232110;4352.9695205092785;40308;75763;0.0382838392035038;0.5485657274513407;-2.4646153846153847;3341.8299999999986;Petite
311;Luçon;1;13;13;311;21481;279358134;1780455;1361.9116145472017;54569;63348;3.225407940472595;0.7301650091750731;15.168461538461539;18977.24;Petite
312;Lannemezan;1;13;65;312;21370;508750409;2494728;11566.914785470753;18578;75893;0.2999427125388301;0.38565307581584357;10.877999999999998;325288.66;Petite
313;Morteau;1;13;21;313;21727;264054208;1418950;2505.772203610525;11370;42210;0.6796875;0.6910066217263003;8.545238095238096;7199.43;Petite
314;Bédarieux;1;13;26;314;21181;443428601;1106097;1732.4055890004768;23298;24786;1.9921253669615973;0.6844006560366966;-17.388076923076923;-11191.81;Petite
315;Saint-Jean-d'Angély;1;13;37;315;20755;425254429;1755555;2980.567277404555;0;100576;0.0;0.45243326777413967;-25.084324324324324;-12056.96;Petite
316;Le Grau-du-Roi;1;13;3;316;20596;204711522;649863;109.74333476406963;13624;0;;1.1197104707390009;27.183333333333337;-5777.62;Petite
317;Amnéville - Rombas;1;13;2;317;20532;21882463;943073;89.47581198791758;17486;1749;8.465980560320183;9.458447333124537;6.78;1298.82;Petite
318;Issoudun;1;13;20;318;19485;507206473;1782176;4653.270030305586;32807;23389;2.1300838043935117;0.3251090405097393;-19.6515;-40143.74;Petite
319;Saint-Claude;1;13;18;319;19376;310615624;502707;684.2147868805386;9140;27214;0.2393672742509952;0.5050929617137219;-477.26944444444445;-12966.76;Petite
320;Feurs;1;13;16;320;20399;227968638;2291310;2655.392013501247;175031;100391;2.240030015637386;0.8315240587437375;11.91375;13920.89;Petite
321;Évron;1;12;18;321;19602;500878227;2208558;3109.150290807933;865;20621;0.021244719520581587;0.3283532093476673;-2.178333333333333;14146.289999999999;Petite
322;Freyming-Merlebach (partie française);1;12;3;322;19793;26077812;360383;125.00840185202453;4236;5174;0.0;6.895738348139717;-89.37666666666667;3080.62;Petite
323;Saint-Flour;1;12;36;323;19820;957297473;2091010;5236.687684888141;79088;68977;0.9374746347402598;0.21586921874692055;-6.10361111111111;5390.240000000001;Petite
324;Brioude;1;12;39;324;19470;616694881;1773726;4924.744976947249;3895;87189;0.019405111911007293;0.3737044292904213;-243.78076923076924;-25930.030000000002;Petite
325;Uzès;1;12;18;325;19654;246296511;2815928;4979.082388477539;25642;233312;0.012944621131808774;0.70204350293057;-0.1288888888888886;-153727.67;Petite
326;Joigny;1;12;14;326;19135;271158055;749480;731.3591462247527;14455;12425;0.564427957828973;0.6114456621725027;-13.576428571428574;-8185.919999999999;Petite
327;Limoux;1;12;39;327;19319;400750998;1715096;3463.3234488875514;2983;87057;0.0;0.4186770542537566;-3.175641025641026;21963.319999999996;Petite
328;Loches;1;12;23;328;18507;590805183;1729073;2725.731591987407;17012;90805;0.2789003647917946;0.4808624831083892;-0.8639130434782608;-14862.76;Petite
329;Moissac;1;12;7;329;19480;227326085;1363395;679.4588672667819;0;14482;0.0;0.6098950713489095;3.1957142857142857;848.7400000000002;Petite
330;Decazeville;1;12;12;330;18200;184452085;664779;638.59280758493;17474;10979;1.347543846232283;1.1505230214227213;-116.96583333333332;-3121.6600000000003;Petite
331;Ambert;1;12;29;331;18198;612307996;1168511;1689.9256941332198;8965;88333;0.43894753165683786;0.2588496304973;-211.04965517241382;-3548.2799999999997;Petite
332;Mauges-sur-Loire;1;12;1;332;18083;194094477;1457598;80.60598352043355;9835;121153;0.08117834473764579;0.931659688595879;-14.92;-1363.54;Petite
333;Louhans;1;12;15;333;18006;249435435;2301734;2386.036902203273;0;67845;0.0;0.6543601875076537;-1.496;38861.77;Petite
334;Valréas;1;12;12;334;17845;235056671;880643;1106.3425777017837;7266;18802;0.463405005608525;0.5903410300998805;23.19583333333333;-15657.48;Petite
335;Tournon-sur-Rhône;1;12;9;335;18360;117745050;909891;839.3825502084532;2561;46193;0.06193587533829882;1.3399393294777213;17.183333333333334;28110.03;Petite
336;Paray-le-Monial;1;12;19;336;17778;362986667;2124038;3830.030854358915;18772;126924;0.45496196814832424;0.42841556903221106;-0.6694736842105267;-12070.359999999999;Petite
337;Chantonnay;1;12;10;337;17653;250414756;1600948;814.1650791988402;46741;56396;0.48414731236763003;0.7324264340187989;5.151;-5798.259999999999;Petite
338;Champagnole;1;12;43;338;17508;386608404;1662931;5993.4048575784755;14455;54275;1.0701066034942257;0.4038702335902761;-24.22232558139535;-42806.92;Petite
339;Revel;1;12;16;339;17549;217727424;2037068;2768.700623194706;2216;61687;0.030612742227542455;0.6051178452668371;0.6137500000000001;7821.9800000000005;Petite
340;Lavelanet;1;12;28;340;17168;333810619;851942;2217.8852983833845;0;18759;0.0;0.6539844626279658;3.3560714285714286;22589.059999999998;Petite
341;Bollène;1;12;2;341;17538;94866320;1419860;235.70960250101206;2640;56132;0.04592901878914405;1.729795119867716;2.2950000000000004;-882.7900000000001;Petite
342;Crest;1;12;17;342;17909;297152076;1054639;1211.6915887185748;5909;77629;0.10453610320987787;0.5506245316104976;47.13764705882353;5630.64;Petite
343;Sisteron;1;12;21;343;17325;572285303;1569509;2122.1392360496125;15122;57237;0.4403923627705048;0.29083721036393306;10.055238095238096;8419.34;Petite
344;Bourg-Saint-Maurice;1;12;9;344;17143;589557127;1362543;921.1149211013515;26507;27054;1.3584803165530657;0.33050864331596025;-6.027777777777778;-1933.1;Petite
345;Pézenas;1;12;8;345;16616;108389593;899420;497.5188633363023;17238;45354;0.5610591049421035;1.657556083616686;26.346249999999998;8346.34;Petite
346;Verneuil d'Avre et d'Iton;1;12;24;346;15797;390652833;1140376;2363.748536683643;0;17188;0.0;0.33914589030303316;-30.22125;-5947.9800000000005;Petite
347;Loudun;1;12;25;347;16788;438252055;1813670;2821.3444352158435;5230;67255;0.3750717154331612;0.3084597854674645;-1.374;-32099.43;Petite
348;Le Blanc;1;12;23;348;16400;702961227;1408707;2573.9688483109917;3046;42673;0.02502942678837142;0.2256819358750906;638.8373913043479;-33919.09;Petite
349;Sainte-Maxime;1;12;2;349;17796;120322606;934884;187.69885128593208;0;28317;0.0;1.296654317248491;40.525;532.09;Petite
350;Gérardmer;1;12;13;350;16398;269387560;1058242;1136.1241582936639;4908;65130;0.023785969813222386;0.46698223613329365;13.466923076923077;17409.829999999998;Petite
351;La Ferté Macé;1;12;17;351;16429;289896897;1625733;2563.514336338502;3032;131550;0.029336103117477974;0.4456061551200202;-11.837058823529413;-8230.14;Petite
352;Honfleur;1;12;11;352;16070;90437941;5207392;4681.294490812707;33952;334263;0.16996327302062908;1.655202669330462;5.449090909090909;-27189.36;Petite
353;Crozon;1;12;7;353;16060;195831243;1329455;594.9520811096158;169;56837;0.0009560662118280665;0.8576915628163648;-35.07285714285714;-2329.6499999999996;Petite
354;Jonzac;1;12;35;354;16293;351212193;2299626;5096.863041326911;8367;41976;0.08966376306240183;0.46900065360384136;297.2585714285714;25307.8;Petite
355;Lesparre-Médoc;1;12;12;355;16258;396025108;1961834;1604.291575688591;5295;66949;0.06609154446414432;0.44422617168667;13.0175;11516.239999999998;Petite
356;Castelsarrasin;1;12;6;356;16233;123386223;1316634;467.2207952320948;2493;20932;0.06580267117140896;0.7280588531571449;-3.77;2742.25;Petite
357;Belleville-en-Beaujolais;1;12;4;357;16409;50206403;1135306;317.2688864312071;2432;14142;0.06906932492686944;2.5044832867789326;23.472499999999997;1366.23;Petite
358;Carentan-les-Marais;1;12;13;358;16172;300495342;2379515;3041.1442138284174;11958;76124;0.5006655163694769;0.5031231754583771;4.929230769230769;-8641.74;Petite
359;Vaison-la-Romaine;1;12;14;359;15580;211553538;1323181;1114.6267476637302;11647;73774;0.031596952775312784;0.6749288792599402;-0.47285714285714253;-11731.84;Petite
360;Pineuilh;1;12;16;360;15841;169698412;1032668;1359.7396673292535;0;51246;0.0;3.523702267250216;3.069375;-5485.54;Petite
361;Nérac;1;12;17;361;15433;423130556;1781508;2921.185253750184;3507;61337;0.0651700351239517;0.37498880835051907;-6.698823529411764;-110140.18;Petite
362;Doué-en-Anjou;1;12;7;362;15653;258740234;796257;375.76734392299045;39354;9261;2.0042780748663103;0.501482264019409;-152.7942857142857;-11339.95;Petite
363;Prades;1;12;26;363;15401;439852462;852733;1580.0491431713426;39005;70071;0.9075241444681387;0.5731487726934644;21.083846153846157;-1725.42;Petite
364;La Tour-du-Pin;1;12;4;364;15623;37750836;808576;319.9278130974005;155;24704;0.006529064869418702;6.06911617669166;-0.8825000000000003;2975.12;Petite
365;Châtillon-sur-Seine;1;12;60;365;15011;1025870945;723352;4257.3464913841935;23905;3667;0.0;0.1424494320114381;-8.019999999999998;-5793.82;Petite
366;Tonneins;1;12;11;366;15357;180194114;1188469;1404.8669430556893;5677;34812;0.10062952596976604;0.5861872088901846;2.009090909090909;-8085.809999999999;Petite
367;Graulhet;1;12;7;367;15587;136936585;666691;543.7700966179564;1457;30306;0.009456126687435099;0.6252600355872487;9.870000000000001;5356.120000000001;Petite
368;Wissembourg (partie française);1;12;11;368;14933;135071899;578540;612.816107292898;1464;20966;0.17461832061068702;0.9990521480427632;34.35818181818182;-2393.51;Petite
369;Surgères;1;12;9;369;15136;209843777;1084267;683.506593762175;14753;13052;0.4090644662695903;0.6547821753853753;20.254444444444445;-3001.74;Petite
370;Decize;1;12;13;370;14321;353262831;1551714;3605.6395660699445;645;73348;0.11727272727272728;0.492233087662712;-51.399230769230776;-9389.55;Petite
371;Bormes-les-Mimosas;1;12;3;371;14788;134157382;944211;231.4016543742692;34627;153755;0.08106823619753988;1.2494413938706563;75.25999999999999;284.71999999999997;Petite
372;Commercy;1;12;19;372;14258;309535860;395035;795.619458871891;0;4427;0.0;0.3884124164550846;-60.800526315789476;-8932.57;Petite
373;Barbezieux-Saint-Hilaire;1;12;25;373;14588;373917859;3133025;7239.127023921458;38654;118714;0.1761021193619506;0.3529544799720189;0.5968;10614.87;Petite
374;Tarare;1;12;6;374;14687;108840622;1418629;1766.3722741112585;7595;33425;0.11870897155361052;1.6238307103695513;13.018333333333333;-95.57000000000002;Petite
375;Saint-Vallier;1;12;9;375;14811;92193005;920043;674.5524050860586;19056;37384;0.5561827306581165;2.09494508421884;4.775555555555554;56233.43;Petite
376;Pont-Saint-Esprit;1;12;5;376;14750;79944654;987741;733.2255039237556;26794;28093;0.0;1.7204176418901853;9.466;4955.34;Petite
377;Montpon-Ménestérol;1;12;13;377;14677;326253038;1486791;1465.404826332304;29;133679;6.0598462052825144e-05;0.451205393799188;-1.852307692307692;2872.4399999999996;Petite
378;Hesdin;1;12;28;378;14129;171544381;596944;1577.5156174636875;9631;31157;0.06591337099811675;1.6823953400273985;-250.6807142857143;-14086.64;Petite
379;Maîche;1;12;23;379;14364;209170621;879952;1741.223341655772;3039;16785;0.1276803118908382;0.5006561669344378;6.1673913043478255;-7670.420000000001;Petite
380;Avesnes-sur-Helpe;1;12;14;380;13614;155711904;893347;1212.3833158690427;1047;24230;0.026385636221701793;1.8489697038242963;-24.76142857142857;-13346.01;Petite
381;Montval-sur-Loir;1;12;12;381;13816;268869056;2303041;3644.9761833655393;47;39766;0.0007177798619983542;0.4798367223086231;-9.033333333333333;-25219.93;Petite
382;Montmorillon;1;12;18;382;14004;732444974;1584676;2847.610567091762;3634;50930;0.10620762216506897;0.17595088920358315;-7.1;74945.90000000001;Petite
383;Clamecy;1;12;45;383;13581;634809841;404430;1680.6029379953313;0;14079;0.0;0.19845035262782287;-120.65377777777778;-5199.26;Petite
384;Saint-Gervais-les-Bains;1;12;7;384;14045;219852932;1692017;1003.6765769607695;11433;90539;0.1030920720836255;0.670518209744328;3.6085714285714294;4270.29;Petite
385;Fumel;1;12;10;385;13843;164796855;1338191;1301.0226268630424;3466;30697;0.19615166949632146;0.9567614764265224;-4.567;-20720.98;Petite
386;Ruffec;1;12;30;386;13790;388871329;1770798;4679.238777591113;7616;85864;0.11936186745555631;0.35450284953675;-16.109666666666666;-19062.289999999997;Petite
387;Essarts-en-Bocage;1;12;6;387;14494;203260079;2155466;691.3286226664108;43692;20855;0.8962093862815884;0.6002391831934226;15.9475;3016.34;Petite
388;Saint-Yrieix-la-Perche;1;12;11;388;13817;463037818;1808851;1395.847742936556;83274;171744;0.0920060148515125;0.23667677225664627;-6.454545454545454;-26791.6;Petite
389;Bar-sur-Aube;1;12;43;389;13139;515995991;267650;1250.309783698286;11745;3439;0.0;0.24521097074958348;-130.793488372093;327.4299999999999;Petite
390;Yssingeaux;1;12;9;390;14034;254037366;2028523;1518.3167160031046;3766;188467;0.045299249592728213;0.47426462449857776;9.464444444444446;11780.2;Petite
391;Blaye;1;12;13;391;14013;139452490;903534;1016.9965411203689;0;8723;0.0;1.318211858421048;7.685384615384615;14168.16;Petite
392;Semur-en-Auxois;1;12;54;392;13566;543622094;1726523;9506.900111194862;3247;54025;0.046858723774471846;0.2226240790874056;1.4387037037037038;-13713.57;Petite
393;Saint-Chély-d'Apcher;1;12;22;393;13721;628709294;1708088;3589.3753695908704;82952;41746;1.615771044090738;0.24369514034260262;-8.395454545454546;-21781.18;Petite
394;Auray;1;12;1;394;14155;7200021;260739;18.42027552101731;0;0;;19.659664881532983;203.07;86.34;Petite
395;Dives-sur-Mer;1;12;12;395;13094;86053903;1416183;4523.052287249364;8460;30818;0.11659637806995782;1.8181230570956923;5.7525;-1882.8099999999977;Petite
396;Valence;1;12;16;396;13613;169188573;859635;1484.3701979678438;2000;16838;0.2;0.7558934258450851;-6.445;-308.15999999999985;Petite
397;Sézanne;1;12;37;397;13275;498926620;1065578;4442.357652844869;2379;10236;0.0;0.21495551347095415;-21.222432432432434;10142.349999999999;Petite
398;Bagnères-de-Bigorre;1;12;21;398;13201;362524280;521944;1509.657302057214;3286;17273;0.05700902151283831;0.3751608789127548;231.28571428571428;-6672.38;Petite
399;Saint-Martin-de-Crau;1;12;1;399;13364;215054874;1665266;124.6083507931757;12752;12454;1.0239280552432952;0.6214227909105654;21.06;-19763.43;Petite
400;Gournay-en-Bray;1;12;21;400;13314;236396152;1725247;4417.039899742958;40236;41261;0.4347201618981625;0.5943690687520591;-2.280952380952381;-86082.06;Petite
401;Roye;1;12;35;401;13200;216461934;1345456;4748.53914201349;99885;6784;0.0;0.464806567656285;-22.440285714285718;13410.28;Petite
402;Le Cateau-Cambrésis;1;12;11;402;13230;121517026;480368;498.95920680865623;66;12205;0.0;0.8915745136385567;-47.950909090909086;-6560.429999999999;Petite
403;Aubigny-sur-Nère;1;12;16;403;13069;679006376;1034486;1527.7201335814202;3858;39278;0.035342616342982774;0.20685622021994696;-15.1175;-16463.85;Petite
404;Saint-Affrique;1;12;16;404;13036;511800296;1051628;2728.346644614164;898;25095;0.035007792317733835;0.17982359242822343;6.864375;33528.07;Petite
405;Cogolin;1;12;2;405;13267;74084979;621709;148.84674638087347;2356;43041;0.06359468596528402;2.2776547101890388;2.6350000000000002;325.84;Petite
406;Condom;1;12;23;406;12786;421424267;2249616;4873.981059427241;15891;89858;0.126778420709437;0.21247805368050224;-2.247391304347826;-59185.26;Petite
407;Mazamet;1;12;4;407;12847;151151824;353434;220.36929496761013;0;6505;0.0;0.6261419365681727;2.9325;1781.8200000000002;Petite
408;Chamonix-Mont-Blanc;1;12;4;408;13296;349687808;902286;257.4686002798532;5383;29390;0.11670761975776277;0.47963749672648626;15.76;1131.7;Petite
409;Lillebonne;1;12;6;409;12828;45064733;599042;624.1352711770706;20000;6352;10.183299389002036;2.045576145783405;-1.3866666666666665;-1335.78;Petite
410;Gourdon;1;12;22;410;12663;377366602;1260935;2300.6397390867824;26543;19268;2.2919405975591567;0.2737969031548659;-0.11318181818181826;-31196.199999999997;Petite
411;Pouzauges;1;12;7;411;12811;169742307;790216;498.6071739970326;8239;17313;0.6838138710602301;0.685035061165853;-1.2114285714285713;13431.310000000001;Petite
412;Nyons;1;12;17;412;12524;306868419;783210;1147.958123842515;77794;26971;2.501113238025433;0.3473838263680594;-5.232352941176471;3720.58;Petite
413;Nogent-sur-Seine;1;12;19;413;12619;266850396;565187;1059.1209104580569;0;1641;0.0;0.39706201109348027;-151.73631578947368;-1135.4299999999998;Petite
414;Corte;1;12;34;414;12772;728462306;651110;3427.0022698313805;6981;39596;0.08851610939936855;0.11221120758480198;114.61205882352941;-3841.4400000000005;Petite
415;Tonnerre;1;12;38;415;12009;536015422;454708;1696.028302905604;800;62033;0.0;0.19069273645291904;-24.00236842105263;-4184.87;Petite
416;Digoin;1;12;8;416;12357;193749817;1001504;965.0600795238279;0;42731;0.0;0.5215205651356669;-8.73625;-5513.79;Petite
417;Givet;1;12;11;417;12155;89965263;997747;689.1344393738999;0;4025;0.0;0.9921078612462627;5.695454545454545;2349.18;Petite
418;Mortagne-au-Perche;1;12;25;418;12179;291134404;759107;2053.794433195282;13564;37318;0.08847681847968546;0.456055922547096;-269.4712;-1644.8;Petite
419;Aubusson;1;12;34;419;11999;620554344;1525368;5831.682405915373;0;104129;0.0;0.23168575869597313;22.841764705882355;-38918.340000000004;Petite
420;La Côte-Saint-André;1;12;8;420;12537;142202807;1815421;1295.7843613962782;35307;141026;0.5420196250028487;0.8987852360049848;5.55875;22299.07;Petite
421;Aire-sur-l'Adour;1;12;23;421;12274;295960851;2201251;5309.67317426747;5071;35542;0.0;0.28264976049212903;2.9465217391304352;3159.4900000000002;Petite
422;Hauts de Bienne;1;12;7;422;11996;224728169;699230;611.9203186592271;6401;11834;0.41174578669754275;0.6521568491258287;-75.00142857142858;-9224.41;Petite
423;Moûtiers;1;12;7;423;12042;206552375;465466;297.744244294871;2459;8287;0.22731263063601076;2.1270830214644367;-557.9057142857142;-720.7299999999998;Petite
424;Jarny;1;12;8;424;11988;74178865;318049;236.8056564732023;699;7676;0.0;1.2113188424181556;28.245;5315.26;Petite
425;Ribérac;1;12;24;425;11931;352772264;1447977;3620.1870112423703;0;57162;0.0;0.34335439103404247;5.562083333333334;-8134.08;Petite
426;Delle (partie française);1;12;8;426;12111;53625047;575383;457.9638171208194;3586;2765;0.0;1.8763359059149305;10.91625;1993.0700000000002;Petite
427;Embrun;1;12;12;427;12499;398012763;1012177;1512.030700315158;7815;68962;0.11402779903436983;0.32330211756655985;19.449166666666667;8406.02;Petite
428;Sully-sur-Loire;1;12;8;428;11735;269917224;1189318;1003.4459462037393;0;35234;0.0;0.531886817799512;-4.1137500000000005;7779.259999999999;Petite
429;Saint-Florentin;1;12;19;429;11700;292442096;517951;1021.1688759879873;1940;7679;0.0;0.3697652620478382;-15.851052631578948;-799.99;Petite
430;Calvi;1;12;15;430;12517;456855136;1841337;2010.4332818455962;44703;186482;0.06159600402305654;0.42232748007395504;18.758666666666667;1298.98;Petite
431;Guer;1;12;9;431;11961;174629135;1433224;1314.3054273859113;1900;101632;0.036165722250291535;0.6389352452779228;13.669999999999998;-1696.56;Petite
432;Vidauban;1;12;1;432;12693;76567850;1013144;79.8191128968723;0;56051;0.0;1.6577453853020556;23.61;254.01;Petite
433;Baugé-en-Anjou;1;12;1;433;11735;270223011;1132538;96.50941627609714;62033;68968;0.8994461199396822;0.43427093631193386;11.29;-2256.5;Petite
434;Nontron;1;12;19;434;11832;369344255;1090321;1886.969156629308;1035;29063;0.02288810260946484;0.29825450147479105;1.4068421052631577;29550.390000000003;Petite
435;La Souterraine;1;12;12;435;11329;317816029;1189557;1530.1014494627009;21221;19257;12.762510860536105;0.30721497334761294;-21.74;-9484.650000000001;Petite
436;Gueugnon;1;12;12;436;11451;333531890;606380;1140.7430429267686;234;16385;0.005029229711141678;0.36729611461997386;-9.8825;-34285.32;Petite
437;Beaurepaire;1;12;10;437;11818;123926941;1017640;994.8651942996541;18814;99488;1.12932743335386;0.8885894554929819;5.111;-5542.08;Petite
438;Valdahon;1;12;22;438;12105;221525210;979750;2791.185159768816;5514;12706;1.742730720606827;0.36360072836840246;15.866363636363637;22350.55;Petite
439;Marennes-Hiers-Brouage;1;12;3;439;11764;114499192;599713;177.10644979154247;943;57448;0.06755498244859946;1.4548944045923198;10.006666666666666;-34.98000000000013;Petite
440;La Réole;1;12;20;440;11775;130971157;951903;2465.0563891703932;7311;32066;0.8227537922987164;0.7703102342775633;-11.6955;3776.720000000001;Petite
441;Saint-Hilaire-du-Harcouët;1;12;8;441;11243;160528835;1411386;1186.2788013391519;13763;74445;0.11144215766054165;0.5169632191768374;-12.3;4751.63;Petite
442;Montbard;1;12;34;442;11069;528926372;805143;4122.815932266799;0;12503;0.0;0.18759630045360687;-30.376470588235293;-55487.11;Petite
443;Lodève;1;12;19;443;11588;385791711;973626;2682.6249364070404;1233;10499;0.029424398625429553;0.3401631270273877;21.39157894736842;276344.35;Petite
444;Le Pouliguen;1;12;3;444;10960;18260922;167993;52.21045300582306;0;1779;0.0;7.136845249581785;-51.71666666666667;-328.18;Petite
445;Pauillac;1;12;5;445;11474;131570664;600328;328.11386394732244;504;45566;0.00412135088723526;0.8452518354968083;11.978;1448.02;Petite
446;Tournus;1;12;14;446;11169;141703632;820279;1580.700100443164;671;27824;0.017251131221719455;0.6934830403458588;11.855;-973.1400000000002;Petite
447;La Châtaigneraie;1;12;10;447;11413;226644556;984356;842.321355608704;10604;42634;0.6346962328720248;0.6241561230564036;3.2816666666666663;-5910.99;Petite
448;Mirecourt;1;12;33;448;10568;184844938;518356;3618.308053655914;5261;29834;1.5031428571428571;0.44005012831643664;249.60909090909092;-4806.6;Petite
449;Sainte-Menehould;1;12;50;449;10895;630194085;1025135;5822.480983309235;0;13419;0.0;0.1772400126269808;-56.4394;-12314.98;Petite
450;Ham;1;12;13;450;10737;97446021;416692;616.6100249665947;0;33209;0.0;1.1076773266158406;2.0330769230769223;3807.3399999999997;Petite
451;Le Thillot;1;12;7;451;10448;146102763;557149;410.3755832242569;1339;27114;0.6100227790432802;0.8357713916143038;14.868571428571428;-6299.19;Petite
452;La Châtre;1;12;14;452;10572;238159472;1360605;2379.0950198245264;1211;43256;0.018146128026852074;0.7338213094085636;-8.884285714285713;4082.009999999998;Petite
453;Saint-Jean-de-Monts;1;12;2;453;10883;83155855;1405896;245.3196604093252;5000;40832;0.07127380545102065;1.2183319560634382;7.58;2223.2;Petite
454;Saint-Maixent-l'École;1;12;4;454;10914;64327306;423023;295.44088085784625;2367;6758;0.6197957580518461;3.927940124170439;187.715;-2249.14;Petite
455;Mimizan;1;12;5;455;10883;295301778;1686892;1185.7345975517767;3100;58014;0.07103361252457381;0.44404778679760015;9.336;10243.57;Petite
456;Bazas;1;12;18;456;10574;292965663;1666642;3649.948209556974;1423;79140;0.00687190631413739;0.3317243896938501;2.778888888888889;4296.5700000000015;Petite
457;Montrichard Val de Cher;1;12;7;457;10186;151637772;2176814;1960.5553050489425;1475;12045;0.0;0.7727848524112583;0.6328571428571428;-65987.2;Petite
458;Ciboure;1;12;2;458;10477;26830115;430580;94.96150971784259;0;22700;0.0;5.223825165199214;-34.115;1184.8;Petite
459;Saint-Rémy-de-Provence;1;12;2;459;10208;91514060;876267;159.0624946011575;12360;19853;0.3882153401595578;2.1869776232207228;16.665;10978.67;Petite
460;Saint-Pourçain-sur-Sioule;1;12;14;460;10231;222404375;1813175;2856.551749276734;10893;57033;0.13531895602871863;0.4240778074076762;-0.0749999999999998;-14100.53;Petite
461;Faulquemont;1;12;7;461;10120;58838313;579581;454.6110234020438;39676;8668;30.90031152647975;1.190363423310726;7.274285714285715;-390.5;Petite
462;Ernée;1;12;5;462;10110;188830389;1454704;866.6764404048564;9568;25695;0.733084199738754;0.5422920484075492;-2.782;13428.62;Petite
463;La Londe-les-Maures;1;12;1;463;11493;80028635;614442;53.462281388671364;6391;55992;0.11414130590084298;1.4361109620325274;118.55;60.2;Petite
464;La Tremblade;1;12;3;464;10665;95626087;1130772;325.2703495438046;3110;30307;0.06409860054823883;1.572479847626002;5.29;932.0999999999999;Petite
465;Vouziers;1;12;45;465;10004;483836555;867870;5224.835557260211;2094;21566;0.3132854578096948;0.16817386389312214;47.104000000000006;23526.410000000003;Petite
466;Guise;1;12;21;466;9848;205739080;906086;2306.4259015878665;60633;46001;0.0;0.41186465004192074;21.373809523809523;-18478.01;Petite
467;Le Vigan;1;12;20;467;10093;371350640;466769;1605.3233516610462;4079;20359;0.10137691626855111;0.49542932541991014;0.47099999999999936;-4669.6900000000005;Petite
468;Die;1;12;27;468;10456;622931389;595684;1589.0212903358747;3207;21749;0.028816065472301502;0.1478636797898083;88.90629629629629;6832.52;Petite
469;Rostrenen;1;12;10;469;10138;332666460;1502445;1392.9749001451469;35084;29682;6.695419847328244;0.3981929087738757;3.341;9492.079999999998;Petite
470;Mamers;1;12;21;470;9913;191565805;455328;2090.976898924473;6524;11461;2.4601941747572815;0.711847112580646;-16.153809523809525;-2554.92;Petite
471;Bort-les-Orgues;1;11;11;471;9622;243865263;809036;1358.4478968954747;30122;31853;5.118226407741471;0.5054403760963481;-11.702727272727271;8744.36;Petite
472;Montdidier;1;11;23;472;9591;143381146;303382;881.9236931518849;11047;17617;0.16535833935492347;0.4705108178534286;61.03217391304348;882.9899999999998;Petite
473;Migennes;1;11;4;473;9859;99812231;192708;170.45584744490804;0;0;;1.567423190994856;-16.660000000000004;5747.63;Petite
474;La Guerche-de-Bretagne;1;11;11;474;9749;160730838;747835;1060.0244296226601;0;40170;0.0;0.7998352655514348;-7.882727272727272;4248.78;Petite
475;Rambervillers;1;11;15;475;9628;185867553;609038;1203.758052016953;3642;7517;0.5133724622539078;0.4427770525877668;-8.575333333333333;640.1800000000003;Petite
476;Merville;1;11;1;476;9692;27124574;352780;36.39909203466777;9;16388;0.000549182328533073;3.57314367407208;45.56;-575.54;Petite
477;Le Mené;1;11;6;477;9696;263901913;1315657;844.1463013219036;1323;54855;0.01063624523660219;0.36924709049165383;0.9883333333333333;30417.05;Petite
478;Saint-Éloy-les-Mines;1;11;15;478;9416;289254088;982137;1934.6877154079584;2156;19356;0.055025078952257105;0.3553354399520157;-47.16866666666667;-5207.41;Petite
479;Joinville;1;11;31;479;9404;320919722;654896;3394.435383004699;0;31179;0.0;0.2855347446533682;-68.07709677419355;-432.61999999999944;Petite
480;Les Andelys;1;11;7;480;9540;78824658;428389;435.10975265538946;1522;0;;0.7274541467295708;-5.472857142857143;-2620.6899999999996;Petite
481;Sainte-Marie-aux-Mines;1;11;4;481;9351;103449007;295970;141.66534678898424;2147;10288;0.3718149350060734;0.8868021511200459;2.8449999999999998;-1046.1;Petite
482;Saint-Valery-en-Caux;1;11;17;482;9428;109352549;1507744;4915.76599447429;2000;63826;0.03995844321905218;0.7078362808747279;1.6129411764705874;-10287.990000000002;Petite
483;Hagetmau;1;11;16;483;9417;193246058;1223682;2315.6045124975158;2015;91935;0.006457919364143324;0.3864474606206225;-0.21125000000000016;5075.789999999999;Petite
484;Neufchâtel-en-Bray;1;11;15;484;9276;140165968;617554;1307.4626677863012;9432;38031;0.20522100165141605;0.6395082311965494;1.4760000000000006;-1095.6100000000001;Petite
485;Mauléon-Licharre;1;11;21;485;9378;298504895;725527;2286.321214510329;4788;22744;0.03822936368842076;0.3836302994274582;6.706190476190476;-45998.76;Petite
486;Marvejols;1;11;10;486;9251;226936971;811181;1431.9977010433704;4025;21495;0.38294366656283;0.5461798174652771;-18.944;-7816.41;Petite
487;Melle;1;11;6;487;9088;152156405;1031154;833.5164459589312;44781;34019;0.7968636934673367;0.46862245236210476;1.765;-384.88;Petite
488;Confolens;1;11;14;488;9338;457787778;2306494;3618.576751153328;57066;143129;0.33754511186864206;0.22652565663369426;-0.13357142857142856;-64238.630000000005;Petite
489;Le Neubourg;1;11;13;489;9229;82983546;704719;1128.0472493022307;19224;7720;2.4346504559270516;1.010018709817507;2.348461538461536;473.53;Petite
490;Céret;1;11;3;490;9108;75957510;587410;291.6261639931082;944;39550;0.012432176157614707;0.8645413985350419;2.4466666666666668;-34.74000000000001;Petite
491;Bapaume;1;11;21;491;9041;124528467;471290;1381.7980794916634;0;5425;0.0;0.6975251263346463;-12.955714285714288;19799.670000000002;Petite
492;Saint-Tropez;1;11;3;492;8279;71416103;898488;346.5977690925672;39658;47536;0.6891343534067874;1.5913753069676158;-17.286666666666665;-6270.200000000001;Petite
493;Villedieu-les-Poêles-Rouffigny;1;11;11;493;8899;122126988;942699;1433.8965031947553;204;35486;0.008953258722843976;0.6588455621547401;-8.874545454545457;-13720.439999999999;Petite
494;Le Nouvion-en-Thiérache;1;11;12;494;8763;171922023;468308;886.9148686367843;36057;10235;0.03880597014925373;0.5223664253682281;14.298333333333332;-23858.18;Petite
495;L'Île-Rousse;1;11;12;495;9122;198902528;1384902;2405.9216414313896;22263;112385;0.2777974657580304;1.494033360913554;5.5616666666666665;3356.1000000000004;Petite
496;Mourenx;1;11;4;496;8131;52772404;447280;543.337077324965;0;3670;0.0;2.6548208805930797;-24.9375;2951.3;Petite
497;Soustons;1;11;2;497;9222;124861692;2413671;920.435312745363;7206;120419;0.04374112248242707;0.6522087815690965;11.620000000000001;1506.81;Petite
498;Craon;1;11;9;498;8609;158822797;1167024;1391.7825869066123;14628;56953;0.15829358770535243;0.4927049705877141;22.666666666666668;-4371.5599999999995;Petite
499;Égletons;1;11;14;499;8666;353063870;1510363;3035.438247279795;4198;52492;0.003043472967873099;0.30214337341427394;5.336428571428572;-2179.55;Petite
500;Poligny;1;11;22;500;8614;209972020;1005953;3692.893696991553;15167;32589;3.455249794760214;0.31970548770632295;6.954545454545456;16721.05;Petite
501;Bouzonville;1;11;12;501;8501;91550346;455786;834.8901998136816;16496;35997;0.6580501037178873;0.8059733341593077;-28.905833333333334;-3650.67;Petite
502;Saint-Palais;1;11;25;502;8843;272981168;1993451;6775.624302747467;11678;131936;0.03373538041857132;0.4119736445696289;1.5284;8672.78;Petite
503;Le Cheylard;1;11;20;503;8414;301480650;647243;1990.4810568539501;5963;23010;0.1882768678982388;0.30846309830030594;-102.34549999999999;-6792.4;Petite
504;Saint-Chamas;1;11;1;504;8617;26806428;334123;38.774863641638625;0;3036;0.0;3.214527500642756;14.93;383.81;Petite
505;Lagnieu;1;11;3;505;8602;49769753;521819;140.74014435975403;0;15764;0.0;1.354592823909481;69.33;7081.400000000001;Petite
506;Gramat;1;11;18;506;8527;307920365;810424;2250.7639069576867;6238;50079;0.01864092756394932;0.25365826175193423;3.2344444444444447;8714.13;Petite
507;Condé-en-Normandie;1;11;7;507;8132;106208535;1329752;1894.5123561514797;5407;139853;0.017129529140724666;0.4639281745478585;-40.114285714285714;3378.16;Petite
508;Farébersviller;1;11;3;508;8292;18594864;678701;223.3049560089501;0;10787;0.0;4.3810670654091295;-11.803333333333333;-4093.55;Petite
509;Baccarat;1;11;13;509;8265;128284048;297497;600.872164910327;1000;15131;0.024715768660405337;0.5845392011099675;8.080769230769231;22806.659999999996;Petite
510;Valgelon-La Rochette;1;11;13;510;8520;107692915;576600;1124.101888781801;0;29100;0.0;1.1352653293127033;28.767692307692307;18081.93;Petite
511;Bellac;1;11;11;511;8160;300769068;611568;1290.7281882612247;0;8851;0.0;0.28171274888855113;-10.775454545454545;-5865.91;Petite
512;Port-Saint-Louis-du-Rhône;1;11;1;512;8370;82264131;659122;78.74814814814815;0;4773;0.0;1.0174543751030447;13.08;-420.41;Petite
513;La Flotte;1;11;4;513;8506;37957107;421768;224.50196402072686;0;9288;0.0;2.5473271233735275;-55.5175;230.1700000000001;Petite
514;Bourbon-Lancy;1;11;12;514;8086;339884200;919591;2289.304037004972;0;22487;0.0;0.20194037264735068;-17.4875;-12698.220000000001;Petite
515;Mauriac;1;11;16;515;8204;328366282;793054;1934.4074662283567;10129;28020;0.058525626380321376;0.22876078175307565;60.210625;1219.0199999999995;Petite
516;Château-Arnoux-Saint-Auban;1;11;4;516;8258;84118372;199986;132.6440181055196;0;4851;0.0;1.0374934718686135;64.2625;-4481.530000000001;Petite
517;Bitche;1;11;10;517;8132;149683242;293742;330.7109845620083;1391;500;0.0;0.4388209647135173;-28.094;224.43000000000006;Petite
518;Argelès-Gazost;1;11;19;518;8238;175163921;612706;2380.5430064127027;0;31283;0.0;1.3655765949187588;-3.2042105263157894;8139.179999999999;Petite
519;Casteljaloux;1;11;14;519;8143;404302866;1480317;3447.596143154603;0;25253;0.0;0.21480926752922516;-0.9392857142857143;-23311.06;Petite
520;Le Pont-de-Beauvoisin;1;11;4;520;8232;34355911;703054;398.01229513084445;0;60332;0.0;4.550281171901059;44.405;2244.52;Petite
521;Souillac;1;11;11;521;8346;188762354;927039;1444.1143491223502;1957;16271;0.00038408779149519894;0.41957186800416707;2.6727272727272724;-365.21000000000004;Petite
522;Forcalquier;1;11;7;522;8268;184203732;645117;1657.4443827492812;0;11138;0.0;0.3718116372755583;21.717142857142857;40840.28;Petite
523;Saint-Jean-Pied-de-Port;1;11;22;523;7912;362117261;1280609;4306.173649059188;22577;73171;0.1433809302867803;0.5250356876459632;2.015454545454545;-5021.119999999999;Petite
524;Châtillon-sur-Chalaronne;1;11;5;524;8167;77012707;941089;630.7709200168442;2182;32179;0.0920363266746344;1.0258087329854706;9.719999999999999;7820.54;Petite
525;Saint-Méen-le-Grand;1;11;4;525;7937;118528554;1229306;855.6190621552316;6227;93501;0.038691198482357296;0.8743478861271192;-2.3725000000000005;-10747.77;Petite
526;Baud;1;11;2;526;8090;77566910;819747;229.3460769178488;5464;30548;0.5208781064271831;0.9609285080334968;8.905;3668.67;Petite
527;Dieuze;1;11;31;527;7726;290681600;959359;7588.534934266021;2500;15164;0.0;0.2653229992560104;137.11774193548385;-5406.36;Petite
528;Espalion;1;11;7;528;8192;203776041;438074;421.85183359117417;2510;9639;0.2593237416880294;0.36587104683892724;6.9542857142857155;2660.48;Petite
529;Bagnères-de-Luchon;1;11;44;529;7808;372946706;610026;4560.351233500579;0;15364;0.0;0.22757511326541;-88.41545454545455;-655.0599999999997;Petite
530;Gannat;1;11;8;530;7834;89789757;956110;1067.417546730758;46624;11381;2.169567240577013;0.5576355679558155;7.76375;9172.57;Petite
531;Châteauneuf-du-Faou;1;11;5;531;7779;218054220;544198;409.81047071329374;2010;26371;0.06379939692112363;0.3531683552334032;-4.76;-59574.93;Petite
532;Chauffailles;1;11;9;532;7663;101488353;571872;828.1694859596364;7268;42019;0.17833832261863866;0.6467048716624426;2.773333333333333;-7762.76;Petite
533;Pontorson;1;11;5;533;7696;133858509;798411;487.66663370701735;0;25497;0.0;0.47749356353104855;-2.8779999999999997;-4627.849999999999;Petite
534;Brienne-le-Château;1;11;30;534;7415;321903408;324714;2032.0931535789787;2772;11674;0.0;0.17622180608621837;5.932333333333334;-841.42;Petite
535;Brou;1;11;7;535;7464;187499881;552507;679.844950856172;8000;31213;0.6150061500615006;0.44862843779221934;-52.284285714285716;-4974.389999999999;Petite
536;Saint-Vincent-de-Tyrosse;1;11;1;536;7798;20855473;318853;40.889074121569635;0;7899;0.0;3.739066479096398;51.75;1018.62;Petite
537;Sarre-Union;1;11;12;537;7502;126332677;269772;505.5030419236087;12377;19010;1.0685812627343236;0.5793263404978525;-8.58;1458.31;Petite
538;Pluvigner;1;11;1;538;7657;83010218;801142;104.62870575943582;0;21507;0.0;0.922416563223578;8.25;750.84;Petite
539;Argenton-sur-Creuse;1;11;7;539;7420;131871355;867976;1081.1148223201915;5130;22175;0.1278600269179004;0.48678041717180454;0.4228571428571429;14856.14;Petite
540;Propriano;1;11;13;540;7477;239470571;1243399;3401.799178531959;0;80206;0.0;0.2989961852848047;0.9215384615384619;-36127.61;Petite
541;Morhange;1;11;22;541;7365;175228791;1524228;8882.392468984892;261;19696;0.011659072634682391;0.3498163152818653;-5.696363636363636;-2363.2200000000003;Petite
542;Thiviers;1;11;10;542;7473;200065656;708337;1139.8082891954623;1520;18713;0.04633016337478663;0.3655529458138632;1.568;-14015.88;Petite
543;Eauze;1;11;12;543;7522;251350870;1515546;2941.0055138708763;11907;69787;0.3682308848794256;0.24088814642307335;-2.5183333333333335;-11753.349999999999;Petite
544;Machecoul-Saint-Même;1;11;1;544;7626;85617732;2263440;296.80566483084186;3625;3162;1.146426312460468;0.890703341686276;4.19;6012.06;Petite
545;Montmirail;1;11;19;545;7463;284698336;472610;1396.6047003140552;1200;861;0.0;0.19912201889792996;17.827894736842104;1139.73;Petite
546;Langeac;1;11;14;546;7117;266573559;448940;1027.428254461149;0;33959;0.0;0.21102318934410533;6.09142857142857;-365.1700000000001;Petite
547;Fruges;1;11;22;547;7370;182216010;792351;2805.0840283212387;1860;6549;0.0;0.3606001426095356;-18.050454545454546;-8494.519999999999;Petite
548;Saint-Mihiel;1;11;17;548;7251;238743305;329207;1475.4825970697657;505;1981;0.202;0.24230150998170116;-96.36764705882354;7399.109999999999;Petite
549;Cavalaire-sur-Mer;1;11;1;549;7642;16937445;166992;21.85187123789584;0;5731;0.0;4.511896569996242;66.25;108.45;Petite
550;Morzine;1;11;8;550;7576;176484321;694560;699.1654812656784;3129;26209;0.10087040618955512;0.42545847048020763;32.875;3310.9199999999996;Petite
551;Josselin;1;11;4;551;7216;162956675;983761;501.9034706194559;24;43304;0.0030721966205837174;1.6637121319886714;-1.0125000000000002;-1990.2599999999998;Petite
552;Charmes;1;11;10;552;7210;99148257;681821;682.0960738060533;4451;10164;0.35437898089171976;0.6041076339967748;41.583;-2527.620000000001;Petite
553;Thizy-les-Bourgs;1;11;2;553;7151;55891875;576273;191.51727543234227;410;56032;0.0;1.196578337616596;4.1850000000000005;173.55000000000007;Petite
554;La Loupe;1;11;8;554;7118;95047265;475474;633.4131082661524;617;28818;0.005030492776310211;0.9337167235383071;-25.877499999999998;2424.11;Petite
555;Saint-Satur - Sancerre;1;11;14;555;6988;205210780;688485;1764.308253670078;5147;28565;0.0;0.44696501014982637;-10.275714285714285;-16627.5;Petite
556;Pleslin-Trigavou;1;11;2;556;7823;63840756;800602;204.4486329191837;0;20375;0.0;1.3530247942868967;16.365000000000002;805.3299999999999;Petite
557;Locminé;1;11;2;557;7331;36193761;787283;245.45034226929374;0;26445;0.0;5.144995779579759;10.15;-30952.98;Petite
558;Uzerche;1;11;8;558;7112;232920609;1233691;1420.5870172119025;0;30533;0.0;0.3205459650707522;-2.96;8894.76;Petite
559;Rouffach;1;11;2;559;6566;60124261;307279;96.56059554217788;0;7582;0.0;1.1145723461661272;-31.57;7361.58;Petite
560;Gaillon;1;11;1;560;6833;10363761;79079;11.573101126884238;0;0;;6.593166322534841;-2.59;-136.77;Petite
561;Longué-Jumelles;1;11;2;561;6881;101730948;497224;236.55232974128;12902;9487;0.9175081780685536;0.46757953794350476;-2.225;-2772.21;Petite
562;Vervins;1;11;21;562;6843;178256667;461475;1218.333474581778;419;2114;0.0;0.3710911520974897;0.2904761904761893;-6950.32;Petite
563;La Charité-sur-Loire;1;11;4;563;6594;103535070;286227;240.57372300681007;0;21297;0.0;0.9138002328617947;-9.655000000000001;-687.19;Petite
564;Barcelonnette;1;11;11;564;6679;888174950;458729;1069.8835318157078;2318;2554;1.2072916666666667;0.21067864620404117;16.093636363636364;-601.1000000000001;Petite
565;Amplepuis;1;11;3;565;6747;77256885;552989;270.0835051851318;0;8169;0.0;0.7715863477303774;8.363333333333333;27740.41;Petite
566;Amélie-les-Bains-Palalda;1;11;6;566;7037;156102632;177526;195.35607523250783;0;7349;0.0;0.41533206392028355;-47.606666666666676;885.1099999999999;Petite
567;Quiberon;1;11;2;567;6804;16821343;358277;129.39495795039903;0;6326;0.0;3.9545908408475365;-13.675;1178.02;Petite
568;Blancs-Coteaux;1;11;11;568;6570;203204276;746917;1483.0158038156364;48710;14464;3.8964882809375245;0.314063518174062;-67.2209090909091;5462.95;Petite
569;Montoire-sur-le-Loir;1;11;11;569;6548;179461843;564032;1331.15984229042;6146;26302;0.007962478184991274;0.3602052470985726;124.34363636363636;-8417.9;Petite
570;Marckolsheim;1;11;4;570;6760;62685359;352669;179.68192678874277;49574;7986;6.639078612561939;1.0251204390506214;12.545;25827.03;Petite
571;Bohain-en-Vermandois;1;11;3;571;6639;48878264;123164;75.75876270250242;0;0;;0.9566249272671632;-43.02;205.40999999999997;Petite
572;Plateau d'Hauteville;1;11;6;572;6531;200860558;537713;497.7922204486865;0;13539;0.0;0.22295100303918144;-0.32333333333333353;7519.45;Petite
573;Carignan;1;11;12;573;6341;102745803;434190;631.3603763941799;0;1037;0.0;0.5529454912157067;1196.5541666666666;4143.33;Petite
574;Saint-Calais;1;11;10;574;6290;209166516;925216;1695.045211940253;2158;9738;0.21307266982622433;0.29474800656891864;-17.788999999999998;-7052.929999999999;Petite
575;Pons;1;11;8;575;6448;95624428;727865;1220.7994762380613;0;32025;0.0;0.49962065267265515;9.38;1110.23;Petite
576;Blangy-sur-Bresle;1;11;8;576;6264;67965119;431976;471.45121589876896;0;20172;0.0;0.7641239787070233;-33.0625;-2512.9500000000003;Petite
577;Beuzeville;1;11;5;577;6547;56148236;1075576;1147.768239405651;29451;33148;0.2688116100766703;0.859564636636485;8.524;4081.26;Petite
578;Carnac;1;11;2;578;6471;52331457;583777;183.31890658236824;0;17553;0.0;1.2276807828978171;15.685;7447.5599999999995;Petite
579;Arbois;1;11;16;579;6308;149224893;495671;2185.6779904425966;7443;6658;0.745642155880585;0.36478718582153097;5.459375;14509.49;Petite
580;Les Abrets en Dauphiné;1;11;1;580;6439;27585744;543754;84.44696381425688;7099;21811;0.32547796983173627;2.3341766674844804;8.19;-189187.0;Petite
581;Nonancourt - Saint-Lubin-des-Joncherets;1;11;2;581;6301;21753447;103191;33.825482061086255;0;0;;2.944159519212908;-25.924999999999997;-1282.94;Petite
582;Charolles;1;11;12;582;6289;198758348;713517;2226.50920584277;16739;48675;0.16708941982502312;0.29329084964756175;3.2399999999999998;-10061.98;Petite
583;Lectoure;1;11;13;583;6247;244106900;1418561;3025.8247448234497;4279;27167;0.019465510266193864;0.18304214406113584;-50.589999999999996;-16356.17;Petite
584;Revin;1;11;1;584;5825;38742224;46808;8.035708154506437;0;11435;0.0;1.5035275207742334;-453.15;-21.78;Petite
585;Morestel;1;11;3;585;6214;32487797;308312;206.05721766635872;1482;33741;0.04182187605824585;2.3280562568462604;20.216666666666665;1076.27;Petite
586;Breteuil;1;11;5;586;5950;58840683;209884;162.61036869535764;0;635;0.0;0.8242209228773278;-166.56799999999998;-1079.27;Petite
587;Banyuls-sur-Mer;1;11;2;587;6062;51276628;227107;64.03777860760493;0;1111;0.0;1.338969794271994;-251.1;-13317.75;Petite
588;Saint-Aignan;1;11;5;588;6028;106891609;2279329;1898.0474799390827;8053;15971;0.5174174651351546;0.7261167511573753;-2.4739999999999998;-4445.24;Petite
589;Sarrians;1;11;1;589;6030;37583657;153094;25.38872305140962;0;3961;0.0;1.60442077257144;22.62;321.87;Petite
590;Domfront en Poiraie;1;11;8;590;6002;138440833;682862;968.9634412538451;5508;6023;0.4494125326370757;0.337861863748872;-5.09;-4488.29;Petite
591;Cours;1;11;4;591;5959;62939453;240493;227.00105190819562;1297;4628;0.05591890124264225;0.8389559641460818;-10.6775;-5757.34;Petite
592;Mallemort;1;11;1;592;6184;28617206;429354;69.42981888745149;2496;7576;0.32946145723336856;2.1609377239692793;9.2;825.37;Petite
593;Sainte-Sigolène;1;11;1;593;6023;30642376;430831;71.53096463556368;6004;19063;0.31495567329381524;1.9655786483398023;6.77;1934.13;Petite
594;Salies-de-Béarn;1;11;6;594;5844;93611127;473877;889.4005236602284;69;9648;0.0;0.40088725137827225;-19.391666666666666;-21267.23;Petite
595;Sées;1;11;7;595;5908;125332289;479647;1146.5088451430172;0;28816;0.0;0.31729127620213443;-37.21714285714286;-3909.26;Petite
596;Chazelles-sur-Lyon;1;11;2;596;5881;23054928;289470;117.03950236046002;26048;24842;0.5584187282939588;2.398704118936979;7.52;-10.599999999999994;Petite
597;Phalsbourg;1;11;3;597;5761;21932478;351590;129.59024553422293;13345;9032;0.9575918484500574;2.0750823408053445;-448.8066666666667;3774.66;Petite
598;Fayence;1;11;1;598;5770;27784255;529701;91.80259965337954;10490;32917;0.3186803171613452;2.0767157514210837;5.6;1221.49;Petite
599;Argentat-sur-Dordogne;1;11;12;599;5653;225916614;790224;2232.7784258695788;157;35848;0.005848388899236357;0.2087076113865938;-5.958333333333333;-13447.050000000001;Petite
600;Lapalisse;1;11;9;600;5736;178339908;796094;2063.0689589378007;0;73223;0.0;0.26712524838199136;-2.4955555555555557;1305.62;Petite
601;Nogaro;1;11;18;601;5832;201834359;1380018;4821.628544276507;40436;50371;1.6883064097643745;0.28923544791886024;-6.626666666666667;1185.8700000000006;Petite
602;Villaines-la-Juhel;1;11;8;602;5496;184596911;926526;1662.4325824273665;20072;11941;1.9666862629825592;0.27200714075463955;-7.271249999999999;-7661.7699999999995;Petite
603;Fumay;1;11;4;603;5348;79853872;115112;64.31601515474324;0;302;0.0;0.5074943728071546;-47.1525;-198.57;Petite
604;Forges-les-Eaux;1;11;5;604;5574;55132363;686729;1026.567247335154;9837;51428;0.6518886679920477;0.9764118437777325;10.324000000000002;-4801.38;Petite
605;Belz;1;11;2;605;5837;17769312;588283;182.020877893332;3118;24509;0.1552788844621514;6.701670635630512;19.465;1501.12;Petite
606;Beaumont-de-Lomagne;1;11;11;606;5653;156217270;382374;889.8743753698604;0;8059;0.0;0.24976672016366452;-891.1527272727272;-381.85000000000036;Petite
607;Saint-Fulgent;1;11;2;607;5755;57219402;823041;268.34383614274117;6145;32632;0.19793210075372028;0.990676075469514;18.645;2555.4300000000003;Petite
608;Port-la-Nouvelle;1;11;1;608;5905;37472726;253639;42.9532599491956;0;1281;0.0;1.5758127657966492;45.44;320.36;Petite
609;Miramont-de-Guyenne;1;11;5;609;5341;64369000;438446;674.1708167477343;0;11361;0.0;0.8421302448499052;-6.5120000000000005;-2433.12;Petite
610;Bruyères;1;11;8;610;5362;67023185;177598;316.75658981991137;0;3378;0.0;0.9112303430134674;16.009999999999998;-763.35;Petite
611;Reichshoffen;1;11;1;611;5416;17079586;158284;29.225258493353028;0;3195;0.0;3.171037049727084;-35.8;-7169.56;Petite
612;Laragne-Montéglin;1;11;10;612;5414;175782729;213440;654.1186625314798;6002;8710;0.614203847728203;0.2591227823258633;-8.657;-1636.45;Petite
613;Morcenx-la-Nouvelle;1;11;2;613;5287;165877391;1143300;928.212419614148;3764;26572;0.13337112890652683;0.236317352795866;2.84;11362.15;Petite
614;Solesmes;1;11;2;614;5279;30723658;146725;74.04994286650478;393;4155;0.09458483754512635;1.5963891901244205;-8.45;233.99;Petite
615;Cugand;1;11;2;615;5510;28483302;525593;181.43434444309042;1994;17524;0.14584552369806905;1.958360020898338;26.5;732.24;Petite
616;Vic-Fezensac;1;11;11;616;5338;187169915;599341;1787.818670498179;0;20998;0.0;0.19687217817939914;-1.450909090909091;1849.5900000000006;Petite
617;Modane;1;11;6;617;5181;192512293;437681;357.26082075227936;925;673;16.079492208782828;0.38185565335089605;-40.471666666666664;-1049.3899999999999;Petite
618;Lacaune;1;11;11;618;5253;385812228;587384;787.2953391737962;0;17028;0.0;0.11496737942091077;-6.278181818181818;-717.6699999999996;Petite
619;Venarey-les-Laumes;1;11;10;619;5066;137416501;503745;1336.7684885546782;14275;4476;0.0;0.5705739080653203;-12.395999999999999;23243.2;Petite
620;Salbris;1;11;1;620;4925;106405944;103230;20.960406091370558;0;2044;0.0;0.46285008288634705;-4197.15;-2.08;Petite
621;Gourin;1;11;3;621;5075;131304349;827080;346.75354831033667;2662;10106;0.14936595219391763;0.32460761908559493;-15.770000000000001;-2195.7;Petite
622;Mourmelon-le-Grand;1;11;1;622;5163;23518863;140705;27.252566337400737;2029;4996;0.40612489991993594;2.195259184085557;296.57;-27.79;Petite
623;Bonneval;1;11;1;623;4841;28837272;205786;42.50898574674654;6864;2329;2.9471876341777588;1.678730221083326;-50.39;-651.27;Petite
624;Le Lude;1;11;3;624;4878;98345593;393813;599.9225713249259;6910;4782;0.7929768189120955;0.3726729408770367;-28.03;970.04;Petite
625;La Voulte-sur-Rhône;1;11;1;625;4828;9922340;50926;10.548053024026512;1457;0;;4.865787707335165;-34.69;-65.25;Petite
626;Saint-Loup-sur-Semouse;1;11;10;626;4755;83424926;154538;554.9306772196938;2827;5069;0.6044472952747487;0.40717392495849475;-46.008;-1975.04;Petite
627;Dompierre-sur-Besbre;1;11;3;627;4897;96964459;789456;523.3615188567612;3997;18646;0.34109916367980886;0.4643030146572725;-0.09333333333333342;-2333.7800000000007;Petite
628;Sommières;1;11;1;628;5053;10381065;421077;83.33207995250346;16200;8944;1.8112701252236136;4.86751600148925;16.33;435.75;Petite
629;Étain;1;11;5;629;4759;61047836;92912;136.2378883451082;0;0;;0.5500158459446589;-96.332;-544.81;Petite
630;Cany-Barville;1;11;6;630;4818;41412137;379726;712.1215242046023;0;3350;0.0;0.9208678634542095;12.626666666666665;12571.83;Petite
631;Sillé-le-Guillaume;1;11;5;631;4681;80050375;736909;908.3395158516502;0;7289;0.0;0.7004147369465982;-1.97;-7886.97;Petite
632;L'Île-d'Yeu;1;11;1;632;4870;23866877;750855;154.17967145790556;4736;14023;0.33773087071240104;2.0404848108112343;4.63;2754.46;Petite
633;Salins-les-Bains;1;11;14;633;4726;109695282;465602;2832.9720961635735;12313;13823;0.4947695787390444;0.32116111861053387;16.37357142857143;3279.28;Petite
634;Cerizay;1;11;1;634;4802;18903852;270137;56.255102040816325;0;5364;0.0;2.5402230190968487;-14.52;4672.5;Petite
635;Varennes-sur-Allier;1;11;3;635;4810;52526533;483277;317.4935791481215;0;3048;0.0;0.8081959045023842;-26.083333333333332;-502.49;Petite
636;Gorron;1;11;7;636;4699;109675076;815500;1777.0296400671164;257;10690;0.016102756892230577;0.4434734296388369;-5.515714285714286;-14042.570000000002;Petite
637;Peyrehorade;1;11;3;637;4552;38752362;2059581;3294.7240132215125;42955;86550;0.864155852134918;1.0168944265090765;-1.7299999999999998;14064.740000000002;Petite
638;Saint-Didier-sur-Chalaronne;1;11;2;638;4667;26441721;185618;63.70426968864469;1182;15526;0.07613036197346387;6.851700425113476;140.47;-187.88000000000005;Petite
639;Maubourguet;1;11;13;639;4434;120414716;449937;1823.7457524173494;0;18372;0.0;0.28940903964098985;0.5930769230769231;-12798.93;Petite
640;Saint-Jean-de-Bournay;1;11;1;640;4655;26826340;213989;45.96970998925886;0;2551;0.0;1.7352348475416326;5.07;1705.54;Petite
641;Saint-Amour;1;11;7;641;4563;75955936;273816;472.9114664879119;55;20769;0.0011737089201877935;0.5956292188257074;-2.082857142857143;37535.03;Petite
642;Saint-Père-en-Retz;1;11;1;642;4594;63912059;664786;144.7074444928167;56727;22894;2.477810780117061;0.7188001876140464;18.64;292.48;Petite
643;Isigny-sur-Mer;1;11;5;643;4448;90377889;276954;674.2663287776303;0;34945;0.0;0.33813115280570016;7.534000000000001;-3005.59;Petite
644;Bar-sur-Seine;1;11;7;644;4399;108574987;246318;638.8275538194785;6451;3163;3.349428868120457;0.32602795280417546;-22.325714285714287;-4928.42;Petite
645;Aime-la-Plagne;1;11;1;645;4433;94085955;179945;40.592149785698176;992;4956;0.20016142050040356;0.47116490447484966;71.49;4977.58;Petite
646;Niederbronn-les-Bains;1;11;1;646;4369;31937873;80619;18.45250629434653;0;1657;0.0;1.3679683678371444;17.99;1667.91;Petite
647;Durtal;1;11;2;647;4376;69428663;516053;222.4336903135795;0;3778;0.0;0.8824868772976292;-5.995;-850.5600000000002;Petite
648;Luneray;1;11;8;648;4358;36677711;675188;1363.3952902867306;0;31108;0.0;1.30905005621379;0.6875;-66106.62999999999;Petite
649;Saint-Georges-de-Reneins;1;11;1;649;4403;27333585;231728;52.629570747217805;0;5787;0.0;1.6108388270327512;0.84;1710.34;Petite
650;Steenvoorde;1;11;1;650;4341;30281829;331457;76.35498733010827;0;2185;0.0;1.433532961301644;29.03;332.58;Petite
651;Saint-Laurent-Nouan;1;11;1;651;4299;61210291;225483;52.45010467550593;9727;10945;0.8887163088168113;0.702332880593559;20.19;-10980.5;Petite
652;Culoz-Béon;1;11;3;652;4355;39933811;269813;160.63517529887122;0;1251;0.0;0.9796036277132821;10.356666666666667;-1872.27;Petite
653;Brionne;1;11;1;653;4184;16880125;98510;23.544455066921607;0;3063;0.0;2.4786546308158264;-13.44;-145.3;Petite
654;Mirande;1;11;3;654;4102;82836982;532685;425.8279770009098;9189;12365;0.5331985442782046;0.549275625192414;-7.296666666666667;-7059.74;Petite
655;Mazères;1;11;2;655;4117;64911774;707102;193.23298827795583;0;2188;0.0;0.4966000572509494;13.055;3872.18;Petite
656;Malestroit;1;11;3;656;4039;23201304;295376;284.2099741826253;1255;18543;0.16954877060253987;2.0361748623047276;10.770000000000001;3982.35;Petite
657;Bouxwiller;1;11;1;657;3736;25938287;198790;53.2093147751606;99;20196;0.004901960784313725;1.4403418390736442;-44.69;-53.85;Petite
658;Lessay;1;11;4;658;3939;81552063;734917;741.2315283066004;180;48924;0.005917937927406628;0.41853819830337263;9.6075;-17587.0;Petite
659;Bouchain;1;11;1;659;3937;12464295;104465;26.534163068326137;0;148;0.0;3.1586222887054585;78.41;-12.42;Petite
660;Suippes;1;11;1;660;3881;42391760;67028;17.270806493171865;0;0;;0.915508108179514;-15454.55;-1.24;Petite
661;Tartas;1;11;3;661;3871;48902772;664238;1004.4367514037775;4544;17791;0.25541003878365465;0.6066620248304609;2.6166666666666667;-44892.36;Petite
662;Fessenheim;1;11;3;662;3835;38128745;509894;305.11266340353336;500;7067;0.039563222028802025;0.943332615714182;1.9833333333333334;-3445.7299999999996;Petite
663;Plancoët;1;11;2;663;3899;21392924;250439;139.24196854439012;0;9715;0.0;1.7521388334386931;-11.475;5425.97;Petite
664;Castets;1;11;2;664;4010;172288628;2584074;1330.700373561294;150602;36456;5.055115467239528;0.23029147902218483;1.5299999999999998;2973.73;Petite
665;Tarascon-sur-Ariège;1;11;6;665;3767;28611881;107271;450.8040102032602;0;0;;1.0372684003629087;-23.150000000000006;-602.0500000000001;Petite
666;Moréac;1;11;1;666;3703;60282927;457069;123.43208209559816;9804;35522;0.27599797308710095;0.6142701066920656;7.36;-1852.14;Petite
667;Broons;1;11;2;667;3697;50591657;483528;289.0261229515713;0;7568;0.0;0.6718835018807932;6.11;-5999.38;Petite
668;Tréguier;1;11;2;668;3465;13191692;150984;127.36471871096816;500;1689;0.2336448598130841;7.981970988172678;-111.865;-2329.61;Petite
669;Méaulte;1;11;9;669;3316;72934803;463244;792.6962094068141;0;2158;0.0;0.41269845617310047;-46.6;-4249.14;Petite
670;Chablis;1;11;7;670;3143;105838483;175594;351.47428798135894;0;0;;0.21584676415825205;-20.555714285714284;1373.76;Petite
671;Saint-Étienne-de-Saint-Geoirs;1;11;1;671;3207;18730783;634301;197.78640473963205;128409;21656;5.929488363502032;1.712154798867725;11.09;-3068.81;Petite
672;Saint-Julien-du-Sault;1;11;3;672;3054;46790925;311503;220.56221188098067;0;5949;0.0;0.5684307053193343;-7.550000000000001;-1633.43;Petite
673;Soultz-sous-Forêts;1;11;1;673;3169;15296774;161157;50.85421268538971;12306;1977;6.224582701062215;2.071678642830181;46.96;142.76;Petite
674;Saint-Venant;1;11;1;674;3041;14365115;183791;60.43768497204867;0;4024;0.0;2.1169339751195864;-16.32;1651.56;Petite
675;Le Bar-sur-Loup;1;11;1;675;2927;14468422;151152;51.64058763238811;0;10584;0.0;2.0230264226465056;19.08;-753.14;Petite
676;Le Pouzin;1;11;1;676;2883;11098287;234484;81.33333333333333;64187;2130;30.13474178403756;2.5976981853145444;67.48;490.61;Petite
677;Saint-Geours-de-Maremne;1;11;1;677;2812;43189317;2691313;957.0814366998577;384694;21338;18.028587496485144;0.6510869342990536;10.7;2135.86;Petite
678;Chaulnes;1;11;4;678;2517;19304150;131240;397.58664050376944;0;1325;0.0;0.9378434440998302;-6.772499999999999;-2389.19;Petite
679;Montreuil-sur-Mer;1;11;1;679;1913;2812464;4033;2.1082070047046524;0;0;;6.801864841647751;166.13;-18.42;Petite
680;Flamanville;1;11;1;680;1767;7765748;120820;68.37577815506508;0;1743;0.0;2.2753764350839094;139.76;797.82;Petite
681;Val-d'Isère;1;11;1;681;1589;107305801;64926;40.85966016362492;1087;3500;0.31057142857142855;0.14808146299564923;-6.61;-2521.33;Petite
682;Villers-la-Montagne;1;11;1;682;1538;18225435;143574;93.35110533159948;0;8403;0.0;0.843875605712566;-11.95;327.92;Petite
