;idreg;aav2020txt;naf09art10;art09act10;art09hab10;art09mix10;art09rou10;art09fer10;art09inc10;naf10art11;art10act11;art10hab11;art10mix11;art10rou11;art10fer11;art10inc11;naf11art12;art11act12;art11hab12;art11mix12;art11rou12;art11fer12;art11inc12;naf12art13;art12act13;art12hab13;art12mix13;art12rou13;art12fer13;art12inc13;naf13art14;art13act14;art13hab14;art13mix14;art13rou14;art13fer14;art13inc14;naf14art15;art14act15;art14hab15;art14mix15;art14rou15;art14fer15;art14inc15;naf15art16;art15act16;art15hab16;art15mix16;art15rou16;art15fer16;art15inc16;naf16art17;art16act17;art16hab17;art16mix17;art16rou17;art16fer17;art16inc17;naf17art18;art17act18;art17hab18;art17mix18;art17rou18;art17fer18;art17inc18;naf18art19;art18act19;art18hab19;art18mix19;art18rou19;art18fer19;art18inc19;naf19art20;art19act20;art19hab20;art19mix20;art19rou20;art19fer20;art19inc20;naf20art21;art20act21;art20hab21;art20mix21;art20rou21;art20fer21;art20inc21;naf21art22;art21act22;art21hab22;art21mix22;art21rou22;art21fer22;art21inc22;naf22art23;art22act23;art22hab23;art22mix23;art22rou23;art22fer23;art22inc23;naf09art23;art09act23;art09hab23;art09mix23;art09inc23;art09rou23;art09fer23;artcom0923;pop14;pop20;pop1420;men14;men20;men1420;emp14;emp20;emp1420;mepart1420;menhab1420;artpop1420;surfcom2023;ratio_act_hab;densite_pop;artif_total;artif_par_hab
idreg;1.0;-0.19079725127408836;0.035298489793845894;0.01054257472755141;0.05240912558971021;0.0038548883761946135;0.014217145968353408;-0.005567340298882966;0.002187727523526173;0.035298986089228324;0.010542898469191927;0.05241006656715757;0.0038583121835599494;0.01422616997842606;-0.005567695774686447;0.0021704218713190326;0.03545915697709367;0.00863451485045025;0.06112249213467579;0.01567063036744797;0.01028013829375481;-0.013823160891619297;0.008234759578453998;0.04513839554348855;-0.003967779523405095;0.07525139695440367;0.010705686054200886;0.007187510388243981;-0.007377549452164614;0.01360844910402395;0.031523479322748786;0.001314936155132722;0.05605773542635188;0.003318977210946355;-0.00039500421536992156;0.018634881873720435;0.008165046783917728;0.03942835061281934;0.003766959341191814;0.06021091879544353;0.015505086746292286;0.018438402468129843;-0.008242705102606235;0.008962281236471976;0.05349795202903383;0.019158681889485135;0.06996991123526893;0.00784600008206179;0.01633442698102799;-0.004640410352814069;0.012381595161197707;0.030666385659623714;0.00030481329015658433;0.04290345199863909;0.009616161022700404;0.01725034961483412;-0.0016835735676504228;0.011334399479858174;0.027248462848973243;-0.007744355515400781;0.05696318714017357;0.003951447289530398;0.0038150596236267067;-0.009232668082653842;0.01018278161750878;0.026205231940195466;-0.00781883947657977;0.05206641066891104;0.009544055902773577;-0.0016861192508074085;0.004097497253785459;0.008159500110772613;0.03371589247417981;-0.0019347476013725938;0.06115129700274122;0.011993305053793774;0.0044890661135336025;0.005371841003809022;0.004117957934978953;0.06464763478139042;0.010465490152764068;0.09218033892356951;0.01771270942538921;0.01589769362736461;0.0026369806205702646;0.004676557465279187;0.04733878821982381;0.003477717938101316;0.06292567143363402;0.02293529930127311;0.01928059900645334;-0.0022222362882950014;0.009543206386822855;0.04500805440024317;-0.0009306808504310828;0.07467430136283938;0.016043984115846774;0.004272821189786682;0.008303063763811507;0.021947199113244907;0.06591911477571735;0.009334940482509508;0.09481140486148984;0.02243393003795494;0.02664876978984481;0.02277456559916184;-0.012308064336758667;-0.005291236692928118;-0.019294175240365724;-0.018453911065560755;0.02635095172214175;-0.013507120655999568;-0.012836235026224708;0.014105602438615564;-0.013321882597051374;-0.012331853653084328;0.009240749256971183;-0.001040379128935454;-0.02348518079179533;0.008787909664135625;-0.011950182974856276;-0.010816918093747714;-0.1085862949579911;0.06654037327173823;0.05899993162135399
aav2020txt;-0.19079725127408836;1.0;0.07048765966661624;0.039617773717832275;0.05755034234056989;0.015796171844872864;0.07542260352188739;0.0009716181258625198;0.027249081399016044;0.07048824997292848;0.03961872120982846;0.05755159260728755;0.015801221124120485;0.07543845546424077;0.0009723768772163995;0.02721437081826493;0.07172772672594356;0.03492971422142913;0.07611686404891956;0.04269918292293081;0.060798658867167815;0.0022884511181228105;0.010346746806241494;0.09870900536816217;0.06254456697378562;0.08422485618433892;0.05205444047687603;0.06595884967800662;0.0031070464820503125;0.016178193309400946;0.07817667547291926;0.04191153846836938;0.07781884269913578;0.04729571866375688;0.06542826201015861;0.0167527934391636;0.011516773276301486;0.08843482009070543;0.039934158667690726;0.08595248207365203;0.037837285702634116;0.07043697414577987;0.001986913919283405;0.02914575383208436;0.0892820071055756;0.0472462533974482;0.0833543688438397;0.03212297534792584;0.08480161116776892;0.013641523136974367;0.009328195885804417;0.09030847714670354;0.044495003720280285;0.08599995359572297;0.02965170176204196;0.09023363438308585;0.003710549864689871;0.015919577752655074;0.08918632040940405;0.05022702125637332;0.08113232190350919;0.02999077212940392;0.09029859776473978;0.009643303301384238;0.0040254899809561906;0.09573644444549903;0.05248269487727414;0.09208160144839381;0.04634979027158231;0.08263910084112927;0.006129963488159698;0.008994594618353016;0.08325909222960616;0.04854629561568037;0.079311446313796;0.02789373565051207;0.06867661408052948;-0.006652016639624617;0.008763059531664452;0.10782477984960905;0.06356456635126106;0.10551543109916203;0.02849690483017158;0.04849778601095206;-0.0021697414083276375;0.0033515700016740722;0.08346842923284188;0.06032098439927703;0.07213093043574585;0.02826923529991841;0.06574134498497257;-0.0015563519866481068;-0.0019224141745679275;0.0836949316922553;0.03844438950382277;0.09027747954118183;0.03110603943998923;0.04855613496794795;0.0031405469347078573;0.00955966198598913;0.1451238239461666;0.10479010125803201;0.12335082767697308;0.0716280283908636;0.036229637072486554;0.15925612267736025;0.011392974266976063;0.27427303007378934;0.10161673077203698;0.10636140178268484;0.0948108284187338;0.08697663576031582;0.0916928712943764;0.14376301109303796;0.06336162458133648;0.06352656119651513;0.05637465858823795;0.01586572209213735;0.04073032323292862;0.027303736792674248;-0.031226470104060523;0.003730616589674326;0.23901172636580875;0.14502863511744027;-0.08150721802435291
naf09art10;0.035298489793845894;0.07048765966661624;1.0;0.819777729026909;0.6258136542578767;0.18430566203452542;0.3974259230108959;0.05632942319481608;0.20253908593394085;0.9999999998714824;0.8197792664448231;0.6258142228233236;0.18431845171003375;0.3974430837294853;0.05632971980862749;0.2024719135087568;0.22685517801708013;0.08533914517726421;0.2924090583384056;0.1331767709442063;0.1555565374913303;-0.0006335315057537336;0.04197563090245926;0.335880388238677;0.19444741837164692;0.3392790021156896;0.11222411868085347;0.14603209020170896;-0.0006102592163680908;0.04393234807818056;0.23722935674229578;0.1017848955185206;0.293942179473589;0.10640374416564428;0.13519655651773002;0.023929841125146924;0.03227033345817048;0.27034843267974024;0.10983793926024447;0.30511534579087574;0.08999981049269476;0.15678761672987535;0.01093544325315019;0.0585001087703968;0.41400468311956906;0.3624543609007619;0.2961643452467831;0.071993921684394;0.1884621717262139;-0.0003416412914526379;0.021895413719109153;0.27009170479668915;0.13306562302927813;0.28068479955599956;0.12870122020900762;0.15785969294790034;0.0028514236521141887;0.034481337054822384;0.2479273305775656;0.12873767574142703;0.26279638626813273;0.08206351644919886;0.1436150402988334;0.00678941928361718;0.031805262069793235;0.24067739844571587;0.12273084043248969;0.25341252453856744;0.1213963342013026;0.1509980975952846;0.017844685335920173;0.02080314664039911;0.21236911972228487;0.10240401558291129;0.23742752684420382;0.053942767126385543;0.11659347560448811;0.011743370929739882;0.02017697093946266;0.3790976617238076;0.3459528803743397;0.2768003296409988;0.06016437782537558;0.09837672536956737;0.00263226928215223;0.039999547991028644;0.2550361883031328;0.1472393094087278;0.24728671183989132;0.07690947715509917;0.11363615246863958;0.007802665751375354;0.027941097790906106;0.27891003297969097;0.1569634996280749;0.2754696835509147;0.10433093843322984;0.13011221082090255;0.007361046236328275;0.020716276388758243;0.6922499606048542;0.6755204903440329;0.5204869300377377;0.28144568372193257;0.1394383389810258;0.4142320343625374;0.029326849064489936;0.3004805984699501;0.1381242206354957;0.14308550887948232;0.09096916254139703;0.12535137293899312;0.13141088978242288;0.18804296932225423;0.09778533680666474;0.0993154833878866;0.11326070254637598;0.003249350481178518;-0.0010871151176144378;0.010158326235239984;0.1321221372119978;0.0021900479815459553;0.05143019736426457;0.6803604028455271;0.1448781149157226
art09act10;0.01054257472755141;0.039617773717832275;0.819777729026909;1.0;0.10942559420029255;0.03333866716495963;0.14916260053304845;0.0025128737534825902;0.032999517936757025;0.8197773252041601;0.9999999998997119;0.10942621217777174;0.03334418658392884;0.14916883018745583;0.002512913384743575;0.03296986949097723;0.0785205016680718;0.041844222549757656;0.07970988309094497;0.052015774018998324;0.06737923864453377;-0.0015520201685602093;0.005437415833376378;0.13378695911083383;0.1261807297976761;0.09294831755463447;0.034029589527900264;0.06596810378172807;-4.741041025680893e-05;0.010357604004223702;0.09034602590125237;0.059534472528398004;0.09077281076105358;0.027377831033536627;0.05971903799492939;0.012447609803747867;0.005289447468004598;0.0956633952286413;0.05561260871330312;0.0887658947649498;0.030141054577888394;0.0687542017227055;0.012001045227098966;0.011703280175471457;0.30832659945794966;0.3940767584625779;0.08535885896675753;0.02777529728505405;0.10632458911252284;-0.00023143315820161795;0.00783087063267822;0.08878490369570269;0.06220774311319891;0.072131307359593;0.03510778904194176;0.07450551731650587;0.0016749057787615231;0.011394104218370137;0.09563690202161931;0.07246025655742763;0.07984054699706376;0.028602755872638063;0.06183050372005169;0.0017774322488756124;0.0061005436951713276;0.0915139842218984;0.06182184410928014;0.07495910183603896;0.04103664960537611;0.08232020197439832;0.012338934641456691;0.008810052163435793;0.08685813993326501;0.053576259865504905;0.08227216718006573;0.018820064009493116;0.04991022775429803;0.008098777209741056;0.008576533662413706;0.2575659948609746;0.35562685504875213;0.09103909024862981;0.020248033872513498;0.039186070428146556;-0.00021154545862124512;0.013036764059618148;0.10024633334457644;0.0791524230151684;0.07921879856789017;0.03399531061998764;0.04732351301546995;0.006287565803862557;0.010947759532775743;0.10076080295153039;0.06820080969580604;0.07845780416037797;0.025157907040569465;0.08464694988833282;0.002526470347087784;0.008671554576807074;0.4190628252689524;0.6761211471727435;0.13485428221965234;0.07491266887994136;0.030523652702103953;0.18073204575105603;0.008648444915768516;0.1844179234990635;0.06756563588808359;0.0697547671910506;0.03844241773990521;0.06254308979957922;0.06529916560212053;0.08688667860789386;0.05625620991515877;0.057103172666592324;0.06447302733771149;0.0014005023733763445;-0.00020485873556191366;0.0013266582727890109;0.012383436198592338;0.0032102254081427853;0.03594087514735194;0.40539473618346217;0.13820079814759018
art09hab10;0.05240912558971021;0.05755034234056989;0.6258136542578767;0.10942559420029255;1.0;0.09936142492546882;0.30901621698050236;0.004926234250767235;0.12741777485452757;0.6258141814438397;0.10942805259338376;0.9999999994671233;0.0993766092388526;0.30903991450547075;0.004926625680608715;0.1273425687092968;0.2722257758145216;0.08053263399750946;0.3999677084175931;0.14895577512473815;0.1529974218851236;-0.000810148892050894;0.04546592346338037;0.39031493749007534;0.1518525810037892;0.46499392557747543;0.14028522784746178;0.14526951695229998;-0.0014257653518159575;0.05596250191018784;0.2731990610308639;0.08767871003200191;0.3915861977972284;0.12362333282543259;0.1404330978946249;0.019476289818793985;0.02637985787986087;0.33543869395166803;0.10889874157024294;0.4124664699872627;0.10754224696887801;0.16222585134622786;0.00237944810411729;0.08833224727595661;0.30639398636063125;0.10589908345990695;0.39988485895924447;0.08483438583152839;0.17108318249696206;-0.0017424026154398296;0.02680304011053667;0.3395438907331716;0.1346410245513954;0.3883814110074077;0.17248229692553785;0.1596852823517196;0.002158471869615702;0.04340610563620948;0.2913939557705194;0.11413526106099063;0.3483410834495879;0.08872101876365528;0.15199641775615505;0.008694244058194247;0.04390484875648938;0.2871034623286212;0.1226984322803838;0.33758389816315537;0.1507456813448498;0.13548887401013898;0.012537231846104913;0.021943057729528516;0.23504738074772685;0.088667600851852;0.29711960626986333;0.05930923047682129;0.12151876502549049;0.005286037176843116;0.016398273143983743;0.30958371499187126;0.1253922191024201;0.35599732433233827;0.0721871925199072;0.10801896495398283;0.00303725820978923;0.051877582431168356;0.29738854160979056;0.13487819180065383;0.32146718900116134;0.08454619742377055;0.11717544243449064;0.0032274203603178944;0.0318818310465433;0.3333104420009649;0.17046773610846938;0.3678445904630654;0.08492501379999465;0.09692496401287407;0.006273675456534486;0.02352673893267945;0.6205791137529236;0.26154330433817496;0.7364072671014423;0.25147133654981957;0.13471069676648453;0.3791579111591544;0.012250917046740533;0.23818356269337776;0.1337448063577943;0.1387709010218467;0.09374277932173279;0.11968336832069612;0.12582824405916226;0.1888648533870784;0.08310227756799962;0.08417262733090557;0.09151862794776502;0.0032292502082009907;-0.003950240631217059;0.0179031907713882;0.11605251841860112;-0.001727815749963047;0.0300021059060391;0.6178353405721176;0.06176996872498269
art09mix10;0.0038548883761946135;0.015796171844872864;0.18430566203452542;0.03333866716495963;0.09936142492546882;1.0;0.07055596711824405;0.0021823312825545015;0.02383079324371084;0.1843057597303881;0.03333945617775166;0.0993618441595282;0.9999999972315317;0.0705600689842959;0.002182370340941054;0.023808435848820857;0.06894669240870217;0.02032687889128739;0.07585846446459689;0.07080106080496332;0.038856260487941385;0.0030366816454719427;0.07390637494620915;0.07830459052301177;0.040679676126468535;0.08152561815008845;0.052712265488032185;0.03310330311063071;-0.0004917865849292575;0.008615437083083785;0.057134347686033954;0.023400265004446797;0.07305646748693834;0.03189316052488021;0.033363137087950655;0.005222266323073931;0.006115320622724688;0.06483055786448483;0.029577937963472925;0.06731930162407541;0.03626509941373463;0.04610852831031216;0.00019160668837695159;0.011554285238707591;0.06295934229157067;0.029596539283468976;0.07045463617906376;0.02142746987495982;0.03897059491755427;-8.72231603187643e-05;0.006474908523769208;0.0671930751368685;0.035048398022403386;0.06614529251327783;0.03707043148795515;0.04390329996222659;0.0020935689582982395;0.009519554583508118;0.07598171968958012;0.03716070037966986;0.07500569038836764;0.09281835793523016;0.040018459028742584;0.0034806633647957276;0.008163360014448956;0.058502194822660974;0.03145889565787147;0.057342532818678106;0.0467435380013568;0.04418757868795555;0.0013782826348452347;0.0043541587558013255;0.07865053607869785;0.05625442859302829;0.06903605924105446;0.0526982333579185;0.024696291697713004;0.005658313825010089;0.00020982192548347125;0.06892490063090909;0.03026499057920707;0.07559907540586805;0.020466032228206157;0.026716465933680072;-0.00020607411695958058;0.012377894964987087;0.058805905626178906;0.030653408267912133;0.0588690276110878;0.025894219322757824;0.026309515098628382;0.00326974649482224;0.005337519201863578;0.11977189661992761;0.07968453042914553;0.07035259619563913;0.3450510641520974;0.0561786019476253;0.011536643314957082;0.0013936332870673521;0.15635261808081227;0.0812473166153379;0.11584925897741018;0.7647415494694094;0.03977168569426749;0.09684698019705722;0.008062245713832834;0.05785400405875631;0.05928707859498333;0.061257611503547194;0.03499639601143376;0.05251893582064396;0.054932571067949056;0.07554112613985318;0.03728687659240982;0.03907909993521875;0.06807013792562315;0.0017417747122049608;0.0010398267432879162;-0.0003026151030889478;0.6258670987170177;0.0009859832102141765;0.019823151796688494;0.15906342563753095;0.002774857105684851
art09rou10;0.014217145968353408;0.07542260352188739;0.3974259230108959;0.14916260053304845;0.30901621698050236;0.07055596711824405;1.0;0.00845148113907772;0.12237306282912093;0.3974260950136865;0.14916419258756833;0.30901654256071526;0.07056438835183639;0.9999999933453313;0.00845212282509481;0.12232042217247922;0.1862910891111026;0.08778653403343557;0.19328035449341727;0.10046025503116729;0.20351114790411262;-0.0010159448702745616;0.022052532404356298;0.24839802317988247;0.1515036050671403;0.22617128442742312;0.08137352648627222;0.16168160307137291;0.001655820033493952;0.03482523348250528;0.1633779922872158;0.08155248776794864;0.18314899668708529;0.07279807701530014;0.1272059277682954;0.012822331228588044;0.017617669027259367;0.19627435611552607;0.08935447407236793;0.20828922719749346;0.0848736091938643;0.1427395143654966;0.0044870227500797485;0.02796485198736154;0.19508598010621256;0.10419132896860217;0.20256098726375496;0.05671293524054821;0.14927558229574173;-0.00039251381478486755;0.012167087722648144;0.20412363842656328;0.11534922486823593;0.19649258996369007;0.09557833900871336;0.15455559793716173;0.0009128127308164425;0.01669822827345471;0.17438693044943357;0.09762588298423135;0.16821076114495864;0.061232529175252695;0.13633846608905761;0.006703636053791306;0.02452458868149038;0.18130930955856753;0.10150400023337221;0.17761571737542534;0.0714171620822423;0.1335027811616739;0.012921857435120917;0.01950430820114237;0.15828404763037335;0.09107386155959636;0.15322928794313523;0.04199528928796392;0.1208091279097775;0.019185770604694584;0.003210637714017069;0.19270643020079023;0.11492368012695664;0.18327719541026963;0.037756015713703725;0.08889180859798232;0.0017568038624513613;0.020620975922233612;0.19234187569464134;0.11951034814610359;0.1720348070191994;0.05688456402674079;0.11770511008305952;0.010973927193613607;0.024909240492238877;0.18719421687508653;0.09540105211729481;0.19570957845625397;0.05684801215492031;0.09478440787279854;0.005963278032760668;0.018261469612639955;0.3888261980814852;0.2569377058543971;0.32181421888288786;0.1628334648512009;0.08380746434679845;0.6306518053765435;0.017164531117547618;0.2502142472356272;0.12274406945591518;0.12751697676942816;0.09011356066562858;0.1124304152440802;0.11799091323679375;0.17191806244814345;0.08649112244473753;0.08805583456454275;0.10452864619868915;0.0029753699319882837;0.00716573193755731;0.0024308873832426478;0.018639196543322762;0.0047506630988083075;0.06159698374993458;0.3850501049114113;0.03770848502235556
art09fer10;-0.005567340298882966;0.0009716181258625198;0.05632942319481608;0.0025128737534825902;0.004926234250767235;0.0021823312825545015;0.00845148113907772;1.0;0.05343937353065465;0.056329374467015844;0.0025128654515498778;0.004926480758613026;0.0021824900999118098;0.008452674832656187;0.9999999995857557;0.05343492833713254;0.002351827126805855;0.0003040345734734587;-0.0006943236570692771;0.004449448623293977;0.0009383604322605844;0.01769804724892611;0.0006389356918052899;0.00549014884499486;0.008475836067175486;0.0008499140221954203;0.004722251526481372;0.0013653505865669907;0.00023358418344179805;0.0008040188373342757;0.005902257816517157;0.0013613018635599604;0.005844368949403225;-0.00034310694044606415;0.011225519122565428;0.02819178839483992;0.0001312165139533948;0.00268962582871239;0.0003332906059082691;-0.0006103353159507668;-0.00020931486411669025;0.01153536871108403;0.0014207332853915322;0.0057495137793305276;0.001787667346154098;-4.3471679339726967e-05;0.0007675117438548628;-8.59585434479811e-06;-0.0001127015045343863;0.013182659013132635;-0.000202156499852022;0.0019251594336755409;0.0027794220267839493;0.0009379190770293284;-0.000462739927673637;-5.806995679068948e-05;0.0003342920621141345;-0.0003553726744900302;0.0009502661700445202;0.00021506428694596222;-0.0012427206616306907;-0.0001534241882281159;0.0018957826507008185;0.003430550269346341;0.0019986079156617573;0.0017282017107518263;0.003296274844703507;-0.00031881387089999815;-0.0009901594659899248;0.0011859467885545192;-0.00016909153915615916;-0.0006956631726054426;0.0016688627916885519;0.0009225033693614769;-2.5731777938717905e-05;0.0009207753510087587;0.0023933576238811287;0.007932308595793046;-0.0003764625997118812;0.004247072322367824;0.0014109112460931057;0.0003302884377072968;0.0049947910312430465;0.002619310173957557;0.020147370351841373;-0.0005090497749873922;0.006953933927665874;0.01233756163955125;0.00031165824415131557;3.572686223919724e-05;0.006446493554244216;0.0006127991820651342;-0.00032861188817002703;0.003231855155811371;0.00179494001927751;0.0020301608509687872;-9.816476857567801e-05;0.00491617883451067;0.007175950849981509;-0.000624177448730222;0.02158748792798071;0.005450074662311849;0.0021311449386099716;0.0032294343427450847;0.014795789063273819;0.010154171914136886;0.27404110874113785;0.035449513725411545;0.003366593903830669;0.003526670901537775;0.0032145920834075;0.003006761080909071;0.0031693607628123922;0.0049572101538972535;0.001953942144974623;0.0019531260125407236;0.0016169767102486771;0.0004908125787963716;0.001356589771709164;-0.000899688335706426;-0.0003786150654050562;1.421472583222827e-05;0.005161199521511237;0.020697233552146924;0.05529098139825639
art09inc10;0.002187727523526173;0.027249081399016044;0.20253908593394085;0.032999517936757025;0.12741777485452757;0.02383079324371084;0.12237306282912093;0.05343937353065465;1.0;0.20253924931474931;0.03300031890532262;0.12741796456608886;0.023834108991722794;0.12237881167970402;0.05343935204470168;0.9999999616337354;0.07669701708880501;0.028896246751905396;0.0895064640274731;0.031935539936582866;0.03507576349299779;-0.0008509458524498805;0.059849952857078025;0.10003155123110119;0.0490724946611176;0.09937568637756311;0.03872273897607653;0.0427043067183988;-0.0003892981878543096;0.041992879195627116;0.12654568318325543;0.03109477975402451;0.0746704705361443;0.14746201254368096;0.039797677936596366;0.01970625953844625;0.1324492823708304;0.06933980153919758;0.022511392933820398;0.07926403274974667;0.01848821287511275;0.05195989261980304;0.002671658175360077;0.022674834790017487;0.07179657836155236;0.0333467069503144;0.07909361083676984;0.014011148771843474;0.051558853649855296;0.0013326488543920654;0.010238650098765548;0.08721663501052389;0.04434563284762478;0.09009430672685527;0.04059592488801384;0.025169600214655027;0.002335449848257827;0.021012341240216243;0.07467588928554525;0.044377421729854115;0.07319499139990923;0.012585488527149791;0.03897040159948646;-0.0004778879712972558;0.022285956538946355;0.06237158897833053;0.020763638078958657;0.07420959401878095;0.04817801106350711;0.04035607137301478;0.009773040715169204;0.009386921426351315;0.07382488932563132;0.03275749942376993;0.07328482702751114;0.009204083549715518;0.038692872051622945;-0.00018576520082903576;0.0563442123233713;0.08002784138758774;0.045573397753264924;0.07394378869193287;0.03456716685789148;0.036950864634295456;0.0021495261013045252;0.015268011412383809;0.07595083329333895;0.054611526078302525;0.06402313407356794;0.01365904644672875;0.04992947064760363;-0.0007912307968407072;0.009114184211433207;0.0829843399011718;0.043698254625361296;0.08681933548106516;0.031197404296640786;0.03294563641532669;0.002580650936978586;0.006157874398898441;0.1790079969468666;0.08179714212072393;0.13574862266040907;0.07731662176840726;0.37991363280420837;0.12097983964404618;0.01664104465466645;0.11431925215454647;0.025613327878113417;0.026947624234171897;0.02742242697774551;0.02244866148323821;0.023750016309797527;0.03928750741341374;0.01721806450451808;0.017400388412139672;0.018149919907610106;0.0009739156390381081;-0.00023333083056312586;0.002738678350667689;0.014643835852719526;0.0004327336177353046;0.007433961206142591;0.17696578075314692;0.05195068856336959
naf10art11;0.035298986089228324;0.07048824997292848;0.9999999998714824;0.8197773252041601;0.6258141814438397;0.1843057597303881;0.3974260950136865;0.056329374467015844;0.20253924931474931;1.0;0.8197788626426007;0.6258147502647929;0.18431854945402787;0.39744325593936347;0.05632967108241279;0.2024720777964471;0.2268556509470596;0.08533926895903893;0.2924097023743081;0.13317712260228476;0.15555674257206503;-0.0006333551556643485;0.041975829955791674;0.33588098213841017;0.19444772649216002;0.3392796621045828;0.11222423373772113;0.1460323152441314;-0.0006103699702779958;0.043932450693179775;0.2372296356230224;0.10178501969345316;0.2939426137659195;0.10640378465598892;0.13519674892868744;0.023929933372235302;0.032270268522362505;0.27034886539751524;0.10983807609987813;0.3051158917474398;0.09000004086403013;0.15678782540148806;0.010935409164706313;0.05850018770074409;0.4140050140073942;0.36245434767678464;0.2961649167062841;0.07199400928015429;0.18846244579019586;-0.0003417172159444668;0.021895466850178538;0.27009206340785263;0.13306582340915035;0.2806851413807167;0.1287014125282295;0.15786001468891273;0.002851456760812007;0.03448134121661677;0.2479276600931864;0.12873780907566318;0.26279681517281256;0.08206360792685301;0.14361522267308002;0.006789412137777344;0.03180521095490792;0.24067790244150233;0.12273114979013632;0.25341300779976816;0.12139648581283384;0.15099833577495497;0.01784477000233127;0.020803240995605876;0.21236951682630492;0.10240420487325816;0.23742800045117535;0.05394296011276352;0.11659363276378647;0.011743472504970428;0.020176882122383607;0.37909808538924866;0.34595297656890367;0.27680086947054056;0.06016440898159126;0.09837685715860331;0.0026324109962356916;0.03999962779768134;0.25503674923177605;0.1472397270509456;0.24728717304375294;0.07690969874461842;0.11363650368992571;0.0078026962790992;0.027941123751319335;0.2789104828171458;0.1569636059466262;0.2754702937209869;0.10433103439359757;0.13011231201934964;0.007361255859962773;0.020716396532089332;0.692250565007349;0.675520603743902;0.5204877304601826;0.28144599972117035;0.1394384599800551;0.41423249999127676;0.029326956947376807;0.30048167536958204;0.13812429998007347;0.14308559356021108;0.09096927812928031;0.12535142719135747;0.13141094901331157;0.18804311193391088;0.09778533098580137;0.09931547621973644;0.11326066994539825;0.0032492744028451335;-0.0010872146671612357;0.010158478990992887;0.13212220525414933;0.002190159601687047;0.05143015882958609;0.6803610164765275;0.1448781545476153
art10act11;0.010542898469191927;0.03961872120982846;0.8197792664448231;0.9999999998997119;0.10942805259338376;0.03333945617775166;0.14916419258756833;0.0025128654515498778;0.03300031890532262;0.8197788626426007;1.0;0.10942867059440696;0.0333449757249518;0.14917042253862706;0.0025129050929178914;0.03297066846091027;0.07852211028813207;0.04184479308944331;0.07971198412631517;0.052016845158786004;0.06738032670154681;-0.001552016438083511;0.005437773048893989;0.13378915786018544;0.12618198990318924;0.09295045618620035;0.03403038897158616;0.06596904376653429;-4.726362648489875e-05;0.010358103413521383;0.09034762327592366;0.05953527016597692;0.09077474647800374;0.02737861883479167;0.05972015373665615;0.01244764076718591;0.005289504539327499;0.09566520280967998;0.055613442123813105;0.08876790667924747;0.030141888097429476;0.06875516431387613;0.012000996116508447;0.011703493054850448;0.308328140557552;0.3940772376066304;0.08536083511532026;0.027775957118589444;0.10632574074602436;-0.00023144723147553773;0.007830999404327924;0.08878663476640704;0.06220874217598904;0.07213305538157139;0.03510833102924763;0.07450665954796384;0.0016749200900241796;0.011394144125112278;0.09563866701885676;0.07246131238374229;0.07984228853692023;0.028603139235295866;0.061831575500897254;0.0017775223053556764;0.006100716110272155;0.09151570516716123;0.06182277555578386;0.07496085192109699;0.04103730417795761;0.08232127107930703;0.012339026881910915;0.008810290805762028;0.08685965555958951;0.05357714195081065;0.08227366892349244;0.018820504343520655;0.04991111452824284;0.008099039662360077;0.008576545583998112;0.25756794918084597;0.35562771499532614;0.09104114268665814;0.020248543405500214;0.0391870123262528;-0.00021132701094827322;0.013037057704992819;0.10024807685397082;0.07915341566033672;0.07922048350281924;0.03399587521794036;0.047324530634613046;0.006287739699541354;0.010947811930388804;0.10076272864657912;0.06820178549538734;0.07845978516422841;0.025158574039477598;0.0846478062753272;0.002526742438226033;0.008671861268372364;0.41906577301775144;0.6761227142506205;0.13485734610382613;0.07491430706394914;0.030524302137618246;0.18073457891129288;0.008648714501019745;0.18442063661361133;0.0675664139360794;0.06975557325063887;0.03844293181766495;0.06254376749804363;0.06529987518168315;0.08688767239086342;0.056256683898525804;0.05710364287625083;0.06447334597415987;0.0014005559630470858;-0.00020489455212383597;0.0013267008887314067;0.012383798732870677;0.003210219735860082;0.035941769397267655;0.4053977034486222;0.13820076017778357
art10hab11;0.05241006656715757;0.05755159260728755;0.6258142228233236;0.10942621217777174;0.9999999994671233;0.0993618441595282;0.30901654256071526;0.004926480758613026;0.12741796456608886;0.6258147502647929;0.10942867059440696;1.0;0.09937702855156144;0.30904024040289646;0.0049268721914977305;0.12734275505773152;0.2722262152090274;0.08053268730360721;0.39996846226310767;0.14895606349931062;0.1529974886432826;-0.0008097890643916209;0.04546592773581683;0.39031567506749437;0.1518527953213482;0.4649948835956851;0.14028546145387083;0.1452698847183718;-0.0014257065915419006;0.055962445463585246;0.2731995795798884;0.08767890857384769;0.3915869353573592;0.12362350761572098;0.14043354314586073;0.01947663713442583;0.02637980631067361;0.33543956934374136;0.10889907752690896;0.4124673822131965;0.10754277033704993;0.16222649754734336;0.002379215112832259;0.08833261304915543;0.30639465456049275;0.10589943885972157;0.3998857114403169;0.08483424619544;0.17108357036416186;-0.0017421576126512412;0.02680285031786995;0.33954440717193307;0.13464143161443878;0.38838180771146674;0.17248243067283428;0.15968574768374558;0.0021585698445963745;0.043406105939194146;0.29139437000891;0.11413534247383718;0.34834174627794545;0.08872123391582788;0.15199662003871267;0.00869405741546088;0.04390492868448903;0.2871041527416884;0.12269864534027689;0.33758477805589604;0.15074575415272906;0.13548942337148925;0.012537621547670736;0.021943010408343865;0.23504777739205546;0.08866751056229132;0.2971203408907107;0.059309693491070355;0.12151904067704872;0.005286295853428353;0.016398143812230176;0.3095844693447385;0.1253923340955137;0.3559984563552542;0.07218717243156772;0.10801924031384441;0.00303719817187815;0.05187749538902618;0.2973892323478255;0.1348784924096402;0.3214679741215211;0.0845464334384266;0.11717579293256167;0.0032275007098730678;0.03188174964800753;0.3333109816666603;0.17046764108795234;0.3678454949498195;0.08492551217905098;0.09692515197426901;0.006274014344660814;0.02352700929344912;0.620580126476153;0.26154389916979576;0.7364083055073701;0.2514719700268821;0.13471073150352933;0.3791586819257046;0.012251205541778139;0.2381858954672541;0.13374462683067917;0.13877072200432855;0.0937428383294038;0.11968317881884728;0.125828054091236;0.18886479530340525;0.08310204988830733;0.08417239995316043;0.0915184437904094;0.0032294647224971316;-0.003950340501077132;0.017903013450676776;0.11605247471939721;-0.0017280100492887123;0.030001629396682713;0.6178363484125525;0.06177037339992077
art10mix11;0.0038583121835599494;0.015801221124120485;0.18431845171003375;0.03334418658392884;0.0993766092388526;0.9999999972315317;0.07056438835183639;0.0021824900999118098;0.023834108991722794;0.18431854945402787;0.0333449757249518;0.09937702855156144;1.0;0.07056849154595324;0.002182529188986363;0.023811743002853998;0.06895622932932963;0.020330883153434943;0.07587038842168008;0.07080578985780679;0.03886258477068397;0.0030366629391667985;0.0739076194107043;0.07831689594353418;0.040685947222980794;0.08153886208359572;0.05271859977207403;0.033107681231384106;-0.0004919907601304836;0.008617242393337863;0.05714285528371261;0.0234032608078092;0.07306819697004648;0.03189793595101213;0.03336847314996367;0.0052228221476243045;0.006115911439334862;0.06484071290009959;0.02958190745648097;0.06733085008231035;0.03627032219556445;0.04611479228153987;0.0001925490133230151;0.011555896253845602;0.06296912030967088;0.029601013568910567;0.07046585130121927;0.02142983704674962;0.03897714461296826;-8.729623548498557e-05;0.006475801992146475;0.06720471517692488;0.03505423279168013;0.06615738814027226;0.03707567054990463;0.04391065828218266;0.002093683647292848;0.009520652690447082;0.07599128433244164;0.03716511866760424;0.07501598723142057;0.09282133290381593;0.04002520683512214;0.003481411757056118;0.008164327969734927;0.05851157384123584;0.03146275903945303;0.05735322007251727;0.0467490226925988;0.04419349382619006;0.0013781321918267875;0.0043554199413897085;0.07865854322669284;0.05625839438804989;0.06904499640610068;0.052700451487846696;0.024701093129295578;0.005658133565993601;0.00021026533553437037;0.06893641395564712;0.03027080536582381;0.07561125739341004;0.020468804944873915;0.026720426036430496;-0.00020579811586314347;0.012379636032870204;0.058815522393909046;0.030657938971140115;0.05887918821624811;0.025897452964787793;0.026314151039071542;0.00327020077605197;0.005338139481570054;0.11978206258297577;0.07968951695361276;0.07036409880946291;0.34505233909901645;0.05618279004336934;0.01153651997583478;0.0013939548322138536;0.15637061067613897;0.08125812035379869;0.11586774708238866;0.764748116158302;0.03977514115063426;0.09686057326635784;0.008063007003551977;0.05786560398738779;0.05929169969301413;0.06126243266322221;0.03500030752383103;0.052523125630037214;0.05493699441617976;0.0755482158282465;0.037289948737815236;0.03908218275698354;0.06807292645428471;0.00174204879254533;0.0010402468497834002;-0.0003023984502949258;0.625863114143332;0.0009858094858928783;0.019826395390501666;0.15908138641369715;0.0027746188968429627
art10rou11;0.01422616997842606;0.07543845546424077;0.3974430837294853;0.14916883018745583;0.30903991450547075;0.0705600689842959;0.9999999933453313;0.008452674832656187;0.12237881167970402;0.39744325593936347;0.14917042253862706;0.30904024040289646;0.07056849154595324;1.0;0.008453316584026326;0.1223261516380097;0.18630599201754292;0.08779202449541819;0.19330050441823188;0.10046872380164719;0.20351938067561146;-0.0010161617264074357;0.022055052894353604;0.24841763506059283;0.15151222997448938;0.22619306238989592;0.08138194576478401;0.16169055401453108;0.0016551589678489775;0.034828515585530816;0.16339178309868396;0.08155726128740365;0.18316746502492529;0.07280528485383041;0.12721478312883833;0.01282409534143714;0.017619235853885962;0.19629128066974;0.08936082678794449;0.20830830959760938;0.08487956865935564;0.14275052922353368;0.004488080890339806;0.027969139688328634;0.19510316948001175;0.10419875992036767;0.20258052300153737;0.056718139085453964;0.1492874803444503;-0.00039144270696533744;0.012168995832516384;0.2041393027184293;0.11535731508061949;0.19650857208895536;0.0955837887402758;0.1545674966399692;0.0009127019243126066;0.016699470064805072;0.17440252537288725;0.09763305420011545;0.16822746083326673;0.06123583924081014;0.13634843862039286;0.006706225604976869;0.02452566892897109;0.18132466199705036;0.10151073944631926;0.17763323236871825;0.07142427437127441;0.13351261992976785;0.012923300105443467;0.019504855707078193;0.15829774921909226;0.0910795612182436;0.15324547283181064;0.041999418409308535;0.12081706575208295;0.01918662646677104;0.0032120704644337363;0.1927256272868601;0.11493311030767099;0.18329802566117298;0.03776065184449148;0.08889869284791282;0.0017571199489031875;0.02062251615213425;0.19235858733627728;0.119519254999603;0.17205195318863034;0.05688885530801616;0.11771459288951656;0.010974827237831629;0.024909276959417904;0.18721077334660952;0.09540719166294641;0.19573014272740177;0.05685272587115065;0.0947910701597037;0.005964711456696297;0.01826254971127759;0.38885424882158065;0.25695309858326154;0.3218443173219644;0.16284586536795312;0.08381354930365366;0.6306693276790378;0.017167502636297374;0.2502405241437361;0.12275169906318119;0.12752494960805583;0.09012034788846063;0.11243709957859069;0.11799798086873631;0.17192965173352015;0.08649563816115705;0.08806035011517278;0.10453241857462969;0.002975581821176729;0.007166614539843661;0.0024317935297583607;0.018639951189588458;0.004751737425887597;0.061604640236828566;0.3850781732944292;0.03770631799658864
art10fer11;-0.005567695774686447;0.0009723768772163995;0.05632971980862749;0.002512913384743575;0.004926625680608715;0.002182370340941054;0.00845212282509481;0.9999999995857557;0.05343935204470168;0.05632967108241279;0.0025129050929178914;0.0049268721914977305;0.002182529188986363;0.008453316584026326;1.0;0.05343490624982907;0.002352244958507418;0.0003042167482141079;-0.0006938392199500073;0.004449922778556188;0.0009386339611976836;0.01769805581762802;0.000638993985630634;0.005490464524522742;0.008476040610331248;0.0008501053032111791;0.004722169201177503;0.001365689209134702;0.00023357868723729132;0.0008042585782732022;0.00590240707961358;0.0013613989263169112;0.005844461934695519;-0.00034270997761994774;0.011225655939631336;0.028192101785240065;0.0001312212589527588;0.0026898320161016873;0.0003334749241766992;-0.0006101190254442175;-0.00020933990399527635;0.011535335368538381;0.0014207324174662426;0.005749433252801398;0.0017881155712079486;-4.3375186926176324e-05;0.000768077692201943;-8.522725032933682e-06;-0.00011253834766460889;0.013183274922284811;-0.00020214911797341494;0.0019255020532208782;0.002779708842509762;0.0009381467773727847;-0.00046272505055426833;-5.7622970158379215e-05;0.00033427382974014373;-0.0003553427289702529;0.0009514653801051074;0.00021666579805096616;-0.0012424131006211199;-0.0001527781540621158;0.0018960692143873115;0.0034306967278632324;0.0019986872806385275;0.0017290177358930186;0.0032974634863644427;-0.0003186416574455504;-0.000990089202828797;0.0011861942292874957;-0.0001690995213644915;-0.0006957033242051528;0.0016692785138866196;0.0009226059809811753;-2.535388733841494e-05;0.0009206745152884708;0.0023936006139947444;0.007933335227323967;-0.00037634676521591364;0.004247611212496074;0.0014109923001459775;0.00033079584752007327;0.0049967746269754644;0.0026194561171086054;0.020147353432677102;-0.0005087853361616439;0.006954457186418654;0.012337711206845028;0.00031228266083877844;3.593643290823672e-05;0.006446686334159234;0.0006129275931560273;-0.00032861696257808766;0.0032323431463096826;0.0017953502122636982;0.0020304787154766493;-9.760409221298785e-05;0.004916273150489707;0.0071759079911750834;-0.0006241776427009127;0.021588256689938655;0.005450774559420646;0.0021316755386814787;0.0032300650172657945;0.014795888486480786;0.010154817264820386;0.2740415992351994;0.03545040680286618;0.003366988424139508;0.003527085402383928;0.003214999910158216;0.0030070786755051096;0.0031696985806410633;0.0049578128257388165;0.0019541436780346525;0.0019533249733206903;0.0016170922704659982;0.0004908971782405341;0.0013568104921660021;-0.0008999146368679772;-0.00037863572163511353;1.4209452946897736e-05;0.005162049978490058;0.0206980060520518;0.05529078911486842
art10inc11;0.0021704218713190326;0.02721437081826493;0.2024719135087568;0.03296986949097723;0.1273425687092968;0.023808435848820857;0.12232042217247922;0.05343492833713254;0.9999999616337354;0.2024720777964471;0.03297066846091027;0.12734275505773152;0.023811743002853998;0.1223261516380097;0.05343490624982907;1.0;0.076651870849452;0.028878895403841396;0.08944768990619247;0.03190964544860945;0.03504517774239174;-0.0008507119217365175;0.05984446947655409;0.09997033355013255;0.04904213211600881;0.09931107310579348;0.03869642262085415;0.042676212646714784;-0.00039088635615626346;0.04198364262262704;0.1265025274387367;0.03107698886228976;0.07461333514227793;0.14744106384818062;0.03976775494078938;0.019702077259543798;0.13244786502848935;0.06928645778693002;0.022489165724220488;0.07920518584456514;0.01846540029403452;0.05192626008428562;0.002670439585411273;0.0226640271939958;0.07174473943148485;0.033322207394017866;0.07903550776345827;0.013996433514644326;0.05152392227092077;0.0013292687505909691;0.0102354424705931;0.08716494250193442;0.04431771436257335;0.09004201546548776;0.04057699099337458;0.02513335515937896;0.002335192548175027;0.021008836230162364;0.07462697448611884;0.04435264457762142;0.07314405420799623;0.012571797062116835;0.03893860155084108;-0.0004820261674741005;0.022280588549514962;0.06232381416478446;0.020741647715383765;0.07415672855049374;0.04815680440791986;0.04032432977860777;0.009769309959043033;0.009383689826665256;0.07378395440261709;0.03273856780940359;0.07323879524767422;0.009191032616947916;0.038667272121389054;-0.0001900763280488796;0.056342505157080544;0.0799694622796296;0.045544412477684315;0.07388165788837213;0.03455293645009524;0.036927852733767016;0.0021488818494965894;0.015262296200367221;0.07590152855001418;0.05458689613812176;0.06397186950597966;0.01364463154428634;0.0499031837691161;-0.0007946984647786322;0.009112831831808882;0.0829323947676477;0.043675129567329544;0.08676060544055186;0.031178943096558085;0.03292289046463053;0.0025771511604497925;0.006153085622046392;0.1789169551824372;0.08174136231444083;0.13565721145274143;0.07727033659638717;0.3799024962814397;0.12090431840146112;0.016633119516977043;0.11424505727785818;0.0255897440035775;0.02692305955621624;0.027403488915837777;0.022427711884439334;0.023727933633928416;0.039252954878608345;0.01720323977806532;0.017385497259582265;0.018136156920662855;0.0009709462724638054;-0.0002353827768199123;0.0027394186152834;0.014639090559187756;0.000433718692668781;0.007413797089331211;0.17687485192047148;0.051951009058327904
naf11art12;0.03545915697709367;0.07172772672594356;0.22685517801708013;0.0785205016680718;0.2722257758145216;0.06894669240870217;0.1862910891111026;0.002351827126805855;0.07669701708880501;0.2268556509470596;0.07852211028813207;0.2722262152090274;0.06895622932932963;0.18630599201754292;0.002352244958507418;0.076651870849452;1.0;0.8174866552903703;0.6087797733023296;0.2600494943447254;0.3871776111951298;0.12711051702486256;0.2831025513869314;0.2835415082284185;0.13994546106801078;0.29346791746381884;0.0954766461320395;0.13039112801825833;0.00695698495443413;0.07070268445805832;0.20914632152746138;0.10007498859337594;0.25699798655033945;0.09139569443236267;0.11978180425743579;0.013239289994997261;0.017524657454461273;0.23894399702283392;0.09750727030315179;0.2767854655911985;0.08109648991031826;0.1389420337058725;0.00305592646992835;0.03469016167729596;0.2289267317223772;0.09084207469438317;0.2789446657402664;0.06218309484853749;0.15385154013786614;0.0007598670942920725;0.018834191746893145;0.25208440196444115;0.1287589441188225;0.2573927924231517;0.11103986130218942;0.13714536191082694;0.003018779173083779;0.04014008040917685;0.2121672879558894;0.1121460068001854;0.22533298141318417;0.06358403884037171;0.12041683134836392;0.0035578721803042755;0.02739996838709112;0.2149916439390756;0.10150073825666475;0.23942942778787213;0.09977137872597369;0.1186356985821348;0.008813547487264132;0.018592463690681498;0.16737598523727076;0.07944731030998098;0.1910352046058938;0.04356688936196382;0.09557917121222817;0.005402394924462212;0.007317918669796058;0.23150890817983957;0.11817550862134212;0.24622019566063288;0.06188539179728745;0.08169822272155522;0.003656398602183759;0.021024474027501534;0.22543268316240267;0.12270528129576504;0.22146561930827258;0.07914316000578589;0.10690995924370858;0.022422125983395068;0.017149589811714917;0.21008215124056046;0.10446971780587931;0.22926733560972062;0.06457252045317378;0.08373772951708659;0.0029599902766040626;0.015731025176549118;0.5245576643738551;0.43371172697771837;0.4375404184276159;0.20423611639590208;0.147582122630978;0.3572556355240346;0.0630068170699309;0.3022958484942311;0.11637253421202924;0.12168884539694914;0.10558941541434189;0.1051060627506489;0.11099899739418967;0.17874666317464794;0.0782425441517154;0.07948874370698042;0.09107506201107277;0.0027699361867029367;-0.0013499631468575173;0.0076111391508471805;0.061927779457876364;0.00127943245315839;0.04559267185135598;0.5154281240741982;0.07463145049508763
art11act12;0.00863451485045025;0.03492971422142913;0.08533914517726421;0.041844222549757656;0.08053263399750946;0.02032687889128739;0.08778653403343557;0.0003040345734734587;0.028896246751905396;0.08533926895903893;0.04184479308944331;0.08053268730360721;0.020330883153434943;0.08779202449541819;0.0003042167482141079;0.028878895403841396;0.8174866552903703;1.0;0.10819168676261003;0.07184764573260587;0.12991649267878455;0.0014567744914416533;0.042671573741614004;0.10218486670811894;0.07638067923188484;0.08365794509224028;0.026783702106850715;0.05420230063873548;0.0016205403127595745;0.018610954580651897;0.07612598509981622;0.049961158490648146;0.07628751489583603;0.02784493837359119;0.05417338951634888;0.008241159851291367;0.0035307891576608994;0.08216834902302728;0.04639818825473154;0.07835012890292686;0.028279726231069682;0.06184632813749751;0.0005651347621341437;0.009297302607353775;0.08401205673414162;0.04908886069468414;0.0814178370600936;0.021019240150837806;0.07079600869365843;0.0008681839342523701;0.004360202406812923;0.09345695347106014;0.05947507996313351;0.0777563731954738;0.03056820468097398;0.06117921938307843;0.0014432439949107058;0.03002858482552846;0.0733224648309346;0.048132475463592735;0.06686780417187035;0.019835370153605456;0.04288805419589876;0.0017567976671358687;0.013608546936281567;0.08999488532172334;0.05505175037959635;0.08598295721092561;0.030499152047690634;0.05814318577723935;-0.0003170618465362472;0.009058106948821452;0.062328912220123565;0.03777922435730613;0.059591356046989466;0.01319079314321729;0.04452309386205167;0.004088264418504129;0.0017386822551865265;0.08791186937252182;0.05718416093941162;0.08228224831536449;0.022798712426877185;0.03269599019923088;-0.0001694838674323481;0.0060246460600324415;0.08151836178888057;0.057357266760694955;0.06983464182419069;0.029188807576642783;0.037365219655852704;0.011791552400521883;0.0049204493958770485;0.07588259405101029;0.046807238331814355;0.07124869919645233;0.02444442804512414;0.034776536449801825;0.0006822531746159302;0.003323581726165862;0.2724678218219509;0.3822733661511192;0.12282038841726925;0.06262578918726057;0.039352246498559236;0.1474706136658661;0.007565836899352893;0.1808405070887053;0.05855166908565751;0.06097181250441176;0.046638047281966;0.054502233930294824;0.05720227058205304;0.08345883540711152;0.04451545858941848;0.0450376564345287;0.04797077941999976;0.0015047451292837357;0.0005934019406745321;0.0013652017700823296;0.030719146850839183;0.00010154728576610999;0.031231670380017115;0.26456659956844025;0.04574235991860881
art11hab12;0.06112249213467579;0.07611686404891956;0.2924090583384056;0.07970988309094497;0.3999677084175931;0.07585846446459689;0.19328035449341727;-0.0006943236570692771;0.0895064640274731;0.2924097023743081;0.07971198412631517;0.39996846226310767;0.07587038842168008;0.19330050441823188;-0.0006938392199500073;0.08944768990619247;0.6087797733023296;0.10819168676261003;1.0;0.2931500239199133;0.30010544742915835;0.011179799192802986;0.17811566707635418;0.3674164485106937;0.13791040980416566;0.42656756664336837;0.12904152514778824;0.14625518699695003;-0.002341627955345003;0.09344531597088084;0.27248278109238105;0.10462677834564817;0.3725629651106794;0.1339586423155324;0.13565393190368397;0.010820411429509876;0.02282057900440537;0.3160378948750554;0.10582770907851398;0.4063133743618433;0.10671536894427254;0.14250530900556696;0.004410516565581384;0.03572556685714522;0.30631179463880887;0.09529307029990636;0.4133292013835071;0.08422505741127628;0.1759393978772251;-0.0008782174100505842;0.02349830826039462;0.31907752006818957;0.13678633405437596;0.3607501126949557;0.16031313464669977;0.14958467090452085;0.0031228355589097774;0.029173284560769737;0.2738884902157823;0.1140572316973206;0.32699914546543324;0.08194174049406545;0.14160681130443836;0.0026450434828462666;0.03121470158966561;0.2702658580346828;0.10535641224789993;0.32845993890363806;0.13348583909335943;0.1269786428914993;0.013283923418156499;0.022692556957383283;0.21576609546971132;0.08695153538169668;0.2700730274452621;0.058449624820643274;0.10322329128464054;0.003368151161597587;0.007778290009890939;0.29941446067750216;0.12435740659964442;0.347097224026589;0.08326240723893341;0.09706939234697198;0.0066917307871326055;0.02810646265957118;0.2934701110200034;0.13024042007896333;0.31388393595092573;0.09810752567820422;0.12959464732116766;0.021453292852221233;0.02506243259803042;0.27577774053648435;0.11795431138476593;0.32764102488581637;0.07694911494639009;0.0978229960205899;0.004779192953088474;0.021465968367978823;0.5585948828286521;0.24399418158697742;0.6465837918641492;0.255138424572186;0.13707072831194095;0.36260957480952327;0.016779492294132912;0.2517414402638077;0.12683976876710262;0.13277672055582873;0.11871569623844823;0.11214532270689954;0.11882210038506036;0.20081731482744342;0.07651314964526501;0.0778879900662777;0.09227711342532127;0.003068937006078803;-0.0033069992763639492;0.012666237683497877;0.055626885876536636;0.002632255345561694;0.03189492913323461;0.5538212197685962;0.04373480547388916
art11mix12;0.01567063036744797;0.04269918292293081;0.1331767709442063;0.052015774018998324;0.14895577512473815;0.07080106080496332;0.10046025503116729;0.004449448623293977;0.031935539936582866;0.13317712260228476;0.052016845158786004;0.14895606349931062;0.07080578985780679;0.10046872380164719;0.004449922778556188;0.03190964544860945;0.2600494943447254;0.07184764573260587;0.2931500239199133;1.0;0.1726850579595658;0.013416148746501537;0.06698869975947;0.15481234936593036;0.0752087463389363;0.15743004448338666;0.11446860344248631;0.07606230740048744;0.0013468072493803779;0.0283717814118187;0.10717355884980173;0.05076684875678835;0.12885709365056827;0.07774429128603709;0.06897788929615602;0.019092741180186012;0.006621246988559152;0.13104440432153547;0.066840199669975;0.13085881469360025;0.07896514265577591;0.0942898549848773;0.003320618379459016;0.01377158830453022;0.1390498431133998;0.064508266223314;0.1516948957882897;0.04106483609068721;0.10245536381426293;0.008811859365466567;0.014867515649576583;0.14999510419311193;0.08651237543770543;0.14845937931050265;0.08026960438613415;0.09354429857148262;-0.0002506278640413028;0.005575554527694815;0.1421507789662455;0.08031636971928395;0.14425084204162994;0.08068118688522294;0.07299482877154832;0.0019944092248015566;0.013778924004307656;0.10818916537993653;0.05138326068305246;0.11727638766732341;0.07945248059345701;0.07182551212687627;0.006678874242539449;0.002214756283643745;0.11874480291320084;0.05108621832680189;0.14298217909783598;0.04456731588136106;0.053123864775885474;0.012486075032268246;0.0021349605400118985;0.1492398752400529;0.08610617126097062;0.1460250452171202;0.045121862133896205;0.06471835416455662;0.0011518711396057667;0.008920780012705345;0.13288757655987582;0.06819519553585046;0.12810107138611623;0.0795552801233954;0.060251711996835385;0.02594522549070455;0.00981394828084406;0.15623354924434;0.11173576323822838;0.12929099166672509;0.040348468464906494;0.05111667657234658;0.004507643063776174;0.021256232994262658;0.25305455082355116;0.15500570665063426;0.2376297415993687;0.3056539863671019;0.04969181274635608;0.2013710173171439;0.022962191328393028;0.11963954946545716;0.07978607261560679;0.08395458967319848;0.08573108303622798;0.0714544907540111;0.07586870896433244;0.13211423727915478;0.05352837874731571;0.05494860325262857;0.07399276944624365;0.0013587098956009754;-0.000657326357329364;0.01607275650883518;0.06424434650075445;0.003198069943261752;0.0432869781120671;0.25386688270489177;0.005744308654751935
art11rou12;0.01028013829375481;0.060798658867167815;0.1555565374913303;0.06737923864453377;0.1529974218851236;0.038856260487941385;0.20351114790411262;0.0009383604322605844;0.03507576349299779;0.15555674257206503;0.06738032670154681;0.1529974886432826;0.03886258477068397;0.20351938067561146;0.0009386339611976836;0.03504517774239174;0.3871776111951298;0.12991649267878455;0.30010544742915835;0.1726850579595658;1.0;0.020204559639929457;0.0836880453652415;0.20839135857851226;0.117490726604812;0.19403597388941993;0.08262640436370598;0.13156232853534222;0.005159158893231606;0.04011079214160642;0.14611880748492195;0.0827735618508257;0.15676118736231695;0.04332113107897818;0.0973298592864685;0.005584330338606646;0.01708573215163483;0.16138838012863235;0.07787172628005279;0.16540669008130776;0.04615161551649532;0.13303887527570507;0.0031774091621986087;0.022155022322227;0.13253866722225974;0.05911444522079563;0.1423684923440445;0.03910330593923457;0.11964694937482075;0.0010096466229196274;0.017411138682095987;0.17292629484657082;0.10051301874238547;0.1618089599797469;0.07367953478075873;0.13194934944581438;0.004801884634000722;0.019475510193303482;0.14516374825872042;0.0955368781997619;0.1284365088118551;0.056246311196230664;0.11418458264758446;0.008856708370472872;0.003885304947958368;0.13052774568789655;0.07120244148683609;0.1285078470144174;0.07110185483729405;0.1023939420693308;0.017246019273004575;0.00722060873811471;0.11996944490125838;0.06934969138075008;0.11327362829876188;0.024714432698421784;0.0963322833322447;0.0038179986250521884;0.016465874325162087;0.1589084276132404;0.11038451035915896;0.1387342694096013;0.03152688874650651;0.06652844819631686;0.0033672568454881286;0.01566196164079281;0.1513462536320262;0.0961936205429759;0.12991447866667732;0.05918189210955214;0.10614398023876781;0.023412107843831954;0.011208318878140725;0.13395838484063508;0.06831780632488033;0.13601722244480416;0.03581616418664678;0.08219578457032305;0.00204764613172651;0.019620113162376978;0.3036378680923603;0.20050616881999336;0.2483330478008201;0.1310001026154628;0.07059399984617423;0.4960754499355723;0.025922147575319545;0.20735721791749612;0.08847502850171135;0.09267692883461075;0.08435382896142701;0.08028327518335843;0.08490445017079828;0.13964529068281012;0.06250705469368974;0.06370792914936238;0.07698491063377083;0.0018252527834651028;-0.00025831297304772103;0.001477618787939447;0.015205355995731211;9.665555426691819e-05;0.04813396793049764;0.2995273568112715;0.013496604433652975
art11fer12;-0.013823160891619297;0.0022884511181228105;-0.0006335315057537336;-0.0015520201685602093;-0.000810148892050894;0.0030366816454719427;-0.0010159448702745616;0.01769804724892611;-0.0008509458524498805;-0.0006333551556643485;-0.001552016438083511;-0.0008097890643916209;0.0030366629391667985;-0.0010161617264074357;0.01769805581762802;-0.0008507119217365175;0.12711051702486256;0.0014567744914416533;0.011179799192802986;0.013416148746501537;0.020204559639929457;1.0;0.019193028260629356;0.0016051633685487427;-0.001291386269092751;-0.004638997020825481;0.002478636859792577;0.0004129016252444475;0.05320051319882264;-0.0017338510470939867;-9.911396573591182e-05;0.0015087860751421631;-0.002057494122136888;0.000641861021300331;-0.0010939837156987095;0.003775247309215737;-0.00010521856099315119;-0.0019405310269899315;-0.0011424123826687925;-0.001915644978020084;0.001494553217119518;-0.00033688578566871394;0.0016888531233442978;-0.0015599383945031884;-0.00225876615250496;0.001554030035980994;-0.004827638033741307;-0.0009630179530609794;-0.003316868059891498;4.315506387740362e-05;-0.0010378814461595375;-0.0035329759311916527;-0.0017132058223175309;-0.0037061561937638977;-0.0009515601989769893;-0.003198190649606468;-0.0001788824443962784;-4.8768224907138836e-05;-0.002085486449871939;-0.00015171416231540705;-0.003459828592048496;-0.0018901288411110745;0.003122415801315502;-0.0004146584249688326;-0.0011154881004960696;-0.004136997898409372;-0.0010881645696558162;-0.005318150983940389;-0.0014382060792434378;-0.0014306918147111672;-0.0001177955904144706;-0.001785862635383889;-0.0009094543898518284;-8.379912331652771e-05;-0.0019240898943681762;0.009767183961305905;-0.00034099246655781336;-0.0003225641913642514;-0.0015806357732226104;0.00015043466446905372;-0.00030082362591516006;-0.0015131430107469311;-0.0006180027738895752;0.0024646918760944363;0.0033987394091780612;0.002193692917743712;0.0053346339514480125;0.012533496533003397;-0.0011381955523128652;0.0018637935951621378;0.0005233513616173538;0.00016023946128446246;-0.001148559435278845;0.0039758815409240145;0.009482514308690203;-0.0033380836650671866;-0.0005128684652927482;-0.0018886096564761621;-0.00042313425050028835;-0.0017285905515327638;0.02162717278241546;0.0020977918053383723;-0.0022984019345146105;0.005084195739699063;0.0023183630542510463;0.004028408433602246;0.3876755141565183;0.06234163751159324;-0.0008504232869704031;-0.0008880457926576247;-0.0007403451496776469;-0.0008636474973087917;-0.0008867535157200741;-0.0008156559592506183;-0.0004807631735736451;-0.0005319885398120677;-0.001456462101288838;-0.0006379094881213106;-0.0006679961557811313;-0.0011967277095623883;-0.0015910610205421116;-0.00034809567635031856;-0.0017538071669853884;0.020805431114208933;0.10048459440516623
art11inc12;0.008234759578453998;0.010346746806241494;0.04197563090245926;0.005437415833376378;0.04546592346338037;0.07390637494620915;0.022052532404356298;0.0006389356918052899;0.059849952857078025;0.041975829955791674;0.005437773048893989;0.04546592773581683;0.0739076194107043;0.022055052894353604;0.000638993985630634;0.05984446947655409;0.2831025513869314;0.042671573741614004;0.17811566707635418;0.06698869975947;0.0836880453652415;0.019193028260629356;1.0;0.05745514633732342;0.018743068722952727;0.055828505762212516;0.012023673205900733;0.02548270714178009;-0.0003300019886313694;0.056279429057228984;0.04389327648450352;0.018407580561781003;0.049534875209179964;0.011401923599222666;0.020395993872654516;0.002113649278786061;0.013796966894123717;0.06333665492410638;0.017446134450111204;0.06174846733016462;0.018078778417943434;0.049308330561375874;-0.0005855831293192464;0.05435343132279687;0.04116849941347672;0.006865335004942847;0.05742681523566722;0.013556695670466204;0.01795391591572555;7.50204173793543e-05;0.014572829938075805;0.07151622099927611;0.04270451814789745;0.07079610739617313;0.023226070744062185;0.023834984395846453;-0.0004037520695892902;0.012697145808218508;0.06582717753911066;0.06012048280978758;0.04341225968759215;0.010368515873758461;0.04247908373805926;-0.000967404518736516;0.01534465326780555;0.03786567321239089;0.012935364506651493;0.04698360627591551;0.03106224123808393;0.014185147816107512;0.0034367406566630895;0.005566731960743992;0.024447058630958123;0.0074146653078619035;0.033631888523847624;0.008935328978445914;0.00853800746644851;-0.0007592596308104033;0.0027855199975728405;0.03183022083499795;0.011898973754021908;0.03558615844143561;0.011151559912890505;0.014036444177367985;-0.000643763544096819;0.008135045432570022;0.047304465597498624;0.03069707064714013;0.043331077127754095;0.014275729833956191;0.028711576533012036;-0.0008613960424738071;0.0033242466721439116;0.036321326036093594;0.014104776011949231;0.04322444397604954;0.036187412886909284;0.008292500444583186;-0.0005968061021059351;0.0023601370856717162;0.12232090682677946;0.04828076410968362;0.09301684427569391;0.08418227319529119;0.29118901653147217;0.06707183958704836;0.006290124690872355;0.10074728290624403;0.0075993171989867546;0.008476246558554137;0.020390092868864257;0.005991360530289004;0.006676204827393552;0.019236616407755345;0.0031238663505581145;0.003322818098612854;0.006707426412056769;0.0003460876273380018;-0.0011106165161695624;0.0014332367220814802;0.06293178528264066;-0.0005573012033228878;0.0009145292590852631;0.11898805806357188;0.04851483189943247
naf12art13;0.04513839554348855;0.09870900536816217;0.335880388238677;0.13378695911083383;0.39031493749007534;0.07830459052301177;0.24839802317988247;0.00549014884499486;0.10003155123110119;0.33588098213841017;0.13378915786018544;0.39031567506749437;0.07831689594353418;0.24841763506059283;0.005490464524522742;0.09997033355013255;0.2835415082284185;0.10218486670811894;0.3674164485106937;0.15481234936593036;0.20839135857851226;0.0016051633685487427;0.05745514633732342;1.0;0.7210478533826554;0.7793578036681951;0.2751112710490844;0.5522711289935318;0.10995222466578056;0.30421031189198755;0.33909570097742603;0.1684627297008285;0.39751828103607134;0.13520168667525104;0.1861245080047797;0.021037703077359284;0.04349057909506224;0.3471227343318828;0.15052599358600324;0.38341148849300744;0.13529348529235688;0.18353809033182736;0.017293622631591437;0.07340498429946367;0.33444881594858694;0.14937122093393393;0.3875305780799408;0.09376523352354517;0.2065667374048866;0.008512194406063359;0.03045209489676108;0.3586463907291665;0.18769136225109115;0.3692676698177453;0.18076901171932766;0.20713152976333393;0.004986741466390243;0.02873311415464074;0.290343337730648;0.14418540124681942;0.3100191240486869;0.09913956779474792;0.19624512422260623;0.004270324764277571;0.037002413940222835;0.3046399488016562;0.15927173415693857;0.3185675460881348;0.12648137203845244;0.17492865136984775;0.018931183129661255;0.03963059801205992;0.28298874686234265;0.17877379790524228;0.2717043715903853;0.07476702143142751;0.14585292322744364;0.008789813471994012;0.018632794888861;0.33934494494439393;0.19480907745384832;0.34035749513183483;0.07298494004553434;0.11913840455926979;0.005420310127489509;0.04126223566528175;0.3211185511487241;0.19640932759008026;0.29744654052206204;0.0979184544347362;0.14638351214774264;0.03913546131738797;0.0291394796265785;0.33781403344125;0.18273344484672027;0.35252439419751247;0.08730141856720129;0.12887526412367556;0.014716940588091563;0.025308585425982605;0.6362241585745526;0.42713811916570127;0.5965950582272334;0.2692669363878545;0.18107512646194737;0.5082515022950448;0.05134337169606557;0.3507261284783416;0.1553705468497072;0.16216995765953712;0.13337085621540276;0.14049646205085825;0.14826398383785397;0.23609215277155954;0.10867037068408447;0.11111087965360075;0.14110198018328596;0.0037597682687725044;-0.0010145439874604347;0.009380766706208481;0.04528134502042557;0.00285910726302647;0.06514990144205;0.6330406158142026;0.0709103146662105
art12act13;-0.003967779523405095;0.06254456697378562;0.19444741837164692;0.1261807297976761;0.1518525810037892;0.040679676126468535;0.1515036050671403;0.008475836067175486;0.0490724946611176;0.19444772649216002;0.12618198990318924;0.1518527953213482;0.040685947222980794;0.15151222997448938;0.008476040610331248;0.04904213211600881;0.13994546106801078;0.07638067923188484;0.13791040980416566;0.0752087463389363;0.117490726604812;-0.001291386269092751;0.018743068722952727;0.7210478533826554;1.0;0.22393464321088294;0.15643397498979267;0.30875681483998096;0.0048272751201863025;0.09110737639447813;0.19789437582103478;0.15161278817621882;0.15958474010821772;0.05360482951394055;0.1032851783776715;0.006443957400958158;0.03361141752714716;0.17677626403552182;0.10993184819527041;0.1497708969010062;0.07621938013024256;0.0959981286449408;0.0014105236109679825;0.05437166825865588;0.1830684181405505;0.12753428204529185;0.15663003616352125;0.056577421653877476;0.12767273043247182;1.2059408463017346e-05;0.009957143989104154;0.16602501546674098;0.12378980170403371;0.1358421799239195;0.0714566232623996;0.12091196012416136;0.0026773390137634404;0.009970683927555502;0.1523484252798445;0.10638408600735723;0.12693223388180314;0.05425736612865646;0.12450071523433505;0.0019347231800032384;0.01998148061912608;0.1593332951067731;0.1126487464401022;0.12907582843573942;0.05673110395855867;0.12121116911281979;0.011477852923959217;0.024514800772803925;0.18267964146141621;0.16051522664835335;0.12020590587680964;0.04777889290244347;0.09972333031047813;0.009614419391868656;0.01062215402885651;0.18284909757525183;0.14814756674465002;0.1428888631103727;0.03013120303156525;0.07387676720497899;-0.0002495621938760909;0.01588948151798777;0.17281918387384992;0.1484801962242865;0.12406420548682208;0.050080474755551434;0.07964512447161275;0.019909682193804536;0.024051286418633862;0.19951352593369034;0.15294711174249906;0.15127875329525883;0.04385637212926231;0.08382235582311778;0.004607236008160688;0.020451375998672656;0.36831532673590933;0.4017609003744582;0.2284445822960195;0.1368030497674493;0.08914507012328445;0.30045225114565394;0.014115444099597628;0.25446426504249603;0.10877997745123091;0.11299434403536626;0.07946568530748707;0.10018161534472322;0.10510293444177925;0.15233520366121006;0.08804757525498315;0.09041012540425879;0.12225357211194487;0.0030461443719084257;-0.000302804438981027;-0.002372965879785778;0.022089964895984308;0.0011450697901638199;0.06731210632834882;0.36684778789593153;0.03319999118945237
art12hab13;0.07525139695440367;0.08422485618433892;0.3392790021156896;0.09294831755463447;0.46499392557747543;0.08152561815008845;0.22617128442742312;0.0008499140221954203;0.09937568637756311;0.3392796621045828;0.09295045618620035;0.4649948835956851;0.08153886208359572;0.22619306238989592;0.0008501053032111791;0.09931107310579348;0.29346791746381884;0.08365794509224028;0.42656756664336837;0.15743004448338666;0.19403597388941993;-0.004638997020825481;0.055828505762212516;0.7793578036681951;0.22393464321088294;1.0;0.19653917142142996;0.3263562231906728;0.0034177894770710355;0.09275036541029147;0.32586785248685285;0.10062820779851128;0.4695935223519047;0.16032392809769863;0.1691228802022471;0.02318175718539196;0.032414550960579595;0.36097168359385096;0.11758904739389256;0.4533034726697166;0.12543198588865626;0.18264758845768117;0.019684933838088538;0.059667244390388466;0.34055479959966056;0.11222113694757155;0.4489799281207619;0.09141868624829781;0.19448181145195306;0.002727539916452079;0.031022628617979647;0.3967322445652134;0.16787062682209966;0.4488618094506132;0.21501477579037903;0.19199207373971966;0.004540395235362095;0.03349953939257455;0.30291608981455787;0.1154826634039156;0.3665461112507902;0.09774978209964139;0.16594201247395268;0.005841806672314705;0.0393139184717581;0.30728617871943864;0.12503386304729758;0.3683883552363744;0.14186846795315056;0.14116488816044057;0.020296850204350392;0.02834917063809139;0.24619774704462458;0.09546733462652054;0.3091017392453866;0.06838212813752165;0.12356475703471594;0.006067859192143874;0.014350426870371155;0.34402701463969787;0.14899794723809665;0.39125770826867773;0.08454380376063957;0.11092356701225471;0.010232526547697133;0.04356954417049812;0.33333821114197093;0.16110669922779217;0.3472308864982498;0.0990598278691541;0.13589207382186883;0.041717477894822996;0.023184413802800164;0.3250145676854186;0.13700342446293312;0.38947767805670963;0.08294725693107508;0.11510392918635579;0.018977289375750803;0.019400781599326528;0.6158438225910271;0.27501344850529413;0.7086886269492647;0.26943748955757757;0.1292864131423744;0.4230560195619447;0.02793557401598992;0.2719350099230242;0.13403734169600431;0.13993497825561096;0.1158689186199167;0.11937535818896204;0.12622856825116088;0.20717044195543344;0.08280612960839703;0.0840514717759245;0.09487322682023142;0.002750560059332933;-0.0010568808744633544;0.012749633997664683;0.05045950297031688;0.003914857662160145;0.03295672015799023;0.6125742484011951;0.051110952599169215
art12mix13;0.010705686054200886;0.05205444047687603;0.11222411868085347;0.034029589527900264;0.14028522784746178;0.052712265488032185;0.08137352648627222;0.004722251526481372;0.03872273897607653;0.11222423373772113;0.03403038897158616;0.14028546145387083;0.05271859977207403;0.08138194576478401;0.004722169201177503;0.03869642262085415;0.0954766461320395;0.026783702106850715;0.12904152514778824;0.11446860344248631;0.08262640436370598;0.002478636859792577;0.012023673205900733;0.2751112710490844;0.15643397498979267;0.19653917142142996;1.0;0.11789818288348991;0.0066590615924216065;0.023262165041493248;0.12225416097686757;0.054534093989240286;0.15273068040874568;0.08445979111597375;0.08543895147720819;-0.00016273972420736274;0.0060855089445225165;0.1350241994835071;0.06550685073209032;0.13317588621499699;0.0747876448506395;0.12282915891623648;-0.0004968893939856391;0.015712469108154735;0.12565951365103295;0.06185754926038391;0.13211289908900312;0.04731000248236746;0.1087668180785603;-0.0007493824719489573;0.008256655496949896;0.14518394963935644;0.07743329515510597;0.1446314977540833;0.11069581962878922;0.08610746964678867;0.002807627410534496;0.009747744977553941;0.13382734265731486;0.09701793613460322;0.11275087812841042;0.053613323096053725;0.09536208179358976;0.0018294918528982322;0.008995797138875713;0.12096977331001574;0.07062539147968894;0.11581642377663208;0.06586921717822747;0.07407705312020138;0.004521449405770734;0.01904482232390589;0.10855485944758314;0.08162299347766147;0.09115615928402451;0.038137723340187;0.04647572232362399;0.0033278233563586667;0.0030250226396338026;0.12970361436710395;0.0701321440721897;0.135712826968375;0.031854638009640425;0.04403450275747183;-0.0008014670066190155;0.012167267067410443;0.1133919191187279;0.07227139396141653;0.10839433102785931;0.046305281627464015;0.048580847785378765;0.0006329577121368637;0.003028861922106578;0.14485159758572708;0.08528615349829186;0.14068894718579858;0.0540615781484324;0.054795881244926306;-0.0014754875347824802;0.015154117311817426;0.2272448472406951;0.1478228025688522;0.20814238219555803;0.27756395070086953;0.037200051818973595;0.18725012129365265;0.005657487068900323;0.14506213302215504;0.07666981084883327;0.08116980561579223;0.09497388317732586;0.06977744446392573;0.0746745650066348;0.14423763829225847;0.053617594598078654;0.05562721782070377;0.08620014786526468;0.001786260836249738;6.413152010696318e-05;0.0006998986302666772;0.021489771894744384;0.0019211502931054585;0.043007313162303856;0.2284070282122642;0.007686053396644442
art12rou13;0.007187510388243981;0.06595884967800662;0.14603209020170896;0.06596810378172807;0.14526951695229998;0.03310330311063071;0.16168160307137291;0.0013653505865669907;0.0427043067183988;0.1460323152441314;0.06596904376653429;0.1452698847183718;0.033107681231384106;0.16169055401453108;0.001365689209134702;0.042676212646714784;0.13039112801825833;0.05420230063873548;0.14625518699695003;0.07606230740048744;0.13156232853534222;0.0004129016252444475;0.02548270714178009;0.5522711289935318;0.30875681483998096;0.3263562231906728;0.11789818288348991;1.0;0.020466425389173093;0.0826028106141665;0.14825510147513288;0.08817833057407391;0.14965215001264062;0.04286554839788842;0.12848202846464005;0.004443819877941971;0.013300578635760719;0.15170891205796488;0.072315101902609;0.15275830920786315;0.0826238909264104;0.09781385759447506;0.006600992897349827;0.034495238417019805;0.1504638292098991;0.07368291747665677;0.1534964107806217;0.03844552262975632;0.11284562215020502;0.007042887616692012;0.028854881362425366;0.1312870589255971;0.07838252627764924;0.12060371254727864;0.05901121237289103;0.11328892293512784;0.003225049923130773;0.009147621204260088;0.11803602211470753;0.0687901118542297;0.1126290447993058;0.05148284766402991;0.10366541831011576;0.0009579384491275365;0.005996718607897534;0.13440422925337986;0.08487177382660693;0.12141607126509645;0.04647424860719764;0.10606701253591154;0.007657041778214265;0.011927745775664654;0.1076246502849228;0.06253069689512317;0.10286566347285934;0.03774749855301231;0.0805579698085867;0.001752419364128653;0.009833969379196799;0.15344172090656907;0.10018850254430957;0.14179336579869728;0.02859761398226984;0.0648543777591841;-0.0006715366704501161;0.011101056745449575;0.1428665748456605;0.0984012556076453;0.11539526520884733;0.05505531042691797;0.09602947342752921;0.028501232465904188;0.011950556709184195;0.17263706070896717;0.09309867805840606;0.17693740741622033;0.05061663460160479;0.08134626142266499;0.009199486370681381;0.010492043578710718;0.29061880130751805;0.20235955328468883;0.23395723183691866;0.1192564605284382;0.06634829866767446;0.45522655565865794;0.01874307716660134;0.19784338269100638;0.08803566650676845;0.09226737497313851;0.08522578544054292;0.08088417228779134;0.08548048759444372;0.13914572168397352;0.0640456539182854;0.06567053541174678;0.08699959200401103;0.002234394391394427;0.0005495808154284001;0.012388753812697436;0.011557600820336626;0.00042062561311775843;0.05032021340972087;0.2909065419804021;0.038139485586706226
art12fer13;-0.007377549452164614;0.0031070464820503125;-0.0006102592163680908;-4.741041025680893e-05;-0.0014257653518159575;-0.0004917865849292575;0.001655820033493952;0.00023358418344179805;-0.0003892981878543096;-0.0006103699702779958;-4.726362648489875e-05;-0.0014257065915419006;-0.0004919907601304836;0.0016551589678489775;0.00023357868723729132;-0.00039088635615626346;0.00695698495443413;0.0016205403127595745;-0.002341627955345003;0.0013468072493803779;0.005159158893231606;0.05320051319882264;-0.0003300019886313694;0.10995222466578056;0.0048272751201863025;0.0034177894770710355;0.0066590615924216065;0.020466425389173093;1.0;0.03537236707146126;0.0029992125998765137;0.0006761086694969963;0.0004087146263033843;-0.0011865529551593778;0.008637927271993915;0.03512773311329875;0.0006264250612336537;0.00843920068938208;0.008803984891794767;0.001354699571786799;-0.0012725406154570974;0.0008385912620579383;0.04074766874715547;-0.0011916027568988135;0.005504974020473636;-0.0010015721306898264;0.001920284292101086;-0.0009019692216010513;-0.0003620902748383905;0.04767224339854013;-0.00044872019915042055;0.0013696305450353235;0.0030273337429782107;-0.000538071953946471;0.0001571234108700722;0.0019469551573576317;0.00031263012777878006;-0.0006520925012145503;0.009906744682369253;0.003680528568621955;-0.002918325301636636;0.0009586296762118206;0.08275599253105212;-0.00036621796847955063;-0.0009262446769926174;-0.0006469731428833455;-0.0008165154854696391;0.00037249324850736876;-8.286594849743186e-05;-0.0016716798315813235;-0.00027589977071595327;-0.0010083015633840227;0.0007923228405815304;0.0005521924320267433;0.0003662648830359842;0.0028510589061167503;0.0016572824137629694;0.0005580692720333531;-0.0009484981808290522;-0.0007930334890547451;0.0006655602070845091;-0.00177143460451579;0.003253970806981248;-0.0006332227665944646;-0.00018248041156936588;-0.0013635146510277793;-0.0018232558528054365;-0.0007652337945294592;-0.001716180030243559;0.000713313387547262;-0.0013688677593315937;-0.00037858967782031683;-0.0007439692218880287;-0.0017706292539223496;0.0001912145010953538;-0.003019286043617913;0.00015657630046100277;-0.0010439560423498508;-0.0002587415643142303;-0.0009263177004708372;0.01694495597419572;0.0033350038957970876;-0.0008518191417255727;0.0013614674282780555;0.0052986536006115964;0.020095222503083328;0.24347884533294326;0.03033060086525023;0.0008361914652928508;0.0007952463892090205;-0.0012573898621107363;0.0008627722906191241;0.0008189110480463467;-0.0009284070556230704;0.000927411401201064;0.0009294197804270311;0.0008167919026519172;0.0001008682017630821;-0.00028386287609854534;-0.0007077980518747473;-0.0006126348628731532;-0.00029087949028261314;-0.0012375445377537815;0.015836766641709674;0.06379654065025711
art12inc13;0.01360844910402395;0.016178193309400946;0.04393234807818056;0.010357604004223702;0.05596250191018784;0.008615437083083785;0.03482523348250528;0.0008040188373342757;0.041992879195627116;0.043932450693179775;0.010358103413521383;0.055962445463585246;0.008617242393337863;0.034828515585530816;0.0008042585782732022;0.04198364262262704;0.07070268445805832;0.018610954580651897;0.09344531597088084;0.0283717814118187;0.04011079214160642;-0.0017338510470939867;0.056279429057228984;0.30421031189198755;0.09110737639447813;0.09275036541029147;0.023262165041493248;0.0826028106141665;0.03537236707146126;1.0;0.08672594405696583;0.07550364816441878;0.05023661888697492;0.01590447003364281;0.037008519830941985;0.0012829708609640538;0.02617111757687005;0.06864114380327892;0.04853554800323483;0.054154912267037815;0.026681399426048726;0.023957304483489705;0.0008990667691662991;0.0227567702087145;0.052017484430576244;0.01526124554801212;0.0703680685587806;0.014109336077455547;0.014247449977651074;0.006297194717182091;0.009643791966280077;0.0697165974966104;0.04776320389640822;0.059246434491976654;0.01789393719984284;0.048949963045884844;0.0012288260127277428;0.011730207716860628;0.04296264985990089;0.027207076623317096;0.03898264263420854;0.014059262414333772;0.026742745919427637;-0.0017852070068158192;0.014210895919058388;0.08056210624042458;0.056104873978185525;0.06230816184782143;0.019198943766216888;0.04524908337990842;-0.0013925661528478288;0.04138659189396656;0.1194281999138856;0.14029648717388093;0.04410014858898787;0.00902648108706303;0.03392282347525479;-0.000912048309861653;0.016595066286344176;0.0673664346851376;0.059939317671680044;0.045643019251999;0.00827418170576585;0.017515978817326052;-0.000947698883071605;0.029492169668961926;0.045631007522823584;0.031673732526313725;0.037140362133817724;0.013656282677915802;0.039247249688971544;-0.0016229511911651894;0.006623234296403843;0.04946907041925792;0.021482602779436914;0.05830363161615242;0.026060705827194216;0.010380891249075208;-0.0008712685228956023;0.005529252508246576;0.13953799763605945;0.09871113813683123;0.09146865841817568;0.036348881730182664;0.25112363870888493;0.08371679838205132;0.00641649310759983;0.0922633769197102;0.011668913679499567;0.012907576359230484;0.028561324828767505;0.009811414814803795;0.01087640484469189;0.030041918136713804;0.006747770796934693;0.007340450771636438;0.01784243326029483;0.0005585122397325266;-0.0017741180845743897;0.005404369049762031;0.008958904227267403;-0.0011971493071230614;0.001989604647927026;0.13649974072986693;0.05983421620343572
naf13art14;0.031523479322748786;0.07817667547291926;0.23722935674229578;0.09034602590125237;0.2731990610308639;0.057134347686033954;0.1633779922872158;0.005902257816517157;0.12654568318325543;0.2372296356230224;0.09034762327592366;0.2731995795798884;0.05714285528371261;0.16339178309868396;0.00590240707961358;0.1265025274387367;0.20914632152746138;0.07612598509981622;0.27248278109238105;0.10717355884980173;0.14611880748492195;-9.911396573591182e-05;0.04389327648450352;0.33909570097742603;0.19789437582103478;0.32586785248685285;0.12225416097686757;0.14825510147513288;0.0029992125998765137;0.08672594405696583;1.0;0.6896259892027994;0.6200942498673828;0.2170810263123869;0.3934476887626034;0.07075533373823771;0.5023330069139689;0.25667947909746575;0.10395724753587055;0.29448925630791806;0.08389360912416366;0.14695644258281607;0.008592725739679646;0.046843950457521655;0.2723499736889686;0.12199476818748133;0.29024020254197497;0.07150083033614581;0.1640181725673743;0.0016007597450720344;0.07549625882352183;0.2663026450651687;0.12929100353242376;0.27749837669726735;0.14477629828550173;0.14410639388426066;0.005527721979970425;0.03634243383519087;0.2342004137159509;0.1248902090869024;0.23993011630568833;0.09462645178345315;0.13150047120126482;0.005896975572650077;0.04273112804256145;0.22721260527605064;0.11584828218084098;0.24012516736449802;0.09945253975330827;0.13781464642779037;0.03067742499169229;0.021443226136850038;0.19740791803318683;0.10098139245146392;0.2075292933742104;0.04568151860718804;0.10858229744841165;0.013474889418452;0.03931763599015401;0.25863908348048903;0.15738580859750037;0.25292261239138625;0.05367825369151686;0.08827641924540057;0.005427093660655227;0.027307966027613737;0.24234889075043095;0.1363260896173022;0.23947855678692873;0.06442261887963702;0.11104407987163883;0.012805265825642677;0.019792998864063275;0.2543608770352456;0.15768779073595335;0.2440932144028927;0.05907220468162369;0.08499568848347523;0.005997830805845819;0.021544054442043534;0.5407042370368762;0.38237526257743343;0.4536502862121997;0.20467487483722013;0.4215778822894693;0.36097327997654877;0.024559830821827004;0.2992461882713375;0.12625114065416987;0.13176855440962748;0.10817954476916426;0.1139290580860967;0.12051196956927117;0.1988222122569902;0.08444703597295738;0.08626208971362696;0.10797278165143093;0.002522069654121567;-0.0020613799009690245;0.0014960875073705767;0.026766060407670975;0.0005027468937469228;0.04744303280617767;0.5348874271468048;0.08714721788687778
art13act14;0.001314936155132722;0.04191153846836938;0.1017848955185206;0.059534472528398004;0.08767871003200191;0.023400265004446797;0.08155248776794864;0.0013613018635599604;0.03109477975402451;0.10178501969345316;0.05953527016597692;0.08767890857384769;0.0234032608078092;0.08155726128740365;0.0013613989263169112;0.03107698886228976;0.10007498859337594;0.049961158490648146;0.10462677834564817;0.05076684875678835;0.0827735618508257;0.0015087860751421631;0.018407580561781003;0.1684627297008285;0.15161278817621882;0.10062820779851128;0.054534093989240286;0.08817833057407391;0.0006761086694969963;0.07550364816441878;0.6896259892027994;1.0;0.12386649751921805;0.05669931482896202;0.1226224975443843;0.023738192032775083;0.01571044090354826;0.1099644000603331;0.06579862821575942;0.09945961170719834;0.029269906152380502;0.08078408341112508;0.0003936543968696196;0.018550317963805376;0.1275156896880287;0.08494022278814464;0.10959009619985913;0.027422668892500925;0.09590252995153277;0.00010537635244732397;0.01547112881684541;0.11306072712037528;0.07214443065250888;0.09326646037278034;0.03549062275164817;0.07569620718318544;0.0028401627473442943;0.037114653523611416;0.11172886000384243;0.0726144412381334;0.09263383666528328;0.06595342209236317;0.06745671267229972;0.00826580189755594;0.02790256674579557;0.10203035404372077;0.07010158398328481;0.0848730805753129;0.04656657959005007;0.07970427872189247;0.03734117766430957;0.005364027149028604;0.0934964976594737;0.07044787882062063;0.06992785189004527;0.02060956688103652;0.06585718165630988;0.0076660093321053785;0.012300016526892544;0.12969085229202387;0.10768519529036986;0.10093029374677806;0.01575774391141817;0.04537437565353915;0.0027990735450802435;0.013043472113556843;0.1249409874027517;0.10320470417308612;0.09699467911043622;0.020458366202367722;0.06473474505350518;0.010627356978382586;0.010308675765030965;0.12812584282182027;0.11261936296788366;0.08249287204576518;0.03193422743793706;0.04423336658236893;-0.00032566227394259414;0.00939293290145038;0.28609954043730396;0.36368866431756963;0.14804303108560132;0.0813694566652733;0.06477631785478442;0.1789855407536253;0.016467809949560167;0.17234090769161772;0.07440750895044217;0.0778178764633786;0.06779736841730502;0.0680022037520341;0.07227797924775703;0.12767179554346791;0.0557062130282683;0.05713635418014606;0.07601788661164331;0.001359587000623358;-0.0005331499069272002;-0.010244697362427621;0.009762415707061598;0.002759224377829801;0.03684905088488765;0.28240750908976947;0.03612909432567701
art13hab14;0.05605773542635188;0.07781884269913578;0.293942179473589;0.09077281076105358;0.3915861977972284;0.07305646748693834;0.18314899668708529;0.005844368949403225;0.0746704705361443;0.2939426137659195;0.09077474647800374;0.3915869353573592;0.07306819697004648;0.18316746502492529;0.005844461934695519;0.07461333514227793;0.25699798655033945;0.07628751489583603;0.3725629651106794;0.12885709365056827;0.15676118736231695;-0.002057494122136888;0.049534875209179964;0.39751828103607134;0.15958474010821772;0.4695935223519047;0.15273068040874568;0.14965215001264062;0.0004087146263033843;0.05023661888697492;0.6200942498673828;0.12386649751921805;1.0;0.21551210176320373;0.31147611622667193;0.023173469631067395;0.05480653847120949;0.32570466423332756;0.10411234895126893;0.4157835605633407;0.11332773990580493;0.15079505140031743;0.008991161618817233;0.053245453566721224;0.3013877882337034;0.09545074185724747;0.37533980278651713;0.09066354872617853;0.16992952832860608;0.002585320919240014;0.07398273415412433;0.33753327586656473;0.13998979810979717;0.38377675112997034;0.2227490740032342;0.16177896595599572;0.006369204810833998;0.020234670987361945;0.2878802162600424;0.13233054535526587;0.3276755385915129;0.09295954672053203;0.14280378317961936;0.0013739591190100745;0.047460744031697394;0.2647353878478368;0.10794188266547235;0.31590029175382894;0.12056176272769069;0.12677378637249717;0.012926519508065833;0.026175716553127254;0.21672209346770574;0.08666205738542664;0.27061879878992057;0.05866437290581992;0.10011117256524843;0.013065872292642555;0.00898317376051154;0.2981157511343652;0.13007347853816753;0.3395395896436547;0.07471754219211325;0.09987685664775507;0.006965518056655306;0.02781626734065117;0.28186377068446056;0.12368073941743686;0.31091517986459716;0.0832688281923941;0.11791782109395164;0.010419862996028432;0.014826928366050516;0.2960949162828034;0.14539546865117237;0.33278944797673443;0.06838044837601055;0.09119349310245667;0.008977604561938413;0.023557704384026483;0.5587673082400795;0.25401911189979065;0.6410370972489309;0.25140623034254417;0.1302924633371136;0.36073927183809645;0.015511334122921855;0.29340815058871705;0.1339818201300395;0.1394089276620298;0.10389717725714795;0.1198289493429848;0.12627364044456646;0.19667886351215264;0.08068670064833271;0.08163987368983032;0.08708677353129751;0.0028354468768251703;-0.003159636719669466;0.01389001403630483;0.03402959468315082;-0.0021848847384038643;0.03728266152481382;0.5559150714345521;0.07066594521879942
art13mix14;0.003318977210946355;0.04729571866375688;0.10640374416564428;0.027377831033536627;0.12362333282543259;0.03189316052488021;0.07279807701530014;-0.00034310694044606415;0.14746201254368096;0.10640378465598892;0.02737861883479167;0.12362350761572098;0.03189793595101213;0.07280528485383041;-0.00034270997761994774;0.14744106384818062;0.09139569443236267;0.02784493837359119;0.1339586423155324;0.07774429128603709;0.04332113107897818;0.000641861021300331;0.011401923599222666;0.13520168667525104;0.05360482951394055;0.16032392809769863;0.08445979111597375;0.04286554839788842;-0.0011865529551593778;0.01590447003364281;0.2170810263123869;0.05669931482896202;0.21551210176320373;1.0;0.18313846103210527;0.016800050185144813;0.02849375591581885;0.1250003029798911;0.053686965308540814;0.14647956106297835;0.059932467432497756;0.06398427178922536;-0.00029749697694069307;0.007903771949594983;0.13738050457384113;0.06507383805587945;0.12480517329987217;0.03983979848104146;0.07139837278071534;-0.0006946005271944041;0.07366452830956485;0.133363759644295;0.0557949628119677;0.148392409156504;0.1106885993317173;0.0720061492385177;0.0032863945374335315;0.005317274917438529;0.12296544366992415;0.061408765512002736;0.12629621991589518;0.0676247030292741;0.09022558921689007;0.002206468706587039;0.014877670863596102;0.1054229775925613;0.0656588732196839;0.09856015525146936;0.06677734960184566;0.05500102212869808;0.0043669454450443275;0.014594067628057554;0.07522963655130833;0.032724913453456406;0.08736169655232875;0.027158831393729765;0.02775324937266059;0.00903436033128331;0.014655537160193376;0.11343482465572044;0.04986697381246759;0.12788023237581675;0.054143833404031456;0.03643882455432095;-0.00047174459482785924;0.007254620300289757;0.11470795758838062;0.03412335104993238;0.13938279792853983;0.03360048410869197;0.046701701567276384;0.0032261670219240167;0.00638236248691783;0.10692900676795491;0.05086258345772655;0.1108346060460208;0.022525311936145532;0.041073709075543245;0.006300017607163069;0.04519843553952512;0.20963761884644921;0.10351660844554221;0.20861756609041704;0.259636459403585;0.09515634179655169;0.15308852108827217;0.0067962385043763476;0.11506110922889486;0.07222112476975323;0.07582172572248459;0.07320379800151292;0.06479186862336994;0.06891255057902537;0.12285223767396883;0.046504082080349916;0.047672082273077836;0.06292740550010147;0.0015971483106146896;0.0006115188356985138;0.014831328990083721;0.02864089098312873;-0.0004477871869085824;0.03832192555898629;0.20817219067854098;0.04827341104003774
art13rou14;-0.00039500421536992156;0.06542826201015861;0.13519655651773002;0.05971903799492939;0.1404330978946249;0.033363137087950655;0.1272059277682954;0.011225519122565428;0.039797677936596366;0.13519674892868744;0.05972015373665615;0.14043354314586073;0.03336847314996367;0.12721478312883833;0.011225655939631336;0.03976775494078938;0.11978180425743579;0.05417338951634888;0.13565393190368397;0.06897788929615602;0.0973298592864685;-0.0010939837156987095;0.020395993872654516;0.1861245080047797;0.1032851783776715;0.1691228802022471;0.08543895147720819;0.12848202846464005;0.008637927271993915;0.037008519830941985;0.3934476887626034;0.1226224975443843;0.31147611622667193;0.18313846103210527;1.0;0.07716238969652285;0.07546433171514938;0.1620158946345209;0.07249221607758681;0.16662339300739953;0.05260310783678012;0.14293253725640853;0.023663531271115378;0.02399386118605223;0.1691997402180852;0.0782563228490972;0.14906371505148241;0.05335991770849551;0.12421615946885439;0.0020995241403595883;0.0859275178600938;0.16121410236853914;0.09569280231159148;0.15111637852286164;0.08456638733884192;0.12149656340421273;0.004060114696548109;0.010145686078788798;0.14927049637725578;0.09654347190067736;0.1369789238619487;0.05009550970538473;0.11292388673433681;0.001882538435077683;0.011418716643485635;0.14788907726842762;0.07822927994705273;0.15095222644908943;0.07474439134346152;0.0981524592015656;0.015131335412228867;0.01421166493624705;0.10863735305560397;0.06373232113312657;0.10244007770858352;0.024585767260829405;0.06570269624068524;0.018324460059005815;0.017157297094277404;0.15335845908576642;0.09675111788088202;0.13881005950575817;0.03868082287288594;0.06957133287029835;0.003915281074542232;0.020224143965559535;0.14198891887739673;0.0812874651467476;0.13877073193063133;0.03047354625588608;0.07212728862951148;0.01217311356790342;0.008686864644161015;0.12787809124339827;0.06110700189572222;0.13668290128571026;0.0355687798619663;0.07788303661081332;0.004258017446819704;0.010611845475241041;0.28749605902888004;0.17910575437097845;0.2422227283001761;0.13415280557125064;0.10764673142763102;0.4231162527514882;0.025921762634135096;0.22930713289062535;0.08280534407154562;0.08740943365368839;0.09605252896439999;0.07648091538779554;0.08137580689353517;0.14582435520006143;0.0585068588825297;0.06043544684814215;0.08862016444018458;0.0019140227425510894;-5.964639756392652e-05;0.011218494003728215;0.010262722295230524;-0.0005336955825234412;0.046214293514941295;0.28370301856054914;0.06977662585342895
art13fer14;0.018634881873720435;0.0167527934391636;0.023929841125146924;0.012447609803747867;0.019476289818793985;0.005222266323073931;0.012822331228588044;0.02819178839483992;0.01970625953844625;0.023929933372235302;0.01244764076718591;0.01947663713442583;0.0052228221476243045;0.01282409534143714;0.028192101785240065;0.019702077259543798;0.013239289994997261;0.008241159851291367;0.010820411429509876;0.019092741180186012;0.005584330338606646;0.003775247309215737;0.002113649278786061;0.021037703077359284;0.006443957400958158;0.02318175718539196;-0.00016273972420736274;0.004443819877941971;0.03512773311329875;0.0012829708609640538;0.07075533373823771;0.023738192032775083;0.023173469631067395;0.016800050185144813;0.07716238969652285;1.0;0.010309459396395538;0.04047336812759189;0.03269001960045215;0.01932297425294535;0.009935041058460126;0.04490954616207071;0.03163410804948625;0.008150933360494602;0.03585707687759235;0.031309409805745037;0.026197106942930783;0.00114315520194636;0.018136338939099505;0.0043451241979578;0.0001400068368375124;0.03177109969787451;0.023557637642169588;0.02534045797985144;0.004885141083213127;0.016812115847335787;0.00870143473702941;0.006349144067739811;0.021640262782333275;0.019239072333453983;0.013657698438405901;0.006996696042251942;0.010055556329985286;0.006317457381504683;-0.0007251124965338252;0.02531675844027143;0.004580163958030805;0.03487946698111362;0.01029681698213116;0.014944929429675149;-7.029772318296003e-05;0.005522420775474955;0.09459306159171908;0.11959977537109504;0.03127879473722505;0.015695944450783587;0.00933637525740324;0.0018029552309037054;0.0002853876039148706;0.02183099054059024;0.02190816333969482;0.016115752663041855;0.011458096705256824;-0.0004748782330807132;-0.0001949189185592851;-0.000757492501974383;0.015895538329987528;0.010410095495137063;0.013995279281482653;0.020349721401209324;0.006195779800837297;0.001305396714028531;-0.00083085653639215;0.029058576998489575;0.019201715157942247;0.021575884158714576;0.0006681877005085076;0.009088691831376176;0.042431517340588615;0.0055094777562808925;0.057350709297031364;0.05376047734343727;0.03260802488699952;0.019448044345038367;0.016339449322968602;0.04039714404861799;0.11713188925242893;0.04991717894274609;0.00961131632752196;0.009833384589027555;0.003192723628843031;0.008547035455827637;0.008759115672046387;0.007600472924628539;0.007438783784969875;0.007465173505657072;0.006763126478096114;0.00017941786831923538;-0.0003698838769236844;0.002333375473090607;0.0009769001498235552;0.0008002640728965945;0.002901862940009324;0.05693136663972611;0.015240333473293758
art13inc14;0.008165046783917728;0.011516773276301486;0.03227033345817048;0.005289447468004598;0.02637985787986087;0.006115320622724688;0.017617669027259367;0.0001312165139533948;0.1324492823708304;0.032270268522362505;0.005289504539327499;0.02637980631067361;0.006115911439334862;0.017619235853885962;0.0001312212589527588;0.13244786502848935;0.017524657454461273;0.0035307891576608994;0.02282057900440537;0.006621246988559152;0.01708573215163483;-0.00010521856099315119;0.013796966894123717;0.04349057909506224;0.03361141752714716;0.032414550960579595;0.0060855089445225165;0.013300578635760719;0.0006264250612336537;0.02617111757687005;0.5023330069139689;0.01571044090354826;0.05480653847120949;0.02849375591581885;0.07546433171514938;0.010309459396395538;1.0;0.020889018416892075;0.005581238052807761;0.022918387022662867;0.007051122244765786;0.010293667273301547;0.0003504589737853976;0.015187145948643592;0.054110847469826785;0.02602411215886662;0.048435366188362514;0.00801775794995371;0.014220062425848173;-0.00010284553898283586;0.03747200057799757;0.02567656123779608;0.009626583276656489;0.03063587183179959;0.005938859604032449;0.006565751012120059;-0.00024862012215291177;0.005791139899907485;0.013253088888875775;0.006743480578466468;0.013802487575584485;0.0030301949730817054;0.010489824971241768;-0.0006186193060421084;0.003145227118592508;0.03652442541065739;0.021085774800257254;0.034060545474454064;0.003848830135791023;0.03187030418891566;-0.0002841846471674033;0.007149808033754978;0.04135773046617665;0.009625075661151495;0.04403522593229171;0.0017679702845828258;0.025761418907296104;-0.0002361360525497918;0.05439225212550841;0.03223209104588951;0.034680336062137204;0.01822431748806222;0.0028896891096394056;0.0073708063870050675;-3.281218945489863e-05;0.007571779101421872;0.023018582279088377;0.0076607617908206445;0.02249738696192279;0.015124500092997144;0.010845976608017211;-0.0005823309518011498;0.011438242248514537;0.034317921452230296;0.023079821497975356;0.0321994425256592;0.004452935044090372;0.007222595607559006;-0.0002854994993370248;0.0027406175865367496;0.12517677322231077;0.030041750783789515;0.047151283972852655;0.017434405828582803;0.6639054361110142;0.045880814912735296;0.000324088965882563;0.046196159751727965;0.009082373934196019;0.00940319280709723;0.005843845927397575;0.0077200284873750824;0.008048156830716637;0.010409343074213222;0.006633911161988287;0.007076628073970552;0.014660238403596535;9.87736803792061e-05;-0.0005750706505642612;-0.002115342158113318;0.004925145202947221;-0.0002852316160011428;-0.00020231973960796454;0.1214951068352468;0.045033926599641255
naf14art15;0.03942835061281934;0.08843482009070543;0.27034843267974024;0.0956633952286413;0.33543869395166803;0.06483055786448483;0.19627435611552607;0.00268962582871239;0.06933980153919758;0.27034886539751524;0.09566520280967998;0.33543956934374136;0.06484071290009959;0.19629128066974;0.0026898320161016873;0.06928645778693002;0.23894399702283392;0.08216834902302728;0.3160378948750554;0.13104440432153547;0.16138838012863235;-0.0019405310269899315;0.06333665492410638;0.3471227343318828;0.17677626403552182;0.36097168359385096;0.1350241994835071;0.15170891205796488;0.00843920068938208;0.06864114380327892;0.25667947909746575;0.1099644000603331;0.32570466423332756;0.1250003029798911;0.1620158946345209;0.04047336812759189;0.020889018416892075;1.0;0.7475118137135688;0.7311489820164182;0.2529700396055462;0.4388466145697516;0.09193011458776619;0.32067720223383994;0.2784794406532925;0.11854929622104775;0.3273512116459769;0.09644734839427373;0.184686776706322;-0.0008547620356264503;0.02215498341407269;0.3143726244749037;0.16258737286558955;0.3240081370583787;0.18203092670149387;0.16334212650565735;0.004420093043024104;0.03105244959483344;0.272366216508596;0.15339728272645092;0.27661103764920747;0.09179358199835902;0.15259407808661896;0.00797701977795105;0.03706855101835613;0.2569030313851766;0.13161236616385077;0.2752788399918212;0.115274654405379;0.13874685513257093;0.011688107043557014;0.02543815396111752;0.22302422110718007;0.1231403136460015;0.2318825214681576;0.04920392727443878;0.12310793325044789;0.01582025308251168;0.017130085683495295;0.28590734695730663;0.14582052346964805;0.2957108739255808;0.07009279411451672;0.11554393011484979;0.011331735932651014;0.03672128593710634;0.28124004775352995;0.18572969975230424;0.2582735402836534;0.10040739633030701;0.11414985163042872;0.012818703286525969;0.020276069335591944;0.2598354876958116;0.11825057895855416;0.2974145235534918;0.075080258654616;0.09961325096950813;0.007002942044009352;0.02170318499885509;0.5542356404680202;0.3801842997388933;0.519991867723144;0.24555891017561274;0.16658230648643504;0.3924169746496745;0.03397153855133509;0.2947800832184696;0.15756051001852972;0.164160622749161;0.12773260184774882;0.14533380666343937;0.15300735932707915;0.23483322132149304;0.10931226760191433;0.11203956756008016;0.14754229503011998;0.0023639906860006025;-0.004554974920788539;-0.030944088647478624;0.03663908175465963;-0.0018656330005819128;0.06097121356582397;0.54818858856079;0.128681965897863
art14act15;0.003766959341191814;0.039934158667690726;0.10983793926024447;0.05561260871330312;0.10889874157024294;0.029577937963472925;0.08935447407236793;0.0003332906059082691;0.022511392933820398;0.10983807609987813;0.055613442123813105;0.10889907752690896;0.02958190745648097;0.08936082678794449;0.0003334749241766992;0.022489165724220488;0.09750727030315179;0.04639818825473154;0.10582770907851398;0.066840199669975;0.07787172628005279;-0.0011424123826687925;0.017446134450111204;0.15052599358600324;0.10993184819527041;0.11758904739389256;0.06550685073209032;0.072315101902609;0.008803984891794767;0.04853554800323483;0.10395724753587055;0.06579862821575942;0.10411234895126893;0.053686965308540814;0.07249221607758681;0.03269001960045215;0.005581238052807761;0.7475118137135688;1.0;0.18633842062733774;0.08620171771051124;0.14900021090488924;0.011589183724431773;0.03750284389372453;0.1128499797249861;0.07147886085735422;0.10490558822521814;0.037247042556370104;0.08240750823146333;-0.0005107955133571594;0.00478564588931663;0.13248116898110024;0.1010724274452366;0.10243268454026491;0.05877509859008207;0.08355268058263385;0.008419924399936302;0.020971604134780848;0.12365270998250183;0.10098964626671646;0.09374101231588607;0.04525996367133513;0.0758190119146658;0.00462388563177217;0.01042713115162361;0.1081282514542943;0.07904795142848987;0.08732668746597691;0.044131435363581384;0.07042820390590347;0.0020437361526305926;0.016673577524134557;0.10987852494964737;0.08923082435404585;0.07977979434549785;0.019798155699997988;0.05076102286688742;0.02090934070164486;0.010236295465640973;0.12995288713121866;0.09450249257607399;0.106830640213375;0.0294917334810286;0.06166267125038644;-0.00016657791459383483;0.01410736197963224;0.11904211814365012;0.09546236113227516;0.09266074189723876;0.05048667662536506;0.05437149893577368;0.007996974854534728;0.01176823052372923;0.11172359615065874;0.06901827599580562;0.10374638690345374;0.03430083046262885;0.05208201014411654;0.003952166099009676;0.0075382239276515365;0.2735344204242862;0.3156655546423361;0.16641910777513338;0.1039704035775688;0.04774093114722494;0.17752319432557326;0.017154815347378602;0.17527523123370775;0.08680767500330909;0.0902853662325386;0.06633322768814717;0.08234188057976133;0.08638054010041878;0.12503629502697647;0.06724145249840517;0.06919474615355357;0.09643210860013648;0.0011332485704898436;-0.0014085517144814712;-0.040628535189252496;0.012687502239202677;0.00030272597210951344;0.04333854702972922;0.26898044591790166;0.15037828317271015
art14hab15;0.06021091879544353;0.08595248207365203;0.30511534579087574;0.0887658947649498;0.4124664699872627;0.06731930162407541;0.20828922719749346;-0.0006103353159507668;0.07926403274974667;0.3051158917474398;0.08876790667924747;0.4124673822131965;0.06733085008231035;0.20830830959760938;-0.0006101190254442175;0.07920518584456514;0.2767854655911985;0.07835012890292686;0.4063133743618433;0.13085881469360025;0.16540669008130776;-0.001915644978020084;0.06174846733016462;0.38341148849300744;0.1497708969010062;0.4533034726697166;0.13317588621499699;0.15275830920786315;0.001354699571786799;0.054154912267037815;0.29448925630791806;0.09945961170719834;0.4157835605633407;0.14647956106297835;0.16662339300739953;0.01932297425294535;0.022918387022662867;0.7311489820164182;0.18633842062733774;1.0;0.22549372918608615;0.3310009643922875;0.03404412586449792;0.09658065661115499;0.31576143186554584;0.1072798176414693;0.41221043530661355;0.0902756221549006;0.18626612424409547;-0.0006088325358915781;0.026123334557595673;0.3610565068549181;0.14571447434116055;0.41607349983876896;0.23433173595509024;0.15959024206499517;-0.001349048206401294;0.0264649042093;0.2879479958720115;0.11655931652646634;0.34023738812533266;0.09250048041874294;0.1476857369252761;0.007386769349771548;0.04565775444659335;0.2871598049819303;0.11685306921211162;0.34575470189327695;0.1352320710774619;0.1293298650713949;0.014385988870708653;0.0234467692508944;0.22469381362642593;0.09091421481400253;0.2779876958475919;0.056699079965119345;0.11146556029815947;0.00234504161414019;0.016677325851698784;0.30300724021888237;0.12261889404027054;0.3515642915825032;0.0768033118281945;0.10166232828338741;0.008145015126907464;0.03694661301203832;0.29388566015029477;0.14852336198588004;0.30772829788166806;0.1062801945052422;0.1119691028482776;0.011536233000752471;0.0183124358353873;0.2857038801294437;0.10317894426680678;0.3633509601330198;0.08053823892921988;0.09440920638759115;0.005970466611779499;0.02484825793517693;0.5699782941845308;0.25810603684642097;0.6562614964992195;0.25829058655080184;0.11782999418722677;0.3751337293154673;0.017108275049538484;0.2603857457430328;0.14924355644600687;0.15539577232236956;0.1184554118230304;0.13500396429432857;0.14236520839014843;0.2241918058494539;0.09562713457145225;0.09753687707295268;0.11927012242432154;0.002380922475272056;-0.005804034653743117;-0.010567673684395122;0.04126603875478525;-0.003432133011633842;0.043585223843321204;0.5655166175577896;0.04095635945792398
art14mix15;0.015505086746292286;0.037837285702634116;0.08999981049269476;0.030141054577888394;0.10754224696887801;0.03626509941373463;0.0848736091938643;-0.00020931486411669025;0.01848821287511275;0.09000004086403013;0.030141888097429476;0.10754277033704993;0.03627032219556445;0.08487956865935564;-0.00020933990399527635;0.01846540029403452;0.08109648991031826;0.028279726231069682;0.10671536894427254;0.07896514265577591;0.04615161551649532;0.001494553217119518;0.018078778417943434;0.13529348529235688;0.07621938013024256;0.12543198588865626;0.0747876448506395;0.0826238909264104;-0.0012725406154570974;0.026681399426048726;0.08389360912416366;0.029269906152380502;0.11332773990580493;0.059932467432497756;0.05260310783678012;0.009935041058460126;0.007051122244765786;0.2529700396055462;0.08620171771051124;0.22549372918608615;1.0;0.1301547534807361;0.0015565943392721712;0.03327714406286343;0.09662220541175422;0.035910356187988456;0.11897219187439106;0.03904592627678661;0.060528099136843594;0.00010982388923921572;0.009096513018329718;0.10959984487656879;0.04869030345710571;0.11985431653027154;0.09125610190835289;0.052510963736034644;-0.00020553922600084312;0.007137864581281914;0.10431366106933185;0.06631868766463099;0.096740477744844;0.06306359020807799;0.052130939388551345;0.003503134202463593;0.011638772729388997;0.09355047377847751;0.03956355606752855;0.10476853761738213;0.0804747920781315;0.056163259973840515;0.02043741189506976;0.006343526311046466;0.07326462336521515;0.03119752495321886;0.08856521582277883;0.03130001991922474;0.03868371973342785;0.0020233979271537406;-0.00042119654651874463;0.11143591066872524;0.05907527334533502;0.11565845207408462;0.06771378605449085;0.028771857588682066;-0.0008097916287737885;0.012515401903451127;0.10517983141650189;0.05130524121933679;0.10608491648632211;0.07853058285175502;0.032514329663452475;-8.989312884857749e-06;0.016274518688082776;0.09565574848161588;0.036450954673704225;0.11063915287261937;0.0701109589675641;0.051490237659049316;0.002844715803579087;0.006197436012935872;0.18445644565402647;0.09995531883350715;0.1817597946431865;0.2648820102018408;0.03818292057812227;0.14105955315650423;0.005414719107664506;0.08868364160808155;0.0992653031249625;0.103215763855806;0.07518243913409231;0.09320885500159377;0.0977165726166892;0.13987280913108305;0.06905925785951629;0.07062642171505398;0.09000356795120701;0.0016101439113735878;-7.200766194410019e-05;-0.0019486415309921557;0.010961839711828448;-0.0003068013974929876;0.04323670796455434;0.18331633364617617;0.0015306617279217723
art14rou15;0.018438402468129843;0.07043697414577987;0.15678761672987535;0.0687542017227055;0.16222585134622786;0.04610852831031216;0.1427395143654966;0.01153536871108403;0.05195989261980304;0.15678782540148806;0.06875516431387613;0.16222649754734336;0.04611479228153987;0.14275052922353368;0.011535335368538381;0.05192626008428562;0.1389420337058725;0.06184632813749751;0.14250530900556696;0.0942898549848773;0.13303887527570507;-0.00033688578566871394;0.049308330561375874;0.18353809033182736;0.0959981286449408;0.18264758845768117;0.12282915891623648;0.09781385759447506;0.0008385912620579383;0.023957304483489705;0.14695644258281607;0.08078408341112508;0.15079505140031743;0.06398427178922536;0.14293253725640853;0.04490954616207071;0.010293667273301547;0.4388466145697516;0.14900021090488924;0.3310009643922875;0.1301547534807361;1.0;0.0306012034653343;0.15343599485028417;0.17395405490244256;0.08848862370102997;0.1775442609335096;0.05695231602820233;0.17402280231623057;-0.001212769346098879;0.007796998890662195;0.187891431237738;0.1060660391517694;0.177807897348285;0.10382837560763288;0.13313316183960286;-2.4939640115030056e-05;0.02351572069073856;0.20631467239947063;0.16602245068800953;0.1584207497767642;0.06334376234460842;0.14877025682091133;0.003346415584644604;0.015876484789122965;0.17629557031658152;0.09906633058525406;0.1695493918856484;0.06681207175175509;0.15253461938525512;0.008104594537799227;0.013119686667605398;0.15067603947890285;0.08622502932820413;0.1488069822308511;0.029429251609105162;0.09948601393826716;0.01232230435688318;0.013823846767696957;0.17896540349415976;0.09629454811962423;0.17430507976652046;0.042252810959615805;0.10121539046210269;-0.00017874726156711675;0.014050447544062396;0.15015113813644768;0.0898196983091152;0.14235826182752773;0.04963933989137546;0.0805973217473178;0.014269354086919253;0.006072199955078173;0.1581350889517462;0.07737332642951872;0.1700601391363475;0.045350176921951535;0.07961866660842348;0.002344629514610125;0.015139886218087562;0.31634030157223336;0.21065774527344402;0.2694913757701118;0.1546030430360014;0.08873518489704862;0.41986467595429083;0.02026031149969572;0.2081913630269828;0.11222928853290665;0.11765209855438377;0.10936453198163441;0.1039507127663994;0.11000575613068811;0.1826619633132256;0.07806281369974086;0.08012070164903975;0.10763339883298359;0.0015285499223903687;-0.00181512967748508;-0.020585882390118344;0.012434902008296642;0.0004429542483551446;0.05601233592994177;0.3138230189621498;0.04559190969504627
art14fer15;-0.008242705102606235;0.001986913919283405;0.01093544325315019;0.012001045227098966;0.00237944810411729;0.00019160668837695159;0.0044870227500797485;0.0014207332853915322;0.002671658175360077;0.010935409164706313;0.012000996116508447;0.002379215112832259;0.0001925490133230151;0.004488080890339806;0.0014207324174662426;0.002670439585411273;0.00305592646992835;0.0005651347621341437;0.004410516565581384;0.003320618379459016;0.0031774091621986087;0.0016888531233442978;-0.0005855831293192464;0.017293622631591437;0.0014105236109679825;0.019684933838088538;-0.0004968893939856391;0.006600992897349827;0.04074766874715547;0.0008990667691662991;0.008592725739679646;0.0003936543968696196;0.008991161618817233;-0.00029749697694069307;0.023663531271115378;0.03163410804948625;0.0003504589737853976;0.09193011458776619;0.011589183724431773;0.03404412586449792;0.0015565943392721712;0.0306012034653343;1.0;0.0019621802955052713;0.011480640835422962;0.001434325198684217;0.016832942957094546;0.0004016103668098583;0.015399236574654505;5.2351308599439115e-05;0.00037588609167041656;0.009093599459465224;0.01442133193596121;0.002064701145281155;0.00010539201671556744;0.002019535585485506;0.0017606603347371283;-0.00041318410926376224;0.00987407398826201;0.0014122886266026565;0.00848216820531846;-3.661652599924568e-05;0.006527122171092387;0.013266516460410294;-0.0005453522904952571;0.006711143912087774;0.0038821192525002194;0.006277960180006034;0.0028648940734832826;0.005869549156543513;0.005536825501815089;-0.0004318517506885062;0.010694797634939666;0.007600933626753965;0.009557391445577356;-0.0009271273810300364;0.008033647402770457;-0.00014369687475848623;-0.0006382315192589427;0.016966150985883117;0.004080071108631102;0.015188500773867835;0.000992972033353426;0.007868729827454424;0.035142749682830134;-0.0005621792544023823;0.007648198656232908;0.009131656710243742;0.0037065994455273994;0.0002791292215336401;0.006394349937058196;0.0014740165240124852;-0.00047498585080959414;0.0056940134858955984;0.0011990316844466152;0.006933992080293844;0.0014628473418896934;0.0061795713531821814;0.004357656796318167;0.000320876871955262;0.026282932692428134;0.013568564757181361;0.014980195648896454;0.0013661444794431142;0.0009442506648085401;0.0212351180071768;0.1636398845424015;0.023550941844639676;0.007453618431938957;0.007922718115514083;0.010038636656279682;0.0068953457148721265;0.007176173118151936;0.008982140591527582;0.00637122974404516;0.006240272662801787;0.002631511481468528;0.00011372595997853339;-0.00016270970169218353;0.0051403116721297;0.0001430948766553216;-0.00021268541488186609;0.010334321404854572;0.025366239959416066;0.009335310280097354
art14inc15;0.008962281236471976;0.02914575383208436;0.0585001087703968;0.011703280175471457;0.08833224727595661;0.011554285238707591;0.02796485198736154;0.0057495137793305276;0.022674834790017487;0.05850018770074409;0.011703493054850448;0.08833261304915543;0.011555896253845602;0.027969139688328634;0.005749433252801398;0.0226640271939958;0.03469016167729596;0.009297302607353775;0.03572556685714522;0.01377158830453022;0.022155022322227;-0.0015599383945031884;0.05435343132279687;0.07340498429946367;0.05437166825865588;0.059667244390388466;0.015712469108154735;0.034495238417019805;-0.0011916027568988135;0.0227567702087145;0.046843950457521655;0.018550317963805376;0.053245453566721224;0.007903771949594983;0.02399386118605223;0.008150933360494602;0.015187145948643592;0.32067720223383994;0.03750284389372453;0.09658065661115499;0.03327714406286343;0.15343599485028417;0.0019621802955052713;1.0;0.04955607338485344;0.01625753808566329;0.048499511287561345;0.06951096417931071;0.03366740039200164;-0.00031107890747086446;0.01620016766672791;0.03665677550035946;0.022611315889999546;0.03481843749974374;0.007088706115181393;0.02799721861469236;-0.0005442221282372178;0.002610492014085173;0.040025567970706374;0.01771799085708312;0.04425120181447676;0.01218977842295373;0.019979840266481058;-0.0012517829071559386;0.015407232181311107;0.03579638401545252;0.023268626091506026;0.03506479025678013;0.01029946992466546;0.014225102129890204;0.0009013949591187725;0.002621014043934095;0.0482280701705129;0.028118176382781974;0.03975390247435626;0.005049993332723515;0.07461156926099381;0.0002650119991467278;0.0007956899262501064;0.05853580441946137;0.027161742643412597;0.050977196307780914;0.006746123754125694;0.03608360128314257;0.021962685859421054;0.025518786154299256;0.1097361895216604;0.144273422261382;0.051609905526731295;0.006973645718686241;0.0361035406107007;-0.000869036571506728;0.0069209313065108306;0.05243685277406553;0.03766345950187253;0.04457986022692095;0.004385759850535778;0.015765960558964433;0.002834515178792077;0.006326612700615693;0.12267671336393406;0.06394549572127575;0.08612864390539784;0.0379250346500401;0.26943416659612834;0.0866124289072188;0.005390732095848359;0.06371061779184305;0.016984697284572345;0.017973384570389793;0.020830761451013067;0.015187673476514825;0.016082702173323804;0.026947109141030014;0.011091454616682988;0.011813495849099447;0.024137281358826135;0.0004346789594396011;-0.0014221107937399443;0.009358349349125526;0.0197504637117502;0.00022235936147545256;0.0036446547417973464;0.12085578481907452;0.034801495797624565
naf15art16;0.05349795202903383;0.0892820071055756;0.41400468311956906;0.30832659945794966;0.30639398636063125;0.06295934229157067;0.19508598010621256;0.001787667346154098;0.07179657836155236;0.4140050140073942;0.308328140557552;0.30639465456049275;0.06296912030967088;0.19510316948001175;0.0017881155712079486;0.07174473943148485;0.2289267317223772;0.08401205673414162;0.30631179463880887;0.1390498431133998;0.13253866722225974;-0.00225876615250496;0.04116849941347672;0.33444881594858694;0.1830684181405505;0.34055479959966056;0.12565951365103295;0.1504638292098991;0.005504974020473636;0.052017484430576244;0.2723499736889686;0.1275156896880287;0.3013877882337034;0.13738050457384113;0.1691997402180852;0.03585707687759235;0.054110847469826785;0.2784794406532925;0.1128499797249861;0.31576143186554584;0.09662220541175422;0.17395405490244256;0.011480640835422962;0.04955607338485344;1.0;0.7517861090918586;0.6806020439631508;0.19740848289606067;0.4774776846271455;0.13801198264286452;0.319736949339951;0.30988403089396144;0.15196333130219125;0.3250142738657294;0.14062609558036152;0.18961979935346765;0.01425425475213678;0.028473377157992818;0.2643941627201532;0.13608222607235843;0.28030375369589455;0.07511324899637555;0.1565382615591454;0.008922879356237624;0.03757336557263774;0.27580909883558913;0.1418959246440709;0.2959231015998876;0.11060107420708552;0.15552449157214074;0.00903068936860982;0.023064830015397903;0.23660446765023366;0.12604722652342798;0.2485333711754477;0.08951945738520212;0.12902771291942772;0.006877025524071691;0.02374378486966577;0.33320613096386564;0.2315567688114718;0.2945435596687746;0.07681948628612507;0.11496976919831303;0.002471690987973598;0.051089129152903;0.28324555070410146;0.1840843154254935;0.25597272517047026;0.09007127913984196;0.13568754288608242;0.033747225032392886;0.017828603140895804;0.2681828648329169;0.14042190586450645;0.2831818076682192;0.07974943235949657;0.10512662244240184;0.013492607931736289;0.02156776071841966;0.5930412364450908;0.4862395656793088;0.49559868381553995;0.23891934771425422;0.19190230854718157;0.3918776556375532;0.056527031313895255;0.32357241977863066;0.13914236674134364;0.14489715781925305;0.11092135215415741;0.12485251484103128;0.13186285813073498;0.2125982080365844;0.09501887245530191;0.09692797997577277;0.11874845667174862;0.002233506591019089;-0.004894367449583122;-0.013107362886793929;0.039064176663982965;0.0016169602426088483;0.05387686253048721;0.5856350649983382;0.10785204663803548
art15act16;0.019158681889485135;0.0472462533974482;0.3624543609007619;0.3940767584625779;0.10589908345990695;0.029596539283468976;0.10419132896860217;-4.3471679339726967e-05;0.0333467069503144;0.36245434767678464;0.3940772376066304;0.10589943885972157;0.029601013568910567;0.10419875992036767;-4.3375186926176324e-05;0.033322207394017866;0.09084207469438317;0.04908886069468414;0.09529307029990636;0.064508266223314;0.05911444522079563;0.001554030035980994;0.006865335004942847;0.14937122093393393;0.12753428204529185;0.11222113694757155;0.06185754926038391;0.07368291747665677;-0.0010015721306898264;0.01526124554801212;0.12199476818748133;0.08494022278814464;0.09545074185724747;0.06507383805587945;0.0782563228490972;0.031309409805745037;0.02602411215886662;0.11854929622104775;0.07147886085735422;0.1072798176414693;0.035910356187988456;0.08848862370102997;0.001434325198684217;0.01625753808566329;0.7517861090918586;1.0;0.16981982506808357;0.039770769378292596;0.2413908701596927;0.012457367763647616;0.01235323210005451;0.12131273793769164;0.08676977998768605;0.10342341066115882;0.044780643739317824;0.08738098434740774;0.00023818560721378408;0.007948038159387572;0.11969637332934246;0.08706318335779956;0.10121440508617621;0.030198437134975768;0.07862018321332204;0.0016943617109298646;0.01734227321112807;0.12827328271921112;0.0915987585206154;0.11118416144076664;0.03531256507993572;0.08422577828290623;0.003975720021231821;0.00516143587257388;0.11239084883052736;0.07545586601047101;0.09581301264631194;0.030778315298350383;0.07313061028385281;0.003732274084168323;0.018334685293120892;0.20494389048900966;0.22213596952618558;0.11834067695521956;0.032631186909911854;0.057227856530419695;0.0022258551204394194;0.008770123965569405;0.12729782134692466;0.10564111090339955;0.09313838023127861;0.03949681864606927;0.08039760794599944;0.012840689624293966;0.012258737358811637;0.13279639566874718;0.09795801271386415;0.10350175280302498;0.02524299166444356;0.06045590816098747;0.0036739689201507044;0.01852526365395451;0.3530475019964532;0.48392075443536164;0.16606581803461942;0.09173238114435658;0.04938905415152342;0.19894905641204186;0.012666479534289954;0.20571772669399682;0.07749668831516847;0.0801954662593246;0.04887876879962036;0.07001958160525709;0.07356248043151989;0.10914065808901356;0.059327087570652956;0.06043253849469762;0.07236170573703136;0.0009807713340936365;-0.0017830642912069195;-0.03316227309935677;0.011930335469786118;0.0037299312185372336;0.040875832827657534;0.3460858935128954;0.05667196346005512
art15hab16;0.06996991123526893;0.0833543688438397;0.2961643452467831;0.08535885896675753;0.39988485895924447;0.07045463617906376;0.20256098726375496;0.0007675117438548628;0.07909361083676984;0.2961649167062841;0.08536083511532026;0.3998857114403169;0.07046585130121927;0.20258052300153737;0.000768077692201943;0.07903550776345827;0.2789446657402664;0.0814178370600936;0.4133292013835071;0.1516948957882897;0.1423684923440445;-0.004827638033741307;0.05742681523566722;0.3875305780799408;0.15663003616352125;0.4489799281207619;0.13211289908900312;0.1534964107806217;0.001920284292101086;0.0703680685587806;0.29024020254197497;0.10959009619985913;0.37533980278651713;0.12480517329987217;0.14906371505148241;0.026197106942930783;0.048435366188362514;0.3273512116459769;0.10490558822521814;0.41221043530661355;0.11897219187439106;0.1775442609335096;0.016832942957094546;0.048499511287561345;0.6806020439631508;0.16981982506808357;1.0;0.12321546552855078;0.3258001730202116;0.004233354013880932;0.0409488179069727;0.370038161946283;0.14176845797520177;0.43124193115012194;0.17838684219042514;0.19277350386440364;0.007863126825488157;0.030928509328263763;0.29503166232871453;0.11475251410987501;0.35177228623766865;0.08506247972040354;0.15983279453484228;0.011710200425092809;0.043235350515141026;0.30772380184868225;0.12283234833564444;0.3713229438915164;0.14003403352616361;0.15063394534220897;0.010136737184437866;0.024245793859391688;0.2527118641999663;0.11101084491235674;0.3033956718175145;0.06563285155764202;0.12116042653442567;0.004209872586654335;0.01636643230652219;0.31648683865691857;0.13815547293503908;0.3592761278382307;0.09053344080018479;0.09999222413477821;0.0017617619232484325;0.04208537591803016;0.31793125386518495;0.15521106026953244;0.3322807298405375;0.1043005625987435;0.13336767907913583;0.035678356473529876;0.015188095128080883;0.29641306828927777;0.12237240732636358;0.35624789988803074;0.1052782830006944;0.10420052058460837;0.014943478404761075;0.014679179169488353;0.5693025859542965;0.2643969935972511;0.6487602049411324;0.24848324840866945;0.1271659514918534;0.3715073454328937;0.026836406805690133;0.2746484831263405;0.1379791578881669;0.14406788776130894;0.11972612864344473;0.12307923645283385;0.13026799270097164;0.21679082910679232;0.08587622991601386;0.08755477282208415;0.10635771594414681;0.002495216619087948;-0.006023354410336873;0.017496702634394866;0.045995832389612606;-0.001310833102658525;0.03862742666083688;0.5658962150682709;0.04850842750209413
art15mix16;0.00784600008206179;0.03212297534792584;0.071993921684394;0.02777529728505405;0.08483438583152839;0.02142746987495982;0.05671293524054821;-8.59585434479811e-06;0.014011148771843474;0.07199400928015429;0.027775957118589444;0.08483424619544;0.02142983704674962;0.056718139085453964;-8.522725032933682e-06;0.013996433514644326;0.06218309484853749;0.021019240150837806;0.08422505741127628;0.04106483609068721;0.03910330593923457;-0.0009630179530609794;0.013556695670466204;0.09376523352354517;0.056577421653877476;0.09141868624829781;0.04731000248236746;0.03844552262975632;-0.0009019692216010513;0.014109336077455547;0.07150083033614581;0.027422668892500925;0.09066354872617853;0.03983979848104146;0.05335991770849551;0.00114315520194636;0.00801775794995371;0.09644734839427373;0.037247042556370104;0.0902756221549006;0.03904592627678661;0.05695231602820233;0.0004016103668098583;0.06951096417931071;0.19740848289606067;0.039770769378292596;0.12321546552855078;1.0;0.13948675459913962;-0.0007628383609710563;0.023976678720578105;0.09432133108464505;0.04414382355672714;0.09912149668803752;0.061844612379894415;0.05699575748713244;-0.0005094241093097218;0.009856544759157313;0.09569018561195072;0.06240518260149844;0.08536086940272285;0.046451844909293466;0.05977565677748558;0.0038982675018713834;0.011857759016864733;0.07685369720750539;0.04122837144631392;0.07843136832151743;0.053797523689346455;0.044185009579079906;0.0007334458682935474;0.00792704285965051;0.08910315131363043;0.07361095103357877;0.06265274582987103;0.02367350817381566;0.047456363037644;0.009694171800710211;0.007825127416615736;0.0887272200420751;0.042915230053406875;0.08855525993291909;0.02976983405295033;0.04502078305954754;-0.0003301053458001602;0.019854054437575888;0.06530999217883793;0.03987513483115511;0.06064111660622848;0.027822844056154993;0.025948186593806735;0.01226835853352227;0.0028044846649595096;0.07409784707848928;0.026501011444179635;0.09572545458723676;0.02783217939821061;0.021614274029140713;-0.0006892988110940954;0.0022900994523680188;0.14946601129686918;0.08775021050899628;0.1342420747992847;0.26391175143412166;0.0455667033910499;0.11791605237266507;0.007307406096961755;0.07301805280192583;0.06196053675877609;0.06471214739890045;0.054207693701949854;0.05677954486543882;0.05999814366599521;0.09747159579078069;0.04047208521070231;0.041756514005658656;0.06028047256685084;0.0006611460706356483;-0.0009144393808431413;-0.000724995270149175;0.010255567465880052;-4.7732418066082285e-05;0.021599492887701584;0.148217840889895;0.016990682705763153
art15rou16;0.01633442698102799;0.08480161116776892;0.1884621717262139;0.10632458911252284;0.17108318249696206;0.03897059491755427;0.14927558229574173;-0.0001127015045343863;0.051558853649855296;0.18846244579019586;0.10632574074602436;0.17108357036416186;0.03897714461296826;0.1492874803444503;-0.00011253834766460889;0.05152392227092077;0.15385154013786614;0.07079600869365843;0.1759393978772251;0.10245536381426293;0.11964694937482075;-0.003316868059891498;0.01795391591572555;0.2065667374048866;0.12767273043247182;0.19448181145195306;0.1087668180785603;0.11284562215020502;-0.0003620902748383905;0.014247449977651074;0.1640181725673743;0.09590252995153277;0.16992952832860608;0.07139837278071534;0.12421615946885439;0.018136338939099505;0.014220062425848173;0.184686776706322;0.08240750823146333;0.18626612424409547;0.060528099136843594;0.17402280231623057;0.015399236574654505;0.03366740039200164;0.4774776846271455;0.2413908701596927;0.3258001730202116;0.13948675459913962;1.0;0.1226666583925233;0.05789826434975898;0.20517504777451118;0.10855473043614178;0.1999221362942569;0.10382599183550574;0.17609475647463216;0.0011485145405734937;0.015488978684272788;0.1833969442101806;0.1109577701898484;0.17775178243457862;0.06238625194773293;0.1295469037737073;0.004442525205063672;0.010875546995623996;0.20815911162611098;0.1342844693583222;0.19040928344766614;0.08320175329909912;0.1358003201367412;0.012804507115581957;0.018244246312094575;0.15189320917147833;0.09025212179784736;0.14409570379867112;0.05853425222922325;0.11230826551537527;0.0036010177192983602;0.0081610605861226;0.1982403687607096;0.1219892889303218;0.17734562487940222;0.060394894090405965;0.10655539695533583;-0.0008550321863750642;0.023058711619867292;0.17913524217715734;0.12908263327366096;0.14791355976819773;0.06205424487149651;0.10661051671963162;0.017705895675871688;0.014311188003919935;0.17286191991276065;0.0874923363772189;0.18307100658189077;0.04912265879109592;0.08925863354890112;0.004130157429931;0.011314934417235816;0.3441812580550136;0.2555640808415282;0.28617979327894766;0.1658125123590863;0.06678396484798411;0.40128472296936274;0.0384516342299353;0.22397772489216022;0.11023070872550754;0.11534624154624082;0.10204952376113478;0.09953202783630317;0.10553035930197326;0.18011628602279078;0.07760200881701537;0.07924362617636548;0.09867916351949405;0.001636393038237272;-0.0020264251108185996;-0.048457009505906846;0.02048451933659849;0.000793049353870985;0.061838903465590775;0.34151936149009515;0.017773107508533982
art15fer16;-0.004640410352814069;0.013641523136974367;-0.0003416412914526379;-0.00023143315820161795;-0.0017424026154398296;-8.72231603187643e-05;-0.00039251381478486755;0.013182659013132635;0.0013326488543920654;-0.0003417172159444668;-0.00023144723147553773;-0.0017421576126512412;-8.729623548498557e-05;-0.00039144270696533744;0.013183274922284811;0.0013292687505909691;0.0007598670942920725;0.0008681839342523701;-0.0008782174100505842;0.008811859365466567;0.0010096466229196274;4.315506387740362e-05;7.50204173793543e-05;0.008512194406063359;1.2059408463017346e-05;0.002727539916452079;-0.0007493824719489573;0.007042887616692012;0.04767224339854013;0.006297194717182091;0.0016007597450720344;0.00010537635244732397;0.002585320919240014;-0.0006946005271944041;0.0020995241403595883;0.0043451241979578;-0.00010284553898283586;-0.0008547620356264503;-0.0005107955133571594;-0.0006088325358915781;0.00010982388923921572;-0.001212769346098879;5.2351308599439115e-05;-0.00031107890747086446;0.13801198264286452;0.012457367763647616;0.004233354013880932;-0.0007628383609710563;0.1226666583925233;1.0;0.0022807790359356613;0.007482868285781118;7.229029396581767e-05;0.0015193474656721316;-0.0006109688693293718;0.002074301016254492;0.08864397740978443;-0.0005919011555272686;0.0041573329726607875;1.1988355755392443e-05;0.0002547215873654727;-0.0006739051720263605;0.0025376425654424534;0.01155315624941913;0.003021871381708926;0.0007613636758436019;0.001915652491481276;-0.000548931078220963;2.1911766162421877e-05;-0.0005009691292574466;-0.00018925860506568284;9.913489776010615e-05;0.0033585421147347555;0.00041816651220948406;0.0018974445228579176;0.006971943751837051;0.0016730699652879825;0.009253816131508384;0.003535969323592145;0.0037254303627036367;0.0028405541572117388;0.002881930504468292;0.000656846793086105;0.0016589449589652465;-0.00012435033462729236;0.00097983555991092;0.03549863992528216;0.06946800208503941;0.0011066454440434124;0.005759272771335577;0.0030270438500680317;-9.736635554279135e-05;-0.00012695458171230807;0.007623849045200564;0.004319239151758073;0.0057109262676272015;-0.00040464904470939903;-0.0004392329818630562;0.025051063553559436;0.0009604599481577724;0.021846294944063722;0.01053834629376172;0.0016343298464165188;0.0023386536433934223;0.003075773589272629;0.018311568890278806;0.25222092136482155;0.02501637462796919;0.00019457599336061856;0.0002079239202228084;0.0002901325122939147;8.911065707600002e-05;0.00011820912595643279;0.0007758784020749989;0.0022313334765645784;0.0021804853834861268;0.0008190071462031892;6.0458131531664856e-05;-0.0003176750974342018;-0.3038822707330477;-6.0196518554656826e-05;-0.00021873250734004437;-0.0007205363713116773;0.021359110071208273;0.03857417041663952
art15inc16;0.012381595161197707;0.009328195885804417;0.021895413719109153;0.00783087063267822;0.02680304011053667;0.006474908523769208;0.012167087722648144;-0.000202156499852022;0.010238650098765548;0.021895466850178538;0.007830999404327924;0.02680285031786995;0.006475801992146475;0.012168995832516384;-0.00020214911797341494;0.0102354424705931;0.018834191746893145;0.004360202406812923;0.02349830826039462;0.014867515649576583;0.017411138682095987;-0.0010378814461595375;0.014572829938075805;0.03045209489676108;0.009957143989104154;0.031022628617979647;0.008256655496949896;0.028854881362425366;-0.00044872019915042055;0.009643791966280077;0.07549625882352183;0.01547112881684541;0.07398273415412433;0.07366452830956485;0.0859275178600938;0.0001400068368375124;0.03747200057799757;0.02215498341407269;0.00478564588931663;0.026123334557595673;0.009096513018329718;0.007796998890662195;0.00037588609167041656;0.01620016766672791;0.319736949339951;0.01235323210005451;0.0409488179069727;0.023976678720578105;0.05789826434975898;0.0022807790359356613;1.0;0.03851163944465845;0.029193744141313444;0.02368469238589883;0.012670398983394721;0.035916356232836906;-0.00018805811424610006;0.01779911508315881;0.027242096302267534;0.01484585703084898;0.028593252241189936;0.004558919187243651;0.016249178496353593;-0.0011127795956928242;0.006574316703830989;0.022416010596223578;0.006736584523375551;0.02339924017620984;0.007824255492016954;0.020323241772426576;-0.0007176548609935459;0.01616852206356191;0.03734906816202674;0.016881715376050287;0.03620765359954284;0.09524744839498397;0.01255008564482128;0.00024388252938646187;0.006382945109655353;0.03847990480421727;0.010182908108611274;0.02541215466048171;0.000619913339095209;0.039795167442958586;0.0011033154111880978;0.06906245686168501;0.03394796089300123;0.041581089618536876;0.015312597769885382;0.00512078757805527;0.006140276162120141;0.015102807174193857;0.0015538999405341496;0.01853767769710649;0.011028387024390685;0.01799724082734199;0.00629760369614586;0.005163893867657264;0.0009125404907123195;0.002737736455311534;0.08367423881595314;0.02842447158722898;0.04670025665297224;0.040466349317325095;0.29637082138565596;0.0611827679363321;0.00406773407643308;0.06441131954790359;0.00508456772916954;0.005437985349777167;0.007699188525755951;0.004233124138477569;0.004642532464401822;0.011675243181721548;0.0031615461407024726;0.0033634427061837633;0.006799551248152749;0.0002914829023861309;-0.0011758808227450108;0.13787700100552652;0.01665789664413043;-0.0005677217987482301;-0.0021560217717841767;0.08079484958593477;0.1399436501259683
naf16art17;0.030666385659623714;0.09030847714670354;0.27009170479668915;0.08878490369570269;0.3395438907331716;0.0671930751368685;0.20412363842656328;0.0019251594336755409;0.08721663501052389;0.27009206340785263;0.08878663476640704;0.33954440717193307;0.06720471517692488;0.2041393027184293;0.0019255020532208782;0.08716494250193442;0.25208440196444115;0.09345695347106014;0.31907752006818957;0.14999510419311193;0.17292629484657082;-0.0035329759311916527;0.07151622099927611;0.3586463907291665;0.16602501546674098;0.3967322445652134;0.14518394963935644;0.1312870589255971;0.0013696305450353235;0.0697165974966104;0.2663026450651687;0.11306072712037528;0.33753327586656473;0.133363759644295;0.16121410236853914;0.03177109969787451;0.02567656123779608;0.3143726244749037;0.13248116898110024;0.3610565068549181;0.10959984487656879;0.187891431237738;0.009093599459465224;0.03665677550035946;0.30988403089396144;0.12131273793769164;0.370038161946283;0.09432133108464505;0.20517504777451118;0.007482868285781118;0.03851163944465845;1.0;0.7204087417173991;0.7921718279812671;0.3332137146149978;0.44256440140963393;0.09683944509775252;0.3067249022444048;0.3783582087178092;0.20818341296698206;0.37679784103731323;0.11190114478865776;0.18012769322146777;0.013124751090234367;0.11484896236046875;0.33294574765651475;0.17412495940235675;0.3554601857922164;0.17026990343359472;0.17471361966022877;0.016638232916620838;0.022759163602674624;0.24341799067408892;0.13098858946707412;0.2578537865290444;0.08462984451654992;0.12439518234482133;0.011053524117050758;0.01794841203515975;0.32283212370324144;0.16315864435560729;0.3413412962226847;0.08104825635425038;0.10719118233632843;0.020585773802691505;0.04217971845742419;0.3120487485242044;0.1734371115148792;0.30994987777931604;0.1089306463078904;0.12243985939835932;0.026190039425481156;0.02192338489876375;0.2861024802115717;0.129959052971422;0.3293409602796434;0.08360373496916111;0.0970220928824304;0.015401453295192357;0.024502317954127634;0.5937649424116339;0.37441739968686066;0.5806075447344355;0.27210437225574446;0.19736607585103683;0.4029391011557635;0.045347690759349434;0.3202733793884069;0.1415375767824248;0.14798808110410938;0.12802946194567008;0.1257180177768926;0.13337261475507275;0.22953367997533553;0.09090527699264282;0.09302136930982935;0.11956968395004466;0.0021117508184007503;-0.0046449727058083794;0.0387904261598146;0.03448219876169837;0.001458112948606942;0.0473350048191292;0.5880217491639547;0.09818489728243539
art16act17;0.00030481329015658433;0.044495003720280285;0.13306562302927813;0.06220774311319891;0.1346410245513954;0.035048398022403386;0.11534922486823593;0.0027794220267839493;0.04434563284762478;0.13306582340915035;0.06220874217598904;0.13464143161443878;0.03505423279168013;0.11535731508061949;0.002779708842509762;0.04431771436257335;0.1287589441188225;0.05947507996313351;0.13678633405437596;0.08651237543770543;0.10051301874238547;-0.0017132058223175309;0.04270451814789745;0.18769136225109115;0.12378980170403371;0.16787062682209966;0.07743329515510597;0.07838252627764924;0.0030273337429782107;0.04776320389640822;0.12929100353242376;0.07214443065250888;0.13998979810979717;0.0557949628119677;0.09569280231159148;0.023557637642169588;0.009626583276656489;0.16258737286558955;0.1010724274452366;0.14571447434116055;0.04869030345710571;0.1060660391517694;0.01442133193596121;0.022611315889999546;0.15196333130219125;0.08676977998768605;0.14176845797520177;0.04414382355672714;0.10855473043614178;7.229029396581767e-05;0.029193744141313444;0.7204087417173991;1.0;0.25027533329079643;0.13665248574335814;0.23359220788990168;0.019288425619980117;0.0363124965858407;0.21200651789095443;0.1976405792608898;0.13742531777666972;0.048325899797549386;0.11986059633497863;0.009537740646632925;0.02942821666184998;0.18478335592359335;0.13494115454687117;0.15357737822682385;0.08553107846560767;0.12267805758633377;0.005827694154019171;0.009294027172218434;0.142442925070811;0.1070016440852083;0.11092256910129807;0.05812651113149166;0.07851779856520924;0.006562702413117118;0.01639733484557653;0.18049628773512957;0.12412638193385722;0.1558194905839527;0.032244226152153194;0.06217272355554715;0.022220718816352472;0.03428374690340386;0.16026732274621336;0.1268837245873232;0.127346624882632;0.04169165615912779;0.06976730125140855;0.024907619280151966;0.011400646151147416;0.15480344124259957;0.09783240604225876;0.1427368732761262;0.032246625834787185;0.05514861607208346;0.004238598886991833;0.025264739812578887;0.3334024391732141;0.34086272957851893;0.2303284283214054;0.12851434264661427;0.0750901091692217;0.23469595389204434;0.027731394517431566;0.23516571876467746;0.07125637277718537;0.07400376675142005;0.051717051656913024;0.06454887196000587;0.06802701241074276;0.10612105255774879;0.05301439109596067;0.05446789983908011;0.07424815832330943;0.00105482204261791;-0.0021801070418417667;-0.0025514724298897;0.014430258717945298;0.0034883019582340425;0.035080723266392985;0.32962210465999103;0.10025790687650979
art16hab17;0.04290345199863909;0.08599995359572297;0.28068479955599956;0.072131307359593;0.3883814110074077;0.06614529251327783;0.19649258996369007;0.0009379190770293284;0.09009430672685527;0.2806851413807167;0.07213305538157139;0.38838180771146674;0.06615738814027226;0.19650857208895536;0.0009381467773727847;0.09004201546548776;0.2573927924231517;0.0777563731954738;0.3607501126949557;0.14845937931050265;0.1618089599797469;-0.0037061561937638977;0.07079610739617313;0.3692676698177453;0.1358421799239195;0.4488618094506132;0.1446314977540833;0.12060371254727864;-0.000538071953946471;0.059246434491976654;0.27749837669726735;0.09326646037278034;0.38377675112997034;0.148392409156504;0.15111637852286164;0.02534045797985144;0.03063587183179959;0.3240081370583787;0.10243268454026491;0.41607349983876896;0.11985431653027154;0.177807897348285;0.002064701145281155;0.03481843749974374;0.3250142738657294;0.10342341066115882;0.43124193115012194;0.09912149668803752;0.1999221362942569;0.0015193474656721316;0.02368469238589883;0.7921718279812671;0.25027533329079643;1.0;0.31276839536486284;0.31376701733402473;0.013495180872456235;0.05844839970667617;0.3824298982687161;0.13570029959374222;0.4504056724656792;0.11421876585199993;0.1568488046816018;0.00902858249983004;0.1569243758330988;0.33696335767353147;0.14175769176385822;0.402697853351504;0.1772192272064875;0.14684292858365716;0.017772255673404586;0.019926909701407758;0.2359947803781463;0.09834417043460307;0.29024574883996007;0.06731203244148973;0.10769696118320866;0.010405443325388699;0.011202141521463326;0.3245760466809221;0.13273339013809135;0.38116421517664106;0.0887123500105231;0.09758279632992868;0.009815684512364626;0.027811409277902373;0.32294988329393115;0.14081971158095663;0.3546094618785874;0.12677686445326258;0.1124834009880051;0.017923915124168344;0.020923721097575836;0.2887438282623521;0.10739820563854613;0.3651794073738566;0.09463290981102611;0.08987748615550281;0.013966527647246454;0.013461753203732973;0.5812502182397625;0.25533805929226494;0.6740570630651657;0.27647809771620396;0.1382872744009341;0.36053242593883617;0.021501229543487686;0.251955094633317;0.14583169008102007;0.1527874828954558;0.1397999720127937;0.12796278123076807;0.13611603388926297;0.24302654263762194;0.08623806775544408;0.08791329048750114;0.10659191861674293;0.0020927787598148976;-0.004971013980582976;0.053194521194202087;0.03992782538696392;-0.0004245970858516682;0.0356068026994022;0.5764522328146333;0.054559561588683275
art16mix17;0.009616161022700404;0.02965170176204196;0.12870122020900762;0.03510778904194176;0.17248229692553785;0.03707043148795515;0.09557833900871336;-0.000462739927673637;0.04059592488801384;0.1287014125282295;0.03510833102924763;0.17248243067283428;0.03707567054990463;0.0955837887402758;-0.00046272505055426833;0.04057699099337458;0.11103986130218942;0.03056820468097398;0.16031313464669977;0.08026960438613415;0.07367953478075873;-0.0009515601989769893;0.023226070744062185;0.18076901171932766;0.0714566232623996;0.21501477579037903;0.11069581962878922;0.05901121237289103;0.0001571234108700722;0.01789393719984284;0.14477629828550173;0.03549062275164817;0.2227490740032342;0.1106885993317173;0.08456638733884192;0.004885141083213127;0.005938859604032449;0.18203092670149387;0.05877509859008207;0.23433173595509024;0.09125610190835289;0.10382837560763288;0.00010539201671556744;0.007088706115181393;0.14062609558036152;0.044780643739317824;0.17838684219042514;0.061844612379894415;0.10382599183550574;-0.0006109688693293718;0.012670398983394721;0.3332137146149978;0.13665248574335814;0.31276839536486284;1.0;0.11716102980415233;-0.0008907809134515637;0.013066009060265884;0.15787608801829364;0.06404090552933982;0.17878693731333184;0.1563951718499798;0.0748358130568039;0.0023834429678270676;0.014006863113158028;0.1660487818085257;0.08058577739819367;0.183894761097117;0.1279214714722853;0.07963018101989376;0.0013148597587919132;0.006768367946532688;0.11430938348128582;0.05663148346585286;0.12706784199591883;0.0526251443430942;0.06344208784631952;-0.00045901854898941963;0.0037322531430492;0.15410946831733924;0.08987810418055867;0.150072548861453;0.09616336690978879;0.04543017652126577;0.0006873152498292388;0.015572524557495308;0.13079159045526484;0.04333901997449901;0.15886209992611255;0.05607822804297925;0.031172490023150874;0.0020535985670243695;0.004787208389496637;0.1492040773774463;0.07013376516619915;0.16694024988489822;0.07271135556666826;0.050565001076664465;-0.0003413526073047011;0.011354795774895354;0.26924928337905374;0.1287402955890715;0.29337825037258625;0.3174345582340982;0.03850006348901029;0.17553426402988925;0.0019022631763769605;0.08378884164090009;0.08781339558904284;0.09065958102370002;0.04998878318001631;0.07814640357172384;0.0821738404162427;0.12370678881643321;0.05601243583630171;0.05792050702869687;0.0861121297488243;0.0010133981245227625;-0.0009950417552383067;0.006721692478413044;0.01302381755698185;-0.0009636088316928056;0.025505945388006948;0.2684952271005102;0.005660354042757596
art16rou17;0.01725034961483412;0.09023363438308585;0.15785969294790034;0.07450551731650587;0.1596852823517196;0.04390329996222659;0.15455559793716173;-5.806995679068948e-05;0.025169600214655027;0.15786001468891273;0.07450665954796384;0.15968574768374558;0.04391065828218266;0.1545674966399692;-5.7622970158379215e-05;0.02513335515937896;0.13714536191082694;0.06117921938307843;0.14958467090452085;0.09354429857148262;0.13194934944581438;-0.003198190649606468;0.023834984395846453;0.20713152976333393;0.12091196012416136;0.19199207373971966;0.08610746964678867;0.11328892293512784;0.0019469551573576317;0.048949963045884844;0.14410639388426066;0.07569620718318544;0.16177896595599572;0.0720061492385177;0.12149656340421273;0.016812115847335787;0.006565751012120059;0.16334212650565735;0.08355268058263385;0.15959024206499517;0.052510963736034644;0.13313316183960286;0.002019535585485506;0.02799721861469236;0.18961979935346765;0.08738098434740774;0.19277350386440364;0.05699575748713244;0.17609475647463216;0.002074301016254492;0.035916356232836906;0.44256440140963393;0.23359220788990168;0.31376701733402473;0.11716102980415233;1.0;0.0189008513465413;0.05777240905459081;0.18864756667046084;0.1251485967882725;0.1630057783150193;0.06158802431352762;0.14429318971093102;0.009359256201828888;0.024950160588481648;0.1696864357173875;0.10288596354201895;0.15549080675554214;0.07249985152719102;0.14264408691812439;0.003694734472289576;0.013838397801103776;0.15043785246953434;0.09102532847427412;0.13560293002881157;0.06028002925335436;0.10661707929363702;0.012754481666928472;0.02198749202736378;0.1838023419669605;0.1049989066170534;0.17556733399941657;0.04076736507581101;0.09133293630571847;-0.00045968701433456074;0.024447676831818997;0.17165646181632596;0.11889377350829823;0.15304132553785849;0.05554650580377009;0.10675824409641779;0.004005519325833364;0.0019213767408765637;0.14602009608179659;0.06752293928379961;0.16028001655599614;0.043473236139899035;0.08554503831186928;0.0033268492372822175;0.008801727465243702;0.3156719344947453;0.2197388188227663;0.26890645218940146;0.144642800111448;0.06788808577978836;0.40636480105907946;0.014473967202550229;0.24953875987590746;0.09465281789004129;0.09993007291513879;0.11016293599246116;0.08677775256739548;0.09253005379600791;0.17059573526867228;0.06545846125751811;0.06750709483577505;0.0969038450453929;0.0016408424511835564;-0.001810125764533316;0.02728424561497955;0.011285125883008652;0.0009563348360021716;0.05520824146356203;0.3120402886026533;0.006666299182875684
art16fer17;-0.0016835735676504228;0.003710549864689871;0.0028514236521141887;0.0016749057787615231;0.002158471869615702;0.0020935689582982395;0.0009128127308164425;0.0003342920621141345;0.002335449848257827;0.002851456760812007;0.0016749200900241796;0.0021585698445963745;0.002093683647292848;0.0009127019243126066;0.00033427382974014373;0.002335192548175027;0.003018779173083779;0.0014432439949107058;0.0031228355589097774;-0.0002506278640413028;0.004801884634000722;-0.0001788824443962784;-0.0004037520695892902;0.004986741466390243;0.0026773390137634404;0.004540395235362095;0.002807627410534496;0.003225049923130773;0.00031263012777878006;0.0012288260127277428;0.005527721979970425;0.0028401627473442943;0.006369204810833998;0.0032863945374335315;0.004060114696548109;0.00870143473702941;-0.00024862012215291177;0.004420093043024104;0.008419924399936302;-0.001349048206401294;-0.00020553922600084312;-2.4939640115030056e-05;0.0017606603347371283;-0.0005442221282372178;0.01425425475213678;0.00023818560721378408;0.007863126825488157;-0.0005094241093097218;0.0011485145405734937;0.08864397740978443;-0.00018805811424610006;0.09683944509775252;0.019288425619980117;0.013495180872456235;-0.0008907809134515637;0.0189008513465413;1.0;0.013605880358563506;0.009751930337577262;0.006636082048599213;0.0012749858135668048;-0.0008406859411210712;0.0025450176216448833;0.01845648901930567;-0.00035480190152550596;0.0034800905463418367;0.0013743445755075414;0.0010098920850762677;0.0012249379313667003;0.0013584108284805717;0.037476193696263316;0.004419990912697389;0.0008682834681116837;0.00015404515762527474;0.0015733979860425092;-0.0005358087440576067;-0.0002651920296288527;-0.0001513419120012495;4.1206693266956325e-05;0.00741877187205939;0.002231245369893395;0.004037848327753483;-0.0006090395929646697;0.0019972944567852938;0.029295110265759632;-0.0008836145993335495;0.004843013782985398;0.004368737841698611;-0.0021782700133758043;-0.0006335188121757226;0.004345636449375428;0.024223684492339997;-0.0005440070054732311;0.012773753028242723;0.001186013040387913;0.01307210453340539;0.000675305182459185;0.00800246263792926;0.06328348966627746;-0.0007465177639099451;0.020114634689283928;0.008061836697587641;0.0061245836226747966;0.0017761691968879087;0.004001218615285912;0.008010074111647506;0.20987311552399168;0.027080257560906457;0.0017003335987692807;0.0018612497827658473;0.00366315815887096;0.0014981600813587658;0.0016556595150155383;0.004457207392681335;0.0010119037433451157;0.0010813409985228487;0.002275464046988814;0.0001349044940469928;-0.00025286080353486754;0.013006195369556325;7.244243808446635e-05;8.108216529115554e-05;0.00029754450692105614;0.020212960272170837;0.054403351929837925
art16inc17;0.011334399479858174;0.015919577752655074;0.034481337054822384;0.011394104218370137;0.04340610563620948;0.009519554583508118;0.01669822827345471;-0.0003553726744900302;0.021012341240216243;0.03448134121661677;0.011394144125112278;0.043406105939194146;0.009520652690447082;0.016699470064805072;-0.0003553427289702529;0.021008836230162364;0.04014008040917685;0.03002858482552846;0.029173284560769737;0.005575554527694815;0.019475510193303482;-4.8768224907138836e-05;0.012697145808218508;0.02873311415464074;0.009970683927555502;0.03349953939257455;0.009747744977553941;0.009147621204260088;-0.0006520925012145503;0.011730207716860628;0.03634243383519087;0.037114653523611416;0.020234670987361945;0.005317274917438529;0.010145686078788798;0.006349144067739811;0.005791139899907485;0.03105244959483344;0.020971604134780848;0.0264649042093;0.007137864581281914;0.02351572069073856;-0.00041318410926376224;0.002610492014085173;0.028473377157992818;0.007948038159387572;0.030928509328263763;0.009856544759157313;0.015488978684272788;-0.0005919011555272686;0.01779911508315881;0.3067249022444048;0.0363124965858407;0.05844839970667617;0.013066009060265884;0.05777240905459081;0.013605880358563506;1.0;0.03761623759662622;0.02195272366874724;0.037037072620551864;0.011023263983510858;0.01392368762378738;0.0008808681690937784;0.01213172389715498;0.029088592697525797;0.011064709453242668;0.03246506683375697;0.018507230485368516;0.009817983880114275;-0.0007354432151526603;0.015542006062534575;0.020691618750215756;0.011563451055995077;0.02005892213635801;0.017688002290931943;0.014855021386343002;0.00023861333903988765;-1.1438764379429508e-05;0.022265692277946957;0.007886917265679076;0.020213032326814866;0.005420563278496478;0.014934583368880906;0.0037345657819689514;0.016547720360343063;0.037780640711023286;0.0288637132969458;0.027446276159115365;0.010161118802964251;0.020653459674473486;0.000410520381646994;0.01256354227151054;0.030921126077792654;0.012330735158798211;0.03810723672328954;0.00569699969705825;0.006720269095712934;-0.0003255384538890121;0.0065365129120456816;0.08754803371656851;0.043979151423627294;0.051554372449534216;0.022718025377181768;0.2689077143576938;0.03924375057233786;0.0036341941677249523;0.05073405246037893;0.007338345908839697;0.007824667348965605;0.010506886517035121;0.006335567465203173;0.006768769171747199;0.012800562531886767;0.005006211501757126;0.005051220154334109;0.00511241698129025;0.00026407487620230434;-0.0011280479607020566;0.017600721144489285;0.004988441675669366;-0.0003973888666224605;0.0003020476016282511;0.0856307233574592;0.03240193048209084
naf17art18;0.027248462848973243;0.08918632040940405;0.2479273305775656;0.09563690202161931;0.2913939557705194;0.07598171968958012;0.17438693044943357;0.0009502661700445202;0.07467588928554525;0.2479276600931864;0.09563866701885676;0.29139437000891;0.07599128433244164;0.17440252537288725;0.0009514653801051074;0.07462697448611884;0.2121672879558894;0.0733224648309346;0.2738884902157823;0.1421507789662455;0.14516374825872042;-0.002085486449871939;0.06582717753911066;0.290343337730648;0.1523484252798445;0.30291608981455787;0.13382734265731486;0.11803602211470753;0.009906744682369253;0.04296264985990089;0.2342004137159509;0.11172886000384243;0.2878802162600424;0.12296544366992415;0.14927049637725578;0.021640262782333275;0.013253088888875775;0.272366216508596;0.12365270998250183;0.2879479958720115;0.10431366106933185;0.20631467239947063;0.00987407398826201;0.040025567970706374;0.2643941627201532;0.11969637332934246;0.29503166232871453;0.09569018561195072;0.1833969442101806;0.0041573329726607875;0.027242096302267534;0.3783582087178092;0.21200651789095443;0.3824298982687161;0.15787608801829364;0.18864756667046084;0.009751930337577262;0.03761623759662622;1.0;0.6840802181105299;0.7333993695474337;0.2027079462474196;0.4261401555748747;0.36074942515821257;0.2591538457601777;0.30147458128772486;0.18045433778431227;0.2929387886370855;0.14938030116196566;0.17633020284072082;0.01866200687870612;0.025322428155225642;0.23844715532818186;0.1352545086646842;0.24822815313196178;0.07175410070239227;0.12138421954729364;0.009668920281137788;0.009231399754156896;0.295358817978505;0.150445628494894;0.3104698561874494;0.08761746225348063;0.10798965423907286;0.007897842501208457;0.03065451740913238;0.2588578081723494;0.14122800626744725;0.2557072189686444;0.09742389783722713;0.11289309938169281;0.012348596484837554;0.026201800273991136;0.28144383290548763;0.16436356583052772;0.2815460008731909;0.05898452477144249;0.1036311225805475;0.022972787124042403;0.014877298137965508;0.5484510934941305;0.37275525111396646;0.5034000138397575;0.25586399685643135;0.1376916986725606;0.38220136445604846;0.2425815939527003;0.32813697568189815;0.1346809509776225;0.1408464471342074;0.12252720823377565;0.1203267442346479;0.12747626335655057;0.21509421478941526;0.08936036043735693;0.09176536379242298;0.1242251492919051;0.002063465721705994;-0.004304931705319419;0.024301523011061393;0.04897921284332351;0.0018039026278217909;0.051782735888189414;0.5447786055227029;0.14883921917095788
art17act18;-0.007744355515400781;0.05022702125637332;0.12873767574142703;0.07246025655742763;0.11413526106099063;0.03716070037966986;0.09762588298423135;0.00021506428694596222;0.044377421729854115;0.12873780907566318;0.07246131238374229;0.11413534247383718;0.03716511866760424;0.09763305420011545;0.00021666579805096616;0.04435264457762142;0.1121460068001854;0.048132475463592735;0.1140572316973206;0.08031636971928395;0.0955368781997619;-0.00015171416231540705;0.06012048280978758;0.14418540124681942;0.10638408600735723;0.1154826634039156;0.09701793613460322;0.0687901118542297;0.003680528568621955;0.027207076623317096;0.1248902090869024;0.0726144412381334;0.13233054535526587;0.061408765512002736;0.09654347190067736;0.019239072333453983;0.006743480578466468;0.15339728272645092;0.10098964626671646;0.11655931652646634;0.06631868766463099;0.16602245068800953;0.0014122886266026565;0.01771799085708312;0.13608222607235843;0.08706318335779956;0.11475251410987501;0.06240518260149844;0.1109577701898484;1.1988355755392443e-05;0.01484585703084898;0.20818341296698206;0.1976405792608898;0.13570029959374222;0.06404090552933982;0.1251485967882725;0.006636082048599213;0.02195272366874724;0.6840802181105299;1.0;0.14935798997119681;0.08878971635263475;0.18707285668998397;0.016091750980374145;0.05526310614743644;0.18259696636237607;0.1691753343008125;0.11329514613266452;0.08631540333832338;0.12849577689665137;0.006085898844850968;0.006917080474535277;0.13641306042635945;0.11506216073262801;0.0952355475433763;0.03930294023020794;0.07533180176162903;0.011283449678653702;0.004239621525026507;0.13882997703202377;0.10823708773261889;0.11318382719984227;0.018389187124235894;0.05340510939613659;0.0001287583336425685;0.01478455441275943;0.1264164505852666;0.09187545563355758;0.10446583808775257;0.05296282503273195;0.07314782001539183;0.0033260214293967818;0.01270738074214647;0.1189667133819689;0.07628676557261754;0.10792276855118188;0.02585808444817847;0.057360877041004545;0.0036030464680479705;0.007977928632864947;0.3069734217928986;0.3497162376100433;0.1822152269533766;0.1315661098236561;0.06411424409001609;0.22936986597972556;0.017804133302263266;0.25073990801267015;0.0864631401991706;0.08993584328452904;0.0662944931402055;0.07789533318780634;0.08207688135798945;0.1276523572227718;0.06391758879575395;0.06579703858427798;0.09213280317245065;0.0010510508710878726;-0.0016945920097492895;-0.011999412608825722;0.02948894034257628;0.004296289844841254;0.04718260006295997;0.3012530512586447;0.1022326820316152
art17hab18;0.05696318714017357;0.08113232190350919;0.26279638626813273;0.07984054699706376;0.3483410834495879;0.07500569038836764;0.16821076114495864;-0.0012427206616306907;0.07319499139990923;0.26279681517281256;0.07984228853692023;0.34834174627794545;0.07501598723142057;0.16822746083326673;-0.0012424131006211199;0.07314405420799623;0.22533298141318417;0.06686780417187035;0.32699914546543324;0.14425084204162994;0.1284365088118551;-0.003459828592048496;0.04341225968759215;0.3100191240486869;0.12693223388180314;0.3665461112507902;0.11275087812841042;0.1126290447993058;-0.002918325301636636;0.03898264263420854;0.23993011630568833;0.09263383666528328;0.3276755385915129;0.12629621991589518;0.1369789238619487;0.013657698438405901;0.013802487575584485;0.27661103764920747;0.09374101231588607;0.34023738812533266;0.096740477744844;0.1584207497767642;0.00848216820531846;0.04425120181447676;0.28030375369589455;0.10121440508617621;0.35177228623766865;0.08536086940272285;0.17775178243457862;0.0002547215873654727;0.028593252241189936;0.37679784103731323;0.13742531777666972;0.4504056724656792;0.17878693731333184;0.1630057783150193;0.0012749858135668048;0.037037072620551864;0.7333993695474337;0.14935798997119681;1.0;0.1272951279187773;0.3228960399911402;0.11986829185456532;0.0811502332767714;0.2965550229067081;0.12286570432553094;0.35135054946644106;0.14524304824715203;0.1414565315253838;0.010130666125854839;0.029580946856971307;0.24220062454940477;0.10067542683713818;0.3008288681947709;0.06874728480800117;0.11069828081410997;0.0009987900338278605;0.008975512478927326;0.31401979785792145;0.12459589527093466;0.3681739430749752;0.08641283472937564;0.10376233634855464;0.008560013378072611;0.0311375487307927;0.2806565399047649;0.1232321992581031;0.3068710998945784;0.10400332254119406;0.10507261561298956;0.01351159534331407;0.019491136480904638;0.3163426709609624;0.17596449587622462;0.3366465256075008;0.06354000907670238;0.09008064164060314;0.0036170599753370287;0.013453056689235588;0.535378259705289;0.24497813366791446;0.6134020483494583;0.2401213111430265;0.0997073846085756;0.33612770692583455;0.08192902496296407;0.24699544597907097;0.12126259945429468;0.12697005195550634;0.11429942062894827;0.1066108543515937;0.11327353250742593;0.1990945474571767;0.07231556026408824;0.0739710783798426;0.09454507907371401;0.0020782596328284293;-0.004987164274546474;0.059456939631693295;0.04436360556189338;-0.001034876715803814;0.030550550323702887;0.5357477617014452;0.11923291759360637
art17mix18;0.003951447289530398;0.02999077212940392;0.08206351644919886;0.028602755872638063;0.08872101876365528;0.09281835793523016;0.061232529175252695;-0.0001534241882281159;0.012585488527149791;0.08206360792685301;0.028603139235295866;0.08872123391582788;0.09282133290381593;0.06123583924081014;-0.0001527781540621158;0.012571797062116835;0.06358403884037171;0.019835370153605456;0.08194174049406545;0.08068118688522294;0.056246311196230664;-0.0018901288411110745;0.010368515873758461;0.09913956779474792;0.05425736612865646;0.09774978209964139;0.053613323096053725;0.05148284766402991;0.0009586296762118206;0.014059262414333772;0.09462645178345315;0.06595342209236317;0.09295954672053203;0.0676247030292741;0.05009550970538473;0.006996696042251942;0.0030301949730817054;0.09179358199835902;0.04525996367133513;0.09250048041874294;0.06306359020807799;0.06334376234460842;-3.661652599924568e-05;0.01218977842295373;0.07511324899637555;0.030198437134975768;0.08506247972040354;0.046451844909293466;0.06238625194773293;-0.0006739051720263605;0.004558919187243651;0.11190114478865776;0.048325899797549386;0.11421876585199993;0.1563951718499798;0.06158802431352762;-0.0008406859411210712;0.011023263983510858;0.2027079462474196;0.08878971635263475;0.1272951279187773;1.0;0.0956270957217659;-0.00018281851388819652;0.009382514045828232;0.09110196128180373;0.045507242322075;0.09371936186485672;0.09239618663737152;0.061140030660857166;-0.0008016374500483373;0.005235792884048002;0.06744102792249639;0.034866845008279475;0.07472328463081256;0.03809604077559253;0.028198414948011286;0.0007571863263238473;0.0011649029833019405;0.12335120884136633;0.04471008137657531;0.12080090384866536;0.2874141628319041;0.03912396893978907;0.009109834492315571;0.002284965046673801;0.08740037763908165;0.047854012871007164;0.08588397387950421;0.06854671680868175;0.03507838913749313;0.0019624029964578162;0.003997950926254301;0.10941424583325494;0.07698720368434803;0.09229520448029613;0.039503542896182776;0.03746140578151145;0.0001464140478292892;0.009204173209249955;0.1670895653669567;0.10274325312990082;0.14749771255725747;0.37662090707142076;0.02140215978894256;0.1249870822287073;0.0022390263014300553;0.07716922775398795;0.06503017036170203;0.06830836753044729;0.06683466443060544;0.0581022667695659;0.06175492825556138;0.10906380791015112;0.04339610275320759;0.04485648060009057;0.0663472857840041;0.0008943858163087829;-0.0007199613025907959;-0.0033409446559686047;0.05728023482478584;0.0004041946281880621;0.028929496367378595;0.16822040015279902;0.021577519131277065
art17rou18;0.0038150596236267067;0.09029859776473978;0.1436150402988334;0.06183050372005169;0.15199641775615505;0.040018459028742584;0.13633846608905761;0.0018957826507008185;0.03897040159948646;0.14361522267308002;0.061831575500897254;0.15199662003871267;0.04002520683512214;0.13634843862039286;0.0018960692143873115;0.03893860155084108;0.12041683134836392;0.04288805419589876;0.14160681130443836;0.07299482877154832;0.11418458264758446;0.003122415801315502;0.04247908373805926;0.19624512422260623;0.12450071523433505;0.16594201247395268;0.09536208179358976;0.10366541831011576;0.08275599253105212;0.026742745919427637;0.13150047120126482;0.06745671267229972;0.14280378317961936;0.09022558921689007;0.11292388673433681;0.010055556329985286;0.010489824971241768;0.15259407808661896;0.0758190119146658;0.1476857369252761;0.052130939388551345;0.14877025682091133;0.006527122171092387;0.019979840266481058;0.1565382615591454;0.07862018321332204;0.15983279453484228;0.05977565677748558;0.1295469037737073;0.0025376425654424534;0.016249178496353593;0.18012769322146777;0.11986059633497863;0.1568488046816018;0.0748358130568039;0.14429318971093102;0.0025450176216448833;0.01392368762378738;0.4261401555748747;0.18707285668998397;0.3228960399911402;0.0956270957217659;1.0;0.03906204997711008;0.04430118306003879;0.16478492389535804;0.09743904947046966;0.1491947999703865;0.0596061061082468;0.15464238416065476;0.014249862700892162;0.017273280163476432;0.13371946343305707;0.08182129702208134;0.12403735424373749;0.037226468877187426;0.1015671776807901;0.0028370889639441443;0.009955714503842085;0.180526729429994;0.11456097395965553;0.1656601692959968;0.04949307027148258;0.08253736244873452;0.0004916841740266027;0.01295046614573264;0.14091364109911578;0.09367505375626124;0.12233211262032191;0.04285518834102822;0.08756118993076344;0.017064014633173828;0.009460525244553186;0.1705872379779763;0.09572576315213287;0.16098695427013343;0.0472474427407358;0.11616217894157914;0.0036011581050742485;0.020175032614190336;0.29569765268105297;0.19922404802744276;0.2504324323742498;0.13923310763216556;0.06078499612033168;0.4008112413229731;0.05265899875787506;0.2148070249143549;0.10193447552810812;0.10747802710052337;0.11507957315586761;0.09439075213664941;0.10038983485399908;0.17887470511045422;0.07332065045350095;0.0757372346341133;0.11105203507015442;0.0015931331543621956;-0.0015303383602024822;-0.004753930098921652;0.012509537557669067;0.0011160104905621566;0.05788041427210464;0.29550885926394216;0.011855287076213639
art17fer18;-0.009232668082653842;0.009643303301384238;0.00678941928361718;0.0017774322488756124;0.008694244058194247;0.0034806633647957276;0.006703636053791306;0.003430550269346341;-0.0004778879712972558;0.006789412137777344;0.0017775223053556764;0.00869405741546088;0.003481411757056118;0.006706225604976869;0.0034306967278632324;-0.0004820261674741005;0.0035578721803042755;0.0017567976671358687;0.0026450434828462666;0.0019944092248015566;0.008856708370472872;-0.0004146584249688326;-0.000967404518736516;0.004270324764277571;0.0019347231800032384;0.005841806672314705;0.0018294918528982322;0.0009579384491275365;-0.00036621796847955063;-0.0017852070068158192;0.005896975572650077;0.00826580189755594;0.0013739591190100745;0.002206468706587039;0.001882538435077683;0.006317457381504683;-0.0006186193060421084;0.00797701977795105;0.00462388563177217;0.007386769349771548;0.003503134202463593;0.003346415584644604;0.013266516460410294;-0.0012517829071559386;0.008922879356237624;0.0016943617109298646;0.011710200425092809;0.0038982675018713834;0.004442525205063672;0.01155315624941913;-0.0011127795956928242;0.013124751090234367;0.009537740646632925;0.00902858249983004;0.0023834429678270676;0.009359256201828888;0.01845648901930567;0.0008808681690937784;0.36074942515821257;0.016091750980374145;0.11986829185456532;-0.00018281851388819652;0.03906204997711008;1.0;0.006381222419020539;0.011171636270465978;0.003374942270205824;0.011445099847268117;0.014322424934953995;0.0038307701602445514;0.028485567620283467;0.005141315317483703;0.007333628575963881;0.002553146504041563;0.007210732259140585;-0.0012056240556958355;0.009450330393515368;0.007623054888284575;0.00013572306727175495;0.017580201644696525;0.004801188322150733;0.01710459096553784;-0.0005106088484878448;0.02082169019731868;0.008760702410963108;-0.0015529081467234194;0.010101363244930132;0.012553880485756754;0.00491436305767777;-0.001429762157452328;-0.0009737121714145902;0.0036472232734485956;0.0015552102876422286;0.014029891083901552;0.002152061322686397;0.013182351905457902;-0.0012337691763467387;0.012793676759623257;0.06647200084571239;-0.001396005504585808;0.0572600384640252;0.010834239676835179;0.02519740013900181;0.005620365958018971;0.0006159166530409646;0.020317499562905857;0.6442169812435842;0.05427180492269297;0.0055886607182723605;0.005805397540275768;0.004088226055909911;0.005951981990678412;0.006151510571117824;0.006638427693699732;0.0046189719022347;0.004642339173705176;0.004343140808354206;0.0001056836953586994;-0.0005528326151638485;-0.0091634896659546;0.0004970573216452114;-0.00040309425863660465;0.0004888425450058491;0.05541736482305491;0.060995964895943194
art17inc18;0.01018278161750878;0.0040254899809561906;0.031805262069793235;0.0061005436951713276;0.04390484875648938;0.008163360014448956;0.02452458868149038;0.0019986079156617573;0.022285956538946355;0.03180521095490792;0.006100716110272155;0.04390492868448903;0.008164327969734927;0.02452566892897109;0.0019986872806385275;0.022280588549514962;0.02739996838709112;0.013608546936281567;0.03121470158966561;0.013778924004307656;0.003885304947958368;-0.0011154881004960696;0.01534465326780555;0.037002413940222835;0.01998148061912608;0.0393139184717581;0.008995797138875713;0.005996718607897534;-0.0009262446769926174;0.014210895919058388;0.04273112804256145;0.02790256674579557;0.047460744031697394;0.014877670863596102;0.011418716643485635;-0.0007251124965338252;0.003145227118592508;0.03706855101835613;0.01042713115162361;0.04565775444659335;0.011638772729388997;0.015876484789122965;-0.0005453522904952571;0.015407232181311107;0.03757336557263774;0.01734227321112807;0.043235350515141026;0.011857759016864733;0.010875546995623996;0.003021871381708926;0.006574316703830989;0.11484896236046875;0.02942821666184998;0.1569243758330988;0.014006863113158028;0.024950160588481648;-0.00035480190152550596;0.01213172389715498;0.2591538457601777;0.05526310614743644;0.0811502332767714;0.009382514045828232;0.04430118306003879;0.006381222419020539;1.0;0.03387857898283977;0.012247239885781629;0.041358723911387514;0.017362809567507943;0.014422825886079049;0.0003517753694101697;0.006847457922188486;0.030067886256579645;0.013190801715402092;0.035073896073302364;0.028078829903333973;0.007461161872965139;0.0016710785822366112;0.00337784896495162;0.04963194098483095;0.01647500095601547;0.05762579224182572;0.021005092423189407;0.013145412380356084;-0.000398285937084349;0.02195153739901034;0.03934261883557708;0.02068257184282918;0.02953733651457664;0.003778793254911039;0.007040200392295848;-0.0009504448823601284;0.036752923474486124;0.044043205508962485;0.03885121601527356;0.03005161070336756;0.007439667872450031;0.010085548516653343;-0.000338463043617139;0.0019173170157769381;0.09831628691445815;0.04413198326064813;0.0808611353665021;0.027782205245908763;0.21472974692351876;0.03449651707569021;0.004292665052149338;0.029287083122348966;0.005635919165973142;0.006303897317017101;0.015570762556286259;0.004704281278494729;0.005273634633954845;0.01590855085442207;0.003322235191814494;0.003574748607383091;0.007975859010167959;0.00024765755288686783;-0.001159848483328381;0.007560890537819561;0.012895259182762126;-0.00044956713066394657;-0.002690053783069261;0.09704883400601387;0.031473039316749156
naf18art19;0.026205231940195466;0.09573644444549903;0.24067739844571587;0.0915139842218984;0.2871034623286212;0.058502194822660974;0.18130930955856753;0.0017282017107518263;0.06237158897833053;0.24067790244150233;0.09151570516716123;0.2871041527416884;0.05851157384123584;0.18132466199705036;0.0017290177358930186;0.06232381416478446;0.2149916439390756;0.08999488532172334;0.2702658580346828;0.10818916537993653;0.13052774568789655;-0.004136997898409372;0.03786567321239089;0.3046399488016562;0.1593332951067731;0.30728617871943864;0.12096977331001574;0.13440422925337986;-0.0006469731428833455;0.08056210624042458;0.22721260527605064;0.10203035404372077;0.2647353878478368;0.1054229775925613;0.14788907726842762;0.02531675844027143;0.03652442541065739;0.2569030313851766;0.1081282514542943;0.2871598049819303;0.09355047377847751;0.17629557031658152;0.006711143912087774;0.03579638401545252;0.27580909883558913;0.12827328271921112;0.30772380184868225;0.07685369720750539;0.20815911162611098;0.0007613636758436019;0.022416010596223578;0.33294574765651475;0.18478335592359335;0.33696335767353147;0.1660487818085257;0.1696864357173875;0.0034800905463418367;0.029088592697525797;0.30147458128772486;0.18259696636237607;0.2965550229067081;0.09110196128180373;0.16478492389535804;0.011171636270465978;0.03387857898283977;1.0;0.7951610045601322;0.7705783701250647;0.19810246742273543;0.4234148283272531;0.073871293369181;0.2653009047980887;0.25208845497443416;0.14311535933777794;0.2582306545041296;0.0744935419287466;0.1255112059154304;0.018950465162761727;0.02008938280882393;0.27740202283367094;0.13579242180151624;0.2975044139302275;0.07413197089934828;0.10204213463028963;0.004639267183575278;0.031126107365691706;0.28311569796639713;0.1796306788912389;0.2639926472247388;0.08359796950321242;0.13033794234641152;0.023573765738371506;0.015854930860735986;0.27485827690843834;0.13692861848928178;0.2947339192568374;0.07263567978127829;0.12071513424540324;0.015721920452627085;0.030129183189203466;0.5392361331876732;0.3855217296311359;0.4997285742105583;0.21472488189004774;0.14357206391057314;0.38136995769140036;0.02807141056350263;0.301812121142917;0.12408770165997046;0.1299212660690093;0.11678763174751468;0.11150636614469468;0.11822284529366232;0.20170823112717903;0.08229466480203167;0.08452770008139844;0.1147772456491444;0.0021870479371382473;-0.00439928300938189;0.012843423830254934;0.031951156082202586;0.012127753300693548;0.052578853180148946;0.5354488755222987;0.06801615046547785
art18act19;-0.00781883947657977;0.05248269487727414;0.12273084043248969;0.06182184410928014;0.1226984322803838;0.03145889565787147;0.10150400023337221;0.003296274844703507;0.020763638078958657;0.12273114979013632;0.06182277555578386;0.12269864534027689;0.03146275903945303;0.10151073944631926;0.0032974634863644427;0.020741647715383765;0.10150073825666475;0.05505175037959635;0.10535641224789993;0.05138326068305246;0.07120244148683609;-0.0010881645696558162;0.012935364506651493;0.15927173415693857;0.1126487464401022;0.12503386304729758;0.07062539147968894;0.08487177382660693;-0.0008165154854696391;0.056104873978185525;0.11584828218084098;0.07010158398328481;0.10794188266547235;0.0656588732196839;0.07822927994705273;0.004580163958030805;0.021085774800257254;0.13161236616385077;0.07904795142848987;0.11685306921211162;0.03956355606752855;0.09906633058525406;0.0038821192525002194;0.023268626091506026;0.1418959246440709;0.0915987585206154;0.12283234833564444;0.04122837144631392;0.1342844693583222;0.001915652491481276;0.006736584523375551;0.17412495940235675;0.13494115454687117;0.14175769176385822;0.08058577739819367;0.10288596354201895;0.0013743445755075414;0.011064709453242668;0.18045433778431227;0.1691753343008125;0.12286570432553094;0.045507242322075;0.09743904947046966;0.003374942270205824;0.012247239885781629;0.7951610045601322;1.0;0.28101634661178826;0.06957617092611988;0.23982133973253372;0.016145061896900934;0.13534688684111026;0.13231570749666025;0.09171565757519395;0.11332783941379355;0.028496135933971673;0.06612631442336794;0.029470770645128232;0.00920606727139088;0.12881077456416512;0.09152022518190417;0.11493183621666717;0.027803381999024854;0.046742945788632854;-0.00014372349432667763;0.00649697115410476;0.149303905761163;0.1355815025463841;0.10645925983062515;0.03691284752828296;0.07279864863901515;0.023521604793799628;0.004702794774144984;0.12759327686069333;0.07522000515633355;0.11949900318138566;0.03184618919785411;0.08004411621809;0.0015079124839232083;0.009210444211875574;0.3093877112205575;0.33467935268863647;0.20133704646586303;0.10430434794655684;0.06870524674181305;0.21766327778510222;0.018158943542940145;0.20187573697813838;0.06767422816839995;0.07073886869222708;0.060716776900837086;0.06144470322899391;0.06503995179290523;0.10841522282779802;0.04876064275992512;0.05026217671736086;0.07168001232608391;0.001086625436262385;-0.001809537862098929;-0.008835826901107721;0.01812530210527353;0.008989635631549805;0.04215926850531941;0.30435331272666805;0.048804621040224226
art18hab19;0.05206641066891104;0.09208160144839381;0.25341252453856744;0.07495910183603896;0.33758389816315537;0.057342532818678106;0.17761571737542534;-0.00031881387089999815;0.07420959401878095;0.25341300779976816;0.07496085192109699;0.33758477805589604;0.05735322007251727;0.17763323236871825;-0.0003186416574455504;0.07415672855049374;0.23942942778787213;0.08598295721092561;0.32845993890363806;0.11727638766732341;0.1285078470144174;-0.005318150983940389;0.04698360627591551;0.3185675460881348;0.12907582843573942;0.3683883552363744;0.11581642377663208;0.12141607126509645;0.00037249324850736876;0.06230816184782143;0.24012516736449802;0.0848730805753129;0.31590029175382894;0.09856015525146936;0.15095222644908943;0.03487946698111362;0.034060545474454064;0.2752788399918212;0.08732668746597691;0.34575470189327695;0.10476853761738213;0.1695493918856484;0.006277960180006034;0.03506479025678013;0.2959231015998876;0.11118416144076664;0.3713229438915164;0.07843136832151743;0.19040928344766614;-0.000548931078220963;0.02339924017620984;0.3554601857922164;0.15357737822682385;0.402697853351504;0.183894761097117;0.15549080675554214;0.0010098920850762677;0.03246506683375697;0.2929387886370855;0.11329514613266452;0.35135054946644106;0.09371936186485672;0.1491947999703865;0.011445099847268117;0.041358723911387514;0.7705783701250647;0.28101634661178826;1.0;0.17543879082553032;0.2735454855565904;0.048833781711504674;0.03324310727180024;0.24112532390309963;0.09630542460763834;0.2982965452314981;0.07946272047173492;0.12205749089941526;0.0022966647118797087;0.015378738636421242;0.306064607317638;0.11601099287242309;0.3601516796788502;0.08558102896798407;0.10865959346755764;0.0035899014610374443;0.03847444640932075;0.29435248924740653;0.13926521551781296;0.31364060463768867;0.09222207536640759;0.13209650284440186;0.013101424012511685;0.017341495404416988;0.30140534653624945;0.13452537727794803;0.35123185531422385;0.07896377046719033;0.10860379460005587;0.015311440059428047;0.019656624525182576;0.5355210949157643;0.2610903742965615;0.6046729619999549;0.22025315684196822;0.10814634133567151;0.3479099914787289;0.019111824466120482;0.2557622137312875;0.1216908037384603;0.12754986984015812;0.1180517537443397;0.10814168748723546;0.11479615821003138;0.19926401958343487;0.07534514650933122;0.07713158066082912;0.09977315762771195;0.0022190196389368054;-0.005131077217713896;0.019092817043462915;0.03260567594208705;0.010791785931487967;0.03569641864941252;0.5344629969915933;0.044436031780538406
art18mix19;0.009544055902773577;0.04634979027158231;0.1213963342013026;0.04103664960537611;0.1507456813448498;0.0467435380013568;0.0714171620822423;-0.0009901594659899248;0.04817801106350711;0.12139648581283384;0.04103730417795761;0.15074575415272906;0.0467490226925988;0.07142427437127441;-0.000990089202828797;0.04815680440791986;0.09977137872597369;0.030499152047690634;0.13348583909335943;0.07945248059345701;0.07110185483729405;-0.0014382060792434378;0.03106224123808393;0.12648137203845244;0.05673110395855867;0.14186846795315056;0.06586921717822747;0.04647424860719764;-8.286594849743186e-05;0.019198943766216888;0.09945253975330827;0.04656657959005007;0.12056176272769069;0.06677734960184566;0.07474439134346152;0.01029681698213116;0.003848830135791023;0.115274654405379;0.044131435363581384;0.1352320710774619;0.0804747920781315;0.06681207175175509;0.0028648940734832826;0.01029946992466546;0.11060107420708552;0.03531256507993572;0.14003403352616361;0.053797523689346455;0.08320175329909912;2.1911766162421877e-05;0.007824255492016954;0.17026990343359472;0.08553107846560767;0.1772192272064875;0.1279214714722853;0.07249985152719102;0.0012249379313667003;0.018507230485368516;0.14938030116196566;0.08631540333832338;0.14524304824715203;0.09239618663737152;0.0596061061082468;0.014322424934953995;0.017362809567507943;0.19810246742273543;0.06957617092611988;0.17543879082553032;1.0;0.08643654683903579;0.07081714280283932;0.02644313043230401;0.11567000033736528;0.06635342958749102;0.11081490386179023;0.0983413497657778;0.043880622572066;0.0014681870231676919;0.02660128417232312;0.1366611002718857;0.0546567962490281;0.1484462416327048;0.10860362478123493;0.04756724173293212;0.006372433985636095;0.02032908442118762;0.13563693749437547;0.07299907553397346;0.14228534330107834;0.0632231945583683;0.037217400211802885;-0.0009422931324947845;0.005710468595585767;0.12571369621080639;0.06184584350792601;0.1264795263188165;0.11527474210876607;0.0512944896329928;0.02594477609197518;0.008751073207781542;0.22131185110194826;0.12293390272654504;0.22151421529220205;0.27210688656342;0.04958515530182177;0.14465282936068038;0.0186747404105182;0.09535211780338115;0.08151389056492563;0.08476398199921124;0.061892685539952065;0.07252490328066176;0.07662217917493838;0.12414495772982395;0.052992734877006495;0.05428741453517826;0.07096055159465225;0.0013625622151917033;-0.0009285177382661832;0.003887614101726275;0.025554922520876502;-0.0008021616460486496;0.029964661184907152;0.2209842147082501;0.007633135961594826
art18rou19;-0.0016861192508074085;0.08263910084112927;0.1509980975952846;0.08232020197439832;0.13548887401013898;0.04418757868795555;0.1335027811616739;0.0011859467885545192;0.04035607137301478;0.15099833577495497;0.08232127107930703;0.13548942337148925;0.04419349382619006;0.13351261992976785;0.0011861942292874957;0.04032432977860777;0.1186356985821348;0.05814318577723935;0.1269786428914993;0.07182551212687627;0.1023939420693308;-0.0014306918147111672;0.014185147816107512;0.17492865136984775;0.12121116911281979;0.14116488816044057;0.07407705312020138;0.10606701253591154;-0.0016716798315813235;0.04524908337990842;0.13781464642779037;0.07970427872189247;0.12677378637249717;0.05500102212869808;0.0981524592015656;0.014944929429675149;0.03187030418891566;0.13874685513257093;0.07042820390590347;0.1293298650713949;0.056163259973840515;0.15253461938525512;0.005869549156543513;0.014225102129890204;0.15552449157214074;0.08422577828290623;0.15063394534220897;0.044185009579079906;0.1358003201367412;-0.0005009691292574466;0.020323241772426576;0.17471361966022877;0.12267805758633377;0.14684292858365716;0.07963018101989376;0.14264408691812439;0.0013584108284805717;0.009817983880114275;0.17633020284072082;0.12849577689665137;0.1414565315253838;0.061140030660857166;0.15464238416065476;0.0038307701602445514;0.014422825886079049;0.4234148283272531;0.23982133973253372;0.2735454855565904;0.08643654683903579;1.0;0.02187092784994874;0.03126837659136991;0.16217538638290424;0.11003471964217196;0.13649771404792527;0.05552685977885541;0.12383643898627764;0.0037123017366795987;0.011749502307218683;0.17269272191935062;0.1133060558010417;0.15361188252006458;0.03640127713770131;0.0806258763940456;0.0005728461292359914;0.020653563239337747;0.14691255142204984;0.09664296485681732;0.1335843901733873;0.06344526553755195;0.08155163021133519;0.00996053429977449;0.0012664536008597988;0.17659723031490437;0.11299410408991001;0.1576205779397434;0.0376380832043028;0.08291378800622369;0.014316013866299796;0.021120523770757477;0.2969268231650534;0.2346577879482803;0.22956393199296543;0.13037584173343308;0.06565323962875096;0.3921042255426203;0.010928039036815572;0.25006234071449335;0.09689985326984533;0.10183382032362355;0.10084213706399932;0.09047372173438097;0.09599522825795999;0.1655200240580721;0.0717453518247543;0.07414857869867761;0.10945989837727763;0.0016812055173973462;-0.0015590272689940397;-0.0008432667818974609;0.008109109163944436;0.008494011363009571;0.058815415260232214;0.2972410532555713;0.021438137572873738
art18fer19;0.004097497253785459;0.006129963488159698;0.017844685335920173;0.012338934641456691;0.012537231846104913;0.0013782826348452347;0.012921857435120917;-0.00016909153915615916;0.009773040715169204;0.01784477000233127;0.012339026881910915;0.012537621547670736;0.0013781321918267875;0.012923300105443467;-0.0001690995213644915;0.009769309959043033;0.008813547487264132;-0.0003170618465362472;0.013283923418156499;0.006678874242539449;0.017246019273004575;-0.0001177955904144706;0.0034367406566630895;0.018931183129661255;0.011477852923959217;0.020296850204350392;0.004521449405770734;0.007657041778214265;-0.00027589977071595327;-0.0013925661528478288;0.03067742499169229;0.03734117766430957;0.012926519508065833;0.0043669454450443275;0.015131335412228867;-7.029772318296003e-05;-0.0002841846471674033;0.011688107043557014;0.0020437361526305926;0.014385988870708653;0.02043741189506976;0.008104594537799227;0.005536825501815089;0.0009013949591187725;0.00903068936860982;0.003975720021231821;0.010136737184437866;0.0007334458682935474;0.012804507115581957;-0.00018925860506568284;-0.0007176548609935459;0.016638232916620838;0.005827694154019171;0.017772255673404586;0.0013148597587919132;0.003694734472289576;0.037476193696263316;-0.0007354432151526603;0.01866200687870612;0.006085898844850968;0.010130666125854839;-0.0008016374500483373;0.014249862700892162;0.028485567620283467;0.0003517753694101697;0.073871293369181;0.016145061896900934;0.048833781711504674;0.07081714280283932;0.02187092784994874;1.0;0.000476589725533876;0.01803140475805254;0.010687410075726062;0.015594773796545816;0.041981254423828746;0.0012864380785337535;0.0023258399861804343;0.002661810975772245;0.0403818985325147;0.015177827933007653;0.03026107102500297;0.016171745020323366;0.019497844986759577;0.07787856902048061;-0.000874315719925863;0.02752205660490039;0.008394862092299402;0.020946360412822617;0.00030557875314250266;0.027988228568939556;0.044722054489694206;0.000267009521238717;0.00992737933558468;0.004596615587109601;0.012333581348745959;0.004825174800943745;-2.4068900439839167e-05;6.215959579703021e-05;-0.0008705219964962672;0.038318407977791444;0.024417377122194488;0.027541526082324887;0.02133884518287008;0.003040487705688467;0.029037883187909144;0.12047254332381276;0.012997798943473648;0.011146311910981938;0.011184436273964541;-0.0018864895328848563;0.009448853359383311;0.009675602661711724;0.008203664163166322;0.0072392335329057025;0.007049204238856174;0.0021412852000268034;0.00011059705307521901;-0.00018223707790098758;0.005550550909513765;0.0021086203971475603;-0.00021770526609164465;0.002972234428245276;0.03713647882186786;0.0014282381858905888
art18inc19;0.008159500110772613;0.008994594618353016;0.02080314664039911;0.008810052163435793;0.021943057729528516;0.0043541587558013255;0.01950430820114237;-0.0006956631726054426;0.009386921426351315;0.020803240995605876;0.008810290805762028;0.021943010408343865;0.0043554199413897085;0.019504855707078193;-0.0006957033242051528;0.009383689826665256;0.018592463690681498;0.009058106948821452;0.022692556957383283;0.002214756283643745;0.00722060873811471;-0.001785862635383889;0.005566731960743992;0.03963059801205992;0.024514800772803925;0.02834917063809139;0.01904482232390589;0.011927745775664654;-0.0010083015633840227;0.04138659189396656;0.021443226136850038;0.005364027149028604;0.026175716553127254;0.014594067628057554;0.01421166493624705;0.005522420775474955;0.007149808033754978;0.02543815396111752;0.016673577524134557;0.0234467692508944;0.006343526311046466;0.013119686667605398;-0.0004318517506885062;0.002621014043934095;0.023064830015397903;0.00516143587257388;0.024245793859391688;0.00792704285965051;0.018244246312094575;9.913489776010615e-05;0.01616852206356191;0.022759163602674624;0.009294027172218434;0.019926909701407758;0.006768367946532688;0.013838397801103776;0.004419990912697389;0.015542006062534575;0.025322428155225642;0.006917080474535277;0.029580946856971307;0.005235792884048002;0.017273280163476432;0.005141315317483703;0.006847457922188486;0.2653009047980887;0.13534688684111026;0.03324310727180024;0.02644313043230401;0.03126837659136991;0.000476589725533876;1.0;0.09187338605433172;0.11841477692503297;0.02216293152456404;0.0075197086347692605;0.010975359931747235;-0.0007063593714349951;0.021402012579282134;0.019310844332402908;0.006219715087505988;0.01986438560754149;0.0033036070706751685;0.009968097578197603;-0.0004324708677168782;0.015284105870630098;0.04309935674532023;0.046631557185502395;0.02241389248589028;0.0007623637495872196;0.01026846897936155;-0.00029165950929678155;0.01849567188919348;0.029875025518515032;0.00844090727777297;0.023310825296288855;0.001878879023300125;0.006594619859811792;0.02116160669148944;0.0667229254371554;0.07832676199939889;0.06057081263985128;0.03758508129343359;0.016705027039985096;0.20187986583015696;0.03266256362500401;0.005464699504870475;0.03861436419123855;0.006270436556550106;0.006473287359623876;0.0035597109340069367;0.005297794996071935;0.005596366256882332;0.009045654848898264;0.003403995260888905;0.0035153357314144356;0.005138175075613415;0.0002917416909251349;-0.0014787793674960752;0.04386277104246304;0.006222410525735685;-0.0009302942323796721;-0.00286088436809148;0.07682151441058084;0.07204177984767156
naf19art20;0.03371589247417981;0.08325909222960616;0.21236911972228487;0.08685813993326501;0.23504738074772685;0.07865053607869785;0.15828404763037335;0.0016688627916885519;0.07382488932563132;0.21236951682630492;0.08685965555958951;0.23504777739205546;0.07865854322669284;0.15829774921909226;0.0016692785138866196;0.07378395440261709;0.16737598523727076;0.062328912220123565;0.21576609546971132;0.11874480291320084;0.11996944490125838;-0.0009094543898518284;0.024447058630958123;0.28298874686234265;0.18267964146141621;0.24619774704462458;0.10855485944758314;0.1076246502849228;0.0007923228405815304;0.1194281999138856;0.19740791803318683;0.0934964976594737;0.21672209346770574;0.07522963655130833;0.10863735305560397;0.09459306159171908;0.04135773046617665;0.22302422110718007;0.10987852494964737;0.22469381362642593;0.07326462336521515;0.15067603947890285;0.010694797634939666;0.0482280701705129;0.23660446765023366;0.11239084883052736;0.2527118641999663;0.08910315131363043;0.15189320917147833;0.0033585421147347555;0.03734906816202674;0.24341799067408892;0.142442925070811;0.2359947803781463;0.11430938348128582;0.15043785246953434;0.0008682834681116837;0.020691618750215756;0.23844715532818186;0.13641306042635945;0.24220062454940477;0.06744102792249639;0.13371946343305707;0.007333628575963881;0.030067886256579645;0.25208845497443416;0.13231570749666025;0.24112532390309963;0.11567000033736528;0.16217538638290424;0.01803140475805254;0.09187338605433172;1.0;0.7875668096123283;0.7206679920975965;0.14514983717961938;0.3418019237535884;0.11841423314688947;0.3555758523562795;0.2843209573303306;0.1650904045402909;0.2809017014288592;0.06366181120114595;0.1018826933081225;0.018432306211925483;0.028715791224693105;0.2402290097080172;0.1504978716831212;0.22603807760952133;0.07488661734162957;0.10498060193629162;0.014518716654841264;0.016769074270599704;0.23898859941413908;0.1319131392827011;0.24646870916489852;0.07355881438512377;0.07543946634842608;0.0005032599696290505;0.02913459947487187;0.47664777623909144;0.36112429897960885;0.41421196337311855;0.20813388075187467;0.17860696390676736;0.32141717197544917;0.04915269101676755;0.3297445222513072;0.10645236830385883;0.11076295306413955;0.08251343284094916;0.09509400613369076;0.1002002229029708;0.15586991517920393;0.07210750517481684;0.07337930980702341;0.08647236746523008;0.0019384562098224325;-0.004441507023507928;-0.011065890666627992;0.09155949459383751;0.003855779907499342;0.04470718338911252;0.47292304125247275;0.17982180724982233
art19act20;-0.0019347476013725938;0.04854629561568037;0.10240401558291129;0.053576259865504905;0.088667600851852;0.05625442859302829;0.09107386155959636;0.0009225033693614769;0.03275749942376993;0.10240420487325816;0.05357714195081065;0.08866751056229132;0.05625839438804989;0.0910795612182436;0.0009226059809811753;0.03273856780940359;0.07944731030998098;0.03777922435730613;0.08695153538169668;0.05108621832680189;0.06934969138075008;-8.379912331652771e-05;0.0074146653078619035;0.17877379790524228;0.16051522664835335;0.09546733462652054;0.08162299347766147;0.06253069689512317;0.0005521924320267433;0.14029648717388093;0.10098139245146392;0.07044787882062063;0.08666205738542664;0.032724913453456406;0.06373232113312657;0.11959977537109504;0.009625075661151495;0.1231403136460015;0.08923082435404585;0.09091421481400253;0.03119752495321886;0.08622502932820413;0.007600933626753965;0.028118176382781974;0.12604722652342798;0.07545586601047101;0.11101084491235674;0.07361095103357877;0.09025212179784736;0.00041816651220948406;0.016881715376050287;0.13098858946707412;0.1070016440852083;0.09834417043460307;0.05663148346585286;0.09102532847427412;0.00015404515762527474;0.011563451055995077;0.1352545086646842;0.11506216073262801;0.10067542683713818;0.034866845008279475;0.08182129702208134;0.002553146504041563;0.013190801715402092;0.14311535933777794;0.09171565757519395;0.09630542460763834;0.06635342958749102;0.11003471964217196;0.010687410075726062;0.11841477692503297;0.7875668096123283;1.0;0.20230576016599133;0.05116293927534042;0.17587090949088408;0.010352504962174585;0.13521162124547847;0.13711651257120247;0.11029780673606636;0.10565521592145309;0.02149387178664696;0.06415835455600387;-9.371832341244237e-05;0.009107407786248153;0.11637786064926477;0.10222859505483399;0.0876765743732918;0.03077718496275339;0.05925394366943158;0.006213646013949591;0.004554360465169482;0.1145688486049483;0.07552771800473465;0.10410908342253296;0.03448483977826836;0.04088239545289659;-0.0003172395337168424;0.006709469564770688;0.27820638283010607;0.32106376629199024;0.15713127155336995;0.11760002368281744;0.09879696818073376;0.18725393074614752;0.017867647550804295;0.22262112230414804;0.06129110304066165;0.06398344558985543;0.052869560445355866;0.05507894912322495;0.05824134659893487;0.09560462984357596;0.04671713650158638;0.04778060506722143;0.060953764597919666;0.0008782999384787332;-0.0018107711411830426;0.0011820047540911835;0.03906135686183378;0.0012437927005003039;0.03856043752343557;0.2736636826212666;0.11904624666674163
art19hab20;0.06115129700274122;0.079311446313796;0.23742752684420382;0.08227216718006573;0.29711960626986333;0.06903605924105446;0.15322928794313523;-2.5731777938717905e-05;0.07328482702751114;0.23742800045117535;0.08227366892349244;0.2971203408907107;0.06904499640610068;0.15324547283181064;-2.535388733841494e-05;0.07323879524767422;0.1910352046058938;0.059591356046989466;0.2700730274452621;0.14298217909783598;0.11327362829876188;-0.0019240898943681762;0.033631888523847624;0.2717043715903853;0.12020590587680964;0.3091017392453866;0.09115615928402451;0.10286566347285934;0.0003662648830359842;0.04410014858898787;0.2075292933742104;0.06992785189004527;0.27061879878992057;0.08736169655232875;0.10244007770858352;0.03127879473722505;0.04403522593229171;0.2318825214681576;0.07977979434549785;0.2779876958475919;0.08856521582277883;0.1488069822308511;0.009557391445577356;0.03975390247435626;0.2485333711754477;0.09581301264631194;0.3033956718175145;0.06265274582987103;0.14409570379867112;0.0018974445228579176;0.03620765359954284;0.2578537865290444;0.11092256910129807;0.29024574883996007;0.12706784199591883;0.13560293002881157;0.0015733979860425092;0.02005892213635801;0.24822815313196178;0.0952355475433763;0.3008288681947709;0.07472328463081256;0.12403735424373749;0.007210732259140585;0.035073896073302364;0.2582306545041296;0.11332783941379355;0.2982965452314981;0.11081490386179023;0.13649771404792527;0.015594773796545816;0.02216293152456404;0.7206679920975965;0.20230576016599133;1.0;0.1004866755243409;0.18860087408387569;0.005730777226565542;0.19809310998584342;0.31659646595895186;0.14250543295695928;0.35658099027203427;0.08111242171892762;0.08839948956023173;0.034133611765189746;0.03018615166666203;0.26731989363842157;0.12874074127281718;0.28390920282688453;0.09104570022057443;0.10191430208590004;0.009466712823449604;0.020780551586229313;0.2712000640511864;0.13296849551998266;0.30013796565396184;0.08276900919226976;0.07678067736309228;0.0011840371383132705;0.040607841799524355;0.4730306979939275;0.23437920182018476;0.5258607186440161;0.20508450974368042;0.1349691915342472;0.28443458211526457;0.02063970992719433;0.2774534932547599;0.10495380883534247;0.10897996132334713;0.07565216948815487;0.09305300488040785;0.09780261853517047;0.14610183514706745;0.06410229373389927;0.06489566496016476;0.0699303001511448;0.0021244385682918647;-0.005277742492776308;-0.01979673282076748;0.11811996634687086;0.004218395205111362;0.026395825977150494;0.47256804601259955;0.13957372141061472
art19mix20;0.011993305053793774;0.02789373565051207;0.053942767126385543;0.018820064009493116;0.05930923047682129;0.0526982333579185;0.04199528928796392;0.0009207753510087587;0.009204083549715518;0.05394296011276352;0.018820504343520655;0.059309693491070355;0.052700451487846696;0.041999418409308535;0.0009206745152884708;0.009191032616947916;0.04356688936196382;0.01319079314321729;0.058449624820643274;0.04456731588136106;0.024714432698421784;0.009767183961305905;0.008935328978445914;0.07476702143142751;0.04777889290244347;0.06838212813752165;0.038137723340187;0.03774749855301231;0.0028510589061167503;0.00902648108706303;0.04568151860718804;0.02060956688103652;0.05866437290581992;0.027158831393729765;0.024585767260829405;0.015695944450783587;0.0017679702845828258;0.04920392727443878;0.019798155699997988;0.056699079965119345;0.03130001991922474;0.029429251609105162;-0.0009271273810300364;0.005049993332723515;0.08951945738520212;0.030778315298350383;0.06563285155764202;0.02367350817381566;0.05853425222922325;0.006971943751837051;0.09524744839498397;0.08462984451654992;0.05812651113149166;0.06731203244148973;0.0526251443430942;0.06028002925335436;-0.0005358087440576067;0.017688002290931943;0.07175410070239227;0.03930294023020794;0.06874728480800117;0.03809604077559253;0.037226468877187426;-0.0012056240556958355;0.028078829903333973;0.0744935419287466;0.028496135933971673;0.07946272047173492;0.0983413497657778;0.05552685977885541;0.041981254423828746;0.0075197086347692605;0.14514983717961938;0.05116293927534042;0.1004866755243409;1.0;0.0622247220222712;0.003725521110996771;0.0045856722569435964;0.10295024986562962;0.0539600535802382;0.08315576934198585;0.05937547965836993;0.05141472196690001;-0.0005163217043559249;0.07582538050330986;0.08348820070341116;0.057573895131516374;0.0720650948552047;0.04867888849229124;0.04513139211088441;0.0019945597031662053;0.004965966503368783;0.068414791421404;0.04156062984780086;0.06509513162823223;0.03550352967970171;0.02099688644582707;-0.0006292063221323966;0.006019428778412415;0.12227680521349393;0.07333012183889095;0.10527747803464702;0.22038327998520202;0.05306234968950198;0.09294509278767714;0.010290391491633221;0.07342129530457096;0.03564210532778367;0.03686922616011577;0.02212116381828363;0.032008910198466786;0.03354036396242602;0.04761092143145716;0.025647192888718973;0.026110034319243604;0.0309723414706553;0.0008271672418345934;-0.0011020724641501783;0.03164388047960947;0.04584053498098702;-0.0004329476457252581;0.02081527440490302;0.1219966382705991;0.0014653202603157783
art19rou20;0.0044890661135336025;0.06867661408052948;0.11659347560448811;0.04991022775429803;0.12151876502549049;0.024696291697713004;0.1208091279097775;0.0023933576238811287;0.038692872051622945;0.11659363276378647;0.04991111452824284;0.12151904067704872;0.024701093129295578;0.12081706575208295;0.0023936006139947444;0.038667272121389054;0.09557917121222817;0.04452309386205167;0.10322329128464054;0.053123864775885474;0.0963322833322447;-0.00034099246655781336;0.00853800746644851;0.14585292322744364;0.09972333031047813;0.12356475703471594;0.04647572232362399;0.0805579698085867;0.0016572824137629694;0.03392282347525479;0.10858229744841165;0.06585718165630988;0.10011117256524843;0.02775324937266059;0.06570269624068524;0.00933637525740324;0.025761418907296104;0.12310793325044789;0.05076102286688742;0.11146556029815947;0.03868371973342785;0.09948601393826716;0.008033647402770457;0.07461156926099381;0.12902771291942772;0.07313061028385281;0.12116042653442567;0.047456363037644;0.11230826551537527;0.0016730699652879825;0.01255008564482128;0.12439518234482133;0.07851779856520924;0.10769696118320866;0.06344208784631952;0.10661707929363702;-0.0002651920296288527;0.014855021386343002;0.12138421954729364;0.07533180176162903;0.11069828081410997;0.028198414948011286;0.1015671776807901;0.009450330393515368;0.007461161872965139;0.1255112059154304;0.06612631442336794;0.12205749089941526;0.043880622572066;0.12383643898627764;0.0012864380785337535;0.010975359931747235;0.3418019237535884;0.17587090949088408;0.18860087408387569;0.0622247220222712;1.0;0.029856237516829157;0.0340152196361856;0.15235544461505574;0.09891932235775408;0.14141112229710784;0.022760996285263162;0.06457677812821175;0.0026444261236858915;0.010187101821809286;0.12971985199435995;0.09550684352711819;0.10602391766873072;0.03170425489782042;0.07596707850525854;0.021217571125062173;0.00762121796794569;0.11981147956988622;0.06558185717198382;0.12008906201089771;0.04431002902495412;0.049655780908574206;0.001771429329314699;0.016879790628691514;0.2333277474628088;0.16765729192095277;0.1859039371083149;0.08823986482223928;0.06959867680775085;0.33223792019193865;0.022170965408695526;0.17139739575179702;0.06682613503412206;0.06917342208080117;0.04266077307647609;0.059809496282720136;0.06285086142776287;0.09361594999862204;0.047043769818712944;0.04776214034181642;0.05412302885202103;0.0012710268226919928;-0.001748830764083962;0.025001991372944232;0.007939386472632868;0.0077999154013285695;0.04267311488651016;0.23177265195249877;0.012683464234161739
art19fer20;0.005371841003809022;-0.006652016639624617;0.011743370929739882;0.008098777209741056;0.005286037176843116;0.005658313825010089;0.019185770604694584;0.007932308595793046;-0.00018576520082903576;0.011743472504970428;0.008099039662360077;0.005286295853428353;0.005658133565993601;0.01918662646677104;0.007933335227323967;-0.0001900763280488796;0.005402394924462212;0.004088264418504129;0.003368151161597587;0.012486075032268246;0.0038179986250521884;-0.0003225641913642514;-0.0007592596308104033;0.008789813471994012;0.009614419391868656;0.006067859192143874;0.0033278233563586667;0.001752419364128653;0.0005580692720333531;-0.000912048309861653;0.013474889418452;0.0076660093321053785;0.013065872292642555;0.00903436033128331;0.018324460059005815;0.0018029552309037054;-0.0002361360525497918;0.01582025308251168;0.02090934070164486;0.00234504161414019;0.0020233979271537406;0.01232230435688318;-0.00014369687475848623;0.0002650119991467278;0.006877025524071691;0.003732274084168323;0.004209872586654335;0.009694171800710211;0.0036010177192983602;0.009253816131508384;0.00024388252938646187;0.011053524117050758;0.006562702413117118;0.010405443325388699;-0.00045901854898941963;0.012754481666928472;-0.0001513419120012495;0.00023861333903988765;0.009668920281137788;0.011283449678653702;0.0009987900338278605;0.0007571863263238473;0.0028370889639441443;0.007623054888284575;0.0016710785822366112;0.018950465162761727;0.029470770645128232;0.0022966647118797087;0.0014681870231676919;0.0037123017366795987;0.0023258399861804343;-0.0007063593714349951;0.11841423314688947;0.010352504962174585;0.005730777226565542;0.003725521110996771;0.029856237516829157;1.0;0.0038990128447414815;0.003334869478493545;0.003486043280290375;0.0028885122248067056;-0.00039489430722105824;-0.0005790571628468169;3.60310422661582e-05;-0.0006978910329335318;0.01239723102256466;0.006048479440268423;0.0067672639442381555;0.0037557528034379796;0.006483231967865781;0.027025076685383218;-0.00016563849554927586;0.00705652670500761;0.0008763043168762032;0.009724208618067883;0.000552126144353963;0.010423505184708163;0.00014825859201435116;-0.00045900016913913064;0.029930188138984504;0.021044830563208286;0.008735771546960855;0.010631601014839075;0.0002374661663023565;0.022725678815049968;0.22522964230859427;0.020315007684301563;0.012746965254815572;0.013898724587359402;0.02607121425808659;0.013190081134933232;0.014268715187093432;0.031234511971162268;0.010156449468166833;0.010928301862323722;0.024380845991731837;0.0001467808745320942;-0.00016105400577690835;-0.012317313471543816;0.00032041842641907604;-0.00025972231558994815;0.0038814115134664278;0.028940685371416787;0.018440361314104054
art19inc20;0.004117957934978953;0.008763059531664452;0.02017697093946266;0.008576533662413706;0.016398273143983743;0.00020982192548347125;0.003210637714017069;-0.0003764625997118812;0.0563442123233713;0.020176882122383607;0.008576545583998112;0.016398143812230176;0.00021026533553437037;0.0032120704644337363;-0.00037634676521591364;0.056342505157080544;0.007317918669796058;0.0017386822551865265;0.007778290009890939;0.0021349605400118985;0.016465874325162087;-0.0015806357732226104;0.0027855199975728405;0.018632794888861;0.01062215402885651;0.014350426870371155;0.0030250226396338026;0.009833969379196799;-0.0009484981808290522;0.016595066286344176;0.03931763599015401;0.012300016526892544;0.00898317376051154;0.014655537160193376;0.017157297094277404;0.0002853876039148706;0.05439225212550841;0.017130085683495295;0.010236295465640973;0.016677325851698784;-0.00042119654651874463;0.013823846767696957;-0.0006382315192589427;0.0007956899262501064;0.02374378486966577;0.018334685293120892;0.01636643230652219;0.007825127416615736;0.0081610605861226;0.003535969323592145;0.006382945109655353;0.01794841203515975;0.01639733484557653;0.011202141521463326;0.0037322531430492;0.02198749202736378;4.1206693266956325e-05;-1.1438764379429508e-05;0.009231399754156896;0.004239621525026507;0.008975512478927326;0.0011649029833019405;0.009955714503842085;0.00013572306727175495;0.00337784896495162;0.02008938280882393;0.00920606727139088;0.015378738636421242;0.02660128417232312;0.011749502307218683;0.002661810975772245;0.021402012579282134;0.3555758523562795;0.13521162124547847;0.19809310998584342;0.0045856722569435964;0.0340152196361856;0.0038990128447414815;1.0;0.03230334938987036;0.027994908967113655;0.016997011039703847;0.007269525013707348;0.02469874933944072;8.40794077076117e-05;0.011797006845114238;0.019918334019015316;0.014266686241791676;0.01443836071518101;0.0016392553333989864;0.00741170694587721;0.0006614713495557152;0.01048951608988347;0.02199329490546201;0.0203494504214057;0.01288653585325983;0.0031816722539433654;0.003746243373604862;-0.0007483062582585225;0.006218833825891215;0.07134143619514234;0.044113404975428726;0.038903589443975616;0.010124258084002599;0.20754396125099334;0.03036170313307744;0.0010185160253328128;0.09222949449483984;0.00407993594747172;0.004074725464459114;-0.001178726376257924;0.0033707397034098124;0.0035061354738706962;0.004349782315053203;0.002661872816918293;0.002575054333385003;0.0004385489816443659;0.00026551033669447986;-0.0012674617935213807;-0.028352241679276368;0.0035610652103729916;-0.0005303146214733234;-0.0018614539334074747;0.06947455392630858;0.16600824559748034
naf20art21;0.06464763478139042;0.10782477984960905;0.3790976617238076;0.2575659948609746;0.30958371499187126;0.06892490063090909;0.19270643020079023;0.004247072322367824;0.08002784138758774;0.37909808538924866;0.25756794918084597;0.3095844693447385;0.06893641395564712;0.1927256272868601;0.004247611212496074;0.0799694622796296;0.23150890817983957;0.08791186937252182;0.29941446067750216;0.1492398752400529;0.1589084276132404;0.00015043466446905372;0.03183022083499795;0.33934494494439393;0.18284909757525183;0.34402701463969787;0.12970361436710395;0.15344172090656907;-0.0007930334890547451;0.0673664346851376;0.25863908348048903;0.12969085229202387;0.2981157511343652;0.11343482465572044;0.15335845908576642;0.02183099054059024;0.03223209104588951;0.28590734695730663;0.12995288713121866;0.30300724021888237;0.11143591066872524;0.17896540349415976;0.016966150985883117;0.05853580441946137;0.33320613096386564;0.20494389048900966;0.31648683865691857;0.0887272200420751;0.1982403687607096;0.0037254303627036367;0.03847990480421727;0.32283212370324144;0.18049628773512957;0.3245760466809221;0.15410946831733924;0.1838023419669605;0.00741877187205939;0.022265692277946957;0.295358817978505;0.13882997703202377;0.31401979785792145;0.12335120884136633;0.180526729429994;0.017580201644696525;0.04963194098483095;0.27740202283367094;0.12881077456416512;0.306064607317638;0.1366611002718857;0.17269272191935062;0.0403818985325147;0.019310844332402908;0.2843209573303306;0.13711651257120247;0.31659646595895186;0.10295024986562962;0.15235544461505574;0.003334869478493545;0.03230334938987036;1.0;0.7192975659666762;0.7687781337531937;0.19845398896797004;0.4654361112417463;0.18046053848622776;0.22323121707506743;0.357367808179786;0.22696356934712444;0.3341111621585253;0.11496014490597556;0.1508147822870952;0.01461442209379417;0.02995046143852353;0.3622506956638981;0.22902504596789988;0.3366663522600726;0.09729353513818542;0.141908098562319;0.008424698926514994;0.02895806134206407;0.6022280212982525;0.4634410844902065;0.5292403259937268;0.25945541278379275;0.13870843491767923;0.44195845073294954;0.06393448032646898;0.33824613113942326;0.1529188282121811;0.15972352095923328;0.1341339669397584;0.13872973437796046;0.14654082233949806;0.2367873173669819;0.10455010941217384;0.10714158426264116;0.14076448369375516;0.000940120738655183;-0.001340029282958821;0.005315260095759851;0.03473548146808817;0.0013259532317235695;0.05653114930677421;0.603252695782731;0.0709547740832048
art20act21;0.010465490152764068;0.06356456635126106;0.3459528803743397;0.35562685504875213;0.1253922191024201;0.03026499057920707;0.11492368012695664;0.0014109112460931057;0.045573397753264924;0.34595297656890367;0.35562771499532614;0.1253923340955137;0.03027080536582381;0.11493311030767099;0.0014109923001459775;0.045544412477684315;0.11817550862134212;0.05718416093941162;0.12435740659964442;0.08610617126097062;0.11038451035915896;-0.00030082362591516006;0.011898973754021908;0.19480907745384832;0.14814756674465002;0.14899794723809665;0.0701321440721897;0.10018850254430957;0.0006655602070845091;0.059939317671680044;0.15738580859750037;0.10768519529036986;0.13007347853816753;0.04986697381246759;0.09675111788088202;0.02190816333969482;0.034680336062137204;0.14582052346964805;0.09450249257607399;0.12261889404027054;0.05907527334533502;0.09629454811962423;0.004080071108631102;0.027161742643412597;0.2315567688114718;0.22213596952618558;0.13815547293503908;0.042915230053406875;0.1219892889303218;0.0028405541572117388;0.010182908108611274;0.16315864435560729;0.12412638193385722;0.13273339013809135;0.08987810418055867;0.1049989066170534;0.002231245369893395;0.007886917265679076;0.150445628494894;0.10823708773261889;0.12459589527093466;0.04471008137657531;0.11456097395965553;0.004801188322150733;0.01647500095601547;0.13579242180151624;0.09152022518190417;0.11601099287242309;0.0546567962490281;0.1133060558010417;0.015177827933007653;0.006219715087505988;0.1650904045402909;0.11029780673606636;0.14250543295695928;0.0539600535802382;0.09891932235775408;0.003486043280290375;0.027994908967113655;0.7192975659666762;1.0;0.20771755872955733;0.06750769840793204;0.17735359574420173;0.02692934873386549;0.07398743536270896;0.182145564296612;0.16162570954185657;0.1343507837036446;0.0536780052988285;0.08545479762794869;0.009598264118866601;0.012853637775920933;0.19069228870704297;0.13867349561058342;0.14927692302885123;0.04291790661638297;0.10502417961704462;0.001922550049430863;0.017015748876951592;0.38690003299657966;0.47860080718945025;0.21008895599545624;0.12095829147843173;0.07755668532376003;0.25522081835164795;0.01707844049507232;0.24649666988721042;0.08615350162142653;0.08968901362691417;0.06797383400210075;0.07828435778491696;0.08236093695302354;0.12501897409081367;0.06680779433112434;0.06893377154589654;0.09962420154332526;-0.001322367666788892;0.001906862555356196;-0.0029410002532001232;0.014659457846142383;0.0039674659643302935;0.048280682914688094;0.3835632452317895;0.05104630156800629
art20hab21;0.09218033892356951;0.10551543109916203;0.2768003296409988;0.09103909024862981;0.35599732433233827;0.07559907540586805;0.18327719541026963;0.0003302884377072968;0.07394378869193287;0.27680086947054056;0.09104114268665814;0.3559984563552542;0.07561125739341004;0.18329802566117298;0.00033079584752007327;0.07388165788837213;0.24622019566063288;0.08228224831536449;0.347097224026589;0.1460250452171202;0.1387342694096013;-0.0015131430107469311;0.03558615844143561;0.34035749513183483;0.1428888631103727;0.39125770826867773;0.135712826968375;0.14179336579869728;-0.00177143460451579;0.045643019251999;0.25292261239138625;0.10093029374677806;0.3395395896436547;0.12788023237581675;0.13881005950575817;0.016115752663041855;0.01822431748806222;0.2957108739255808;0.106830640213375;0.3515642915825032;0.11565845207408462;0.17430507976652046;0.015188500773867835;0.050977196307780914;0.2945435596687746;0.11834067695521956;0.3592761278382307;0.08855525993291909;0.17734562487940222;0.002881930504468292;0.02541215466048171;0.3413412962226847;0.1558194905839527;0.38116421517664106;0.150072548861453;0.17556733399941657;0.004037848327753483;0.020213032326814866;0.3104698561874494;0.11318382719984227;0.3681739430749752;0.12080090384866536;0.1656601692959968;0.01710459096553784;0.05762579224182572;0.2975044139302275;0.11493183621666717;0.3601516796788502;0.1484462416327048;0.15361188252006458;0.03026107102500297;0.01986438560754149;0.2809017014288592;0.10565521592145309;0.35658099027203427;0.08315576934198585;0.14141112229710784;0.0028885122248067056;0.016997011039703847;0.7687781337531937;0.20771755872955733;1.0;0.14847522278661213;0.25651715259519037;0.04954453739960827;0.04787824671413432;0.36001465779423913;0.19006215116703046;0.3750511803877027;0.1255386078729755;0.13309017666980416;0.01014124158211222;0.01686965441739758;0.37400251519313005;0.21527055716127202;0.3817669961555905;0.10218431976501478;0.109872064281942;0.012421573532940586;0.026149109430464747;0.5567634797152973;0.28123784207112673;0.6187577602850641;0.2600682043530913;0.09680817377996556;0.37216076104043394;0.03173964295070141;0.2807615424396613;0.14957392870707192;0.15633340024383863;0.13383958074584193;0.13525653555423373;0.14310434195666635;0.23688953723423548;0.0954363085099862;0.09731114634913283;0.11839205139689668;0.0022036171597763234;-0.004184752225097268;0.012704401938048787;0.04053835007921587;-0.001295594734061898;0.04017027513727283;0.5614269060234117;0.04596564252377858
art20mix21;0.01771270942538921;0.02849690483017158;0.06016437782537558;0.020248033872513498;0.0721871925199072;0.020466032228206157;0.037756015713703725;0.0049947910312430465;0.03456716685789148;0.06016440898159126;0.020248543405500214;0.07218717243156772;0.020468804944873915;0.03776065184449148;0.0049967746269754644;0.03455293645009524;0.06188539179728745;0.022798712426877185;0.08326240723893341;0.045121862133896205;0.03152688874650651;-0.0006180027738895752;0.011151559912890505;0.07298494004553434;0.03013120303156525;0.08454380376063957;0.031854638009640425;0.02859761398226984;0.003253970806981248;0.00827418170576585;0.05367825369151686;0.01575774391141817;0.07471754219211325;0.054143833404031456;0.03868082287288594;0.011458096705256824;0.0028896891096394056;0.07009279411451672;0.0294917334810286;0.0768033118281945;0.06771378605449085;0.042252810959615805;0.000992972033353426;0.006746123754125694;0.07681948628612507;0.032631186909911854;0.09053344080018479;0.02976983405295033;0.060394894090405965;0.000656846793086105;0.000619913339095209;0.08104825635425038;0.032244226152153194;0.0887123500105231;0.09616336690978879;0.04076736507581101;-0.0006090395929646697;0.005420563278496478;0.08761746225348063;0.018389187124235894;0.08641283472937564;0.2874141628319041;0.04949307027148258;-0.0005106088484878448;0.021005092423189407;0.07413197089934828;0.027803381999024854;0.08558102896798407;0.10860362478123493;0.03640127713770131;0.016171745020323366;0.0033036070706751685;0.06366181120114595;0.02149387178664696;0.08111242171892762;0.05937547965836993;0.022760996285263162;-0.00039489430722105824;0.007269525013707348;0.19845398896797004;0.06750769840793204;0.14847522278661213;1.0;0.032936127609778175;-0.0006635152454706908;0.007461728581555151;0.08013102174769667;0.03441353216010388;0.0854445910936607;0.070721505335736;0.028209735222052508;-0.00103647994390583;0.006628397084968161;0.09005248616175295;0.040400825428104144;0.09520664757193603;0.09125985591864683;0.03302498735652122;0.0011638684752164315;0.014132552607142069;0.13269905906470988;0.06309954553559668;0.13340890007215178;0.284703414839722;0.026803892493315447;0.08344207928966808;0.003231863727119285;0.06449424620519151;0.04579131822273868;0.04806071840752537;0.04606955172030812;0.04098165548677004;0.04351247951091254;0.07573730933434125;0.027884069928881462;0.028371351403720445;0.033345791232042905;0.0014706564945318446;9.570749844467336e-05;-0.004777795342986974;0.009911016041700436;-0.0006190915296474972;0.022547028982463732;0.13389728485539398;0.016206247736060532
art20rou21;0.01589769362736461;0.04849778601095206;0.09837672536956737;0.039186070428146556;0.10801896495398283;0.026716465933680072;0.08889180859798232;0.002619310173957557;0.036950864634295456;0.09837685715860331;0.0391870123262528;0.10801924031384441;0.026720426036430496;0.08889869284791282;0.0026194561171086054;0.036927852733767016;0.08169822272155522;0.03269599019923088;0.09706939234697198;0.06471835416455662;0.06652844819631686;0.0024646918760944363;0.014036444177367985;0.11913840455926979;0.07387676720497899;0.11092356701225471;0.04403450275747183;0.0648543777591841;-0.0006332227665944646;0.017515978817326052;0.08827641924540057;0.04537437565353915;0.09987685664775507;0.03643882455432095;0.06957133287029835;-0.0004748782330807132;0.0073708063870050675;0.11554393011484979;0.06166267125038644;0.10166232828338741;0.028771857588682066;0.10121539046210269;0.007868729827454424;0.03608360128314257;0.11496976919831303;0.057227856530419695;0.09999222413477821;0.04502078305954754;0.10655539695533583;0.0016589449589652465;0.039795167442958586;0.10719118233632843;0.06217272355554715;0.09758279632992868;0.04543017652126577;0.09133293630571847;0.0019972944567852938;0.014934583368880906;0.10798965423907286;0.05340510939613659;0.10376233634855464;0.03912396893978907;0.08253736244873452;0.02082169019731868;0.013145412380356084;0.10204213463028963;0.046742945788632854;0.10865959346755764;0.04756724173293212;0.0806258763940456;0.019497844986759577;0.009968097578197603;0.1018826933081225;0.06415835455600387;0.08839948956023173;0.05141472196690001;0.06457677812821175;-0.0005790571628468169;0.02469874933944072;0.4654361112417463;0.17735359574420173;0.25651715259519037;0.032936127609778175;1.0;0.0659788646955184;0.05166177125540142;0.1390991545180608;0.09214608603373801;0.1251651540590775;0.0360272051314517;0.09895389037327107;0.003016204402005888;0.003904759137018364;0.14240896947183138;0.11068811466900871;0.10569244053147417;0.03019232916027495;0.0787600488471118;-0.000643292216278768;0.002795691155970175;0.21611519112574765;0.1410520801717798;0.1751035617519025;0.08888277405065736;0.056096520779854164;0.3586004122251136;0.03169582322390866;0.14263017781972223;0.07154262718515923;0.0750087603927915;0.06995239737212666;0.06581071103968247;0.06956947449295317;0.11372117263037369;0.04834039024266655;0.04961216360295869;0.06659899552792214;0.001212798909550587;0.0009052542221937126;0.0008709380351485303;0.006791824066016253;0.0008900322500979632;0.027678485796268495;0.2176625602081355;0.029711922187257798
art20fer21;0.0026369806205702646;-0.0021697414083276375;0.00263226928215223;-0.00021154545862124512;0.00303725820978923;-0.00020607411695958058;0.0017568038624513613;0.020147370351841373;0.0021495261013045252;0.0026324109962356916;-0.00021132701094827322;0.00303719817187815;-0.00020579811586314347;0.0017571199489031875;0.020147353432677102;0.0021488818494965894;0.003656398602183759;-0.0001694838674323481;0.0066917307871326055;0.0011518711396057667;0.0033672568454881286;0.0033987394091780612;-0.000643763544096819;0.005420310127489509;-0.0002495621938760909;0.010232526547697133;-0.0008014670066190155;-0.0006715366704501161;-0.00018248041156936588;-0.000947698883071605;0.005427093660655227;0.0027990735450802435;0.006965518056655306;-0.00047174459482785924;0.003915281074542232;-0.0001949189185592851;-3.281218945489863e-05;0.011331735932651014;-0.00016657791459383483;0.008145015126907464;-0.0008097916287737885;-0.00017874726156711675;0.035142749682830134;0.021962685859421054;0.002471690987973598;0.0022258551204394194;0.0017617619232484325;-0.0003301053458001602;-0.0008550321863750642;-0.00012435033462729236;0.0011033154111880978;0.020585773802691505;0.022220718816352472;0.009815684512364626;0.0006873152498292388;-0.00045968701433456074;0.029295110265759632;0.0037345657819689514;0.007897842501208457;0.0001287583336425685;0.008560013378072611;0.009109834492315571;0.0004916841740266027;0.008760702410963108;-0.000398285937084349;0.004639267183575278;-0.00014372349432667763;0.0035899014610374443;0.006372433985636095;0.0005728461292359914;0.07787856902048061;-0.0004324708677168782;0.018432306211925483;-9.371832341244237e-05;0.034133611765189746;-0.0005163217043559249;0.0026444261236858915;3.60310422661582e-05;8.40794077076117e-05;0.18046053848622776;0.02692934873386549;0.04954453739960827;-0.0006635152454706908;0.0659788646955184;1.0;0.00014326353740412237;0.017304140003760897;0.016285556195446402;0.004926830270423518;-0.0007625903962641637;0.021981448192888185;0.025303128729949702;-0.00027987208267618796;0.009464944380423347;0.004017434075824264;0.010607378533285153;0.0026212893643983897;0.006708616565659771;0.0027244287507642248;-0.0005846396874334688;0.029482111112864244;0.008748035378079045;0.01654806747365357;0.002194625836258733;0.006048918563641015;0.0180673090983642;0.24054886800242622;0.012314407470361931;0.0007548722868582064;0.0007869644940099374;0.0006239666066132752;0.0005972834485555578;0.0006259915011714632;0.0008933168212799409;0.0002266392167738568;0.00018292095297636984;-0.0007104380943227137;4.1577987264115246e-05;-0.0002175065590133374;-0.0028545364729208635;0.0012581177261473807;-0.00013023768415873442;-0.0005125674929466703;0.028746363798918324;0.024551755174265215
art20inc21;0.004676557465279187;0.0033515700016740722;0.039999547991028644;0.013036764059618148;0.051877582431168356;0.012377894964987087;0.020620975922233612;-0.0005090497749873922;0.015268011412383809;0.03999962779768134;0.013037057704992819;0.05187749538902618;0.012379636032870204;0.02062251615213425;-0.0005087853361616439;0.015262296200367221;0.021024474027501534;0.0060246460600324415;0.02810646265957118;0.008920780012705345;0.01566196164079281;0.002193692917743712;0.008135045432570022;0.04126223566528175;0.01588948151798777;0.04356954417049812;0.012167267067410443;0.011101056745449575;-0.0013635146510277793;0.029492169668961926;0.027307966027613737;0.013043472113556843;0.02781626734065117;0.007254620300289757;0.020224143965559535;-0.000757492501974383;0.007571779101421872;0.03672128593710634;0.01410736197963224;0.03694661301203832;0.012515401903451127;0.014050447544062396;-0.0005621792544023823;0.025518786154299256;0.051089129152903;0.008770123965569405;0.04208537591803016;0.019854054437575888;0.023058711619867292;0.00097983555991092;0.06906245686168501;0.04217971845742419;0.03428374690340386;0.027811409277902373;0.015572524557495308;0.024447676831818997;-0.0008836145993335495;0.016547720360343063;0.03065451740913238;0.01478455441275943;0.0311375487307927;0.002284965046673801;0.01295046614573264;-0.0015529081467234194;0.02195153739901034;0.031126107365691706;0.00649697115410476;0.03847444640932075;0.02032908442118762;0.020653563239337747;-0.000874315719925863;0.015284105870630098;0.028715791224693105;0.009107407786248153;0.03018615166666203;0.07582538050330986;0.010187101821809286;-0.0006978910329335318;0.011797006845114238;0.22323121707506743;0.07398743536270896;0.04787824671413432;0.007461728581555151;0.05166177125540142;0.00014326353740412237;1.0;0.09334101461301168;0.03914528655118697;0.07953195052203449;0.005908347296511963;0.01650394196738918;-0.0011718115022011186;0.0828974072958904;0.03602553138405127;0.02025983450835971;0.0316901816403371;0.013680257690218018;0.01353237918246304;-0.0008456228346099859;0.021215300995120107;0.08307427811074035;0.0399602528143565;0.06278218670800556;0.03492349395454956;0.18288892990883276;0.04541249555383088;-0.0012455298424098574;0.043752380655574304;0.010423407496967465;0.01109164851751267;0.014350061650163271;0.009820275897484613;0.010511989031100321;0.020358359691287513;0.007449976873339364;0.007872357693606849;0.01492396802890218;0.00020792078844366423;-0.0007620715842788247;0.00028367540990447646;0.00702270289958409;-0.0010206189303056943;-0.0009349476421360123;0.08189025276299981;0.04393894783282671
naf21art22;0.04733878821982381;0.08346842923284188;0.2550361883031328;0.10024633334457644;0.29738854160979056;0.058805905626178906;0.19234187569464134;0.006953933927665874;0.07595083329333895;0.25503674923177605;0.10024807685397082;0.2973892323478255;0.058815522393909046;0.19235858733627728;0.006954457186418654;0.07590152855001418;0.22543268316240267;0.08151836178888057;0.2934701110200034;0.13288757655987582;0.1513462536320262;0.0053346339514480125;0.047304465597498624;0.3211185511487241;0.17281918387384992;0.33333821114197093;0.1133919191187279;0.1428665748456605;-0.0018232558528054365;0.045631007522823584;0.24234889075043095;0.1249409874027517;0.28186377068446056;0.11470795758838062;0.14198891887739673;0.015895538329987528;0.023018582279088377;0.28124004775352995;0.11904211814365012;0.29388566015029477;0.10517983141650189;0.15015113813644768;0.007648198656232908;0.1097361895216604;0.28324555070410146;0.12729782134692466;0.31793125386518495;0.06530999217883793;0.17913524217715734;0.03549863992528216;0.03394796089300123;0.3120487485242044;0.16026732274621336;0.32294988329393115;0.13079159045526484;0.17165646181632596;0.004843013782985398;0.037780640711023286;0.2588578081723494;0.1264164505852666;0.2806565399047649;0.08740037763908165;0.14091364109911578;0.010101363244930132;0.03934261883557708;0.28311569796639713;0.149303905761163;0.29435248924740653;0.13563693749437547;0.14691255142204984;0.02752205660490039;0.04309935674532023;0.2402290097080172;0.11637786064926477;0.26731989363842157;0.08348820070341116;0.12971985199435995;0.01239723102256466;0.019918334019015316;0.357367808179786;0.182145564296612;0.36001465779423913;0.08013102174769667;0.1390991545180608;0.017304140003760897;0.09334101461301168;1.0;0.6580010154303898;0.7988626181774844;0.19870805662383803;0.3925035054253683;0.23336118299322717;0.29863656601833105;0.33472726189982355;0.17862250348371964;0.34900897426644106;0.0983611732940856;0.12724882444748428;0.0032615433259297276;0.03810622982401917;0.5477358054089667;0.34862480408329305;0.5268303908450833;0.22608788194067014;0.19273775813591243;0.37743915500858666;0.09718904545349981;0.2900413241653075;0.12293094991940642;0.1285506812934058;0.11163713995220129;0.11051324240213287;0.11704381355269274;0.19662419398610412;0.08350688687569112;0.08580092224120477;0.11704652539970856;-0.0014643027351282675;-0.0027078258225920414;-0.004224512217845006;0.03615434642073995;0.0030793942825610918;0.043409556093011815;0.5491671708048982;0.1101585135491096
art21act22;0.003477717938101316;0.06032098439927703;0.1472393094087278;0.0791524230151684;0.13487819180065383;0.030653408267912133;0.11951034814610359;0.01233756163955125;0.054611526078302525;0.1472397270509456;0.07915341566033672;0.1348784924096402;0.030657938971140115;0.119519254999603;0.012337711206845028;0.05458689613812176;0.12270528129576504;0.057357266760694955;0.13024042007896333;0.06819519553585046;0.0961936205429759;0.012533496533003397;0.03069707064714013;0.19640932759008026;0.1484801962242865;0.16110669922779217;0.07227139396141653;0.0984012556076453;-0.0007652337945294592;0.031673732526313725;0.1363260896173022;0.10320470417308612;0.12368073941743686;0.03412335104993238;0.0812874651467476;0.010410095495137063;0.0076607617908206445;0.18572969975230424;0.09546236113227516;0.14852336198588004;0.05130524121933679;0.0898196983091152;0.009131656710243742;0.144273422261382;0.1840843154254935;0.10564111090339955;0.15521106026953244;0.03987513483115511;0.12908263327366096;0.06946800208503941;0.041581089618536876;0.1734371115148792;0.1268837245873232;0.14081971158095663;0.04333901997449901;0.11889377350829823;0.004368737841698611;0.0288637132969458;0.14122800626744725;0.09187545563355758;0.1232321992581031;0.047854012871007164;0.09367505375626124;0.012553880485756754;0.02068257184282918;0.1796306788912389;0.1355815025463841;0.13926521551781296;0.07299907553397346;0.09664296485681732;0.008394862092299402;0.046631557185502395;0.1504978716831212;0.10222859505483399;0.12874074127281718;0.057573895131516374;0.09550684352711819;0.006048479440268423;0.014266686241791676;0.22696356934712444;0.16162570954185657;0.19006215116703046;0.03441353216010388;0.09214608603373801;0.016285556195446402;0.03914528655118697;0.6580010154303898;1.0;0.20804298655041586;0.07714206991158447;0.17669534444626114;0.017923468896074282;0.028753617838986556;0.21672020994031282;0.15446325423750806;0.17585511345622395;0.07086116754768311;0.08980528630665509;0.0050133605722926505;0.023888861769078118;0.3343321963325412;0.3351369357255416;0.22913230369746368;0.11320060989890506;0.10763594569683135;0.23773776209530195;0.044043636155089744;0.21560090705728438;0.08075756497124152;0.08425195758867456;0.06830977187074949;0.07330877898120887;0.07734173066646344;0.12267281453849767;0.061261388623182485;0.06307281959345765;0.08851166923878709;0.0020466763795474463;-0.0006577989727784287;-0.02457569507388331;0.02127827016081063;0.006690392742965725;0.04291806058571918;0.336384999777502;0.05844090938092769
art21hab22;0.06292567143363402;0.07213093043574585;0.24728671183989132;0.07921879856789017;0.32146718900116134;0.0588690276110878;0.1720348070191994;0.00031165824415131557;0.06402313407356794;0.24728717304375294;0.07922048350281924;0.3214679741215211;0.05887918821624811;0.17205195318863034;0.00031228266083877844;0.06397186950597966;0.22146561930827258;0.06983464182419069;0.31388393595092573;0.12810107138611623;0.12991447866667732;-0.0011381955523128652;0.043331077127754095;0.29744654052206204;0.12406420548682208;0.3472308864982498;0.10839433102785931;0.11539526520884733;-0.001716180030243559;0.037140362133817724;0.23947855678692873;0.09699467911043622;0.31091517986459716;0.13938279792853983;0.13877073193063133;0.013995279281482653;0.02249738696192279;0.2582735402836534;0.09266074189723876;0.30772829788166806;0.10608491648632211;0.14235826182752773;0.0037065994455273994;0.051609905526731295;0.25597272517047026;0.09313838023127861;0.3322807298405375;0.06064111660622848;0.14791355976819773;0.0011066454440434124;0.015312597769885382;0.30994987777931604;0.127346624882632;0.3546094618785874;0.15886209992611255;0.15304132553785849;-0.0021782700133758043;0.027446276159115365;0.2557072189686444;0.10446583808775257;0.3068710998945784;0.08588397387950421;0.12233211262032191;0.00491436305767777;0.02953733651457664;0.2639926472247388;0.10645925983062515;0.31364060463768867;0.14228534330107834;0.1335843901733873;0.020946360412822617;0.02241389248589028;0.22603807760952133;0.0876765743732918;0.28390920282688453;0.0720650948552047;0.10602391766873072;0.0067672639442381555;0.01443836071518101;0.3341111621585253;0.1343507837036446;0.3750511803877027;0.0854445910936607;0.1251651540590775;0.004926830270423518;0.07953195052203449;0.7988626181774844;0.20804298655041586;1.0;0.13741615026324847;0.26901574748253604;0.08733641829175638;0.0339860840622864;0.3031810282326072;0.13988518268238095;0.3483387033826791;0.08679158073442252;0.09916376115563726;0.0014722259699152013;0.028778066274151547;0.5058775222058326;0.2375348778998994;0.5773022935498058;0.22204590948260036;0.09914791038246333;0.3234702260638946;0.03357066273712768;0.2327602761540971;0.11250248035293396;0.11781449449864702;0.1064721441119144;0.10085004131823189;0.10699278181771309;0.18418084896626752;0.07150955520227181;0.07340705363440864;0.09885231117301457;-0.004373557607603057;-0.003213507600490509;0.008670044009741395;0.03426699895029043;-0.0014898541352728269;0.027835544386226232;0.5066324621087499;0.06034590541980156
art21mix22;0.02293529930127311;0.02826923529991841;0.07690947715509917;0.03399531061998764;0.08454619742377055;0.025894219322757824;0.05688456402674079;3.572686223919724e-05;0.01365904644672875;0.07690969874461842;0.03399587521794036;0.0845464334384266;0.025897452964787793;0.05688885530801616;3.593643290823672e-05;0.01364463154428634;0.07914316000578589;0.029188807576642783;0.09810752567820422;0.0795552801233954;0.05918189210955214;0.0018637935951621378;0.014275729833956191;0.0979184544347362;0.050080474755551434;0.0990598278691541;0.046305281627464015;0.05505531042691797;0.000713313387547262;0.013656282677915802;0.06442261887963702;0.020458366202367722;0.0832688281923941;0.03360048410869197;0.03047354625588608;0.020349721401209324;0.015124500092997144;0.10040739633030701;0.05048667662536506;0.1062801945052422;0.07853058285175502;0.04963933989137546;0.0002791292215336401;0.006973645718686241;0.09007127913984196;0.03949681864606927;0.1043005625987435;0.027822844056154993;0.06205424487149651;0.005759272771335577;0.00512078757805527;0.1089306463078904;0.04169165615912779;0.12677686445326258;0.05607822804297925;0.05554650580377009;-0.0006335188121757226;0.010161118802964251;0.09742389783722713;0.05296282503273195;0.10400332254119406;0.06854671680868175;0.04285518834102822;-0.001429762157452328;0.003778793254911039;0.08359796950321242;0.03691284752828296;0.09222207536640759;0.0632231945583683;0.06344526553755195;0.00030557875314250266;0.0007623637495872196;0.07488661734162957;0.03077718496275339;0.09104570022057443;0.04867888849229124;0.03170425489782042;0.0037557528034379796;0.0016392553333989864;0.11496014490597556;0.0536780052988285;0.1255386078729755;0.070721505335736;0.0360272051314517;-0.0007625903962641637;0.005908347296511963;0.19870805662383803;0.07714206991158447;0.13741615026324847;1.0;0.10539580618146101;0.004396272210551972;0.007222680059297458;0.1156922157071199;0.045105006707182406;0.14104710384526578;0.046145117874005305;0.035121818314445205;0.0004442620146217382;0.015427979316438405;0.16406001014462238;0.09200432530397333;0.1616345790971873;0.23404006008637743;0.028679383281238445;0.11791395354154086;0.0048458476903248775;0.07350909830555855;0.04296991842157509;0.044551337235275254;0.0292676638652795;0.03820887170483466;0.04019491460562614;0.060923184561459544;0.02800365709144842;0.028576645144866623;0.0352100544696655;0.001077495308559748;-0.0003140476070522027;-0.002649174278286926;0.017016554272046812;-0.0008602363118415365;0.02228434977981787;0.16595556110541443;0.002080609760478356
art21rou22;0.01928059900645334;0.06574134498497257;0.11363615246863958;0.04732351301546995;0.11717544243449064;0.026309515098628382;0.11770511008305952;0.006446493554244216;0.04992947064760363;0.11363650368992571;0.047324530634613046;0.11717579293256167;0.026314151039071542;0.11771459288951656;0.006446686334159234;0.0499031837691161;0.10690995924370858;0.037365219655852704;0.12959464732116766;0.060251711996835385;0.10614398023876781;0.0005233513616173538;0.028711576533012036;0.14638351214774264;0.07964512447161275;0.13589207382186883;0.048580847785378765;0.09602947342752921;-0.0013688677593315937;0.039247249688971544;0.11104407987163883;0.06473474505350518;0.11791782109395164;0.046701701567276384;0.07212728862951148;0.006195779800837297;0.010845976608017211;0.11414985163042872;0.05437149893577368;0.1119691028482776;0.032514329663452475;0.0805973217473178;0.006394349937058196;0.0361035406107007;0.13568754288608242;0.08039760794599944;0.13336767907913583;0.025948186593806735;0.10661051671963162;0.0030270438500680317;0.006140276162120141;0.12243985939835932;0.06976730125140855;0.1124834009880051;0.031172490023150874;0.10675824409641779;0.004345636449375428;0.020653459674473486;0.11289309938169281;0.07314782001539183;0.10507261561298956;0.03507838913749313;0.08756118993076344;-0.0009737121714145902;0.007040200392295848;0.13033794234641152;0.07279864863901515;0.13209650284440186;0.037217400211802885;0.08155163021133519;0.027988228568939556;0.01026846897936155;0.10498060193629162;0.05925394366943158;0.10191430208590004;0.04513139211088441;0.07596707850525854;0.006483231967865781;0.00741170694587721;0.1508147822870952;0.08545479762794869;0.13309017666980416;0.028209735222052508;0.09895389037327107;0.021981448192888185;0.01650394196738918;0.3925035054253683;0.17669534444626114;0.26901574748253604;0.10539580618146101;1.0;0.10285946069158487;0.028816629913672075;0.18372537573875006;0.07039235353396292;0.22138183024848906;0.04406281518060931;0.09563416072829525;-0.0002625253796982935;0.020483104562627287;0.24108050890146315;0.15339679996497232;0.21217762427655254;0.09249693889816907;0.06211738518821322;0.3171887244793292;0.04155464588948659;0.1734688829045633;0.060983817162187155;0.06450148668595844;0.07397222817724639;0.05488837252185969;0.05864152691631695;0.11088290624005523;0.043528009406773566;0.04471461266943102;0.060821924947803356;0.0016212520621690517;-0.0009704166641455207;0.010367251679086061;0.011662535207771949;0.007253193062586262;0.034735880939683286;0.24516990369674907;0.02870855927833162
art21fer22;-0.0022222362882950014;-0.0015563519866481068;0.007802665751375354;0.006287565803862557;0.0032274203603178944;0.00326974649482224;0.010973927193613607;0.0006127991820651342;-0.0007912307968407072;0.0078026962790992;0.006287739699541354;0.0032275007098730678;0.00327020077605197;0.010974827237831629;0.0006129275931560273;-0.0007946984647786322;0.022422125983395068;0.011791552400521883;0.021453292852221233;0.02594522549070455;0.023412107843831954;0.00016023946128446246;-0.0008613960424738071;0.03913546131738797;0.019909682193804536;0.041717477894822996;0.0006329577121368637;0.028501232465904188;-0.00037858967782031683;-0.0016229511911651894;0.012805265825642677;0.010627356978382586;0.010419862996028432;0.0032261670219240167;0.01217311356790342;0.001305396714028531;-0.0005823309518011498;0.012818703286525969;0.007996974854534728;0.011536233000752471;-8.989312884857749e-06;0.014269354086919253;0.0014740165240124852;-0.000869036571506728;0.033747225032392886;0.012840689624293966;0.035678356473529876;0.01226835853352227;0.017705895675871688;-9.736635554279135e-05;0.015102807174193857;0.026190039425481156;0.024907619280151966;0.017923915124168344;0.0020535985670243695;0.004005519325833364;0.024223684492339997;0.000410520381646994;0.012348596484837554;0.0033260214293967818;0.01351159534331407;0.0019624029964578162;0.017064014633173828;0.0036472232734485956;-0.0009504448823601284;0.023573765738371506;0.023521604793799628;0.013101424012511685;-0.0009422931324947845;0.00996053429977449;0.044722054489694206;-0.00029165950929678155;0.014518716654841264;0.006213646013949591;0.009466712823449604;0.0019945597031662053;0.021217571125062173;0.027025076685383218;0.0006614713495557152;0.01461442209379417;0.009598264118866601;0.01014124158211222;-0.00103647994390583;0.003016204402005888;0.025303128729949702;-0.0011718115022011186;0.23336118299322717;0.017923468896074282;0.08733641829175638;0.004396272210551972;0.10285946069158487;1.0;0.0024487396739902123;0.02171943735365938;0.007550461729592255;0.02346750974033454;-0.0009062515004234934;0.03334516720453515;-0.00021130536307372883;0.0009600714358982921;0.0538824447466586;0.026163952241345573;0.0328717870936893;0.010052754225346934;0.0029758582248378754;0.04579932149064295;0.31368548835623816;0.027493183850198402;0.0015532180722715213;0.001766676081261123;0.005039294154947035;0.0010192432707274734;0.0012096102625113118;0.005195821361454436;0.0014523812023359546;0.0014986178095281802;0.002166180913337259;9.094359555774361e-05;-0.0003549794519856392;-0.0010790507556996134;0.0014595496174302446;-0.00036706370066511603;-0.0007766770398738527;0.0529579517344342;0.02052847746549818
art21inc22;0.009543206386822855;-0.0019224141745679275;0.027941097790906106;0.010947759532775743;0.0318818310465433;0.005337519201863578;0.024909240492238877;-0.00032861188817002703;0.009114184211433207;0.027941123751319335;0.010947811930388804;0.03188174964800753;0.005338139481570054;0.024909276959417904;-0.00032861696257808766;0.009112831831808882;0.017149589811714917;0.0049204493958770485;0.02506243259803042;0.00981394828084406;0.011208318878140725;-0.001148559435278845;0.0033242466721439116;0.0291394796265785;0.024051286418633862;0.023184413802800164;0.003028861922106578;0.011950556709184195;-0.0007439692218880287;0.006623234296403843;0.019792998864063275;0.010308675765030965;0.014826928366050516;0.00638236248691783;0.008686864644161015;-0.00083085653639215;0.011438242248514537;0.020276069335591944;0.01176823052372923;0.0183124358353873;0.016274518688082776;0.006072199955078173;-0.00047498585080959414;0.0069209313065108306;0.017828603140895804;0.012258737358811637;0.015188095128080883;0.0028044846649595096;0.014311188003919935;-0.00012695458171230807;0.0015538999405341496;0.02192338489876375;0.011400646151147416;0.020923721097575836;0.004787208389496637;0.0019213767408765637;-0.0005440070054732311;0.01256354227151054;0.026201800273991136;0.01270738074214647;0.019491136480904638;0.003997950926254301;0.009460525244553186;0.0015552102876422286;0.036752923474486124;0.015854930860735986;0.004702794774144984;0.017341495404416988;0.005710468595585767;0.0012664536008597988;0.000267009521238717;0.01849567188919348;0.016769074270599704;0.004554360465169482;0.020780551586229313;0.004965966503368783;0.00762121796794569;-0.00016563849554927586;0.01048951608988347;0.02995046143852353;0.012853637775920933;0.01686965441739758;0.006628397084968161;0.003904759137018364;-0.00027987208267618796;0.0828974072958904;0.29863656601833105;0.028753617838986556;0.0339860840622864;0.007222680059297458;0.028816629913672075;0.0024487396739902123;1.0;0.02045405592582216;0.008498271918682682;0.020011346611809637;0.003656624680415205;0.009754151047210077;-0.00042560864923982256;0.018516076862958246;0.06660620613144255;0.025723138185430667;0.034804105829062223;0.013977695724642147;0.2621589249795441;0.026715479940264082;0.0006522685302426381;0.033774649903050034;0.0088452548822143;0.008916804719746324;-0.0004450931473435753;0.007614255994082576;0.007960074585732555;0.01084613613011903;0.00512971900909085;0.005236358458779697;0.006484357881195711;0.00027302607079091826;-0.0006144360256310499;0.006135998624338947;0.005298939280112215;-0.0006549533180355482;-0.0010898073016039032;0.06485568537913562;0.14121598179375877
naf22art23;0.04500805440024317;0.0836949316922553;0.27891003297969097;0.10076080295153039;0.3333104420009649;0.11977189661992761;0.18719421687508653;0.003231855155811371;0.0829843399011718;0.2789104828171458;0.10076272864657912;0.3333109816666603;0.11978206258297577;0.18721077334660952;0.0032323431463096826;0.0829323947676477;0.21008215124056046;0.07588259405101029;0.27577774053648435;0.15623354924434;0.13395838484063508;0.0039758815409240145;0.036321326036093594;0.33781403344125;0.19951352593369034;0.3250145676854186;0.14485159758572708;0.17263706070896717;-0.0017706292539223496;0.04946907041925792;0.2543608770352456;0.12812584282182027;0.2960949162828034;0.10692900676795491;0.12787809124339827;0.029058576998489575;0.034317921452230296;0.2598354876958116;0.11172359615065874;0.2857038801294437;0.09565574848161588;0.1581350889517462;0.0056940134858955984;0.05243685277406553;0.2681828648329169;0.13279639566874718;0.29641306828927777;0.07409784707848928;0.17286191991276065;0.007623849045200564;0.01853767769710649;0.2861024802115717;0.15480344124259957;0.2887438282623521;0.1492040773774463;0.14602009608179659;0.012773753028242723;0.030921126077792654;0.28144383290548763;0.1189667133819689;0.3163426709609624;0.10941424583325494;0.1705872379779763;0.014029891083901552;0.044043205508962485;0.27485827690843834;0.12759327686069333;0.30140534653624945;0.12571369621080639;0.17659723031490437;0.00992737933558468;0.029875025518515032;0.23898859941413908;0.1145688486049483;0.2712000640511864;0.068414791421404;0.11981147956988622;0.00705652670500761;0.02199329490546201;0.3622506956638981;0.19069228870704297;0.37400251519313005;0.09005248616175295;0.14240896947183138;0.009464944380423347;0.03602553138405127;0.33472726189982355;0.21672020994031282;0.3031810282326072;0.1156922157071199;0.18372537573875006;0.02171943735365938;0.02045405592582216;1.0;0.7938900636617287;0.7118018890885947;0.17773416027126657;0.3577239047054159;0.10725832304737357;0.18474623869562157;0.5504399448627574;0.3878303800441778;0.5130283081874598;0.277644351666345;0.12914758335634724;0.3851740849539747;0.040555363494890376;0.2627538261848215;0.14419198042442924;0.1513743024415277;0.145990823982992;0.13355758301025192;0.14162881439181932;0.2422657670283455;0.10094581948007623;0.10404602896317829;0.1482230884266446;0.0023835267879138023;-0.002909897181236124;0.015137976293349117;0.06644810984030658;0.01867674196434847;0.044316031095700606;0.6149503434827313;0.13765939556695472
art22act23;-0.0009306808504310828;0.03844438950382277;0.1569634996280749;0.06820080969580604;0.17046773610846938;0.07968453042914553;0.09540105211729481;0.00179494001927751;0.043698254625361296;0.1569636059466262;0.06820178549538734;0.17046764108795234;0.07968951695361276;0.09540719166294641;0.0017953502122636982;0.043675129567329544;0.10446971780587931;0.046807238331814355;0.11795431138476593;0.11173576323822838;0.06831780632488033;0.009482514308690203;0.014104776011949231;0.18273344484672027;0.15294711174249906;0.13700342446293312;0.08528615349829186;0.09309867805840606;0.0001912145010953538;0.021482602779436914;0.15768779073595335;0.11261936296788366;0.14539546865117237;0.05086258345772655;0.06110700189572222;0.019201715157942247;0.023079821497975356;0.11825057895855416;0.06901827599580562;0.10317894426680678;0.036450954673704225;0.07737332642951872;0.0011990316844466152;0.03766345950187253;0.14042190586450645;0.09795801271386415;0.12237240732636358;0.026501011444179635;0.0874923363772189;0.004319239151758073;0.011028387024390685;0.129959052971422;0.09783240604225876;0.10739820563854613;0.07013376516619915;0.06752293928379961;0.001186013040387913;0.012330735158798211;0.16436356583052772;0.07628676557261754;0.17596449587622462;0.07698720368434803;0.09572576315213287;0.002152061322686397;0.03885121601527356;0.13692861848928178;0.07522000515633355;0.13452537727794803;0.06184584350792601;0.11299410408991001;0.004596615587109601;0.00844090727777297;0.1319131392827011;0.07552771800473465;0.13296849551998266;0.04156062984780086;0.06558185717198382;0.0008763043168762032;0.0203494504214057;0.22902504596789988;0.13867349561058342;0.21527055716127202;0.040400825428104144;0.11068811466900871;0.004017434075824264;0.02025983450835971;0.17862250348371964;0.15446325423750806;0.13988518268238095;0.045105006707182406;0.07039235353396292;0.007550461729592255;0.008498271918682682;0.7938900636617287;1.0;0.19005770832737562;0.05545525242170029;0.16234784698521998;0.015456425765545227;0.014479136959505435;0.3237017977702007;0.3338180940274307;0.2265236160712576;0.1520980361555851;0.06324077390482752;0.20259173207023676;0.013603775730197843;0.1499781829234864;0.08421585716861509;0.08860577603566644;0.09023525023030858;0.07902132703105468;0.08374576806683834;0.1420167023439315;0.06482074847453119;0.0671172705663029;0.10147341403081055;0.0011626740118312467;-0.00113199123180239;0.006078856785898908;0.03400945499572794;0.0335233526949055;0.030187410761516306;0.3811997785574028;0.11386403750788164
art22hab23;0.07467430136283938;0.09027747954118183;0.2754696835509147;0.07845780416037797;0.3678445904630654;0.07035259619563913;0.19570957845625397;0.0020301608509687872;0.08681933548106516;0.2754702937209869;0.07845978516422841;0.3678454949498195;0.07036409880946291;0.19573014272740177;0.0020304787154766493;0.08676060544055186;0.22926733560972062;0.07124869919645233;0.32764102488581637;0.12929099166672509;0.13601722244480416;-0.0033380836650671866;0.04322444397604954;0.35252439419751247;0.15127875329525883;0.38947767805670963;0.14068894718579858;0.17693740741622033;-0.003019286043617913;0.05830363161615242;0.2440932144028927;0.08249287204576518;0.33278944797673443;0.1108346060460208;0.13668290128571026;0.021575884158714576;0.0321994425256592;0.2974145235534918;0.10374638690345374;0.3633509601330198;0.11063915287261937;0.1700601391363475;0.006933992080293844;0.04457986022692095;0.2831818076682192;0.10350175280302498;0.35624789988803074;0.09572545458723676;0.18307100658189077;0.0057109262676272015;0.01799724082734199;0.3293409602796434;0.1427368732761262;0.3651794073738566;0.16694024988489822;0.16028001655599614;0.01307210453340539;0.03810723672328954;0.2815460008731909;0.10792276855118188;0.3366465256075008;0.09229520448029613;0.16098695427013343;0.013182351905457902;0.03005161070336756;0.2947339192568374;0.11949900318138566;0.35123185531422385;0.1264795263188165;0.1576205779397434;0.012333581348745959;0.023310825296288855;0.24646870916489852;0.10410908342253296;0.30013796565396184;0.06509513162823223;0.12008906201089771;0.009724208618067883;0.01288653585325983;0.3366663522600726;0.14927692302885123;0.3817669961555905;0.09520664757193603;0.10569244053147417;0.010607378533285153;0.0316901816403371;0.34900897426644106;0.17585511345622395;0.3483387033826791;0.14104710384526578;0.22138183024848906;0.02346750974033454;0.020011346611809637;0.7118018890885947;0.19005770832737562;1.0;0.1261449486875698;0.21680667880417592;0.04684209706152059;0.04636113942809746;0.5371390437927317;0.2535250800511195;0.6060811967804868;0.244055989550526;0.10977573365678374;0.3725116353771659;0.03029307844290429;0.25319257920739446;0.14017752931525787;0.1469145142325999;0.13567578126532054;0.12835322153479142;0.1361739866438768;0.23448595564817773;0.09025607824196163;0.09251371064575636;0.12194046510599482;0.0027398005736774082;-0.002735003613127357;0.016354463670260305;0.04568976285849419;-0.007083116902083889;0.0360109938611013;0.5749962175495938;0.06999483144323718
art22mix23;0.016043984115846774;0.03110603943998923;0.10433093843322984;0.025157907040569465;0.08492501379999465;0.3450510641520974;0.05684801215492031;-9.816476857567801e-05;0.031197404296640786;0.10433103439359757;0.025158574039477598;0.08492551217905098;0.34505233909901645;0.05685272587115065;-9.760409221298785e-05;0.031178943096558085;0.06457252045317378;0.02444442804512414;0.07694911494639009;0.040348468464906494;0.03581616418664678;-0.0005128684652927482;0.036187412886909284;0.08730141856720129;0.04385637212926231;0.08294725693107508;0.0540615781484324;0.05061663460160479;0.00015657630046100277;0.026060705827194216;0.05907220468162369;0.03193422743793706;0.06838044837601055;0.022525311936145532;0.0355687798619663;0.0006681877005085076;0.004452935044090372;0.075080258654616;0.03430083046262885;0.08053823892921988;0.0701109589675641;0.045350176921951535;0.0014628473418896934;0.004385759850535778;0.07974943235949657;0.02524299166444356;0.1052782830006944;0.02783217939821061;0.04912265879109592;-0.00040464904470939903;0.00629760369614586;0.08360373496916111;0.032246625834787185;0.09463290981102611;0.07271135556666826;0.043473236139899035;0.000675305182459185;0.00569699969705825;0.05898452477144249;0.02585808444817847;0.06354000907670238;0.039503542896182776;0.0472474427407358;-0.0012337691763467387;0.007439667872450031;0.07263567978127829;0.03184618919785411;0.07896377046719033;0.11527474210876607;0.0376380832043028;0.004825174800943745;0.001878879023300125;0.07355881438512377;0.03448483977826836;0.08276900919226976;0.03550352967970171;0.04431002902495412;0.000552126144353963;0.0031816722539433654;0.09729353513818542;0.04291790661638297;0.10218431976501478;0.09125985591864683;0.03019232916027495;0.0026212893643983897;0.013680257690218018;0.0983611732940856;0.07086116754768311;0.08679158073442252;0.046145117874005305;0.04406281518060931;-0.0009062515004234934;0.003656624680415205;0.17773416027126657;0.05545525242170029;0.1261449486875698;1.0;0.07823003568511472;0.00021219074451780452;0.015152426101520537;0.1491005532088201;0.07772155825867552;0.13286782524730736;0.43904440424379615;0.03381070300373655;0.10446598807464065;5.9606136111132766e-05;0.06232680603984354;0.054401469219202525;0.0568940919456758;0.04954835355234446;0.05086856632978569;0.05378804687325549;0.08826076527466292;0.03803942512408616;0.04004364909857732;0.07306341286352892;0.0007772740370164321;-0.0012559078855810001;0.0008045576831832194;0.24384143649714715;-0.00037625131124356177;0.016884426331199787;0.15772248383709903;0.0025014094562364675
art22rou23;0.004272821189786682;0.04855613496794795;0.13011221082090255;0.08464694988833282;0.09692496401287407;0.0561786019476253;0.09478440787279854;0.00491617883451067;0.03294563641532669;0.13011231201934964;0.0846478062753272;0.09692515197426901;0.05618279004336934;0.0947910701597037;0.004916273150489707;0.03292289046463053;0.08373772951708659;0.034776536449801825;0.0978229960205899;0.05111667657234658;0.08219578457032305;-0.0018886096564761621;0.008292500444583186;0.12887526412367556;0.08382235582311778;0.11510392918635579;0.054795881244926306;0.08134626142266499;-0.0010439560423498508;0.010380891249075208;0.08499568848347523;0.04423336658236893;0.09119349310245667;0.041073709075543245;0.07788303661081332;0.009088691831376176;0.007222595607559006;0.09961325096950813;0.05208201014411654;0.09440920638759115;0.051490237659049316;0.07961866660842348;0.0061795713531821814;0.015765960558964433;0.10512662244240184;0.06045590816098747;0.10420052058460837;0.021614274029140713;0.08925863354890112;-0.0004392329818630562;0.005163893867657264;0.0970220928824304;0.05514861607208346;0.08987748615550281;0.050565001076664465;0.08554503831186928;0.00800246263792926;0.006720269095712934;0.1036311225805475;0.057360877041004545;0.09008064164060314;0.03746140578151145;0.11616217894157914;0.012793676759623257;0.010085548516653343;0.12071513424540324;0.08004411621809;0.10860379460005587;0.0512944896329928;0.08291378800622369;-2.4068900439839167e-05;0.006594619859811792;0.07543946634842608;0.04088239545289659;0.07678067736309228;0.02099688644582707;0.049655780908574206;0.010423505184708163;0.003746243373604862;0.141908098562319;0.10502417961704462;0.109872064281942;0.03302498735652122;0.0787600488471118;0.006708616565659771;0.01353237918246304;0.12724882444748428;0.08980528630665509;0.09916376115563726;0.035121818314445205;0.09563416072829525;0.03334516720453515;0.009754151047210077;0.3577239047054159;0.16234784698521998;0.21680667880417592;0.07823003568511472;1.0;0.03712426324095592;0.05844667993483052;0.2124379495127774;0.16405536859304745;0.16215533051099953;0.11027307273162515;0.0368920285249954;0.3038107697929392;0.028735877686739776;0.14582916660528966;0.06481019157786672;0.06841203862291555;0.07513552558879175;0.06101372959924801;0.06496000851106688;0.11740268096260913;0.048465453898285646;0.05028479375882427;0.07797523107637404;2.7322784460304644e-05;-0.003419640049996161;0.00970419574883071;0.028646522786373564;0.009214784022183061;0.03320869624897745;0.2346533070108567;0.1338172028050522
art22fer23;0.008303063763811507;0.0031405469347078573;0.007361046236328275;0.002526470347087784;0.006273675456534486;0.011536643314957082;0.005963278032760668;0.007175950849981509;0.002580650936978586;0.007361255859962773;0.002526742438226033;0.006274014344660814;0.01153651997583478;0.005964711456696297;0.0071759079911750834;0.0025771511604497925;0.0029599902766040626;0.0006822531746159302;0.004779192953088474;0.004507643063776174;0.00204764613172651;-0.00042313425050028835;-0.0005968061021059351;0.014716940588091563;0.004607236008160688;0.018977289375750803;-0.0014754875347824802;0.009199486370681381;-0.0002587415643142303;-0.0008712685228956023;0.005997830805845819;-0.00032566227394259414;0.008977604561938413;0.006300017607163069;0.004258017446819704;0.042431517340588615;-0.0002854994993370248;0.007002942044009352;0.003952166099009676;0.005970466611779499;0.002844715803579087;0.002344629514610125;0.004357656796318167;0.002834515178792077;0.013492607931736289;0.0036739689201507044;0.014943478404761075;-0.0006892988110940954;0.004130157429931;0.025051063553559436;0.0009125404907123195;0.015401453295192357;0.004238598886991833;0.013966527647246454;-0.0003413526073047011;0.0033268492372822175;0.06328348966627746;-0.0003255384538890121;0.022972787124042403;0.0036030464680479705;0.0036170599753370287;0.0001464140478292892;0.0036011581050742485;0.06647200084571239;-0.000338463043617139;0.015721920452627085;0.0015079124839232083;0.015311440059428047;0.02594477609197518;0.014316013866299796;6.215959579703021e-05;0.02116160669148944;0.0005032599696290505;-0.0003172395337168424;0.0011840371383132705;-0.0006292063221323966;0.001771429329314699;0.00014825859201435116;-0.0007483062582585225;0.008424698926514994;0.001922550049430863;0.012421573532940586;0.0011638684752164315;-0.000643292216278768;0.0027244287507642248;-0.0008456228346099859;0.0032615433259297276;0.0050133605722926505;0.0014722259699152013;0.0004442620146217382;-0.0002625253796982935;-0.00021130536307372883;-0.00042560864923982256;0.10725832304737357;0.015456425765545227;0.04684209706152059;0.00021219074451780452;0.03712426324095592;1.0;0.02634661500762568;0.025924088062791537;0.007279960671918866;0.016914546319766275;0.011999401407109868;0.007140765024022511;0.014010265762825717;0.1802242155401275;0.018231275981618635;0.0019358517323567065;0.00203862376546749;0.002121647548620195;0.0015852762912299198;0.0017074788096874496;0.003575274059159925;0.0009129044484502187;0.0008470712141846901;-0.0005918585933874316;7.54420791918903e-05;-0.0002907362131297861;-0.0010651621360001922;0.00036242209719335996;-2.588355459649382e-06;0.0001722106311882137;0.034680201614312754;0.013617854836170347
art22inc23;0.021947199113244907;0.00955966198598913;0.020716276388758243;0.008671554576807074;0.02352673893267945;0.0013936332870673521;0.018261469612639955;-0.000624177448730222;0.006157874398898441;0.020716396532089332;0.008671861268372364;0.02352700929344912;0.0013939548322138536;0.01826254971127759;-0.0006241776427009127;0.006153085622046392;0.015731025176549118;0.003323581726165862;0.021465968367978823;0.021256232994262658;0.019620113162376978;-0.0017285905515327638;0.0023601370856717162;0.025308585425982605;0.020451375998672656;0.019400781599326528;0.015154117311817426;0.010492043578710718;-0.0009263177004708372;0.005529252508246576;0.021544054442043534;0.00939293290145038;0.023557704384026483;0.04519843553952512;0.010611845475241041;0.0055094777562808925;0.0027406175865367496;0.02170318499885509;0.0075382239276515365;0.02484825793517693;0.006197436012935872;0.015139886218087562;0.000320876871955262;0.006326612700615693;0.02156776071841966;0.01852526365395451;0.014679179169488353;0.0022900994523680188;0.011314934417235816;0.0009604599481577724;0.002737736455311534;0.024502317954127634;0.025264739812578887;0.013461753203732973;0.011354795774895354;0.008801727465243702;-0.0007465177639099451;0.0065365129120456816;0.014877298137965508;0.007977928632864947;0.013453056689235588;0.009204173209249955;0.020175032614190336;-0.001396005504585808;0.0019173170157769381;0.030129183189203466;0.009210444211875574;0.019656624525182576;0.008751073207781542;0.021120523770757477;-0.0008705219964962672;0.0667229254371554;0.02913459947487187;0.006709469564770688;0.040607841799524355;0.006019428778412415;0.016879790628691514;-0.00045900016913913064;0.006218833825891215;0.02895806134206407;0.017015748876951592;0.026149109430464747;0.014132552607142069;0.002795691155970175;-0.0005846396874334688;0.021215300995120107;0.03810622982401917;0.023888861769078118;0.028778066274151547;0.015427979316438405;0.020483104562627287;0.0009600714358982921;0.018516076862958246;0.18474623869562157;0.014479136959505435;0.04636113942809746;0.015152426101520537;0.05844667993483052;0.02634661500762568;1.0;0.05644313802075599;0.02662042839707781;0.03688923022037589;0.02496814450863368;0.14697395817997272;0.03872547817561879;0.0018430948660516598;0.025178588000262767;0.007501031435100449;0.007680371762548061;0.0026453241157833383;0.006944239093231278;0.007198307101348697;0.00829107368747761;0.005580835865175884;0.005695430233592633;0.007025308606420154;0.00047776946030675513;-0.0012657978540300252;0.007887630781131605;0.00537607694356526;-0.00019502719554659177;-0.0016725435514148978;0.0708710443631129;0.05174375408653372
naf09art23;0.06591911477571735;0.1451238239461666;0.6922499606048542;0.4190628252689524;0.6205791137529236;0.15635261808081227;0.3888261980814852;0.02158748792798071;0.1790079969468666;0.692250565007349;0.41906577301775144;0.620580126476153;0.15637061067613897;0.38885424882158065;0.021588256689938655;0.1789169551824372;0.5245576643738551;0.2724678218219509;0.5585948828286521;0.25305455082355116;0.3036378680923603;0.02162717278241546;0.12232090682677946;0.6362241585745526;0.36831532673590933;0.6158438225910271;0.2272448472406951;0.29061880130751805;0.01694495597419572;0.13953799763605945;0.5407042370368762;0.28609954043730396;0.5587673082400795;0.20963761884644921;0.28749605902888004;0.057350709297031364;0.12517677322231077;0.5542356404680202;0.2735344204242862;0.5699782941845308;0.18445644565402647;0.31634030157223336;0.026282932692428134;0.12267671336393406;0.5930412364450908;0.3530475019964532;0.5693025859542965;0.14946601129686918;0.3441812580550136;0.021846294944063722;0.08367423881595314;0.5937649424116339;0.3334024391732141;0.5812502182397625;0.26924928337905374;0.3156719344947453;0.020114634689283928;0.08754803371656851;0.5484510934941305;0.3069734217928986;0.535378259705289;0.1670895653669567;0.29569765268105297;0.0572600384640252;0.09831628691445815;0.5392361331876732;0.3093877112205575;0.5355210949157643;0.22131185110194826;0.2969268231650534;0.038318407977791444;0.07832676199939889;0.47664777623909144;0.27820638283010607;0.4730306979939275;0.12227680521349393;0.2333277474628088;0.029930188138984504;0.07134143619514234;0.6022280212982525;0.38690003299657966;0.5567634797152973;0.13269905906470988;0.21611519112574765;0.029482111112864244;0.08307427811074035;0.5477358054089667;0.3343321963325412;0.5058775222058326;0.16406001014462238;0.24108050890146315;0.0538824447466586;0.06660620613144255;0.5504399448627574;0.3237017977702007;0.5371390437927317;0.1491005532088201;0.2124379495127774;0.025924088062791537;0.05644313802075599;1.0;0.7724337569505729;0.8699800113217946;0.42170714355605615;0.3140820687171062;0.6785831563300326;0.10250901308642377;0.5330570924414144;0.23211122381856855;0.2421051364349659;0.19507122212791983;0.20985274950627472;0.2215322840837887;0.3546494834276006;0.1584569058069243;0.16193337383972106;0.20405592021508878;0.0039388347094885;-0.004777762263526267;0.010032566679898781;0.10556729909937067;0.005765677295109123;0.08787914296992112;0.9968469458745212;0.19302058961300328
art09act23;0.009334940482509508;0.10479010125803201;0.6755204903440329;0.6761211471727435;0.26154330433817496;0.0812473166153379;0.2569377058543971;0.005450074662311849;0.08179714212072393;0.675520603743902;0.6761227142506205;0.26154389916979576;0.08125812035379869;0.25695309858326154;0.005450774559420646;0.08174136231444083;0.43371172697771837;0.3822733661511192;0.24399418158697742;0.15500570665063426;0.20050616881999336;0.0020977918053383723;0.04828076410968362;0.42713811916570127;0.4017609003744582;0.27501344850529413;0.1478228025688522;0.20235955328468883;0.0033350038957970876;0.09871113813683123;0.38237526257743343;0.36368866431756963;0.25401911189979065;0.10351660844554221;0.17910575437097845;0.05376047734343727;0.030041750783789515;0.3801842997388933;0.3156655546423361;0.25810603684642097;0.09995531883350715;0.21065774527344402;0.013568564757181361;0.06394549572127575;0.4862395656793088;0.48392075443536164;0.2643969935972511;0.08775021050899628;0.2555640808415282;0.01053834629376172;0.02842447158722898;0.37441739968686066;0.34086272957851893;0.25533805929226494;0.1287402955890715;0.2197388188227663;0.008061836697587641;0.043979151423627294;0.37275525111396646;0.3497162376100433;0.24497813366791446;0.10274325312990082;0.19922404802744276;0.010834239676835179;0.04413198326064813;0.3855217296311359;0.33467935268863647;0.2610903742965615;0.12293390272654504;0.2346577879482803;0.024417377122194488;0.06057081263985128;0.36112429897960885;0.32106376629199024;0.23437920182018476;0.07333012183889095;0.16765729192095277;0.021044830563208286;0.044113404975428726;0.4634410844902065;0.47860080718945025;0.28123784207112673;0.06309954553559668;0.1410520801717798;0.008748035378079045;0.0399602528143565;0.34862480408329305;0.3351369357255416;0.2375348778998994;0.09200432530397333;0.15339679996497232;0.026163952241345573;0.025723138185430667;0.3878303800441778;0.3338180940274307;0.2535250800511195;0.07772155825867552;0.16405536859304745;0.007279960671918866;0.02662042839707781;0.7724337569505729;1.0;0.39607241688149797;0.23187238519889203;0.13712746048679067;0.4633690552637071;0.035833572767186656;0.46307543023940234;0.17288199362849715;0.17984754357962335;0.13311347099071577;0.15887435044401413;0.16716876403366912;0.25428455157488833;0.13400675822974048;0.13719932030787774;0.17776787024279617;0.0028990721526066;-0.0016367936488242748;-0.017518676124590897;0.04634508214394669;0.011195042689973457;0.09189927587956412;0.7664485916750787;0.20293078535529824
art09hab23;0.09481140486148984;0.12335082767697308;0.5204869300377377;0.13485428221965234;0.7364072671014423;0.11584925897741018;0.32181421888288786;0.0021311449386099716;0.13574862266040907;0.5204877304601826;0.13485734610382613;0.7364083055073701;0.11586774708238866;0.3218443173219644;0.0021316755386814787;0.13565721145274143;0.4375404184276159;0.12282038841726925;0.6465837918641492;0.2376297415993687;0.2483330478008201;-0.0022984019345146105;0.09301684427569391;0.5965950582272334;0.2284445822960195;0.7086886269492647;0.20814238219555803;0.23395723183691866;-0.0008518191417255727;0.09146865841817568;0.4536502862121997;0.14804303108560132;0.6410370972489309;0.20861756609041704;0.2422227283001761;0.03260802488699952;0.047151283972852655;0.519991867723144;0.16641910777513338;0.6562614964992195;0.1817597946431865;0.2694913757701118;0.014980195648896454;0.08612864390539784;0.49559868381553995;0.16606581803461942;0.6487602049411324;0.1342420747992847;0.28617979327894766;0.0016343298464165188;0.04670025665297224;0.5806075447344355;0.2303284283214054;0.6740570630651657;0.29337825037258625;0.26890645218940146;0.0061245836226747966;0.051554372449534216;0.5034000138397575;0.1822152269533766;0.6134020483494583;0.14749771255725747;0.2504324323742498;0.02519740013900181;0.0808611353665021;0.4997285742105583;0.20133704646586303;0.6046729619999549;0.22151421529220205;0.22956393199296543;0.027541526082324887;0.03758508129343359;0.41421196337311855;0.15713127155336995;0.5258607186440161;0.10527747803464702;0.1859039371083149;0.008735771546960855;0.038903589443975616;0.5292403259937268;0.21008895599545624;0.6187577602850641;0.13340890007215178;0.1751035617519025;0.01654806747365357;0.06278218670800556;0.5268303908450833;0.22913230369746368;0.5773022935498058;0.1616345790971873;0.21217762427655254;0.0328717870936893;0.034804105829062223;0.5130283081874598;0.2265236160712576;0.6060811967804868;0.13286782524730736;0.16215533051099953;0.016914546319766275;0.03688923022037589;0.8699800113217946;0.39607241688149797;1.0;0.38275362310263955;0.18908279449958437;0.5592190433445485;0.039976903238660245;0.3998239205128975;0.20372148709757346;0.21262947223166442;0.17468740025897975;0.181905524185092;0.192349922178224;0.31572727795162786;0.12593251722207055;0.12824216797266189;0.15284190040494217;0.003260767139843647;-0.00630660437472756;0.026462613355840207;0.0913600972093599;0.00013618864026101115;0.052376640532292136;0.8704832339053601;0.10029281789148899
art09mix23;0.02243393003795494;0.0716280283908636;0.28144568372193257;0.07491266887994136;0.25147133654981957;0.7647415494694094;0.1628334648512009;0.0032294343427450847;0.07731662176840726;0.28144599972117035;0.07491430706394914;0.2514719700268821;0.764748116158302;0.16284586536795312;0.0032300650172657945;0.07727033659638717;0.20423611639590208;0.06262578918726057;0.255138424572186;0.3056539863671019;0.1310001026154628;0.005084195739699063;0.08418227319529119;0.2692669363878545;0.1368030497674493;0.26943748955757757;0.27756395070086953;0.1192564605284382;0.0013614674282780555;0.036348881730182664;0.20467487483722013;0.0813694566652733;0.25140623034254417;0.259636459403585;0.13415280557125064;0.019448044345038367;0.017434405828582803;0.24555891017561274;0.1039704035775688;0.25829058655080184;0.2648820102018408;0.1546030430360014;0.0013661444794431142;0.0379250346500401;0.23891934771425422;0.09173238114435658;0.24848324840866945;0.26391175143412166;0.1658125123590863;0.0023386536433934223;0.040466349317325095;0.27210437225574446;0.12851434264661427;0.27647809771620396;0.3174345582340982;0.144642800111448;0.0017761691968879087;0.022718025377181768;0.25586399685643135;0.1315661098236561;0.2401213111430265;0.37662090707142076;0.13923310763216556;0.005620365958018971;0.027782205245908763;0.21472488189004774;0.10430434794655684;0.22025315684196822;0.27210688656342;0.13037584173343308;0.02133884518287008;0.016705027039985096;0.20813388075187467;0.11760002368281744;0.20508450974368042;0.22038327998520202;0.08823986482223928;0.010631601014839075;0.010124258084002599;0.25945541278379275;0.12095829147843173;0.2600682043530913;0.284703414839722;0.08888277405065736;0.002194625836258733;0.03492349395454956;0.22608788194067014;0.11320060989890506;0.22204590948260036;0.23404006008637743;0.09249693889816907;0.010052754225346934;0.013977695724642147;0.277644351666345;0.1520980361555851;0.244055989550526;0.43904440424379615;0.11027307273162515;0.011999401407109868;0.02496814450863368;0.42170714355605615;0.23187238519889203;0.38275362310263955;1.0;0.09899857214478368;0.29821662685754097;0.017543599824034334;0.18992584579143246;0.15339000236952838;0.15984795224083034;0.12518044802564676;0.1381114344025671;0.14570014469905967;0.2308648634987946;0.10072348513998017;0.10414832058405038;0.15471961503072573;0.0031518811752682617;-0.00020688591675564123;0.007782530940385404;0.48197303857956175;0.0008880017232380072;0.06372554928451765;0.4247037919357073;0.02266063648492429
art09inc23;0.02664876978984481;0.036229637072486554;0.1394383389810258;0.030523652702103953;0.13471069676648453;0.03977168569426749;0.08380746434679845;0.014795789063273819;0.37991363280420837;0.1394384599800551;0.030524302137618246;0.13471073150352933;0.03977514115063426;0.08381354930365366;0.014795888486480786;0.3799024962814397;0.147582122630978;0.039352246498559236;0.13707072831194095;0.04969181274635608;0.07059399984617423;0.0023183630542510463;0.29118901653147217;0.18107512646194737;0.08914507012328445;0.1292864131423744;0.037200051818973595;0.06634829866767446;0.0052986536006115964;0.25112363870888493;0.4215778822894693;0.06477631785478442;0.1302924633371136;0.09515634179655169;0.10764673142763102;0.016339449322968602;0.6639054361110142;0.16658230648643504;0.04774093114722494;0.11782999418722677;0.03818292057812227;0.08873518489704862;0.0009442506648085401;0.26943416659612834;0.19190230854718157;0.04938905415152342;0.1271659514918534;0.0455667033910499;0.06678396484798411;0.003075773589272629;0.29637082138565596;0.19736607585103683;0.0750901091692217;0.1382872744009341;0.03850006348901029;0.06788808577978836;0.004001218615285912;0.2689077143576938;0.1376916986725606;0.06411424409001609;0.0997073846085756;0.02140215978894256;0.06078499612033168;0.0006159166530409646;0.21472974692351876;0.14357206391057314;0.06870524674181305;0.10814634133567151;0.04958515530182177;0.06565323962875096;0.003040487705688467;0.20187986583015696;0.17860696390676736;0.09879696818073376;0.1349691915342472;0.05306234968950198;0.06959867680775085;0.0002374661663023565;0.20754396125099334;0.13870843491767923;0.07755668532376003;0.09680817377996556;0.026803892493315447;0.056096520779854164;0.006048918563641015;0.18288892990883276;0.19273775813591243;0.10763594569683135;0.09914791038246333;0.028679383281238445;0.06211738518821322;0.0029758582248378754;0.2621589249795441;0.12914758335634724;0.06324077390482752;0.10977573365678374;0.03381070300373655;0.0368920285249954;0.007140765024022511;0.14697395817997272;0.3140820687171062;0.13712746048679067;0.18908279449958437;0.09899857214478368;1.0;0.16395092673499226;0.012084877553574467;0.17919240792385185;0.029180380890559326;0.03082569258159947;0.03443053932042853;0.025174832441895775;0.026810514641944647;0.04862407204700537;0.018853227025745392;0.019675865816311457;0.032698042213761824;0.0009887804374805003;-0.002872744445155741;0.04742503556513411;0.03906473604838123;-0.0010751039147400769;0.0009008359766262746;0.30893500788166156;0.1963296999119835
art09rou23;0.02277456559916184;0.15925612267736025;0.4142320343625374;0.18073204575105603;0.3791579111591544;0.09684698019705722;0.6306518053765435;0.010154171914136886;0.12097983964404618;0.41423249999127676;0.18073457891129288;0.3791586819257046;0.09686057326635784;0.6306693276790378;0.010154817264820386;0.12090431840146112;0.3572556355240346;0.1474706136658661;0.36260957480952327;0.2013710173171439;0.4960754499355723;0.004028408433602246;0.06707183958704836;0.5082515022950448;0.30045225114565394;0.4230560195619447;0.18725012129365265;0.45522655565865794;0.020095222503083328;0.08371679838205132;0.36097327997654877;0.1789855407536253;0.36073927183809645;0.15308852108827217;0.4231162527514882;0.04039714404861799;0.045880814912735296;0.3924169746496745;0.17752319432557326;0.3751337293154673;0.14105955315650423;0.41986467595429083;0.0212351180071768;0.0866124289072188;0.3918776556375532;0.19894905641204186;0.3715073454328937;0.11791605237266507;0.40128472296936274;0.018311568890278806;0.0611827679363321;0.4029391011557635;0.23469595389204434;0.36053242593883617;0.17553426402988925;0.40636480105907946;0.008010074111647506;0.03924375057233786;0.38220136445604846;0.22936986597972556;0.33612770692583455;0.1249870822287073;0.4008112413229731;0.020317499562905857;0.03449651707569021;0.38136995769140036;0.21766327778510222;0.3479099914787289;0.14465282936068038;0.3921042255426203;0.029037883187909144;0.03266256362500401;0.32141717197544917;0.18725393074614752;0.28443458211526457;0.09294509278767714;0.33223792019193865;0.022725678815049968;0.03036170313307744;0.44195845073294954;0.25522081835164795;0.37216076104043394;0.08344207928966808;0.3586004122251136;0.0180673090983642;0.04541249555383088;0.37743915500858666;0.23773776209530195;0.3234702260638946;0.11791395354154086;0.3171887244793292;0.04579932149064295;0.026715479940264082;0.3851740849539747;0.20259173207023676;0.3725116353771659;0.10446598807464065;0.3038107697929392;0.014010265762825717;0.03872547817561879;0.6785831563300326;0.4633690552637071;0.5592190433445485;0.29821662685754097;0.16395092673499226;1.0;0.057752201224856706;0.4766876820095476;0.2109237096115026;0.22099141298531352;0.20238289391086728;0.1935653622289739;0.20479228240794187;0.3389036005895423;0.14953281367438445;0.1533077590153197;0.2027382547124694;0.004105379488889365;0.0008628279538422532;0.005715368383335646;0.03103013008986755;0.006396043507468289;0.11345482004890191;0.6775512464110064;0.08088486137054621
art09fer23;-0.012308064336758667;0.011392974266976063;0.029326849064489936;0.008648444915768516;0.012250917046740533;0.008062245713832834;0.017164531117547618;0.27404110874113785;0.01664104465466645;0.029326956947376807;0.008648714501019745;0.012251205541778139;0.008063007003551977;0.017167502636297374;0.2740415992351994;0.016633119516977043;0.0630068170699309;0.007565836899352893;0.016779492294132912;0.022962191328393028;0.025922147575319545;0.3876755141565183;0.006290124690872355;0.05134337169606557;0.014115444099597628;0.02793557401598992;0.005657487068900323;0.01874307716660134;0.24347884533294326;0.00641649310759983;0.024559830821827004;0.016467809949560167;0.015511334122921855;0.0067962385043763476;0.025921762634135096;0.11713188925242893;0.000324088965882563;0.03397153855133509;0.017154815347378602;0.017108275049538484;0.005414719107664506;0.02026031149969572;0.1636398845424015;0.005390732095848359;0.056527031313895255;0.012666479534289954;0.026836406805690133;0.007307406096961755;0.0384516342299353;0.25222092136482155;0.00406773407643308;0.045347690759349434;0.027731394517431566;0.021501229543487686;0.0019022631763769605;0.014473967202550229;0.20987311552399168;0.0036341941677249523;0.2425815939527003;0.017804133302263266;0.08192902496296407;0.0022390263014300553;0.05265899875787506;0.6442169812435842;0.004292665052149338;0.02807141056350263;0.018158943542940145;0.019111824466120482;0.0186747404105182;0.010928039036815572;0.12047254332381276;0.005464699504870475;0.04915269101676755;0.017867647550804295;0.02063970992719433;0.010290391491633221;0.022170965408695526;0.22522964230859427;0.0010185160253328128;0.06393448032646898;0.01707844049507232;0.03173964295070141;0.003231863727119285;0.03169582322390866;0.24054886800242622;-0.0012455298424098574;0.09718904545349981;0.044043636155089744;0.03357066273712768;0.0048458476903248775;0.04155464588948659;0.31368548835623816;0.0006522685302426381;0.040555363494890376;0.013603775730197843;0.03029307844290429;5.9606136111132766e-05;0.028735877686739776;0.1802242155401275;0.0018430948660516598;0.10250901308642377;0.035833572767186656;0.039976903238660245;0.017543599824034334;0.012084877553574467;0.057752201224856706;1.0;0.10689934313680131;0.01054723070495536;0.011133766693743555;0.012237011113380427;0.010211672334632115;0.010761737940169366;0.01678400896993312;0.008679951062229806;0.008805168443990726;0.009835289761681756;0.00012020879606561539;-0.000696099129734132;-0.07156924090861216;0.0005356057317397571;-0.0005720054363210343;0.002927842189171396;0.10067750517284894;0.13818270047713918
artcom0923;-0.005291236692928118;0.27427303007378934;0.3004805984699501;0.1844179234990635;0.23818356269337776;0.05785400405875631;0.2502142472356272;0.035449513725411545;0.11431925215454647;0.30048167536958204;0.18442063661361133;0.2381858954672541;0.05786560398738779;0.2502405241437361;0.03545040680286618;0.11424505727785818;0.3022958484942311;0.1808405070887053;0.2517414402638077;0.11963954946545716;0.20735721791749612;0.06234163751159324;0.10074728290624403;0.3507261284783416;0.25446426504249603;0.2719350099230242;0.14506213302215504;0.19784338269100638;0.03033060086525023;0.0922633769197102;0.2992461882713375;0.17234090769161772;0.29340815058871705;0.11506110922889486;0.22930713289062535;0.04991717894274609;0.046196159751727965;0.2947800832184696;0.17527523123370775;0.2603857457430328;0.08868364160808155;0.2081913630269828;0.023550941844639676;0.06371061779184305;0.32357241977863066;0.20571772669399682;0.2746484831263405;0.07301805280192583;0.22397772489216022;0.02501637462796919;0.06441131954790359;0.3202733793884069;0.23516571876467746;0.251955094633317;0.08378884164090009;0.24953875987590746;0.027080257560906457;0.05073405246037893;0.32813697568189815;0.25073990801267015;0.24699544597907097;0.07716922775398795;0.2148070249143549;0.05427180492269297;0.029287083122348966;0.301812121142917;0.20187573697813838;0.2557622137312875;0.09535211780338115;0.25006234071449335;0.012997798943473648;0.03861436419123855;0.3297445222513072;0.22262112230414804;0.2774534932547599;0.07342129530457096;0.17139739575179702;0.020315007684301563;0.09222949449483984;0.33824613113942326;0.24649666988721042;0.2807615424396613;0.06449424620519151;0.14263017781972223;0.012314407470361931;0.043752380655574304;0.2900413241653075;0.21560090705728438;0.2327602761540971;0.07350909830555855;0.1734688829045633;0.027493183850198402;0.033774649903050034;0.2627538261848215;0.1499781829234864;0.25319257920739446;0.06232680603984354;0.14582916660528966;0.018231275981618635;0.025178588000262767;0.5330570924414144;0.46307543023940234;0.3998239205128975;0.18992584579143246;0.17919240792385185;0.4766876820095476;0.10689934313680131;1.0;0.09130637154493823;0.09727579598204461;0.1286527951996819;0.07855834949210472;0.08474111277105191;0.1797613425420334;0.059759290765204816;0.06140670425389062;0.08387939704228481;0.004905135005442149;-8.859778436665728e-05;-7.128236624291084e-05;-0.018923800543940723;0.011766618425658508;0.16924240192658366;0.5284621401093258;0.2511683465766775
pop14;-0.019294175240365724;0.10161673077203698;0.1381242206354957;0.06756563588808359;0.1337448063577943;0.05928707859498333;0.12274406945591518;0.003366593903830669;0.025613327878113417;0.13812429998007347;0.0675664139360794;0.13374462683067917;0.05929169969301413;0.12275169906318119;0.003366988424139508;0.0255897440035775;0.11637253421202924;0.05855166908565751;0.12683976876710262;0.07978607261560679;0.08847502850171135;-0.0008504232869704031;0.0075993171989867546;0.1553705468497072;0.10877997745123091;0.13403734169600431;0.07666981084883327;0.08803566650676845;0.0008361914652928508;0.011668913679499567;0.12625114065416987;0.07440750895044217;0.1339818201300395;0.07222112476975323;0.08280534407154562;0.00961131632752196;0.009082373934196019;0.15756051001852972;0.08680767500330909;0.14924355644600687;0.0992653031249625;0.11222928853290665;0.007453618431938957;0.016984697284572345;0.13914236674134364;0.07749668831516847;0.1379791578881669;0.06196053675877609;0.11023070872550754;0.00019457599336061856;0.00508456772916954;0.1415375767824248;0.07125637277718537;0.14583169008102007;0.08781339558904284;0.09465281789004129;0.0017003335987692807;0.007338345908839697;0.1346809509776225;0.0864631401991706;0.12126259945429468;0.06503017036170203;0.10193447552810812;0.0055886607182723605;0.005635919165973142;0.12408770165997046;0.06767422816839995;0.1216908037384603;0.08151389056492563;0.09689985326984533;0.011146311910981938;0.006270436556550106;0.10645236830385883;0.06129110304066165;0.10495380883534247;0.03564210532778367;0.06682613503412206;0.012746965254815572;0.00407993594747172;0.1529188282121811;0.08615350162142653;0.14957392870707192;0.04579131822273868;0.07154262718515923;0.0007548722868582064;0.010423407496967465;0.12293094991940642;0.08075756497124152;0.11250248035293396;0.04296991842157509;0.060983817162187155;0.0015532180722715213;0.0088452548822143;0.14419198042442924;0.08421585716861509;0.14017752931525787;0.054401469219202525;0.06481019157786672;0.0019358517323567065;0.007501031435100449;0.23211122381856855;0.17288199362849715;0.20372148709757346;0.15339000236952838;0.029180380890559326;0.2109237096115026;0.01054723070495536;0.09130637154493823;1.0;0.999287278274825;-0.27453144359659065;0.9973419115302949;0.9978125508282999;0.2569496631930852;0.9688216619189862;0.9693782707450781;0.821532124905806;0.026170265413937088;0.04507875171348005;0.0008301808149072669;0.022135131822927864;0.0017311222469769925;0.40337058885799404;0.23294078455975;-0.03951675785797084
pop20;-0.018453911065560755;0.10636140178268484;0.14308550887948232;0.0697547671910506;0.1387709010218467;0.061257611503547194;0.12751697676942816;0.003526670901537775;0.026947624234171897;0.14308559356021108;0.06975557325063887;0.13877072200432855;0.06126243266322221;0.12752494960805583;0.003527085402383928;0.02692305955621624;0.12168884539694914;0.06097181250441176;0.13277672055582873;0.08395458967319848;0.09267692883461075;-0.0008880457926576247;0.008476246558554137;0.16216995765953712;0.11299434403536626;0.13993497825561096;0.08116980561579223;0.09226737497313851;0.0007952463892090205;0.012907576359230484;0.13176855440962748;0.0778178764633786;0.1394089276620298;0.07582172572248459;0.08740943365368839;0.009833384589027555;0.00940319280709723;0.164160622749161;0.0902853662325386;0.15539577232236956;0.103215763855806;0.11765209855438377;0.007922718115514083;0.017973384570389793;0.14489715781925305;0.0801954662593246;0.14406788776130894;0.06471214739890045;0.11534624154624082;0.0002079239202228084;0.005437985349777167;0.14798808110410938;0.07400376675142005;0.1527874828954558;0.09065958102370002;0.09993007291513879;0.0018612497827658473;0.007824667348965605;0.1408464471342074;0.08993584328452904;0.12697005195550634;0.06830836753044729;0.10747802710052337;0.005805397540275768;0.006303897317017101;0.1299212660690093;0.07073886869222708;0.12754986984015812;0.08476398199921124;0.10183382032362355;0.011184436273964541;0.006473287359623876;0.11076295306413955;0.06398344558985543;0.10897996132334713;0.03686922616011577;0.06917342208080117;0.013898724587359402;0.004074725464459114;0.15972352095923328;0.08968901362691417;0.15633340024383863;0.04806071840752537;0.0750087603927915;0.0007869644940099374;0.01109164851751267;0.1285506812934058;0.08425195758867456;0.11781449449864702;0.044551337235275254;0.06450148668595844;0.001766676081261123;0.008916804719746324;0.1513743024415277;0.08860577603566644;0.1469145142325999;0.0568940919456758;0.06841203862291555;0.00203862376546749;0.007680371762548061;0.2421051364349659;0.17984754357962335;0.21262947223166442;0.15984795224083034;0.03082569258159947;0.22099141298531352;0.011133766693743555;0.09727579598204461;0.999287278274825;1.0;-0.23803782273655327;0.9955928003492769;0.9974251853144591;0.29186691426638584;0.9625490906118244;0.9637510255151638;0.8295713993047112;0.0277786081566438;0.048007441906519316;0.0011592507412185164;0.02264053282927268;0.0016747805226165955;0.41147683574314736;0.243062977849106;-0.04044486022331847
pop1420;0.02635095172214175;0.0948108284187338;0.09096916254139703;0.03844241773990521;0.09374277932173279;0.03499639601143376;0.09011356066562858;0.0032145920834075;0.02742242697774551;0.09096927812928031;0.03844293181766495;0.0937428383294038;0.03500030752383103;0.09012034788846063;0.003214999910158216;0.027403488915837777;0.10558941541434189;0.046638047281966;0.11871569623844823;0.08573108303622798;0.08435382896142701;-0.0007403451496776469;0.020390092868864257;0.13337085621540276;0.07946568530748707;0.1158689186199167;0.09497388317732586;0.08522578544054292;-0.0012573898621107363;0.028561324828767505;0.10817954476916426;0.06779736841730502;0.10389717725714795;0.07320379800151292;0.09605252896439999;0.003192723628843031;0.005843845927397575;0.12773260184774882;0.06633322768814717;0.1184554118230304;0.07518243913409231;0.10936453198163441;0.010038636656279682;0.020830761451013067;0.11092135215415741;0.04887876879962036;0.11972612864344473;0.054207693701949854;0.10204952376113478;0.0002901325122939147;0.007699188525755951;0.12802946194567008;0.051717051656913024;0.1397999720127937;0.04998878318001631;0.11016293599246116;0.00366315815887096;0.010506886517035121;0.12252720823377565;0.0662944931402055;0.11429942062894827;0.06683466443060544;0.11507957315586761;0.004088226055909911;0.015570762556286259;0.11678763174751468;0.060716776900837086;0.1180517537443397;0.061892685539952065;0.10084213706399932;-0.0018864895328848563;0.0035597109340069367;0.08251343284094916;0.052869560445355866;0.07565216948815487;0.02212116381828363;0.04266077307647609;0.02607121425808659;-0.001178726376257924;0.1341339669397584;0.06797383400210075;0.13383958074584193;0.04606955172030812;0.06995239737212666;0.0006239666066132752;0.014350061650163271;0.11163713995220129;0.06830977187074949;0.1064721441119144;0.0292676638652795;0.07397222817724639;0.005039294154947035;-0.0004450931473435753;0.145990823982992;0.09023525023030858;0.13567578126532054;0.04954835355234446;0.07513552558879175;0.002121647548620195;0.0026453241157833383;0.19507122212791983;0.13311347099071577;0.17468740025897975;0.12518044802564676;0.03443053932042853;0.20238289391086728;0.012237011113380427;0.1286527951996819;-0.27453144359659065;-0.23803782273655327;1.0;-0.3002503402684781;-0.2656827040986641;0.8235854985594935;-0.40816635770466825;-0.3918704073183432;-0.005833436109335065;0.034260535736078575;0.06304659704510103;0.008168997170719132;0.00719936728566892;-0.00024348034641104077;0.10307916115339187;0.19812628800525403;-0.013510682595464396
men14;-0.013507120655999568;0.08697663576031582;0.12535137293899312;0.06254308979957922;0.11968336832069612;0.05251893582064396;0.1124304152440802;0.003006761080909071;0.02244866148323821;0.12535142719135747;0.06254376749804363;0.11968317881884728;0.052523125630037214;0.11243709957859069;0.0030070786755051096;0.022427711884439334;0.1051060627506489;0.054502233930294824;0.11214532270689954;0.0714544907540111;0.08028327518335843;-0.0008636474973087917;0.005991360530289004;0.14049646205085825;0.10018161534472322;0.11937535818896204;0.06977744446392573;0.08088417228779134;0.0008627722906191241;0.009811414814803795;0.1139290580860967;0.0680022037520341;0.1198289493429848;0.06479186862336994;0.07648091538779554;0.008547035455827637;0.0077200284873750824;0.14533380666343937;0.08234188057976133;0.13500396429432857;0.09320885500159377;0.1039507127663994;0.0068953457148721265;0.015187673476514825;0.12485251484103128;0.07001958160525709;0.12307923645283385;0.05677954486543882;0.09953202783630317;8.911065707600002e-05;0.004233124138477569;0.1257180177768926;0.06454887196000587;0.12796278123076807;0.07814640357172384;0.08677775256739548;0.0014981600813587658;0.006335567465203173;0.1203267442346479;0.07789533318780634;0.1066108543515937;0.0581022667695659;0.09439075213664941;0.005951981990678412;0.004704281278494729;0.11150636614469468;0.06144470322899391;0.10814168748723546;0.07252490328066176;0.09047372173438097;0.009448853359383311;0.005297794996071935;0.09509400613369076;0.05507894912322495;0.09305300488040785;0.032008910198466786;0.059809496282720136;0.013190081134933232;0.0033707397034098124;0.13872973437796046;0.07828435778491696;0.13525653555423373;0.04098165548677004;0.06581071103968247;0.0005972834485555578;0.009820275897484613;0.11051324240213287;0.07330877898120887;0.10085004131823189;0.03820887170483466;0.05488837252185969;0.0010192432707274734;0.007614255994082576;0.13355758301025192;0.07902132703105468;0.12835322153479142;0.05086856632978569;0.06101372959924801;0.0015852762912299198;0.006944239093231278;0.20985274950627472;0.15887435044401413;0.181905524185092;0.1381114344025671;0.025174832441895775;0.1935653622289739;0.010211672334632115;0.07855834949210472;0.9973419115302949;0.9955928003492769;-0.3002503402684781;1.0;0.9992959141108945;0.2271101727070066;0.9795116514031733;0.9803204252851515;0.8356613157454964;0.023636213755034385;0.03928682064573284;0.0006222017202883064;0.01665602990170097;0.0012944186159194423;0.3777279523858209;0.21090622860105793;-0.03550362893726764
men20;-0.012836235026224708;0.0916928712943764;0.13141088978242288;0.06529916560212053;0.12582824405916226;0.054932571067949056;0.11799091323679375;0.0031693607628123922;0.023750016309797527;0.13141094901331157;0.06529987518168315;0.125828054091236;0.05493699441617976;0.11799798086873631;0.0031696985806410633;0.023727933633928416;0.11099899739418967;0.05720227058205304;0.11882210038506036;0.07586870896433244;0.08490445017079828;-0.0008867535157200741;0.006676204827393552;0.14826398383785397;0.10510293444177925;0.12622856825116088;0.0746745650066348;0.08548048759444372;0.0008189110480463467;0.01087640484469189;0.12051196956927117;0.07227797924775703;0.12627364044456646;0.06891255057902537;0.08137580689353517;0.008759115672046387;0.008048156830716637;0.15300735932707915;0.08638054010041878;0.14236520839014843;0.0977165726166892;0.11000575613068811;0.007176173118151936;0.016082702173323804;0.13186285813073498;0.07356248043151989;0.13026799270097164;0.05999814366599521;0.10553035930197326;0.00011820912595643279;0.004642532464401822;0.13337261475507275;0.06802701241074276;0.13611603388926297;0.0821738404162427;0.09253005379600791;0.0016556595150155383;0.006768769171747199;0.12747626335655057;0.08207688135798945;0.11327353250742593;0.06175492825556138;0.10038983485399908;0.006151510571117824;0.005273634633954845;0.11822284529366232;0.06503995179290523;0.11479615821003138;0.07662217917493838;0.09599522825795999;0.009675602661711724;0.005596366256882332;0.1002002229029708;0.05824134659893487;0.09780261853517047;0.03354036396242602;0.06285086142776287;0.014268715187093432;0.0035061354738706962;0.14654082233949806;0.08236093695302354;0.14310434195666635;0.04351247951091254;0.06956947449295317;0.0006259915011714632;0.010511989031100321;0.11704381355269274;0.07734173066646344;0.10699278181771309;0.04019491460562614;0.05864152691631695;0.0012096102625113118;0.007960074585732555;0.14162881439181932;0.08374576806683834;0.1361739866438768;0.05378804687325549;0.06496000851106688;0.0017074788096874496;0.007198307101348697;0.2215322840837887;0.16716876403366912;0.192349922178224;0.14570014469905967;0.026810514641944647;0.20479228240794187;0.010761737940169366;0.08474111277105191;0.9978125508282999;0.9974251853144591;-0.2656827040986641;0.9992959141108945;1.0;0.2634888387694568;0.9738933762016018;0.9753190174795238;0.8436618534761603;0.02514692128289703;0.042018256758741344;0.0008788163177776311;0.01708157563174147;0.0012712375031064698;0.38564550131535197;0.22270502954116797;-0.03665336604123533
men1420;0.014105602438615564;0.14376301109303796;0.18804296932225423;0.08688667860789386;0.1888648533870784;0.07554112613985318;0.17191806244814345;0.0049572101538972535;0.03928750741341374;0.18804311193391088;0.08688767239086342;0.18886479530340525;0.0755482158282465;0.17192965173352015;0.0049578128257388165;0.039252954878608345;0.17874666317464794;0.08345883540711152;0.20081731482744342;0.13211423727915478;0.13964529068281012;-0.0008156559592506183;0.019236616407755345;0.23609215277155954;0.15233520366121006;0.20717044195543344;0.14423763829225847;0.13914572168397352;-0.0009284070556230704;0.030041918136713804;0.1988222122569902;0.12767179554346791;0.19667886351215264;0.12285223767396883;0.14582435520006143;0.007600472924628539;0.010409343074213222;0.23483322132149304;0.12503629502697647;0.2241918058494539;0.13987280913108305;0.1826619633132256;0.008982140591527582;0.026947109141030014;0.2125982080365844;0.10914065808901356;0.21679082910679232;0.09747159579078069;0.18011628602279078;0.0007758784020749989;0.011675243181721548;0.22953367997533553;0.10612105255774879;0.24302654263762194;0.12370678881643321;0.17059573526867228;0.004457207392681335;0.012800562531886767;0.21509421478941526;0.1276523572227718;0.1990945474571767;0.10906380791015112;0.17887470511045422;0.006638427693699732;0.01590855085442207;0.20170823112717903;0.10841522282779802;0.19926401958343487;0.12414495772982395;0.1655200240580721;0.008203664163166322;0.009045654848898264;0.15586991517920393;0.09560462984357596;0.14610183514706745;0.04761092143145716;0.09361594999862204;0.031234511971162268;0.004349782315053203;0.2367873173669819;0.12501897409081367;0.23688953723423548;0.07573730933434125;0.11372117263037369;0.0008933168212799409;0.020358359691287513;0.19662419398610412;0.12267281453849767;0.18418084896626752;0.060923184561459544;0.11088290624005523;0.005195821361454436;0.01084613613011903;0.2422657670283455;0.1420167023439315;0.23448595564817773;0.08826076527466292;0.11740268096260913;0.003575274059159925;0.00829107368747761;0.3546494834276006;0.25428455157488833;0.31572727795162786;0.2308648634987946;0.04862407204700537;0.3389036005895423;0.01678400896993312;0.1797613425420334;0.2569496631930852;0.29186691426638584;0.8235854985594935;0.2271101727070066;0.2634888387694568;1.0;0.0945278732667053;0.11073819010962502;0.41272851165761154;0.045014246704848236;0.08054466620310904;0.006807844720395221;0.015134492193316529;0.0007096485789922719;0.2982033010185344;0.35800323287320207;-0.038555848989819064
emp14;-0.013321882597051374;0.06336162458133648;0.09778533680666474;0.05625620991515877;0.08310227756799962;0.03728687659240982;0.08649112244473753;0.001953942144974623;0.01721806450451808;0.09778533098580137;0.056256683898525804;0.08310204988830733;0.037289948737815236;0.08649563816115705;0.0019541436780346525;0.01720323977806532;0.0782425441517154;0.04451545858941848;0.07651314964526501;0.05352837874731571;0.06250705469368974;-0.0004807631735736451;0.0031238663505581145;0.10867037068408447;0.08804757525498315;0.08280612960839703;0.053617594598078654;0.0640456539182854;0.000927411401201064;0.006747770796934693;0.08444703597295738;0.0557062130282683;0.08068670064833271;0.046504082080349916;0.0585068588825297;0.007438783784969875;0.006633911161988287;0.10931226760191433;0.06724145249840517;0.09562713457145225;0.06905925785951629;0.07806281369974086;0.00637122974404516;0.011091454616682988;0.09501887245530191;0.059327087570652956;0.08587622991601386;0.04047208521070231;0.07760200881701537;0.0022313334765645784;0.0031615461407024726;0.09090527699264282;0.05301439109596067;0.08623806775544408;0.05601243583630171;0.06545846125751811;0.0010119037433451157;0.005006211501757126;0.08936036043735693;0.06391758879575395;0.07231556026408824;0.04339610275320759;0.07332065045350095;0.0046189719022347;0.003322235191814494;0.08229466480203167;0.04876064275992512;0.07534514650933122;0.052992734877006495;0.0717453518247543;0.0072392335329057025;0.003403995260888905;0.07210750517481684;0.04671713650158638;0.06410229373389927;0.025647192888718973;0.047043769818712944;0.010156449468166833;0.002661872816918293;0.10455010941217384;0.06680779433112434;0.0954363085099862;0.027884069928881462;0.04834039024266655;0.0002266392167738568;0.007449976873339364;0.08350688687569112;0.061261388623182485;0.07150955520227181;0.02800365709144842;0.043528009406773566;0.0014523812023359546;0.00512971900909085;0.10094581948007623;0.06482074847453119;0.09025607824196163;0.03803942512408616;0.048465453898285646;0.0009129044484502187;0.005580835865175884;0.1584569058069243;0.13400675822974048;0.12593251722207055;0.10072348513998017;0.018853227025745392;0.14953281367438445;0.008679951062229806;0.059759290765204816;0.9688216619189862;0.9625490906118244;-0.40816635770466825;0.9795116514031733;0.9738933762016018;0.0945278732667053;1.0;0.9996299623719258;0.8285266714727959;0.02058817559164796;0.03185976949838399;-0.0006059536313069859;0.012074186427797862;0.0014155185062367896;0.32699765946804377;0.1592617195154919;-0.02509896359304338
emp20;-0.012331853653084328;0.06352656119651513;0.0993154833878866;0.057103172666592324;0.08417262733090557;0.03907909993521875;0.08805583456454275;0.0019531260125407236;0.017400388412139672;0.09931547621973644;0.05710364287625083;0.08417239995316043;0.03908218275698354;0.08806035011517278;0.0019533249733206903;0.017385497259582265;0.07948874370698042;0.0450376564345287;0.0778879900662777;0.05494860325262857;0.06370792914936238;-0.0005319885398120677;0.003322818098612854;0.11111087965360075;0.09041012540425879;0.0840514717759245;0.05562721782070377;0.06567053541174678;0.0009294197804270311;0.007340450771636438;0.08626208971362696;0.05713635418014606;0.08163987368983032;0.047672082273077836;0.06043544684814215;0.007465173505657072;0.007076628073970552;0.11203956756008016;0.06919474615355357;0.09753687707295268;0.07062642171505398;0.08012070164903975;0.006240272662801787;0.011813495849099447;0.09692797997577277;0.06043253849469762;0.08755477282208415;0.041756514005658656;0.07924362617636548;0.0021804853834861268;0.0033634427061837633;0.09302136930982935;0.05446789983908011;0.08791329048750114;0.05792050702869687;0.06750709483577505;0.0010813409985228487;0.005051220154334109;0.09176536379242298;0.06579703858427798;0.0739710783798426;0.04485648060009057;0.0757372346341133;0.004642339173705176;0.003574748607383091;0.08452770008139844;0.05026217671736086;0.07713158066082912;0.05428741453517826;0.07414857869867761;0.007049204238856174;0.0035153357314144356;0.07337930980702341;0.04778060506722143;0.06489566496016476;0.026110034319243604;0.04776214034181642;0.010928301862323722;0.002575054333385003;0.10714158426264116;0.06893377154589654;0.09731114634913283;0.028371351403720445;0.04961216360295869;0.00018292095297636984;0.007872357693606849;0.08580092224120477;0.06307281959345765;0.07340705363440864;0.028576645144866623;0.04471461266943102;0.0014986178095281802;0.005236358458779697;0.10404602896317829;0.0671172705663029;0.09251371064575636;0.04004364909857732;0.05028479375882427;0.0008470712141846901;0.005695430233592633;0.16193337383972106;0.13719932030787774;0.12824216797266189;0.10414832058405038;0.019675865816311457;0.1533077590153197;0.008805168443990726;0.06140670425389062;0.9693782707450781;0.9637510255151638;-0.3918704073183432;0.9803204252851515;0.9753190174795238;0.11073819010962502;0.9996299623719258;1.0;0.8434517266296823;0.02159483943205756;0.032179704577029886;-0.0005153010175179155;0.013201296938334326;0.0014521714424746248;0.32615891474117203;0.16284000535502177;-0.024501720306953724
emp1420;0.009240749256971183;0.05637465858823795;0.11326070254637598;0.06447302733771149;0.09151862794776502;0.06807013792562315;0.10452864619868915;0.0016169767102486771;0.018149919907610106;0.11326066994539825;0.06447334597415987;0.0915184437904094;0.06807292645428471;0.10453241857462969;0.0016170922704659982;0.018136156920662855;0.09107506201107277;0.04797077941999976;0.09227711342532127;0.07399276944624365;0.07698491063377083;-0.001456462101288838;0.006707426412056769;0.14110198018328596;0.12225357211194487;0.09487322682023142;0.08620014786526468;0.08699959200401103;0.0008167919026519172;0.01784243326029483;0.10797278165143093;0.07601788661164331;0.08708677353129751;0.06292740550010147;0.08862016444018458;0.006763126478096114;0.014660238403596535;0.14754229503011998;0.09643210860013648;0.11927012242432154;0.09000356795120701;0.10763339883298359;0.002631511481468528;0.024137281358826135;0.11874845667174862;0.07236170573703136;0.10635771594414681;0.06028047256685084;0.09867916351949405;0.0008190071462031892;0.006799551248152749;0.11956968395004466;0.07424815832330943;0.10659191861674293;0.0861121297488243;0.0969038450453929;0.002275464046988814;0.00511241698129025;0.1242251492919051;0.09213280317245065;0.09454507907371401;0.0663472857840041;0.11105203507015442;0.004343140808354206;0.007975859010167959;0.1147772456491444;0.07168001232608391;0.09977315762771195;0.07096055159465225;0.10945989837727763;0.0021412852000268034;0.005138175075613415;0.08647236746523008;0.060953764597919666;0.0699303001511448;0.0309723414706553;0.05412302885202103;0.024380845991731837;0.0004385489816443659;0.14076448369375516;0.09962420154332526;0.11839205139689668;0.033345791232042905;0.06659899552792214;-0.0007104380943227137;0.01492396802890218;0.11704652539970856;0.08851166923878709;0.09885231117301457;0.0352100544696655;0.060821924947803356;0.002166180913337259;0.006484357881195711;0.1482230884266446;0.10147341403081055;0.12194046510599482;0.07306341286352892;0.07797523107637404;-0.0005918585933874316;0.007025308606420154;0.20405592021508878;0.17776787024279617;0.15284190040494217;0.15471961503072573;0.032698042213761824;0.2027382547124694;0.009835289761681756;0.08387939704228481;0.821532124905806;0.8295713993047112;-0.005833436109335065;0.8356613157454964;0.8436618534761603;0.41272851165761154;0.8285266714727959;0.8434517266296823;1.0;0.03793686719183399;0.0332252201923319;0.001359406481030654;0.03329734352430772;0.0015654929898811568;0.25615152639122635;0.20682478131500837;-0.008692087627376766
mepart1420;-0.001040379128935454;0.01586572209213735;0.003249350481178518;0.0014005023733763445;0.0032292502082009907;0.0017417747122049608;0.0029753699319882837;0.0004908125787963716;0.0009739156390381081;0.0032492744028451335;0.0014005559630470858;0.0032294647224971316;0.00174204879254533;0.002975581821176729;0.0004908971782405341;0.0009709462724638054;0.0027699361867029367;0.0015047451292837357;0.003068937006078803;0.0013587098956009754;0.0018252527834651028;-0.0006379094881213106;0.0003460876273380018;0.0037597682687725044;0.0030461443719084257;0.002750560059332933;0.001786260836249738;0.002234394391394427;0.0001008682017630821;0.0005585122397325266;0.002522069654121567;0.001359587000623358;0.0028354468768251703;0.0015971483106146896;0.0019140227425510894;0.00017941786831923538;9.87736803792061e-05;0.0023639906860006025;0.0011332485704898436;0.002380922475272056;0.0016101439113735878;0.0015285499223903687;0.00011372595997853339;0.0004346789594396011;0.002233506591019089;0.0009807713340936365;0.002495216619087948;0.0006611460706356483;0.001636393038237272;6.0458131531664856e-05;0.0002914829023861309;0.0021117508184007503;0.00105482204261791;0.0020927787598148976;0.0010133981245227625;0.0016408424511835564;0.0001349044940469928;0.00026407487620230434;0.002063465721705994;0.0010510508710878726;0.0020782596328284293;0.0008943858163087829;0.0015931331543621956;0.0001056836953586994;0.00024765755288686783;0.0021870479371382473;0.001086625436262385;0.0022190196389368054;0.0013625622151917033;0.0016812055173973462;0.00011059705307521901;0.0002917416909251349;0.0019384562098224325;0.0008782999384787332;0.0021244385682918647;0.0008271672418345934;0.0012710268226919928;0.0001467808745320942;0.00026551033669447986;0.000940120738655183;-0.001322367666788892;0.0022036171597763234;0.0014706564945318446;0.001212798909550587;4.1577987264115246e-05;0.00020792078844366423;-0.0014643027351282675;0.0020466763795474463;-0.004373557607603057;0.001077495308559748;0.0016212520621690517;9.094359555774361e-05;0.00027302607079091826;0.0023835267879138023;0.0011626740118312467;0.0027398005736774082;0.0007772740370164321;2.7322784460304644e-05;7.54420791918903e-05;0.00047776946030675513;0.0039388347094885;0.0028990721526066;0.003260767139843647;0.0031518811752682617;0.0009887804374805003;0.004105379488889365;0.00012020879606561539;0.004905135005442149;0.026170265413937088;0.0277786081566438;0.034260535736078575;0.023636213755034385;0.02514692128289703;0.045014246704848236;0.02058817559164796;0.02159483943205756;0.03793686719183399;1.0;0.3258856965735314;0.0001721888517227659;0.0008832231185995291;0.0004777226639238733;0.0651741776753116;0.003946890764064972;0.0004974468363645255
menhab1420;-0.02348518079179533;0.04073032323292862;-0.0010871151176144378;-0.00020485873556191366;-0.003950240631217059;0.0010398267432879162;0.00716573193755731;0.001356589771709164;-0.00023333083056312586;-0.0010872146671612357;-0.00020489455212383597;-0.003950340501077132;0.0010402468497834002;0.007166614539843661;0.0013568104921660021;-0.0002353827768199123;-0.0013499631468575173;0.0005934019406745321;-0.0033069992763639492;-0.000657326357329364;-0.00025831297304772103;-0.0006679961557811313;-0.0011106165161695624;-0.0010145439874604347;-0.000302804438981027;-0.0010568808744633544;6.413152010696318e-05;0.0005495808154284001;-0.00028386287609854534;-0.0017741180845743897;-0.0020613799009690245;-0.0005331499069272002;-0.003159636719669466;0.0006115188356985138;-5.964639756392652e-05;-0.0003698838769236844;-0.0005750706505642612;-0.004554974920788539;-0.0014085517144814712;-0.005804034653743117;-7.200766194410019e-05;-0.00181512967748508;-0.00016270970169218353;-0.0014221107937399443;-0.004894367449583122;-0.0017830642912069195;-0.006023354410336873;-0.0009144393808431413;-0.0020264251108185996;-0.0003176750974342018;-0.0011758808227450108;-0.0046449727058083794;-0.0021801070418417667;-0.004971013980582976;-0.0009950417552383067;-0.001810125764533316;-0.00025286080353486754;-0.0011280479607020566;-0.004304931705319419;-0.0016945920097492895;-0.004987164274546474;-0.0007199613025907959;-0.0015303383602024822;-0.0005528326151638485;-0.001159848483328381;-0.00439928300938189;-0.001809537862098929;-0.005131077217713896;-0.0009285177382661832;-0.0015590272689940397;-0.00018223707790098758;-0.0014787793674960752;-0.004441507023507928;-0.0018107711411830426;-0.005277742492776308;-0.0011020724641501783;-0.001748830764083962;-0.00016105400577690835;-0.0012674617935213807;-0.001340029282958821;0.001906862555356196;-0.004184752225097268;9.570749844467336e-05;0.0009052542221937126;-0.0002175065590133374;-0.0007620715842788247;-0.0027078258225920414;-0.0006577989727784287;-0.003213507600490509;-0.0003140476070522027;-0.0009704166641455207;-0.0003549794519856392;-0.0006144360256310499;-0.002909897181236124;-0.00113199123180239;-0.002735003613127357;-0.0012559078855810001;-0.003419640049996161;-0.0002907362131297861;-0.0012657978540300252;-0.004777762263526267;-0.0016367936488242748;-0.00630660437472756;-0.00020688591675564123;-0.002872744445155741;0.0008628279538422532;-0.000696099129734132;-8.859778436665728e-05;0.04507875171348005;0.048007441906519316;0.06304659704510103;0.03928682064573284;0.042018256758741344;0.08054466620310904;0.03185976949838399;0.032179704577029886;0.0332252201923319;0.3258856965735314;1.0;0.00019118485738895639;-0.0014451447349239004;7.962598467067327e-05;0.147732867629116;-0.004789312023842119;-0.010001370777249413
artpop1420;0.008787909664135625;0.027303736792674248;0.010158326235239984;0.0013266582727890109;0.0179031907713882;-0.0003026151030889478;0.0024308873832426478;-0.000899688335706426;0.002738678350667689;0.010158478990992887;0.0013267008887314067;0.017903013450676776;-0.0003023984502949258;0.0024317935297583607;-0.0008999146368679772;0.0027394186152834;0.0076111391508471805;0.0013652017700823296;0.012666237683497877;0.01607275650883518;0.001477618787939447;-0.0011967277095623883;0.0014332367220814802;0.009380766706208481;-0.002372965879785778;0.012749633997664683;0.0006998986302666772;0.012388753812697436;-0.0007077980518747473;0.005404369049762031;0.0014960875073705767;-0.010244697362427621;0.01389001403630483;0.014831328990083721;0.011218494003728215;0.002333375473090607;-0.002115342158113318;-0.030944088647478624;-0.040628535189252496;-0.010567673684395122;-0.0019486415309921557;-0.020585882390118344;0.0051403116721297;0.009358349349125526;-0.013107362886793929;-0.03316227309935677;0.017496702634394866;-0.000724995270149175;-0.048457009505906846;-0.3038822707330477;0.13787700100552652;0.0387904261598146;-0.0025514724298897;0.053194521194202087;0.006721692478413044;0.02728424561497955;0.013006195369556325;0.017600721144489285;0.024301523011061393;-0.011999412608825722;0.059456939631693295;-0.0033409446559686047;-0.004753930098921652;-0.0091634896659546;0.007560890537819561;0.012843423830254934;-0.008835826901107721;0.019092817043462915;0.003887614101726275;-0.0008432667818974609;0.005550550909513765;0.04386277104246304;-0.011065890666627992;0.0011820047540911835;-0.01979673282076748;0.03164388047960947;0.025001991372944232;-0.012317313471543816;-0.028352241679276368;0.005315260095759851;-0.0029410002532001232;0.012704401938048787;-0.004777795342986974;0.0008709380351485303;-0.0028545364729208635;0.00028367540990447646;-0.004224512217845006;-0.02457569507388331;0.008670044009741395;-0.002649174278286926;0.010367251679086061;-0.0010790507556996134;0.006135998624338947;0.015137976293349117;0.006078856785898908;0.016354463670260305;0.0008045576831832194;0.00970419574883071;-0.0010651621360001922;0.007887630781131605;0.010032566679898781;-0.017518676124590897;0.026462613355840207;0.007782530940385404;0.04742503556513411;0.005715368383335646;-0.07156924090861216;-7.128236624291084e-05;0.0008301808149072669;0.0011592507412185164;0.008168997170719132;0.0006222017202883064;0.0008788163177776311;0.006807844720395221;-0.0006059536313069859;-0.0005153010175179155;0.001359406481030654;0.0001721888517227659;0.00019118485738895639;1.0;-0.0011211576904474373;-0.001883413893705019;0.001721230997844733;0.010915362980350592;-0.04163140937199244
surfcom2023;-0.011950182974856276;-0.031226470104060523;0.1321221372119978;0.012383436198592338;0.11605251841860112;0.6258670987170177;0.018639196543322762;-0.0003786150654050562;0.014643835852719526;0.13212220525414933;0.012383798732870677;0.11605247471939721;0.625863114143332;0.018639951189588458;-0.00037863572163511353;0.014639090559187756;0.061927779457876364;0.030719146850839183;0.055626885876536636;0.06424434650075445;0.015205355995731211;-0.0015910610205421116;0.06293178528264066;0.04528134502042557;0.022089964895984308;0.05045950297031688;0.021489771894744384;0.011557600820336626;-0.0006126348628731532;0.008958904227267403;0.026766060407670975;0.009762415707061598;0.03402959468315082;0.02864089098312873;0.010262722295230524;0.0009769001498235552;0.004925145202947221;0.03663908175465963;0.012687502239202677;0.04126603875478525;0.010961839711828448;0.012434902008296642;0.0001430948766553216;0.0197504637117502;0.039064176663982965;0.011930335469786118;0.045995832389612606;0.010255567465880052;0.02048451933659849;-6.0196518554656826e-05;0.01665789664413043;0.03448219876169837;0.014430258717945298;0.03992782538696392;0.01302381755698185;0.011285125883008652;7.244243808446635e-05;0.004988441675669366;0.04897921284332351;0.02948894034257628;0.04436360556189338;0.05728023482478584;0.012509537557669067;0.0004970573216452114;0.012895259182762126;0.031951156082202586;0.01812530210527353;0.03260567594208705;0.025554922520876502;0.008109109163944436;0.0021086203971475603;0.006222410525735685;0.09155949459383751;0.03906135686183378;0.11811996634687086;0.04584053498098702;0.007939386472632868;0.00032041842641907604;0.0035610652103729916;0.03473548146808817;0.014659457846142383;0.04053835007921587;0.009911016041700436;0.006791824066016253;0.0012581177261473807;0.00702270289958409;0.03615434642073995;0.02127827016081063;0.03426699895029043;0.017016554272046812;0.011662535207771949;0.0014595496174302446;0.005298939280112215;0.06644810984030658;0.03400945499572794;0.04568976285849419;0.24384143649714715;0.028646522786373564;0.00036242209719335996;0.00537607694356526;0.10556729909937067;0.04634508214394669;0.0913600972093599;0.48197303857956175;0.03906473604838123;0.03103013008986755;0.0005356057317397571;-0.018923800543940723;0.022135131822927864;0.02264053282927268;0.00719936728566892;0.01665602990170097;0.01708157563174147;0.015134492193316529;0.012074186427797862;0.013201296938334326;0.03329734352430772;0.0008832231185995291;-0.0014451447349239004;-0.0011211576904474373;1.0;0.0007551098997837763;-0.009811100283893402;0.10602705904930163;0.006563035150528116
ratio_act_hab;-0.010816918093747714;0.003730616589674326;0.0021900479815459553;0.0032102254081427853;-0.001727815749963047;0.0009859832102141765;0.0047506630988083075;1.421472583222827e-05;0.0004327336177353046;0.002190159601687047;0.003210219735860082;-0.0017280100492887123;0.0009858094858928783;0.004751737425887597;1.4209452946897736e-05;0.000433718692668781;0.00127943245315839;0.00010154728576610999;0.002632255345561694;0.003198069943261752;9.665555426691819e-05;-0.00034809567635031856;-0.0005573012033228878;0.00285910726302647;0.0011450697901638199;0.003914857662160145;0.0019211502931054585;0.00042062561311775843;-0.00029087949028261314;-0.0011971493071230614;0.0005027468937469228;0.002759224377829801;-0.0021848847384038643;-0.0004477871869085824;-0.0005336955825234412;0.0008002640728965945;-0.0002852316160011428;-0.0018656330005819128;0.00030272597210951344;-0.003432133011633842;-0.0003068013974929876;0.0004429542483551446;-0.00021268541488186609;0.00022235936147545256;0.0016169602426088483;0.0037299312185372336;-0.001310833102658525;-4.7732418066082285e-05;0.000793049353870985;-0.00021873250734004437;-0.0005677217987482301;0.001458112948606942;0.0034883019582340425;-0.0004245970858516682;-0.0009636088316928056;0.0009563348360021716;8.108216529115554e-05;-0.0003973888666224605;0.0018039026278217909;0.004296289844841254;-0.001034876715803814;0.0004041946281880621;0.0011160104905621566;-0.00040309425863660465;-0.00044956713066394657;0.012127753300693548;0.008989635631549805;0.010791785931487967;-0.0008021616460486496;0.008494011363009571;-0.00021770526609164465;-0.0009302942323796721;0.003855779907499342;0.0012437927005003039;0.004218395205111362;-0.0004329476457252581;0.0077999154013285695;-0.00025972231558994815;-0.0005303146214733234;0.0013259532317235695;0.0039674659643302935;-0.001295594734061898;-0.0006190915296474972;0.0008900322500979632;-0.00013023768415873442;-0.0010206189303056943;0.0030793942825610918;0.006690392742965725;-0.0014898541352728269;-0.0008602363118415365;0.007253193062586262;-0.00036706370066511603;-0.0006549533180355482;0.01867674196434847;0.0335233526949055;-0.007083116902083889;-0.00037625131124356177;0.009214784022183061;-2.588355459649382e-06;-0.00019502719554659177;0.005765677295109123;0.011195042689973457;0.00013618864026101115;0.0008880017232380072;-0.0010751039147400769;0.006396043507468289;-0.0005720054363210343;0.011766618425658508;0.0017311222469769925;0.0016747805226165955;-0.00024348034641104077;0.0012944186159194423;0.0012712375031064698;0.0007096485789922719;0.0014155185062367896;0.0014521714424746248;0.0015654929898811568;0.0004777226639238733;7.962598467067327e-05;-0.001883413893705019;0.0007551098997837763;1.0;0.003776049917096869;0.007217510362095493;0.0076464782240879235
densite_pop;-0.1085862949579911;0.23901172636580875;0.05143019736426457;0.03594087514735194;0.0300021059060391;0.019823151796688494;0.06159698374993458;0.005161199521511237;0.007433961206142591;0.05143015882958609;0.035941769397267655;0.030001629396682713;0.019826395390501666;0.061604640236828566;0.005162049978490058;0.007413797089331211;0.04559267185135598;0.031231670380017115;0.03189492913323461;0.0432869781120671;0.04813396793049764;-0.0017538071669853884;0.0009145292590852631;0.06514990144205;0.06731210632834882;0.03295672015799023;0.043007313162303856;0.05032021340972087;-0.0012375445377537815;0.001989604647927026;0.04744303280617767;0.03684905088488765;0.03728266152481382;0.03832192555898629;0.046214293514941295;0.002901862940009324;-0.00020231973960796454;0.06097121356582397;0.04333854702972922;0.043585223843321204;0.04323670796455434;0.05601233592994177;0.010334321404854572;0.0036446547417973464;0.05387686253048721;0.040875832827657534;0.03862742666083688;0.021599492887701584;0.061838903465590775;-0.0007205363713116773;-0.0021560217717841767;0.0473350048191292;0.035080723266392985;0.0356068026994022;0.025505945388006948;0.05520824146356203;0.00029754450692105614;0.0003020476016282511;0.051782735888189414;0.04718260006295997;0.030550550323702887;0.028929496367378595;0.05788041427210464;0.0004888425450058491;-0.002690053783069261;0.052578853180148946;0.04215926850531941;0.03569641864941252;0.029964661184907152;0.058815415260232214;0.002972234428245276;-0.00286088436809148;0.04470718338911252;0.03856043752343557;0.026395825977150494;0.02081527440490302;0.04267311488651016;0.0038814115134664278;-0.0018614539334074747;0.05653114930677421;0.048280682914688094;0.04017027513727283;0.022547028982463732;0.027678485796268495;-0.0005125674929466703;-0.0009349476421360123;0.043409556093011815;0.04291806058571918;0.027835544386226232;0.02228434977981787;0.034735880939683286;-0.0007766770398738527;-0.0010898073016039032;0.044316031095700606;0.030187410761516306;0.0360109938611013;0.016884426331199787;0.03320869624897745;0.0001722106311882137;-0.0016725435514148978;0.08787914296992112;0.09189927587956412;0.052376640532292136;0.06372554928451765;0.0009008359766262746;0.11345482004890191;0.002927842189171396;0.16924240192658366;0.40337058885799404;0.41147683574314736;0.10307916115339187;0.3777279523858209;0.38564550131535197;0.2982033010185344;0.32699765946804377;0.32615891474117203;0.25615152639122635;0.0651741776753116;0.147732867629116;0.001721230997844733;-0.009811100283893402;0.003776049917096869;1.0;0.08721654869503817;-0.07960199847855128
artif_total;0.06654037327173823;0.14502863511744027;0.6803604028455271;0.40539473618346217;0.6178353405721176;0.15906342563753095;0.3850501049114113;0.020697233552146924;0.17696578075314692;0.6803610164765275;0.4053977034486222;0.6178363484125525;0.15908138641369715;0.3850781732944292;0.0206980060520518;0.17687485192047148;0.5154281240741982;0.26456659956844025;0.5538212197685962;0.25386688270489177;0.2995273568112715;0.020805431114208933;0.11898805806357188;0.6330406158142026;0.36684778789593153;0.6125742484011951;0.2284070282122642;0.2909065419804021;0.015836766641709674;0.13649974072986693;0.5348874271468048;0.28240750908976947;0.5559150714345521;0.20817219067854098;0.28370301856054914;0.05693136663972611;0.1214951068352468;0.54818858856079;0.26898044591790166;0.5655166175577896;0.18331633364617617;0.3138230189621498;0.025366239959416066;0.12085578481907452;0.5856350649983382;0.3460858935128954;0.5658962150682709;0.148217840889895;0.34151936149009515;0.021359110071208273;0.08079484958593477;0.5880217491639547;0.32962210465999103;0.5764522328146333;0.2684952271005102;0.3120402886026533;0.020212960272170837;0.0856307233574592;0.5447786055227029;0.3012530512586447;0.5357477617014452;0.16822040015279902;0.29550885926394216;0.05541736482305491;0.09704883400601387;0.5354488755222987;0.30435331272666805;0.5344629969915933;0.2209842147082501;0.2972410532555713;0.03713647882186786;0.07682151441058084;0.47292304125247275;0.2736636826212666;0.47256804601259955;0.1219966382705991;0.23177265195249877;0.028940685371416787;0.06947455392630858;0.603252695782731;0.3835632452317895;0.5614269060234117;0.13389728485539398;0.2176625602081355;0.028746363798918324;0.08189025276299981;0.5491671708048982;0.336384999777502;0.5066324621087499;0.16595556110541443;0.24516990369674907;0.0529579517344342;0.06485568537913562;0.6149503434827313;0.3811997785574028;0.5749962175495938;0.15772248383709903;0.2346533070108567;0.034680201614312754;0.0708710443631129;0.9968469458745212;0.7664485916750787;0.8704832339053601;0.4247037919357073;0.30893500788166156;0.6775512464110064;0.10067750517284894;0.5284621401093258;0.23294078455975;0.243062977849106;0.19812628800525403;0.21090622860105793;0.22270502954116797;0.35800323287320207;0.1592617195154919;0.16284000535502177;0.20682478131500837;0.003946890764064972;-0.004789312023842119;0.010915362980350592;0.10602705904930163;0.007217510362095493;0.08721654869503817;1.0;0.19539773499045768
artif_par_hab;0.05899993162135399;-0.08150721802435291;0.1448781149157226;0.13820079814759018;0.06176996872498269;0.002774857105684851;0.03770848502235556;0.05529098139825639;0.05195068856336959;0.1448781545476153;0.13820076017778357;0.06177037339992077;0.0027746188968429627;0.03770631799658864;0.05529078911486842;0.051951009058327904;0.07463145049508763;0.04574235991860881;0.04373480547388916;0.005744308654751935;0.013496604433652975;0.10048459440516623;0.04851483189943247;0.0709103146662105;0.03319999118945237;0.051110952599169215;0.007686053396644442;0.038139485586706226;0.06379654065025711;0.05983421620343572;0.08714721788687778;0.03612909432567701;0.07066594521879942;0.04827341104003774;0.06977662585342895;0.015240333473293758;0.045033926599641255;0.128681965897863;0.15037828317271015;0.04095635945792398;0.0015306617279217723;0.04559190969504627;0.009335310280097354;0.034801495797624565;0.10785204663803548;0.05667196346005512;0.04850842750209413;0.016990682705763153;0.017773107508533982;0.03857417041663952;0.1399436501259683;0.09818489728243539;0.10025790687650979;0.054559561588683275;0.005660354042757596;0.006666299182875684;0.054403351929837925;0.03240193048209084;0.14883921917095788;0.1022326820316152;0.11923291759360637;0.021577519131277065;0.011855287076213639;0.060995964895943194;0.031473039316749156;0.06801615046547785;0.048804621040224226;0.044436031780538406;0.007633135961594826;0.021438137572873738;0.0014282381858905888;0.07204177984767156;0.17982180724982233;0.11904624666674163;0.13957372141061472;0.0014653202603157783;0.012683464234161739;0.018440361314104054;0.16600824559748034;0.0709547740832048;0.05104630156800629;0.04596564252377858;0.016206247736060532;0.029711922187257798;0.024551755174265215;0.04393894783282671;0.1101585135491096;0.05844090938092769;0.06034590541980156;0.002080609760478356;0.02870855927833162;0.02052847746549818;0.14121598179375877;0.13765939556695472;0.11386403750788164;0.06999483144323718;0.0025014094562364675;0.1338172028050522;0.013617854836170347;0.05174375408653372;0.19302058961300328;0.20293078535529824;0.10029281789148899;0.02266063648492429;0.1963296999119835;0.08088486137054621;0.13818270047713918;0.2511683465766775;-0.03951675785797084;-0.04044486022331847;-0.013510682595464396;-0.03550362893726764;-0.03665336604123533;-0.038555848989819064;-0.02509896359304338;-0.024501720306953724;-0.008692087627376766;0.0004974468363645255;-0.010001370777249413;-0.04163140937199244;0.006563035150528116;0.0076464782240879235;-0.07960199847855128;0.19539773499045768;1.0
