AAV;AAV2020;nom_aire_urbaine;categorie_taille;detail_taille;nombre_communes;categorie_desc;conso_enaf_total;conso_infra_total;conso_totale;evol_pop;pop14;pop20;surfcom2023;conso_act;conso_hab;conso_mix;conso_rou;conso_fer;conso_inc;densite_pop;taux_evol_pop;conso_enaf_par_hab;conso_par_nouvel_hab;coef_artif;part_act;part_hab;part_mix;part_rou;part_fer;part_inc;typologie
000;000;Commune hors attraction des villes;0;0;8921;Hors attraction;35226174;1217874;36444048;26330;7209669;7235999;257695331618;8431320;24535102;633200;1118103;99771;1626552;28.07966661470776;0.3652040058981903;4.868183923187385;1337.8721610330422;0.0001414230043329756;23.1349711755401;67.32265855867603;1.7374579245423012;3.0679989226224267;0.2737648682714939;4.463148550347645;Dense, Faible conso, Croissance modérée
001;001;Paris;5;50;1929;Métropole;8497989;488609;8986598;252906;12872236;13125142;19036599616;3341187;4511280;294419;486114;2495;351103;689.4688266158888;1.9647402362728588;0.6474588236835838;33.601373632891274;0.00047206949672077403;37.17966465174029;50.20008684042615;3.2762008493091606;5.409321747784868;0.027763565255728585;3.906962345483797;Dense, Faible conso, Croissance modérée
002;002;Lyon;4;42;397;Très grande;3213648;190737;3404385;109968;2183212;2293180;4621017179;857690;1966622;74060;174503;16234;315276;496.2500486735368;5.036982207866208;1.4013936978344483;29.223483195111307;0.0007367176680214631;25.193684028099057;57.767320676127994;2.1754296297275424;5.125830362899613;0.4768555847825672;9.260879718363228;Dense, Faible conso, Croissance modérée
003;003;Marseille - Aix-en-Provence;4;42;115;Très grande;3362081;128105;3490186;44674;1834927;1879601;3970639832;1066000;2092472;63906;127489;616;139703;473.3748412162708;2.434647263896602;1.7887205848475287;75.25811433943682;0.0008789983850643042;30.542784825794385;59.953022560975256;1.831019894068683;3.6527852670316134;0.01764948916762602;4.002737962962433;Dense, Faible conso, Croissance modérée
004;004;Lille (partie française);4;42;201;Très grande;1637994;54373;1692367;28058;1487003;1515061;1677285499;489150;1130817;12871;52107;2266;5156;903.2815229746406;1.8868825415954102;1.0811406273410773;58.378858079692066;0.0010089916123456571;28.90330525234775;66.81866285504267;0.760532437704115;3.0789420970746892;0.13389530757808443;0.3046620502526934;Dense, Faible conso, Croissance modérée
005;005;Toulouse;4;42;527;Très grande;6301681;316054;6617735;105658;1365241;1470899;6570034612;1619913;4454547;138195;316054;0;89026;223.8799468899967;7.739146421767293;4.284237734881865;59.64225141494255;0.001007260294780316;24.47836004312654;67.31226016152053;2.0882522494478852;4.775863645189782;0.0;1.345263900715275;Dense, Faible conso, Croissance modérée
006;006;Bordeaux;4;42;275;Très grande;3478368;132476;3610844;107060;1269315;1376375;6398625157;1010812;2418068;21488;131213;1263;28000;215.1048023956;8.43447056089308;2.5271949868313506;32.489893517653655;0.0005643156008365001;27.99378760201216;66.96683656231063;0.5950963265098131;3.63385956302737;0.034977971909060594;0.7754419742309554;Dense, Faible conso, Croissance modérée
008;008;Nantes;4;41;116;Très grande;2005484;107189;2112673;78904;943871;1022775;3542032732;533213;1355089;8552;107189;0;108630;288.75368393969995;8.359616939179189;1.9608261836669845;25.416759606610565;0.0005964577856419426;25.238785178775892;64.14097212393968;0.4047952522704649;5.07362000650361;0.0;5.141827438510361;Dense, Faible conso, Croissance modérée
010;010;Strasbourg (partie française);4;41;268;Très grande;1533768;128900;1662668;35786;824958;860744;2248831119;756976;677049;24290;128900;0;75453;382.7517294330006;4.337917809149071;1.781909603784633;42.859442239982116;0.0007393476486306129;45.52779027442641;40.72063695217566;1.4609050032838788;7.752600038011197;0.0;4.538067732102862;Dense, Faible conso, Croissance modérée
012;012;Montpellier;4;41;161;Très grande;1185081;25160;1210241;67647;745625;813272;2519726172;251678;880953;25981;20916;4244;26469;322.7620560667812;9.0725230511316;1.4571766887339046;17.51860392922081;0.000480306556104621;20.795692758715;72.79153490916272;2.1467625043276506;1.7282508194648833;0.35067395667474494;2.187085051655001;Dense, Faible conso, Croissance modérée
013;013;Rennes;4;41;183;Très grande;3441122;273583;3714705;47872;715877;763749;3834189501;660547;2590167;27521;273583;0;162887;199.19437988153837;6.687182295282569;4.505566619399829;71.88172627005348;0.0009688370903501673;17.78195038367784;69.72739423453544;0.7408663675850438;7.36486477391879;0.0;4.384924240282876;Dense, Faible conso, Croissance modérée
014;014;Grenoble;4;41;204;Très grande;986719;39185;1025904;9221;710860;720081;2921955692;155156;734905;82222;39185;0;14436;246.4380284654912;1.2971611850434686;1.3702888980545245;107.0078082637458;0.00035110183320329416;15.123832249411251;71.63487031925014;8.014590059108844;3.819558165286421;0.0;1.4071492069433398;Dense, Faible conso, Croissance modérée
015;015;Rouen;3;34;317;Grande;2102649;253595;2356244;12012;696277;708289;2802478705;328047;1631580;65691;253595;0;77331;252.73662159727277;1.7251754689584748;2.968631448462421;175.0457042957043;0.0008407714198848836;13.922454550547398;69.24495086247434;2.787954048901557;10.76267992618761;0.0;3.281960611889091;Dense, Faible conso, Croissance modérée
017;017;Nice;3;34;100;Grande;498406;31013;529419;13484;605005;618489;2067377395;60441;426736;10694;31013;0;535;299.16598754336286;2.228741911223874;0.8058445663544541;36.96277069118956;0.00025608241692127044;11.416477308143454;80.60458729286255;2.0199501717920967;5.857931052720057;0.0;0.10105417448183765;Dense, Faible conso, Croissance modérée
018;018;Toulon;3;34;35;Grande;1719152;29961;1749113;25911;550737;576648;1014138879;202339;1485591;22579;29961;0;8643;568.6085130358167;4.704786495187358;2.9812849433276454;66.34834626220524;0.0017247272895451235;11.568091941458327;84.93396367187255;1.2908828646291006;1.7129253513066336;0.0;0.49413617073339455;Dense, Faible conso, Croissance modérée
019;019;Tours;3;34;162;Grande;2757604;231174;2988778;10771;511546;522317;3642902646;558770;2027583;19541;165228;65946;151710;143.37934629505332;2.105577992985968;5.279560113877205;256.0211679509795;0.000820438614598102;18.695600676932177;67.83986632663918;0.6538123607708568;5.528279450665121;2.206453607460976;5.075987577531687;Dense, Faible conso, Croissance modérée
020;020;Nancy;3;34;353;Grande;584833;70499;655332;-1577;510524;508947;3140617631;186335;306909;3559;70499;0;88030;162.05315635254422;-0.3088983084046979;1.1491039342014002;-370.85161699429295;0.0002086634149701747;28.433679417455583;46.832597828276356;0.5430835057650167;10.75775332198031;0.0;13.432885926522738;Dense, Faible conso, Croissance modérée
022;022;Clermont-Ferrand;3;33;209;Grande;1042457;119754;1162211;18937;489017;507954;2859871781;161392;797869;13962;119754;0;69234;177.61425647634655;3.8724625115282287;2.052266543820897;55.048687754132125;0.0004063857015273651;13.886635043034353;68.65095924922412;1.2013309115126256;10.303980946661149;0.0;5.957093849567763;Dense, Faible conso, Croissance modérée
023;023;Saint-Étienne;3;33;105;Grande;1730966;113025;1843991;9490;491361;500851;1641919854;743509;936240;18988;113025;0;32229;305.03985854111;1.9313702145672937;3.4560498032348943;182.39894625922022;0.0011230700423700462;40.32064147818509;50.772482078274784;1.029723030101557;6.12936831036594;0.0;1.7477851030726288;Dense, Faible conso, Croissance modérée
024;024;Caen;3;33;296;Grande;2608902;175105;2784007;14687;460457;475144;2617607744;667053;1808586;66157;175105;0;67106;181.51841164479686;3.189657231837066;5.490760695704881;177.63341730782324;0.0010635692098563717;23.960176824268043;64.9634142442889;2.376323048038313;6.289675277396932;0.0;2.4104106060078156;Dense, Faible conso, Croissance modérée
025;025;Orléans;3;33;136;Grande;1807746;52871;1860617;15472;438736;454208;3440126584;400118;1319789;56725;52871;0;31114;132.03235081886743;3.526494292695379;3.979995948992532;116.83983971044468;0.0005408571325990486;21.504586919285376;70.93286796799127;3.0487198601324184;2.8415842701641445;0.0;1.672240982426797;Dense, Faible conso, Croissance modérée
026;026;Angers;3;33;81;Grande;1332924;54797;1387721;15770;421790;437560;2448703057;293720;1007294;16416;54797;0;15494;178.69051077841652;3.7388273785533084;3.0462656549958864;84.52276474318326;0.0005667167344088467;21.165637761480873;72.58620428746124;1.1829467162347476;3.9487043865445575;0.0;1.1165068482785805;Dense, Faible conso, Croissance modérée
028;028;Dijon;3;33;333;Grande;841320;96935;938255;8159;405837;413996;3905589386;496393;320181;12538;96935;0;12208;106.00090257414479;2.0104130476028557;2.0321935477637467;103.11557788944724;0.0002402339076819685;52.90597971766737;34.125157872859724;1.3363104912843524;10.331413101981871;0.0;1.3011388162066815;Dense, Faible conso, Croissance modérée
029;029;Mulhouse;3;33;132;Grande;649848;21396;671244;125;409883;410008;1226771701;266943;382236;667;21396;0;2;334.21703456786867;0.030496507539956526;1.5849641958205694;5198.784;0.0005471629313366432;39.76840016447075;56.94441961492394;0.09936774108967826;3.1875145252694996;0.0;0.0002979542461459618;Dense, Faible conso, Croissance modérée
030;030;Perpignan;3;33;118;Grande;1816104;123625;1939729;17063;401041;418104;1825732324;201842;1329634;75811;123542;83;208817;229.0061880944164;4.254677202580285;4.3436656908329025;106.43521068979663;0.001062438876992792;10.405680381125403;68.54741048878478;3.908329462517702;6.369034024856049;0.004278948244832139;10.765266694471238;Dense, Faible conso, Croissance modérée
031;031;Cannes - Antibes;3;32;24;Grande;453876;18246;472122;-207;393439;393232;440728153;50178;385049;18649;18246;0;0;892.2325413597982;-0.05261298447789873;1.1542193921145787;-2192.6376811594205;0.001071231771300074;10.628185087752742;81.55709752987576;3.950038337548346;3.8646790448231596;0.0;0.0;Dense, Faible conso, Croissance modérée
032;032;Brest;3;32;68;Grande;963614;62742;1026356;8318;365490;373808;1274204230;144728;805069;10663;62742;0;3154;293.3658445004534;2.275848860433938;2.577831400077045;115.84683818225535;0.0008054878298434153;14.101150088273465;78.43954729158304;1.0389182700739314;6.113083569443741;0.0;0.3073007806258257;Dense, Faible conso, Croissance modérée
033;033;Metz;3;32;245;Grande;517889;49239;567128;9031;364790;373821;1879713668;158557;343466;10076;49239;0;5790;198.87124638389338;2.4756709339620055;1.3853930089534832;57.34569815081387;0.0003017097814708235;27.957886050415425;60.56234218730163;1.7766712276593644;8.682166988757388;0.0;1.020933545866189;Dense, Faible conso, Croissance modérée
034;034;Le Mans;3;32;144;Grande;1019116;35313;1054429;3994;365982;369976;2350176237;357507;647055;12413;34876;437;2141;157.42478975630965;1.0913105016093687;2.7545462408372434;255.1617426139209;0.0004486595445054702;33.905270056115675;61.36544044217297;1.177224829741974;3.3075721551664454;0.04144423190181605;0.2030482849011171;Dense, Faible conso, Croissance modérée
035;035;Amiens;3;32;369;Grande;803466;52705;856171;2902;351315;354217;3095470479;301171;468540;17426;52705;0;16329;114.43074724926169;0.8260393094516318;2.268287518667935;276.8662991040662;0.0002765883266561109;35.17650095600061;54.725049084820675;2.035341070884204;6.15589642723241;0.0;1.9072124610621009;Dense, Faible conso, Croissance modérée
036;036;Reims;3;32;294;Grande;840839;262979;1103818;4520;351097;355617;3264547994;265782;471923;84913;262979;0;18221;108.93299796896783;1.2873935123341982;2.3644510807975996;186.02632743362832;0.0003381227667746765;24.078425972397625;42.7536967144946;7.692663102069362;23.824489182093426;0.0;1.6507250289449893;Dense, Faible conso, Croissance modérée
037;037;Nîmes;3;32;92;Grande;934710;49658;984368;6466;340567;347033;1472594789;219309;673777;6744;34487;15171;34880;235.6608909608195;1.898598513655169;2.6934326130368005;144.55768635941848;0.0006684581579080952;22.279167953448304;68.4476740406027;0.6851096337954912;3.5034661833785736;1.5411919119678819;3.543390276807048;Dense, Faible conso, Croissance modérée
038;038;Valenciennes (partie française);3;32;102;Grande;354426;49911;404337;-14;337307;337293;727149944;96793;232520;1233;49911;0;23880;463.8561864483895;-0.004150521631629347;1.050795599078546;-25316.14285714286;0.0005560572524777641;23.938694702686124;57.50648592634362;0.3049436484912338;12.343911143427388;0.0;5.905964579051632;Dense, Faible conso, Croissance modérée
039;039;Le Havre;3;32;116;Grande;495222;14381;509603;-4621;338435;333814;1020407879;87088;404442;1691;14381;0;2001;327.13781113405145;-1.3654025145153428;1.4835267544201263;-107.16771261631682;0.0004994110791259384;17.089381341946574;79.36413247174762;0.33182693194506313;2.8220006554121544;0.0;0.3926585989485933;Dense, Faible conso, Croissance modérée
040;040;Avignon;3;32;48;Grande;664118;21424;685542;6931;330108;337039;957254526;169334;450481;15986;21424;0;28317;352.08922062594667;2.099615883286682;1.9704485237613452;95.81849660943587;0.0007161543574670965;24.700747729533713;65.71165588687491;2.3318775509013308;3.125118519361323;0.0;4.130600313328723;Dense, Faible conso, Croissance modérée
041;041;Limoges;3;32;127;Grande;1351454;22743;1374197;-1975;325131;323156;3427477570;265492;1064684;16453;22743;0;4825;94.28391386963912;-0.6074474596393453;4.18204829865452;-684.2805063291139;0.0004009353735902056;19.31979184934911;77.47681009345821;1.1972810303035155;1.6550028853213914;0.0;0.3511141415677665;Dense, Faible conso, Croissance modérée
042;042;Lens - Liévin;3;32;50;Grande;513747;24432;538179;-143;321362;321219;350943297;288162;193938;0;24432;0;31647;915.3017104070805;-0.04449810494084552;1.5993667871452186;-3592.6363636363635;0.0015335212400423763;53.54389524674876;36.035965728874594;0.0;4.539753502087596;0.0;5.880385522289052;Dense, Faible conso, Croissance modérée
043;043;Annecy;3;31;79;Grande;620713;14331;635044;18843;277895;296738;1225004571;83195;523049;13467;14331;0;1002;242.23419816120835;6.78061857895968;2.0917880419764234;32.941304463195884;0.0005184013309285847;13.10066704039405;82.36421413319393;2.120640459558708;2.2566940243510683;0.0;0.15778434250225182;Dense, Faible conso, Croissance modérée
044;044;Pau;3;31;227;Grande;1172450;23689;1196139;3481;277187;280668;2181767966;129744;1007971;15694;23689;0;19041;128.64246078127633;1.2558309011605884;4.177355451993102;336.8141338695777;0.0005482429931322954;10.846899900429632;84.26871793328368;1.3120548698771632;1.980455448739653;0.0;1.5918718476698779;Dense, Faible conso, Croissance modérée
045;045;Besançon;3;31;310;Grande;783815;27084;810899;5918;275692;281610;2521436261;201402;533827;27029;27084;0;21557;111.68634494385897;2.1465983778999753;2.7833351088384646;132.4459276782697;0.00032160202204690986;24.836878575506937;65.83150306018382;3.3332141240771045;3.339996719690122;0.0;2.6584075205420157;Dense, Faible conso, Croissance modérée
046;046;Poitiers;3;31;97;Grande;1050854;206877;1257731;8536;272484;281020;2602845614;193527;804608;13504;70136;136741;39215;107.96644967664226;3.1326610002789157;3.7394277987331863;123.1084817244611;0.0004832138307531597;15.386994516315491;63.97297991382895;1.0736795069851979;5.5763911361014395;10.87203861557042;3.1179163111984995;Dense, Faible conso, Croissance modérée
047;047;Bayonne (partie française);3;31;56;Grande;1141227;36223;1177450;21836;258393;280229;1157782476;376039;707132;19718;36205;18;38338;242.03942088340952;8.45069332373555;4.0724800074225005;52.26355559626305;0.0010169872358648483;31.93672767421122;60.056223194190835;1.674635865641853;3.0748651747420275;0.001528727334494034;3.2560193638795707;Dense, Faible conso, Croissance modérée
048;048;Dunkerque;3;31;66;Grande;722693;71079;793772;-6969;265839;258870;887539910;457500;264397;796;71079;0;0;291.67139086736955;-2.62151151636893;2.7917217136014214;-103.701104893098;0.0008943507678432173;57.636197799872;33.30893505943772;0.10028068513376637;8.954586455556507;0.0;0.0;Dense, Faible conso, Croissance modérée
049;049;Valence;3;31;71;Grande;933054;32893;965947;9253;246497;255750;1234243605;313193;583136;32457;32893;0;4268;207.21193041952202;3.7537982206679996;3.6483049853372433;100.8379984869772;0.0007826226492783813;32.423414535166;60.3693577390892;3.3601222427317436;3.40525929476462;0.0;0.44184618824842353;Dense, Faible conso, Croissance modérée
050;050;Chambéry;3;31;115;Grande;513415;29463;542878;11778;247017;258795;1170602348;49653;449328;13251;29463;0;1183;221.0784904388386;4.768092884295413;1.9838675399447439;43.5910171506198;0.0004637595345059055;9.14625385445717;82.76776734367574;2.4408799030353046;5.427186218634758;0.0;0.21791268019702403;Dense, Faible conso, Croissance modérée
051;051;La Rochelle;3;31;72;Grande;626091;27065;653156;13085;230395;243480;1198393130;63520;553502;7269;27065;0;1800;203.17205923902452;5.6793767225851255;2.5714268112370626;47.84799388612915;0.0005450264889285539;9.725088646510176;84.74269546632046;1.1129041147903411;4.143726766652989;0.0;0.275585005726044;Dense, Faible conso, Croissance modérée
052;052;Quimper;3;31;58;Grande;1198253;106550;1304803;4644;233745;238389;1470185565;298555;891856;7739;106550;0;103;162.1489189359576;1.9867804658923187;5.026460952476834;258.02174849267874;0.0008875090540016287;22.881231879448467;68.35177417587175;0.5931163554958104;8.165983677229436;0.0;0.007893911954524937;Dense, Faible conso, Croissance modérée
053;053;Lorient;3;31;31;Grande;509303;30718;540021;5881;222142;228023;851479665;57784;450033;1412;30718;0;74;267.7961780801894;2.64740571346256;2.233559772479092;86.60142832851555;0.0006342147936087235;10.700324617005636;83.33620359208253;0.26147131315263666;5.688297306956581;0.0;0.013703170802616935;Dense, Faible conso, Croissance modérée
054;054;Troyes;3;31;209;Grande;428791;8542;437333;5564;215745;221309;2809935098;95752;324216;728;8542;0;8095;78.75947033706186;2.5789705439291755;1.9375217456135991;77.06524083393242;0.00015563811431490933;21.894528883025064;74.13481260275351;0.16646354151184567;1.9532027082337717;0.0;1.8509922644758112;Dense, Faible conso, Croissance modérée
055;055;Saint-Nazaire;3;31;24;Grande;573134;19970;593104;10815;207129;217944;781823099;186786;377111;1873;19970;0;7364;278.7638281329419;5.221383775328419;2.6297305729912273;52.99435968562182;0.0007586166240913278;31.49295907631714;63.58260945803771;0.3157962178639834;3.3670317515983705;0.0;1.2416034961827944;Dense, Faible conso, Croissance modérée
056;056;Saint-Brieuc;3;31;51;Grande;1159242;46668;1205910;2610;199419;202029;1071049071;157852;996890;4157;46668;0;343;188.62721183388246;1.3088020700133889;5.737998010186656;444.15402298850574;0.001125914799472339;13.089865744541468;82.66703153635014;0.34471892595633175;3.869940542826579;0.0;0.028443250325480344;Dense, Faible conso, Croissance modérée
057;057;Vannes;2;25;47;Moyenne;747085;81236;828321;10454;195041;205495;1196569351;97710;615134;32966;81236;0;1275;171.73680725506063;5.359898687968171;3.635538577580963;71.46403290606466;0.0006922465457666566;11.796151491994046;74.26275562251833;3.9798580502003453;9.80730900218635;0.0;0.1539258331009355;Dense, Faible conso, Croissance modérée
058;058;Colmar;2;25;95;Moyenne;220367;18410;238777;2259;197355;199614;1106452652;67958;137684;11653;18339;71;3072;180.40898509229658;1.1446378353728055;1.1039656537116636;97.55068614431164;0.0002158040830471976;28.460865158704568;57.662170142015356;4.88028578966986;7.680387977066467;0.02973485720986527;1.286556075333889;Dense, Faible conso, Croissance modérée
059;059;Douai;2;25;61;Moyenne;331130;33281;364411;-1064;199184;198120;381006930;141821;178717;1543;33281;0;9049;519.9905419043165;-0.5341794521648324;1.6713607914395316;-311.2124060150376;0.0009564419208857959;38.91787020699156;49.042701784523516;0.42342300314754494;9.132819810598471;0.0;2.4831851947389074;Dense, Faible conso, Croissance modérée
060;060;Béziers;2;25;53;Moyenne;784077;45450;829527;9711;188543;198254;933965816;94675;579436;84847;45450;0;25119;212.27115233091143;5.150549211585686;3.954911376315232;80.74111831943158;0.0008881770465140878;11.413130615398897;69.85137313191736;10.228359052809614;5.479025999153735;0.0;3.0281112007204105;Dense, Faible conso, Croissance modérée
061;061;Montbéliard;2;25;137;Moyenne;322855;41510;364365;-1340;180895;179555;919887216;69526;235198;4660;41510;0;13471;195.19240715266122;-0.7407612150695154;1.7980841524880955;-240.9365671641791;0.0003960974711491153;19.081415613464518;64.55010772165274;1.2789373293263624;11.392422433548777;0.0;3.6971169020076022;Dense, Faible conso, Croissance modérée
062;062;Angoulême;2;25;94;Moyenne;819497;34329;853826;906;179394;180300;1514822411;276151;533190;4676;34329;0;5480;119.02385302114466;0.5050336131643198;4.545185801442041;904.5220750551877;0.0005636475891826504;32.34277241498854;62.44714965344227;0.547652566213725;4.020608414360771;0.0;0.6418169509946992;Dense, Faible conso, Croissance modérée
063;063;Niort;2;25;91;Moyenne;749529;44922;794451;2706;175523;178229;1756465814;233256;496362;1267;44922;0;18644;101.47023561712201;1.5416782985705577;4.205426726290335;276.9878048780488;0.00045230086100611123;29.36065282817946;62.478617309311716;0.15948120148379194;5.6544708232477525;0.0;2.3467778377772825;Dense, Faible conso, Croissance modérée
064;064;Bourges;2;25;111;Moyenne;695409;23702;719111;-2590;176750;174160;2674719149;59672;627795;0;23702;0;7942;65.11337837660952;-1.4653465346534653;3.992931786862655;-268.4976833976834;0.00026885476939470627;8.298023531833056;87.30154315536822;0.0;3.296014106306259;0.0;1.104419206492461;Dense, Faible conso, Croissance modérée
065;065;Chartres;2;25;117;Moyenne;760289;9118;769407;1042;169920;170962;1938594232;202224;512074;1196;9118;0;44795;88.18864576091445;0.6132297551789078;4.447122752424516;729.6439539347409;0.0003968891412651227;26.283098542124;66.5543723932847;0.15544438769078003;1.1850685008064652;0.0;5.822016176094056;Dense, Faible conso, Croissance modérée
066;066;La Roche-sur-Yon;2;25;45;Moyenne;740092;66615;806707;8709;163496;172205;1384420152;144366;577520;1605;65692;923;16601;124.38781662577244;5.326735822283114;4.297738160912865;84.98013549201976;0.0005827038842468395;17.895716784408712;71.5898089393051;0.19895699429904537;8.143229202176256;0.11441576681496504;2.0578723129959204;Dense, Faible conso, Croissance modérée
067;067;Cholet;2;25;26;Moyenne;399771;34487;434258;3500;160312;163812;1141834996;120006;264996;14209;34487;0;560;143.46381094804;2.1832426767802784;2.4404256098454327;114.22028571428571;0.00038031589636091344;27.634724058048445;61.02271000188828;3.272018016939239;7.941592325299707;0.0;0.12895559782433486;Dense, Faible conso, Croissance modérée
068;068;Boulogne-sur-Mer;2;25;80;Moyenne;246967;4193;251160;-3357;162962;159605;674299507;13008;220167;5643;4193;0;8149;236.6974887911345;-2.059989445392177;1.547363804392093;-73.56776884122729;0.0003724754317520211;5.179168657429527;87.66005733397037;2.2467749641662684;1.669453734671126;0.0;3.244545309762701;Dense, Faible conso, Croissance modérée
069;069;Arras;2;25;163;Moyenne;307102;3726;310828;2287;157145;159432;1018038840;83126;176413;105;3726;0;47458;156.60699153678655;1.4553437907664895;1.926225600883135;134.28159160472234;0.0003053203746136051;26.743407929787534;56.755826373428384;0.033780740473831186;1.1987337048142381;0.0;15.268251251496004;Dense, Faible conso, Croissance modérée
070;070;Chalon-sur-Saône;2;25;109;Moyenne;443488;19567;463055;695;154101;154796;1319063449;64085;370951;8447;19567;0;5;117.35295987266797;0.4510029136734999;2.864983591307269;638.1122302158274;0.0003510483141285192;13.839608685793264;80.1094902333416;1.82418935115699;4.22563194436946;0.0;0.0010797853386746714;Dense, Faible conso, Croissance modérée
071;071;Cherbourg-en-Cotentin;2;25;77;Moyenne;376048;20006;396054;-2904;154260;151356;1022529445;69391;300329;5238;20006;0;1090;148.02116529759198;-1.882535978218592;2.4845265466846373;-129.4931129476584;0.0003873277214036609;17.520590626530723;75.83031606801093;1.322546925419261;5.051331384104188;0.0;0.27521499593489773;Dense, Faible conso, Croissance modérée
072;072;Narbonne;2;25;71;Moyenne;500773;39249;540022;5525;149398;154923;1371021656;24508;449267;5264;39249;0;21734;112.998215106239;3.6981753437127676;3.2323993209529895;90.63764705882353;0.00039388291033675695;4.538333623444971;83.19420319912892;0.9747751017551136;7.268037228112929;0.0;4.024650847558062;Dense, Faible conso, Croissance modérée
073;073;Calais;2;25;45;Moyenne;347254;2169;349423;-7634;152259;144625;507593922;77594;265496;4162;2169;0;2;284.9226394007137;-5.01382512692189;2.4010648228176317;-45.48781765784648;0.0006883908275008856;22.20632299533803;75.98126053522522;1.1911064812562424;0.6207376160126837;0.0;0.000572372167830967;Dense, Faible conso, Croissance modérée
074;074;Blois;2;24;78;Moyenne;871522;276770;1148292;98;144921;145019;1539577629;369157;483816;6327;276770;0;12222;94.1940161173906;0.06762304979954596;6.009709072604279;;0.0007458487174471668;32.14835599307494;42.133533979162095;0.5509922563250462;24.102754351680584;0.0;1.064363419757344;Dense, Faible conso, Croissance modérée
075;075;Laval;2;24;66;Moyenne;678818;77775;756593;2083;142817;144900;1447678281;114187;549807;9122;77775;0;5702;100.09129922147392;1.4585098412653956;4.684734299516908;325.8847815650504;0.0005226250955960843;15.092262286328317;72.668792864856;1.2056680408092595;10.279635153907055;0.0;0.7536416540993639;Dense, Faible conso, Croissance modérée
076;076;Beauvais;2;24;162;Moyenne;375713;15028;390741;3335;141467;144802;1332384808;101324;256959;7121;15028;0;10309;108.6788134558196;2.3574402510832915;2.5946672007292717;112.6575712143928;0.00029326437651786854;25.93124345794273;65.76197532380785;1.8224348097588938;3.8460258841534416;0.0;2.6383205243370926;Dense, Faible conso, Croissance modérée
077;077;Maubeuge (partie française);2;24;65;Moyenne;185799;17515;203314;-2152;142643;140491;506994524;97660;83694;0;17515;0;4445;277.1055570612041;-1.5086614835638623;1.3224975265319487;-86.33782527881041;0.0004010181380183901;48.03407537110086;41.16489764600569;0.0;8.614753533942572;0.0;2.186273448950884;Dense, Faible conso, Croissance modérée
078;078;Compiègne;2;24;101;Moyenne;178632;9226;187858;1473;140565;142038;891049396;61293;107673;9043;9226;0;623;159.40530417014054;1.0479137765446591;1.257635280699531;121.27087576374745;0.00021082781812468678;32.62730360165657;57.31616433689276;4.813742294711963;4.91115629890662;0.0;0.3316334678320859;Dense, Faible conso, Croissance modérée
079;079;Roanne;2;24;88;Moyenne;612493;14145;626638;739;140289;141028;1455303410;304745;267740;35;14145;0;39973;96.90625269681736;0.52676973960895;4.343059534276882;828.8132611637348;0.0004305892473652625;48.6317459202921;42.72642259167175;0.005585361883575525;2.257284109805023;0.0;6.378962016347556;Dense, Faible conso, Croissance modérée
080;080;Bourg-en-Bresse;2;24;80;Moyenne;592654;6406;599060;4077;137831;141908;1334882241;101796;451088;27093;6406;0;12677;106.30750461830438;2.957970267936821;4.1763255066662905;145.36521952415993;0.00044877366826846565;16.992621774112777;75.29930224017627;4.522585383767903;1.0693419690848998;0.0;2.1161486328581445;Dense, Faible conso, Croissance modérée
081;081;Montauban;2;24;50;Moyenne;363406;17133;380539;5483;135717;141200;1216939390;34550;328856;0;17133;0;0;116.02878595293066;4.040024462668641;2.573696883852691;66.27867955498814;0.0003127016868112059;9.079227096302876;86.41847484751891;0.0;4.50229805617821;0.0;0.0;Dense, Faible conso, Croissance modérée
082;082;Albi;2;24;91;Moyenne;383152;17473;400625;2277;136224;138501;1313969163;13815;365012;4324;17473;0;1;105.40658327458786;1.6715116279069766;2.7664204590580574;168.27053140096618;0.00030489680525326;3.4483619344773793;91.11063962558502;1.0793135725429017;4.361435257410296;0.0;0.000249609984399376;Dense, Faible conso, Croissance modérée
083;083;Évreux;2;24;108;Moyenne;371204;13537;384741;-534;136689;136155;1225957441;65146;299065;6993;13537;0;0;111.06013589585937;-0.3906678664706012;2.726333957621828;-695.1385767790263;0.00031382900183400415;16.93242986840498;77.73151288789082;1.817586376289504;3.5184708674147025;0.0;0.0;Dense, Faible conso, Croissance modérée
084;084;Mâcon;2;24;105;Moyenne;559392;13622;573014;4269;134105;138374;1078523168;57727;495375;5240;13622;0;1050;128.2995155835169;3.183326497893442;4.042609160680475;131.03583977512298;0.0005312950310215311;10.074273926989568;86.45076734599853;0.91446282289787;2.3772543079226685;0.0;0.18324159619136704;Dense, Faible conso, Croissance modérée
085;085;Tarbes;2;24;153;Moyenne;534144;28200;562344;3496;132964;136460;972084771;134874;365886;21186;28200;0;12198;140.37870365937457;2.629283114226407;3.914289901802726;152.78718535469108;0.0005784927578090821;23.984251632452732;65.06444453928556;3.767444838035082;5.014724083479152;0.0;2.169134906747471;Dense, Faible conso, Croissance modérée
086;086;Belfort;2;24;91;Moyenne;283277;5281;288558;-4223;136046;131823;633568125;35290;243310;4676;5281;0;1;208.06444452993907;-3.1040971436131897;2.148919384325952;-67.07956429078854;0.0004554490489874313;12.229777029228092;84.31927030267745;1.6204714476812285;1.8301346696331413;0.0;0.00034655078008580595;Dense, Faible conso, Croissance modérée
087;087;Brive-la-Gaillarde;2;24;80;Moyenne;678621;8770;687391;273;132616;132889;1338578899;75336;568741;15919;8770;0;18625;99.27618020818659;0.2058575134222115;5.106675496090722;2485.7912087912086;0.0005135229611893053;10.959701247179552;82.73908154165534;2.3158580778625266;1.2758386420537946;0.0;2.7095204912487945;Dense, Faible conso, Croissance modérée
088;088;Saint-Malo;2;24;35;Moyenne;552266;53263;605529;6140;130309;136449;487947579;141951;407128;2977;53263;0;210;279.6386453635832;4.711877153535059;4.047416983634911;89.94560260586319;0.0012409714200057544;23.442477569199824;67.23509526381065;0.49163623872679924;8.796110508332383;0.0;0.034680419930341905;Dense, Faible conso, Croissance modérée
089;089;Alès;2;24;64;Moyenne;338117;9236;347353;4629;127412;132041;811661860;112289;216872;7396;9236;0;1560;162.67981348784824;3.633095783756632;2.560697056217387;73.04320587599913;0.0004279528423326433;32.32705633750104;62.435620247989796;2.129246040771204;2.6589665268473284;0.0;0.44911084689062714;Dense, Faible conso, Croissance modérée
090;090;Charleville-Mézières;2;24;132;Moyenne;236980;97234;334214;-4733;130717;125984;1373982708;21714;192348;7533;97234;0;15385;91.69256590090943;-3.620799130947008;1.8810325120650242;-50.06972321994507;0.00024324469154818505;6.497034833968655;57.55234670001855;2.253945077106285;29.093335407852454;0.0;4.603337981054055;Dense, Faible conso, Croissance modérée
091;091;Carcassonne;2;23;115;Moyenne;416525;32311;448836;2362;122043;124405;1498185416;113610;274520;1218;32311;0;27177;83.03711855115269;1.9353834304302584;3.348137132751899;176.344199830652;0.0002995864164786397;25.312140737374005;61.162651837196655;0.2713686067962463;7.198843230043936;0.0;6.054995588589151;Dense, Faible conso, Croissance modérée
092;092;Fréjus;2;23;6;Moyenne;298082;11312;309394;6556;119828;126384;439536448;41549;230558;14558;11312;0;11417;287.5392941247048;5.471175351336917;2.358542220534245;45.46705308114704;0.0007039097699583722;13.429155057951997;74.51922144579403;4.705327187986839;3.6561794992792365;0.0;3.6901168089878924;Dense, Faible conso, Croissance modérée
093;093;Agen;2;23;81;Moyenne;597680;8529;606209;-439;120758;120319;1207684225;170518;424261;0;8529;0;2901;99.62786422916139;-0.363536991338048;4.967461498183995;-1361.4578587699316;0.0005019598562695476;28.128582716521862;69.98592894529774;0.0;1.4069405106159756;0.0;0.4785478275644208;Dense, Faible conso, Croissance modérée
094;094;Saint-Quentin;2;23;120;Moyenne;196105;3004;199109;-4078;123087;119009;994575595;36276;147201;0;2604;400;12628;119.65807385410457;-3.313103739631318;1.6478165516893681;-48.08852378616969;0.00020019493842496708;18.219166386250745;73.92985751523035;0.0;1.3078263664625909;0.20089498716783272;6.3422547448884785;Dense, Faible conso, Croissance modérée
095;095;Épinal;2;23;118;Moyenne;496960;6749;503709;-2001;121100;119099;1296197012;295980;178102;7918;6749;0;14960;91.88340884711127;-1.652353426919901;4.17266307861527;-248.35582208895553;0.0003886052778526232;58.76011744876506;35.35811351395349;1.5719393538729702;1.3398609117565896;0.0;2.9699687716518866;Dense, Faible conso, Croissance modérée
096;096;Saint-Omer;2;23;79;Moyenne;764483;9516;773999;614;116852;117466;721002120;335266;421342;5901;9516;0;1974;162.92046408962017;0.5254509978434259;6.508121498986941;1245.086319218241;0.0010735044718037721;43.31607663575793;54.43702123646155;0.7624040857933925;1.2294589527893447;0.0;0.25503908919778967;Dense, Faible conso, Croissance modérée
097;097;Nevers;2;23;93;Moyenne;336313;1023;337336;-5030;118758;113728;2101833828;83629;247380;0;1023;0;5304;54.10893976724025;-4.23550413445831;2.9571697383230164;-66.86143141153082;0.00016049603708252812;24.791009557236702;73.33341238409183;0.0;0.3032584722650414;0.0;1.5723195864064317;Dense, Faible conso, Croissance modérée
098;098;Ajaccio;2;23;79;Moyenne;417811;44671;462482;8473;108932;117405;1895723837;135175;276924;0;44671;0;5712;61.93148902204789;7.778246979767194;3.5587155572590605;49.31086982178685;0.0002439606397163217;29.228164555593516;59.877789838307216;0.0;9.658970511284764;0.0;1.2350750948145008;Dense, Faible conso, Croissance modérée
100;100;Châteauroux;2;23;71;Moyenne;1185383;32733;1218116;-1822;114601;112779;2308816378;727305;455187;2670;32733;0;221;48.84710671434782;-1.5898639627926456;10.510671312921732;-650.5944017563118;0.0005275932774936336;59.7073677712139;37.36811600865599;0.2191909473317812;2.68718250150232;0.0;0.018142771296001364;Peu dense, Forte conso, Croissance modérée
101;101;Périgueux;2;23;49;Moyenne;371989;2998;374987;-177;113223;113046;1090138600;9784;340863;7380;2998;0;13962;103.69874069223859;-0.1563286611377547;3.2905985174176884;-2101.632768361582;0.00034398103140279593;2.6091571174467383;90.8999511983082;1.9680682263651808;0.7994943824719257;0.0;3.7233290754079476;Dense, Faible conso, Croissance modérée
102;102;Auxerre;2;23;104;Moyenne;198455;4835;203290;-2703;114047;111344;1658620282;58353;134171;0;4835;0;5931;67.13049466978603;-2.3700754951905796;1.7823591751688461;-73.42027376988531;0.00012256572658985487;28.704314034138424;65.99980323675537;0.0;2.378375719415613;0.0;2.9175070096905897;Dense, Faible conso, Croissance modérée
103;103;Rodez;2;23;68;Moyenne;413313;27703;441016;2511;110306;112817;2002651197;96111;304929;4120;27703;0;8153;56.33382396744949;2.27639475640491;3.663570206617797;164.6009557945042;0.00022021608189216787;21.793086872131624;69.1423893917681;0.9342064686995484;6.28163150543291;0.0;1.8486857619678196;Dense, Faible conso, Croissance modérée
104;104;Bastia;2;23;93;Moyenne;708861;16898;725759;7989;105001;112990;1084230746;36674;593136;33416;16898;0;45635;104.21213419454165;7.608498966676508;6.27366138596336;88.72962823882838;0.0006693768855730273;5.0531925887243565;81.72630308408164;4.604283240028715;2.328321109348971;0.0;6.287899977816328;Dense, Faible conso, Croissance modérée
105;105;Castres;2;23;55;Moyenne;277654;3113;280767;506;104503;105009;1036563658;14692;256991;113;3113;0;5858;101.30492149667859;0.48419662593418367;2.644097172623299;548.7233201581028;0.00027086324880589243;5.23280869902802;91.53176833459773;0.04024689511231733;1.108748535262335;0.0;2.086427535999601;Dense, Faible conso, Croissance modérée
106;106;Mont-de-Marsan;2;23;101;Moyenne;784967;1157;786124;333;101516;101849;2504571097;59152;495718;0;1157;0;230097;40.66524608624436;0.32802710902714843;7.707164527879508;2357.258258258258;0.00031387569749632066;7.524512672301062;63.05849967689575;0.0;0.14717779892230742;0.0;29.269809851880872;Peu dense, Forte conso, Croissance modérée
107;107;Montélimar;2;22;45;Moyenne;660566;78873;739439;5218;94877;100095;759384838;139581;507823;13162;78713;160;0;131.8106380206659;5.499752310886727;6.599390578949998;126.59371406669221;0.0009737342161682717;18.876607806729158;68.6767941642245;1.7799980796252293;10.644961923836854;0.0216380255842605;0.0;Dense, Faible conso, Croissance modérée
108;108;Cambrai;2;22;64;Moyenne;63409;2698;66107;-1720;95172;93452;504358280;9798;45904;3073;2698;0;4634;185.28891802866804;-1.8072542344387006;0.6785194538372641;-36.865697674418605;0.00013107150734196333;14.821425870180164;69.4389399004644;4.648524362019151;4.081262196136567;0.0;7.009847671199722;Dense, Faible conso, Croissance modérée
109;109;Montluçon;2;22;58;Moyenne;364072;800;364872;-4726;95385;90659;1323006148;14779;294299;27918;800;0;27076;68.52500280293482;-4.9546574408974156;4.015839574669917;-77.03597122302158;0.0002757901016193917;4.050461531715232;80.65814861101975;7.651450371637177;0.2192549716064812;0.0;7.420684514021356;Dense, Faible conso, Croissance modérée
110;110;Vichy;2;22;50;Moyenne;223953;356;224309;-301;91530;91229;857832498;13174;204931;0;356;0;5848;106.34826753788943;-0.3288539276739867;2.4548444025474354;-744.0299003322259;0.0002614834487186798;5.873148201810895;91.36102430129866;0.0;0.15870963715232114;0.0;2.6071178597381293;Dense, Faible conso, Croissance modérée
111;111;Dax;2;22;60;Moyenne;656495;5897;662392;3766;88186;91952;1043485446;28772;588211;0;5897;0;39512;88.12005989396425;4.270519130020638;7.139540194884288;174.32156133828997;0.0006347879623421216;4.343651493375524;88.80104228311936;0.0;0.8902583364533388;0.0;5.965047887051776;Dense, Faible conso, Croissance modérée
112;112;Châlons-en-Champagne;2;22;97;Moyenne;158032;5348;163380;-895;87918;87023;1745737138;38196;114252;11;5348;0;5573;49.848856454814104;-1.0179940399008167;1.8159796835319397;-176.57206703910614;9.358797292195774e-05;23.378626514873304;69.93022401762762;0.006732770228914188;3.273350471293916;0.0;3.411066225976252;Dense, Faible conso, Croissance modérée
113;113;Lannion;2;22;40;Moyenne;538329;45044;583373;565;85477;86042;622321161;122124;394458;0;45044;0;21747;138.25980119612228;0.6609965253810967;6.256583993863462;952.7946902654867;0.0009374146928614565;20.93411933702794;67.61677348797424;0.0;7.721303522789022;0.0;3.727803652208793;Dense, Faible conso, Croissance modérée
114;114;Dieppe;2;22;62;Moyenne;554153;27238;581391;-2205;84357;82152;553384830;94219;439435;8011;27238;0;12488;148.45365385241948;-2.6138909634055265;6.745459635797059;-251.31655328798186;0.0010506088502642908;16.20578921930336;75.58338536372253;1.3779023067092542;4.684971043583406;0.0;2.1479520666814587;Dense, Faible conso, Croissance modérée
115;115;Le Puy-en-Velay;2;22;59;Moyenne;469075;2651;471726;973;81841;82814;1065878322;243671;222086;3318;2651;0;0;77.69554769123074;1.1888906538287656;5.664199289975125;482.0914696813977;0.00044257021675312764;51.655198144685684;47.07944866299504;0.7033744165044963;0.5619787758147738;0.0;0.0;Dense, Faible conso, Croissance modérée
116;116;Alençon;2;22;89;Moyenne;753517;4944;758461;-2035;83183;81148;1199029929;539435;208159;5143;4944;0;780;67.67804375632062;-2.4464133296466826;9.285712525262483;-370.2786240786241;0.0006325621918650205;71.1223121557997;27.444918064343454;0.6780836456983286;0.6518463045562;0.0;0.1028398296023131;Peu dense, Forte conso, Croissance modérée
117;117;Châtellerault;2;22;44;Moyenne;443339;272069;715408;-1071;81137;80066;1000558715;204272;234622;1642;8147;263922;2803;80.02129090445231;-1.3199896471400223;5.537169335298379;-413.94864612511674;0.0007150085140180904;28.55321718515868;32.79555162928007;0.22951937915147722;1.1387907320018786;36.89111667747635;0.3918043969315411;Dense, Faible conso, Croissance modérée
118;118;Sens;2;22;65;Moyenne;115850;771;116621;1016;80362;81378;984120764;31527;84323;0;771;0;0;82.69107103201004;1.2642791369055026;1.423603430902701;114.0255905511811;0.00011850273286175679;27.03372462935492;72.30515944812684;0.0;0.6611159225182428;0.0;0.0;Dense, Faible conso, Croissance modérée
119;119;Gap;2;22;73;Moyenne;557756;14483;572239;2222;78642;80864;1666340855;65607;449437;21911;14483;0;20801;48.5278865709621;2.8254622212049543;6.897457459438069;251.015301530153;0.0003434105322947267;11.464964813653037;78.54008552370601;3.828994528509941;2.530935500726095;0.0;3.6350196334049234;Dense, Faible conso, Croissance modérée
120;120;Saintes;2;22;62;Moyenne;330341;298;330639;2266;77888;80154;850933980;82994;247141;34;298;0;172;94.19532170991691;2.9093056696795396;4.12132894178706;145.78155339805826;0.0003885601089757868;25.10109212766794;74.74647576359715;0.010283118446402268;0.09012850873611401;0.0;0.052020481552387955;Dense, Faible conso, Croissance modérée
121;121;Sarreguemines (partie française);2;22;48;Moyenne;60388;291;60679;-2054;79476;77422;519917471;6499;52612;1277;291;0;0;148.91209531983588;-2.584428003422417;0.7799850171785797;-29.400194741966892;0.00011670890744119656;10.710459961436412;86.70544999093592;2.104517213533512;0.4795728340941677;0.0;0.0;Dense, Faible conso, Croissance modérée
122;122;Moulins;2;22;64;Moyenne;634566;13925;648491;-1359;78156;76797;1963589088;296238;328701;3675;13925;0;5952;39.110524940949354;-1.738830032243206;8.262900894566194;-466.93598233995584;0.00033025799744106137;45.68112741734272;50.6870565667064;0.5667002317688294;2.147292714933592;0.0;0.9178230692484554;Peu dense, Forte conso, Croissance modérée
123;123;Aurillac;2;22;85;Moyenne;292390;24942;317332;-107;77354;77247;1810262546;17326;269357;3933;24942;0;1774;42.67171089115601;-0.1383251027742586;3.7851308141416493;-2732.6168224299067;0.00017529611972649187;5.459896890323068;84.88176420909332;1.2393959638485876;7.859906974399052;0.0;0.5590359623359762;Dense, Faible conso, Croissance modérée
124;124;Saint-Lô;2;22;63;Moyenne;321370;19861;341231;126;77029;77155;831867849;55048;257553;3000;19861;0;5769;92.74910683559787;0.16357475755884146;4.165251765925734;2550.5555555555557;0.00041019856748905316;16.132180253259524;75.4776090097324;0.8791698292359136;5.820397326151492;0.0;1.6906435816206618;Dense, Faible conso, Croissance modérée
125;125;Béthune;2;22;23;Moyenne;185072;8210;193282;-328;76759;76431;142376050;59266;121619;4184;8210;0;3;536.8248381662506;-0.4273114553342279;2.421425861234316;-564.2439024390244;0.0013575457389076323;30.662969133183637;62.92308647468465;2.1647126995788537;4.247679556295982;0.0;0.0015521362568682029;Dense, Faible conso, Croissance modérée
126;126;Draguignan;2;22;11;Moyenne;625610;23292;648902;-120;76947;76827;485250968;96270;511316;7828;23292;0;10196;158.32425912852585;-0.15595149908378494;8.143100732815286;-5213.416666666667;0.0013372502947794223;14.835830371920567;78.79710649682077;1.2063454882247242;3.589448021426964;0.0;1.5712696216069608;Peu dense, Forte conso, Croissance modérée
127;127;Haguenau;2;22;34;Moyenne;94696;3614;98310;1665;75666;77331;397658683;27324;66855;517;3614;0;0;194.46576500380354;2.200459915946396;1.224554189135017;56.874474474474475;0.0002472220630474703;27.793713762587736;68.0042722001831;0.5258874987285118;3.676126538500661;0.0;0.0;Dense, Faible conso, Croissance modérée
128;128;Soissons;2;21;92;Moyenne;29302;1279;30581;724;74215;74939;678393159;11748;6863;0;1279;0;10691;110.46544176604824;0.9755440274877047;0.39101135590280095;40.472375690607734;4.5078579573353276e-05;38.41600994081292;22.442039174650926;0.0;4.182335437036068;0.0;34.959615447500084;Dense, Faible conso, Croissance modérée
129;129;Bergerac;2;21;73;Moyenne;360454;3613;364067;-336;73921;73585;1036949541;24894;334534;285;3613;0;741;70.9629515135684;-0.4545393054747636;4.89847115580621;-1072.779761904762;0.00035109422937677927;6.837752391730094;91.88803159857937;0.07828229419310181;0.9923997505953575;0.0;0.20353396490206474;Dense, Faible conso, Croissance modérée
130;130;Montargis;2;21;33;Moyenne;239278;38671;277949;1184;70956;72140;485641766;85517;146168;362;38671;0;7231;148.54570807239836;1.668639720390101;3.3168561131133907;202.09290540540542;0.0005723333935821328;30.767155125580594;52.5880647169085;0.13023972023644625;13.912984036639815;0.0;2.6015564006346485;Dense, Faible conso, Croissance modérée
131;131;Royan;2;21;26;Moyenne;243131;4571;247702;2081;70876;72957;488165160;56369;185650;712;4571;0;400;149.45146843334743;2.9361137761724705;3.3325246378003484;116.83373378183566;0.0005074143349353322;22.75678032474506;74.94893056979758;0.2874421684120435;1.8453625727688918;0.0;0.16148436427642895;Dense, Faible conso, Croissance modérée
132;132;Lons-le-Saunier;2;21;139;Moyenne;250952;45111;296063;133;71196;71329;1189801994;47805;196488;5657;45111;0;1002;59.95031136248037;0.1868082476543626;3.518232415987887;1886.857142857143;0.00024883384083486415;16.14690116630582;66.3669556817299;1.91074197045899;15.23695970114469;0.0;0.3384414803605989;Dense, Faible conso, Croissance modérée
133;133;Saumur;2;21;31;Moyenne;102785;11933;114718;-1821;71860;70039;737467193;31465;71320;0;11933;0;0;94.97236035013697;-2.53409407180629;1.4675395136995102;-56.444261394838;0.00015555675030550138;27.428128105441168;62.16984257047717;0.0;10.402029324081662;0.0;0.0;Dense, Faible conso, Croissance modérée
134;134;Dole;2;21;87;Moyenne;251867;1717;253584;754;68627;69381;832730804;16841;197826;4804;1717;0;32396;83.31744144293718;1.0986929342678537;3.6302013519551464;334.04111405835545;0.00030452097938723545;6.64119187330431;78.0120196857846;1.8944412896712726;0.6770931919994952;0.0;12.775253959240333;Dense, Faible conso, Croissance modérée
135;135;Salon-de-Provence;2;21;6;Moyenne;270179;10791;280970;1704;66977;68681;234050944;94772;167370;1936;10791;0;6101;293.44466134689037;2.5441569494005405;3.9338244929456474;158.55575117370893;0.0012004651431784014;33.73029149019468;59.56863722105563;0.6890415346834181;3.8406235541160982;0.0;2.1714061999501726;Dense, Faible conso, Croissance modérée
136;136;Laon;2;21;106;Moyenne;681495;12791;694286;-1803;69072;67269;954835225;652887;25259;1822;12791;0;1527;70.45089900197178;-2.6103196664350246;10.130892387280918;-377.9783693843594;0.0007271265049946183;94.03718352379279;3.638126074845237;0.26242787554408414;1.842324344722492;0.0;0.21993818109539873;Peu dense, Forte conso, Croissance modérée
137;137;Manosque;2;21;30;Moyenne;157630;9602;167232;2705;66687;69392;912668081;27202;130082;0;9602;0;346;76.03202242371397;4.056262839833851;2.2715875028821766;58.2735674676525;0.00018323419376819425;16.266025641025642;77.78535208572522;0.0;5.741724071947953;0.0;0.20689820130118639;Dense, Faible conso, Croissance modérée
138;138;Vesoul;2;21;158;Moyenne;306571;5950;312521;-1158;68128;66970;1483453670;100063;200198;3013;5950;0;3297;45.14465220878789;-1.6997416627524657;4.577736299835747;-264.74179620034545;0.00021067122372618485;32.018008389836204;64.05905523148844;0.9640952128016997;1.9038720597975818;0.0;1.0549691060760717;Dense, Faible conso, Croissance modérée
139;139;Les Sables-d'Olonne;2;21;9;Moyenne;261516;22598;284114;5968;64580;70548;342106440;44975;211880;2665;22598;0;1996;206.2165213843972;9.241251161350263;3.706922946079265;43.81970509383378;0.00083048422005736;15.829913344643348;74.57569848722696;0.938003759054464;7.953849511111737;0.0;0.7025348979634936;Dense, Faible conso, Croissance modérée
140;140;Rochefort;2;21;33;Moyenne;337836;2445;340281;531;65464;65995;557696348;17171;319081;1422;2445;0;162;118.33500476858063;0.8111328363680802;5.119115084476097;636.2259887005649;0.0006101546141019378;5.046123644869975;93.76985491402694;0.41788992038932526;0.7185238082643463;0.0;0.047607712449416806;Dense, Faible conso, Croissance modérée
141;141;Romans-sur-Isère;2;21;30;Moyenne;453798;14520;468318;777;64451;65228;426466191;60457;389621;288;14520;0;3432;152.94999082353988;1.2055670199065958;6.957104311032072;584.03861003861;0.001098136288135441;12.909390627735853;83.19581993431814;0.061496675335989646;3.1004573815228116;0.0;0.7328353810872099;Dense, Faible conso, Croissance modérée
142;142;Saint-Dié-des-Vosges;2;21;47;Moyenne;132287;2516;134803;-2676;66930;64254;615388218;21056;107992;3239;2516;0;0;104.41213874523675;-3.9982070820259974;2.0588134590842593;-49.43460388639761;0.0002190535926055055;15.61983041920432;80.11097675867748;2.4027655170878988;1.8664273050303035;0.0;0.0;Dense, Faible conso, Croissance modérée
143;143;Aubenas;2;21;68;Moyenne;197729;16873;214602;2062;63807;65869;916468362;18889;174316;4522;16873;0;2;71.87263928702866;3.2316203551334493;3.001852161107653;95.89185257032008;0.00023416192953096181;8.801875099020512;81.22757476631159;2.1071565036672535;7.862461673236969;0.0;0.0009319577636741503;Dense, Faible conso, Croissance modérée
144;144;Louviers;2;21;44;Moyenne;203790;15515;219305;321;64166;64487;364945507;106992;96016;780;15515;0;2;176.7030933744308;0.5002649378175358;3.1601718175756353;634.8598130841121;0.0006009253321208857;48.78684936503956;43.78194751601651;0.3556690453934019;7.074622101639269;0.0;0.000911971911265133;Dense, Faible conso, Croissance modérée
145;145;Auch;2;21;112;Moyenne;707386;25640;733026;153;64404;64557;1616548006;269718;432472;0;25640;0;5196;39.935096118636395;0.23756288429290107;10.957541397524668;4623.437908496732;0.00045345142691667145;36.79514778466248;58.99818014640681;0.0;3.4978295449274652;0.0;0.7088425240032414;Peu dense, Forte conso, Croissance modérée
146;146;Saint-Dizier;2;21;72;Moyenne;101405;14524;115929;-3766;64792;61026;981443636;23528;77877;0;14524;0;0;62.1798315884133;-5.812445980985307;1.6616687969062367;-26.926447158789166;0.00011812089431083742;20.295180670927895;67.17646145485598;0.0;12.528357874216114;0.0;0.0;Dense, Faible conso, Croissance modérée
147;147;Roussillon;2;21;27;Moyenne;429886;16037;445923;1875;61204;63079;304574496;173311;248730;2534;10434;5603;5311;207.10532506306765;3.063525259786942;6.81504145595206;229.27253333333334;0.001464085160958454;38.86567860370512;55.77868824886808;0.568259542566766;2.339865851279257;1.2564949554070994;1.1910127981736758;Dense, Faible conso, Croissance modérée
148;148;Carpentras;2;21;21;Moyenne;173953;11606;185559;2589;60900;63489;459561841;42511;125055;3137;11606;0;3250;138.1511568972934;4.251231527093596;2.739891949786577;67.18926226342217;0.00040377373281520995;22.90969449070107;67.39365915962038;1.6905674206047672;6.254614435300902;0.0;1.75146449377287;Dense, Faible conso, Croissance modérée
149;149;Morlaix;2;21;24;Moyenne;296720;11043;307763;128;61444;61572;665676397;128442;152514;1825;11043;0;13939;92.49539307310006;0.20831977084825207;4.819073604885338;2318.125;0.0004623312489176329;41.73406159934755;49.555664586061354;0.5929887608321989;3.588150622394505;0.0;4.529134431364394;Dense, Faible conso, Croissance modérée
150;150;Arles;2;21;4;Moyenne;221623;8194;229817;-1655;61047;59392;851904259;9273;204962;6564;8194;0;824;69.71675440350158;-2.7110259308401723;3.7315294989224137;-133.91117824773414;0.00026976857736310485;4.034949546813334;89.18487318170546;2.8561855737391055;3.565445550155123;0.0;0.35854614758699316;Dense, Faible conso, Croissance modérée
151;151;Thonon-les-Bains;2;21;18;Moyenne;101355;2557;103912;4248;58419;62667;205165374;47267;53563;0;2557;0;525;305.44627866883616;7.271606840240333;1.6173584183062857;23.85946327683616;0.0005064792268504333;45.48752790823004;51.546500885364544;0.0;2.4607360073908695;0.0;0.5052351990145507;Dense, Faible conso, Croissance modérée
152;152;Cognac;2;21;44;Moyenne;193714;3210;196924;-635;59435;58800;567176548;34571;146474;8090;3210;0;4579;103.6714233113884;-1.0683940439135189;3.2944557823129252;-305.06141732283464;0.00034720053340428313;17.55550364607666;74.38097946415876;4.108183867888119;1.6300704840446059;0.0;2.3252625378318537;Dense, Faible conso, Croissance modérée
153;153;Cahors;2;21;78;Moyenne;338484;7750;346234;1607;58079;59686;1406847007;74483;253286;9214;7750;0;1501;42.42536658429981;2.766920918059884;5.671078644908354;210.6309894212819;0.0002461063628648001;21.512329811630284;73.15457176360496;2.6612060051872435;2.2383705817452935;0.0;0.4335218378322175;Dense, Faible conso, Croissance modérée
154;154;Villeneuve-sur-Lot;2;21;34;Moyenne;115223;1522;116745;-808;59588;58780;663756098;12479;102728;0;1522;0;16;88.5566252078335;-1.3559777136336175;1.9602415787682885;-142.60272277227722;0.0001758853897565247;10.689108741273715;87.99349008522849;0.0;1.3036960897682983;0.0;0.013705083729495911;Dense, Faible conso, Croissance modérée
155;155;Ancenis-Saint-Géréon;2;21;12;Moyenne;209431;11487;220918;1714;57078;58792;740766357;38554;170027;0;11487;0;850;79.3664553532093;3.002908300921546;3.562236358688257;122.18844807467912;0.00029822898666009476;17.451724169148733;76.96385084058338;0.0;5.199666844711612;0.0;0.38475814555626975;Dense, Faible conso, Croissance modérée
156;156;Auchel - Lillers;2;21;29;Moyenne;77574;1323;78897;-1310;58436;57126;164647126;14386;63187;0;1323;0;1;346.96020141888175;-2.2417687726743787;1.3579455939502154;-59.21679389312977;0.00047918844328931684;18.23389989479955;80.08796278692472;0.0;1.6768698429598086;0.0;0.0012674753159182225;Dense, Faible conso, Croissance modérée
157;157;Épernay;2;21;44;Moyenne;58733;2994;61727;-1906;58301;56395;457187108;30306;27370;1058;2994;0;-1;123.35212216876421;-3.2692406648256465;1.0414575760262434;-30.814795383001048;0.00013501474324162263;49.0968295883487;44.340402093087306;1.713998736371442;4.8503896188053846;0.0;-0.0016200366128274499;Dense, Faible conso, Croissance modérée
158;158;Sélestat;2;21;37;Moyenne;153087;8411;161498;419;56492;56911;360736976;56808;63195;33084;8411;0;0;157.76314541152;0.7416979395312611;2.6899369190490416;365.3627684964201;0.00044768906639612127;35.17566781012768;39.13051554818016;20.48570260932024;5.208114032371918;0.0;0.0;Dense, Faible conso, Croissance modérée
159;159;Libourne;2;21;24;Moyenne;113415;1801;115216;-574;56255;55681;313540786;6292;84384;2412;1801;0;20327;177.58774132817283;-1.0203537463336592;2.0368707458558575;-197.5871080139373;0.0003674673444238926;5.461047076794889;73.23982780169422;2.093459241771976;1.5631509512567698;0.0;17.642514928482157;Dense, Faible conso, Croissance modérée
160;160;Chaumont;2;21;112;Moyenne;83248;4208;87456;-2315;57536;55221;1893559862;6498;63954;0;4005;203;12796;29.162531963301618;-4.023567853170189;1.507542420455986;-35.960259179265655;4.618602334949577e-05;7.430021953896817;73.12705817782657;0.0;4.5794456641053785;0.2321167215514087;14.63135748261983;Dense, Faible conso, Croissance modérée
161;161;Annonay;2;21;37;Moyenne;324664;11011;335675;1537;54787;56324;479491118;43654;279472;750;11011;0;788;117.46620090677051;2.805410042528337;5.764221291101484;211.23227065712427;0.0007000651052727113;13.004840992030983;83.25672153124302;0.22343040142995457;3.2802562001936395;0.0;0.2347508751024056;Dense, Faible conso, Croissance modérée
162;162;Lisieux;2;21;57;Moyenne;608825;7426;616251;-1676;56534;54858;700141416;117929;481350;7195;7426;0;2351;78.35274238369009;-2.9645876817490358;11.09819898647417;-363.26073985680193;0.000880180754797685;19.136520670960373;78.10940671901547;1.167543744350922;1.2050284705420355;0.0;0.38150039513120465;Peu dense, Forte conso, Croissance modérée
163;163;Cluses;2;21;12;Moyenne;71290;4037;75327;1332;54359;55691;237386025;13407;55286;2596;4037;0;1;234.60100484011224;2.4503762026527345;1.280099118349464;53.52102102102102;0.00031731859531326665;17.79839898044526;73.39466592324133;3.446307432925777;5.359300118151526;0.0;0.0013275452361039201;Dense, Faible conso, Croissance modérée
164;164;Abbeville;2;21;73;Moyenne;92831;4725;97556;-901;55566;54665;686276744;13521;79310;0;4725;0;0;79.65445496722238;-1.621495158910125;1.6981798225555658;-103.03107658157603;0.0001421525657876584;13.859731846324163;81.29689614170323;0.0;4.84337201197261;0.0;0.0;Dense, Faible conso, Croissance modérée
165;165;Orange;2;21;10;Moyenne;152648;9663;162311;98;54405;54503;266324874;23102;127046;2500;9663;0;0;204.64855265452974;0.18013050271114786;2.800726565510155;1557.6326530612246;0.0006094473924354508;14.233169655784266;78.27319158898658;1.5402529711479813;5.953385784081178;0.0;0.0;Dense, Faible conso, Croissance modérée
166;166;Agde;2;21;6;Moyenne;115691;8386;124077;3829;51419;55248;210828788;18659;92665;2990;8386;0;1377;262.0514993426799;7.446663684630195;2.094030553142195;30.214416296683208;0.0005885201977255592;15.03824238174682;74.68346268849182;2.409793918292673;6.758706287224868;0.0;1.1097947242438164;Dense, Faible conso, Croissance modérée
167;167;Albertville;2;21;30;Moyenne;105988;13487;119475;1763;53827;55590;406059190;17619;68426;10386;13487;0;9557;136.90122368613305;3.2753079309640145;1.906601906817773;60.117980714690866;0.0002942305036859282;14.747018204645324;57.27223268466206;8.693032015065913;11.288554090813978;0.0;7.999163004812722;Dense, Faible conso, Croissance modérée
168;168;Oyonnax;2;21;40;Moyenne;251867;9523;261390;-331;53966;53635;545222771;26551;181764;43552;9523;0;0;98.3726338164992;-0.6133491457584405;4.695944812156241;-760.9274924471299;0.0004794187145202708;10.157618883660431;69.53747274187995;16.66169325528903;3.643215119170588;0.0;0.0;Dense, Faible conso, Croissance modérée
169;169;Vitré;2;21;30;Moyenne;845239;22627;867866;1479;52524;54003;597556117;332336;471582;4207;22627;0;37114;90.3731021466558;2.815855608864519;15.651704534933245;571.4935767410412;0.001452358992419117;38.29346926829718;54.33811210486411;0.48475225438028446;2.60719972899042;0.0;4.276466643468001;Peu dense, Forte conso, Croissance modérée
170;170;Sarrebourg;2;21;87;Moyenne;158873;2340;161213;-1184;53564;52380;902657927;16129;141037;1707;2340;0;0;58.02862682886515;-2.2104398476588756;3.033085147002673;-134.18327702702703;0.00017859811028945853;10.004776289753307;87.48488025159261;1.0588476115449748;1.4514958471091042;0.0;0.0;Dense, Faible conso, Croissance modérée
171;171;Flers;2;21;38;Moyenne;289919;1916;291835;-729;52750;52021;623625835;55080;227794;1253;1916;0;5792;83.41700596800965;-1.381990521327014;5.573114703677361;-397.69410150891633;0.0004679648975735587;18.873678619768018;78.05575068103552;0.4293522024431614;0.656535371014443;0.0;1.9846831257388593;Dense, Faible conso, Croissance modérée
172;172;Fougères;2;21;26;Moyenne;374883;31401;406284;427;51575;52002;491069211;37994;327057;52;31401;0;9780;105.8954600189748;0.8279205041202133;7.209011191877235;877.9461358313818;0.0008273456997490319;9.351586574908193;80.49960126414035;0.012798928828110387;7.7288300794518126;0.0;2.4071831526715304;Peu dense, Forte conso, Croissance modérée
173;173;Les Herbiers;2;21;15;Moyenne;335514;32380;367894;1555;50443;51998;509294367;78898;256615;0;32380;0;1;102.09812511042361;3.0826873897270186;6.452440478479941;215.7646302250804;0.0007223602376894147;21.445851250631975;69.75242868869837;0.0;8.801448243243978;0.0;0.00027181742567152493;Dense, Faible conso, Croissance modérée
174;174;Beaune;2;21;64;Moyenne;245797;3549;249346;-1518;51510;49992;747338790;20622;97457;0;3549;0;127718;66.89335635849973;-2.9470005824111825;4.916726676268203;-161.92160737812912;0.00033364519992331725;8.270435459161165;39.08504648159585;0.0;1.423323414051158;0.0;51.22119464519182;Dense, Faible conso, Croissance modérée
175;175;Marmande;2;21;48;Moyenne;443172;18293;461465;207;50255;50462;657414370;151432;285002;4519;18293;0;2219;76.75828564562713;0.41189931350114417;8.782291625381475;2140.927536231884;0.0007019393263338616;32.815489798792974;61.760263508608446;0.9792725342116954;3.96411428819087;0.0;0.4808598701960062;Peu dense, Forte conso, Croissance modérée
176;176;Montceau-les-Mines;2;21;22;Moyenne;146839;2082;148921;-2679;51454;48775;618024278;49466;95167;0;2082;0;2206;78.92084783115915;-5.206592296031406;3.0105381855458737;-54.81112355356476;0.00024096302572760743;33.216269028545334;63.90435197185085;0.0;1.3980566877740546;0.0;1.481322311829762;Dense, Faible conso, Croissance modérée
177;177;Bar-le-Duc;2;21;86;Moyenne;71148;4018;75166;-2460;51333;48873;1068234714;431;43752;0;4018;0;26965;45.75118123337827;-4.792238910642277;1.4557731262660365;-28.921951219512195;7.036468578945657e-05;0.5733975467631642;58.20716813452891;0.0;5.345501955671447;0.0;35.87393236303648;Dense, Faible conso, Croissance modérée
178;178;Saint-Avold (partie française);1;14;28;Petite;37553;192;37745;-1681;50572;48891;246771982;1137;36416;0;192;0;0;198.1221676940618;-3.3239737404097127;0.7680963776564194;-22.339678762641284;0.00015295496552765055;3.0123195125182143;96.47900384156843;0.0;0.508676645913366;0.0;0.0;Dense, Faible conso, Croissance modérée
179;179;Guéret;1;14;72;Petite;269991;3126;273117;-1361;49546;48185;1461130100;18433;235440;7093;3126;0;9025;32.97789840890965;-2.7469422354983246;5.603216768703954;-198.37692872887584;0.0001869217532374427;6.7491221710841875;86.2048133217632;2.597055474393758;1.1445644174474676;0.0;3.304444615311387;Dense, Faible conso, Croissance modérée
180;180;Challans;1;14;12;Petite;376236;30202;406438;4258;46546;50804;460570413;117765;253999;4134;30202;0;338;110.3066948419025;9.147939672581963;7.405637351389655;88.35979333020197;0.0008824665860592308;28.974899000585573;62.493910510336136;1.0171293038544624;7.4308996698143375;0.0;0.08316151540948435;Dense, Faible conso, Croissance modérée
181;181;Pontarlier;1;14;54;Petite;129340;1219;130559;3015;47478;50493;804484533;4031;121516;437;1219;0;3356;62.76441364473069;6.350309617085808;2.561543184203751;42.898839137645105;0.00016228901196289376;3.0874930108226932;93.07362954679493;0.33471457348784844;0.9336774944661034;0.0;2.5704853744284195;Dense, Faible conso, Croissance modérée
182;182;Vendôme;1;14;57;Petite;128423;5432;133855;-1991;48848;46857;865380857;20073;100748;5500;5432;0;2102;54.146101824390136;-4.075908942024239;2.740743112021683;-64.50175791059769;0.0001546775606569721;14.996077845429756;75.26651974151135;4.108923835493631;4.05812259534571;0.0;1.570355982219566;Dense, Faible conso, Croissance modérée
183;183;Le Creusot;1;14;22;Petite;36157;117;36274;-1880;48890;47010;386507775;263;35894;0;117;0;0;121.62756622424996;-3.845367150746574;0.7691342267602638;-19.232446808510637;9.385063469939253e-05;0.7250372167392622;98.9524177096543;0.0;0.32254507360643986;0.0;0.0;Dense, Faible conso, Croissance modérée
184;184;Longwy;1;14;23;Petite;26768;4026;30794;2141;46985;49126;195972444;5655;21113;0;4026;0;0;250.67810043742682;4.5567734383313825;0.5448845825021373;12.502568893040635;0.00015713433670297035;18.36396700655972;68.56205754367734;0.0;13.073975449762939;0.0;0.0;Dense, Faible conso, Croissance modérée
185;185;Bagnols-sur-Cèze;1;14;30;Petite;142830;2706;145536;678;47108;47786;424307616;19003;121929;1897;2706;0;1;112.62112250184074;1.4392459879426;2.9889507387100824;210.6637168141593;0.00034299643586882967;13.057250439753737;83.77927110817942;1.303457563764292;1.8593337730870712;0.0;0.0006871152154793316;Dense, Faible conso, Croissance modérée
186;186;Granville;1;14;34;Petite;187905;19426;207331;73;47881;47954;332605960;13213;173502;1129;19426;0;61;144.17661066566578;0.1524613103318644;3.91844267422947;2574.041095890411;0.0006233532315536378;6.372901302747779;83.68357843255471;0.5445398903203091;9.369558821401528;0.0;0.029421552975676574;Dense, Faible conso, Croissance modérée
187;187;Dinan;1;14;25;Petite;128019;8803;136822;2261;46222;48483;304124653;24721;102848;449;8803;0;1;159.41818435876687;4.891610055817576;2.6404925437782314;56.620521892967716;0.0004498878951454159;18.068000760111676;75.16919793600444;0.3281635994211457;6.433906827849323;0.0;0.0007308766134101241;Dense, Faible conso, Croissance modérée
188;188;Redon;1;14;22;Petite;360072;9742;369814;613;46851;47464;598475022;44345;311275;0;9742;0;4452;79.3082388658152;1.3084032357900577;7.586212708579134;587.3931484502447;0.0006179272089988745;11.991163125246745;84.17069121233918;0.0;2.6342972413159047;0.0;1.2038484210981737;Peu dense, Forte conso, Croissance modérée
189;189;Bressuire;1;14;19;Petite;447819;17266;465085;346;47023;47369;819824785;85430;336760;0;17266;0;25629;57.779419293843375;0.7358101354656232;9.453841119719648;1294.2745664739884;0.0005672980477163789;18.368685294086028;72.40826945612092;0.0;3.712439661567241;0.0;5.510605588225808;Peu dense, Forte conso, Croissance modérée
190;190;Pierrelatte;1;14;17;Petite;106953;3516;110469;660;46622;47282;345186239;17945;83758;0;3516;0;5250;136.97533290137906;1.415640684655313;2.262023603062476;162.05;0.0003200272418739149;16.24437625035078;75.82036589450433;0.0;3.1827933628438747;0.0;4.752464492301008;Dense, Faible conso, Croissance modérée
191;191;Sablé-sur-Sarthe;1;14;39;Petite;420050;32644;452694;-1024;47257;46233;810744613;102848;316136;234;32644;0;832;57.02535577624615;-2.166874748714476;9.085501697921398;-410.205078125;0.0005583681873936793;22.71909943582199;69.83436935324966;0.05169054593168895;7.211052057239548;0.0;0.18378860775711628;Peu dense, Forte conso, Croissance modérée
192;192;Saint-Hilaire-de-Riez;1;14;13;Petite;290252;35813;326065;3607;45098;48705;277418473;59626;206419;22487;35813;0;1720;175.56509295615652;7.998137389684687;5.959388153167026;80.4690878846687;0.0011753543175187183;18.286537960222653;63.306089276677966;6.896477696164875;10.983392881787374;0.0;0.5275021851471332;Dense, Faible conso, Croissance modérée
193;193;Verdun;1;14;103;Petite;136734;8280;145014;-1739;46030;44291;1246220107;41198;95071;0;8280;0;465;35.540270736459874;-3.777970888550945;3.087173466392721;-78.6279470960322;0.00011636307196895517;28.409670790406444;65.55987697739528;0.0;5.709793537175721;0.0;0.32065869502254957;Dense, Faible conso, Croissance modérée
194;194;Issoire;1;14;53;Petite;338908;5590;344498;1248;44423;45671;544303344;73348;254369;2321;5590;0;8870;83.90725595101249;2.8093555140355218;7.420638917474984;271.56089743589746;0.0006329154575247291;21.29127019605339;73.8375839627516;0.6737339549141069;1.6226509297586633;0.0;2.574760956522244;Peu dense, Forte conso, Croissance modérée
195;195;Saint-Gaudens;1;14;85;Petite;199636;2967;202603;363;44567;44930;752743380;41436;144005;12870;2967;0;1325;59.688336282678435;0.8145040052056454;4.443267304696194;549.961432506887;0.00026915281539905404;20.451819568318335;71.07742728390004;6.352324496675765;1.464440309373504;0.0;0.6539883417323534;Dense, Faible conso, Croissance modérée
196;196;Gien;1;14;29;Petite;1215501;1393;1216894;-2482;45934;43452;936443965;767656;445814;1140;1393;0;891;46.401067895183665;-5.40340488527017;;-489.7264302981467;0.0012994840540191852;63.08322664093997;36.63540127570684;0.09368112588278026;0.11447176171466043;0.0;0.07321919575575193;
197;197;Forbach (partie française);1;14;10;Petite;34435;46;34481;-272;43925;43653;71513618;19677;14758;0;46;0;0;610.4152079118694;-0.6192373363688105;0.7888346734474149;-126.59926470588235;0.00048215991533248956;57.06621037672921;42.8003828195238;0.0;0.1334068037469911;0.0;0.0;Dense, Faible conso, Croissance modérée
198;198;Vire Normandie;1;14;20;Petite;553901;19643;573544;-1367;44304;42937;797850744;45620;505329;473;19643;0;2479;53.815829994388025;-3.085500180570603;12.900319072128934;-405.1945866861741;0.0007188612711251667;7.954054091752333;88.10640508836288;0.0824696971810358;3.4248462192961653;0.0;0.43222490340758507;Peu dense, Forte conso, Croissance modérée
199;199;Pamiers;1;14;52;Petite;105121;3103;108224;1389;42691;44080;562132450;39605;63732;0;3103;0;1784;78.41568299428366;3.253613173736853;2.384777676950998;75.68106551475881;0.00019252402169631018;36.59539473684211;58.88897102306328;0.0;2.867201360141928;0.0;1.6484328799526906;Dense, Faible conso, Croissance modérée
200;200;Sète;1;14;1;Petite;0;0;0;440;44136;44576;40693781;0;0;0;0;0;0;1095.400793551231;0.9969186151894145;0.0;0.0;0.0;;;;;;;Dense, Faible conso, Croissance modérée
201;201;Cavaillon;1;14;6;Petite;80490;23226;103716;478;41735;42213;153372680;14555;65934;0;1074;22152;1;275.2315471047386;1.1453216724571702;1.906758581479639;168.38912133891213;0.0006762351678278035;14.033514597554861;63.57167650121486;0.0;1.0355200740483628;21.358324655790813;0.0009641713911064831;Dense, Faible conso, Croissance modérée
202;202;Montaigu-Vendée;1;14;8;Petite;240899;14699;255598;1950;41848;43798;357869645;118737;120271;1005;14699;0;886;122.38534508843297;4.659720894666411;5.500228320927897;123.53794871794872;0.0007142209560690737;46.45458884654809;47.05475003716774;0.39319556491052354;5.750827471263468;0.0;0.346638080110173;Dense, Faible conso, Croissance modérée
203;203;Romorantin-Lanthenay;1;14;29;Petite;387573;6250;393823;221;41749;41970;916983944;220716;155795;10771;6250;0;291;45.76961273380813;0.5293539965029103;9.234524660471765;1753.7239819004526;0.0004294764402112585;56.04446667665424;39.559649893480064;2.7349850059544516;1.587007361174944;0.0;0.0738910627363054;Peu dense, Forte conso, Croissance modérée
204;204;Fontenay-le-Comte;1;14;30;Petite;307382;20041;327423;-527;41701;41174;589046509;126040;161731;1495;20041;0;18116;69.89940415723608;-1.2637586628618018;7.465439354932725;-583.2675521821632;0.0005558525430459686;38.49454680947887;49.39512496067778;0.45659590193724936;6.120828408511314;0.0;5.532903919394789;Peu dense, Forte conso, Croissance modérée
205;205;Coutances;1;14;37;Petite;355662;14320;369982;-319;42353;42034;491325972;163621;187150;4559;14320;0;332;85.55216372726171;-0.7531933983425023;8.46129323880668;-1114.9278996865203;0.0007530275643559914;44.22404333183776;50.583541902038476;1.2322221081025564;3.8704585628490036;0.0;0.08973409517219758;Peu dense, Forte conso, Croissance modérée
206;206;Tulle;1;14;43;Petite;155460;989;156449;-351;40259;39908;869407287;7584;146376;0;989;0;1500;45.902536816441476;-0.871854740554907;3.8954595569810566;-442.9059829059829;0.0001799490323342551;4.847586114324796;93.56148009894598;0.0;0.6321548875352351;0.0;0.9587788991939865;Dense, Faible conso, Croissance modérée
207;207;Pontivy;1;14;16;Petite;122002;15538;137540;1061;39544;40605;552718913;7684;111335;0;15538;0;2983;73.4641045293849;2.683087194011734;3.004605344169437;114.98774740810556;0.0002488425794107031;5.586738403373563;80.94736076777664;0.0;11.29707721390141;0.0;2.1688236149483786;Dense, Faible conso, Croissance modérée
208;208;Vierzon;1;14;20;Petite;264415;9499;273914;-2461;41523;39062;638389491;157301;102614;0;9499;0;4500;61.188350608359244;-5.926835729595646;6.7691106446162514;-107.44209670865501;0.00042907034633500883;57.42714866709989;37.46212314814139;0.0;3.4678767788429945;0.0;1.6428514059157253;Dense, Faible conso, Croissance modérée
209;209;Château-Thierry;1;14;52;Petite;56134;233;56367;1074;38186;39260;468676444;28458;25009;2517;233;0;150;83.7678114669659;2.812549101765045;1.4298013245033112;52.266294227188084;0.00012026847246455596;50.486987066900845;44.368158674401684;4.465378679014317;0.4133624283712101;0.0;0.26611315131193786;Dense, Faible conso, Croissance modérée
210;210;Montbrison;1;14;27;Petite;411173;10723;421896;750;37283;38033;416697203;155458;255066;368;10723;0;281;91.27251089323967;2.011640694150149;10.810953645518365;548.2306666666667;0.0010124761984543487;36.84746951855434;60.45707946982195;0.08722528774863947;2.5416216318713616;0.0;0.06660409200371656;Peu dense, Forte conso, Croissance modérée
211;211;Arcachon - La Teste-de-Buch;1;14;2;Petite;9287;0;9287;985;36360;37345;185833588;0;9287;0;0;0;0;200.9593658601695;2.709020902090209;0.24868121569152496;9.428426395939086;4.997481940670488e-05;0.0;100.0;0.0;0.0;0.0;0.0;Dense, Faible conso, Croissance modérée
212;212;Chemillé-en-Anjou;1;14;2;Petite;90856;3564;94420;-495;37414;36919;520423318;5203;84451;0;3564;0;1202;70.94032631335708;-1.3230341583364515;2.460955063788293;-183.54747474747475;0.0001814292264283208;5.5104850667231515;89.4418555390807;0.0;3.774624020334675;0.0;1.2730353738614701;Dense, Faible conso, Croissance modérée
213;213;Brignoles;1;14;10;Petite;308599;19110;327709;1464;36103;37567;346289707;14092;272507;717;19110;0;21283;108.48431021947758;4.055064676065701;8.214629861314451;210.79166666666666;0.0009463434614878692;4.300156541321722;83.15517730669588;0.2187916718796249;5.8313930957038105;0.0;6.494481384398963;Peu dense, Forte conso, Croissance modérée
214;214;Quimperlé;1;14;11;Petite;227157;13047;240204;794;36433;37227;310845221;9460;213399;4297;13047;0;1;119.76056726958656;2.179342903411742;6.101942138770247;286.0919395465995;0.0007727447094964346;3.938319095435546;88.84073537493131;1.788896104977436;5.431633111854923;0.0;0.00041631280078599855;Dense, Faible conso, Croissance modérée
215;215;Argentan;1;14;50;Petite;175136;10480;185616;-1077;36918;35841;775418742;45634;124195;2385;10480;0;2922;46.22147758197983;-2.917276125467252;4.886470801595937;-162.6146703806871;0.000239375178785658;24.585165071976554;66.90964141022326;1.284910783553142;5.646064994397035;0.0;1.5742177398500128;Dense, Faible conso, Croissance modérée
216;216;Sedan;1;14;31;Petite;58801;4093;62894;-2037;38244;36207;361439595;24959;31461;2281;4093;0;100;100.17441503607263;-5.326325698148729;1.624022978981965;-28.86647029945999;0.0001740097124666156;39.68423061023309;50.02225967500874;3.6267370496390754;6.507774986485197;0.0;0.15899767863389194;Dense, Faible conso, Croissance modérée
217;217;Thouars;1;14;26;Petite;270737;356;271093;-581;36361;35780;646518509;98930;171437;0;356;0;370;55.34257643349233;-1.5978658452737822;7.566713247624371;-465.9845094664372;0.0004193120478782766;36.493011623317464;63.23918360119959;0.0;0.13132024803296286;0.0;0.13648452744998948;Peu dense, Forte conso, Croissance modérée
218;218;Vitry-le-François;1;14;73;Petite;82199;8378;90577;-2482;37314;34832;843669114;28609;44000;0;8378;0;9590;41.28632827964353;-6.651658894784799;2.3598702342673405;-33.118049959709914;0.00010736081065070257;31.585281031608464;48.577453437406845;0.0;9.24958874769533;0.0;10.587676783289355;Dense, Faible conso, Croissance modérée
219;219;Mayenne;1;14;27;Petite;407991;9606;417597;-658;35757;35099;558328705;31156;376317;517;9606;0;1;62.8644017147569;-1.8401991218502671;11.624006381948204;-620.0471124620061;0.0007479411254701654;7.460781566917387;90.11487151488157;0.12380357138580976;2.300303881493402;0.0;0.00023946532182941927;Peu dense, Forte conso, Croissance modérée
220;220;Fécamp;1;14;26;Petite;20886;8322;29208;-1274;35798;34524;164300280;2964;17922;0;8322;0;0;210.12745687347584;-3.5588580367618308;0.6049704553354188;-16.39403453689168;0.00017777206466111926;10.147904683648315;61.35990139687757;0.0;28.49219391947412;0.0;0.0;Dense, Faible conso, Croissance modérée
221;221;Noeux-les-Mines;1;14;8;Petite;190279;273;190552;-778;35530;34752;44932335;175935;14344;0;273;0;0;773.4296470459414;-2.1896988460455953;5.475339548802946;-244.5745501285347;;92.3291280070532;7.527604013602586;0.0;0.143267979344221;0.0;0.0;Dense, Faible conso, Croissance modérée
222;222;Beaucaire;1;14;5;Petite;36766;5436;42202;814;34800;35614;202707468;701;36065;0;5436;0;0;175.6916030345759;2.339080459770115;1.0323468298983547;45.16707616707617;0.00020819163899773047;1.6610587175963225;85.45803516421022;0.0;12.88090611819345;0.0;0.0;Dense, Faible conso, Croissance modérée
223;223;Châteaudun;1;14;25;Petite;97841;2464;100305;-1252;35234;33982;698212947;39915;54701;503;2464;0;2722;48.66996543964115;-3.5533859340409832;2.8792007533400037;-78.14776357827476;0.00014365961048270278;39.79362943023778;54.53466925876078;0.5014705149294651;2.4565076516624296;0.0;2.713723144409551;Dense, Faible conso, Croissance modérée
224;224;Millau;1;14;23;Petite;78480;248;78728;728;33920;34648;831308386;21333;52722;3122;248;0;1303;41.67887703709511;2.1462264150943393;2.26506580466405;107.8021978021978;9.470372406420065e-05;27.097093791281374;66.96727974799309;3.9655522812722284;0.3150086373336043;0.0;1.6550655421197034;Dense, Faible conso, Croissance modérée
225;225;Thiers;1;14;19;Petite;117919;1885;119804;-820;34414;33594;415432198;7407;102658;0;1885;0;7854;80.86518127802891;-2.3827512059045737;3.510120854914568;-143.80365853658537;0.0002883840024359402;6.182598243798203;85.68829087509599;0.0;1.5734032252679375;0.0;6.555707655837868;Dense, Faible conso, Croissance modérée
226;226;Figeac;1;14;59;Petite;119214;7755;126969;552;33919;34471;760490727;27134;86037;1433;7755;0;4610;45.32731140060305;1.6274064683510718;3.4583853093905024;215.9673913043478;0.00016695667086023523;21.370570769242885;67.76220967322732;1.1286219470894472;6.107790090494531;0.0;3.6308075199458134;Dense, Faible conso, Croissance modérée
227;227;La Ferté-Bernard;1;14;37;Petite;126712;5938;132650;-678;34348;33670;620342043;13325;112988;399;5938;0;0;54.276508226285095;-1.9739140561313613;3.763350163350163;-186.89085545722713;0.00021383364467528117;10.04523181304184;85.17753486618922;0.30079155672823216;4.476441764040709;0.0;0.0;Dense, Faible conso, Croissance modérée
228;228;Châteaubriant;1;14;20;Petite;153338;4678;158016;78;33737;33815;639173002;20747;121573;4940;4678;0;6078;52.90429960932549;0.23120016598986276;4.534614815910099;1965.871794871795;0.0002472194531145106;13.129683070068854;76.9371456055083;3.126265694613204;2.9604597002835153;0.0;3.8464459295261237;Dense, Faible conso, Croissance modérée
229;229;Loudéac;1;14;22;Petite;190293;6168;196461;-186;33690;33504;570919527;61347;127546;266;6168;0;1134;58.6842775829596;-0.5520926090828139;5.67970988538682;-1023.0806451612904;0.0003441132956729294;31.226044863866107;64.92179109339767;0.13539582919765245;3.1395544153801516;0.0;0.5772137981584131;Dense, Faible conso, Croissance modérée
230;230;Bernay;1;14;36;Petite;256074;322;256396;-1180;33619;32439;514125044;111847;144227;0;322;0;0;63.09554529306298;-3.5099199857223597;7.894016461666513;-217.01186440677967;0.0004987035799796595;43.622755425201646;56.25165759216212;0.0;0.12558698263623458;0.0;0.0;Peu dense, Forte conso, Croissance modérée
231;231;Pornic;1;14;7;Petite;96440;337;96777;4411;31422;35833;198104714;8462;84884;0;337;0;3094;180.87908801604792;14.037935204633698;2.6913738732453325;21.86352301065518;0.0004885143722526461;8.74381309608688;87.71092304989821;0.0;0.3482232348595224;0.0;3.197040619155378;Dense, Faible conso, Croissance modérée
232;232;Caudry;1;14;17;Petite;42247;0;42247;-1518;33147;31629;116564449;11307;27906;1;0;0;3033;271.34345223902704;-4.579599963797628;1.3357045749154257;-27.830698287220027;0.0003624346905290137;26.76403058205316;66.05439439486828;0.002367031978602031;0.0;0.0;7.17920799109996;Dense, Faible conso, Croissance modérée
233;233;Sarlat-la-Canéda;1;14;45;Petite;306538;7551;314089;-247;32234;31987;746106993;21650;281989;2150;7551;0;749;42.87186730603395;-0.7662716386424273;9.583205677306406;-1241.0445344129555;0.00042097045456857153;6.892950724157802;89.77996682468982;0.6845193559787194;2.404095654416423;0.0;0.23846744075723758;Peu dense, Forte conso, Croissance modérée
234;234;Avranches;1;14;32;Petite;246560;34522;281082;937;31742;32679;310207447;25642;200740;20159;34522;0;19;105.34563343348749;2.951924894461597;7.544906514887236;263.13767342582713;0.0009061097749855115;9.122604791484337;71.41688190634761;7.171928476387674;12.281825232494432;0.0;0.006759593285945027;Peu dense, Forte conso, Croissance modérée
235;235;Berck;1;14;19;Petite;107432;20061;127493;-665;32338;31673;192745228;70916;36515;0;20061;0;1;164.3257284688781;-2.056404230317274;3.3919110914659174;-161.55187969924813;0.0006614586587845381;55.62344599311335;28.6407881217008;0.0;15.734981528397638;0.0;0.0007843567882158237;Dense, Faible conso, Croissance modérée
236;236;Hazebrouck;1;14;11;Petite;83850;1874;85724;-404;32456;32052;149290935;2547;78532;2771;1874;0;0;214.69488418704057;-1.2447621395119548;2.616061400224635;-207.54950495049505;0.0005742076704121385;2.9711632681629414;91.61028416779432;3.232466987074798;2.1860855769679435;0.0;0.0;Dense, Faible conso, Croissance modérée
237;237;Pont-Audemer;1;14;34;Petite;147799;1704;149503;-418;31985;31567;339839510;37433;108590;1776;1704;0;0;92.88796349782872;-1.306862591839925;4.682073050970951;-353.5861244019139;0.0004399223621761931;25.03829354594891;72.63399396667626;1.187936028039571;1.1397764593352642;0.0;0.0;Dense, Faible conso, Croissance modérée
238;238;Trouville-sur-Mer;1;14;35;Petite;606748;68;606816;-775;32818;32043;255805022;42839;563909;0;68;0;0;125.26337344542047;-2.3615089280273023;18.93543051524514;-782.9006451612903;0.002372181731443881;7.059635869851817;92.92915809734747;0.0;0.011206032800717186;0.0;0.0;Peu dense, Forte conso, Croissance modérée
239;239;Autun;1;14;42;Petite;35532;98;35630;-1328;32776;31448;1064828261;7435;28097;0;98;0;0;29.533400973473974;-4.0517451793995605;1.1298651742559145;-26.75602409638554;3.3460794857697716e-05;20.867246702217233;78.85770418186921;0.0;0.275049115913556;0.0;0.0;Dense, Faible conso, Croissance modérée
240;240;Remiremont;1;14;12;Petite;105837;1750;107587;-216;31832;31616;287926687;8789;94586;2462;1750;0;0;109.80572981760457;-0.6785624528776074;3.34757717611336;-489.9861111111111;0.00037366109102627225;8.169202598826995;87.91582626153718;2.2883805664253116;1.626590573210518;0.0;0.0;Dense, Faible conso, Croissance modérée
241;241;Parthenay;1;14;26;Petite;190391;18223;208614;-667;31101;30434;542114902;22629;134856;1400;18223;0;31506;56.13939016935564;-2.144625574740362;6.255865150818164;-285.44377811094455;0.00038481509958565943;10.847306508671519;64.64379188357445;0.6710958996040535;8.735271841774761;0.0;15.10253386637522;Dense, Faible conso, Croissance modérée
242;242;Noyon;1;14;38;Petite;43502;688;44190;-714;31058;30344;235389494;31809;11693;0;688;0;0;128.90974649871163;-2.2989245926975337;1.4336277353018718;-60.92717086834734;0.0001877314031695909;71.98234894772573;26.46073772346685;0.0;1.5569133288074224;0.0;0.0;Dense, Faible conso, Croissance modérée
243;243;Ambérieu-en-Bugey;1;14;15;Petite;54233;1470;55703;674;30389;31063;198345442;13207;40560;466;1470;0;0;156.61060666067638;2.2179077955839284;1.7459034864629945;80.46439169139465;0.0002808383164156603;23.7096745238138;72.81474965441717;0.836579717429941;2.638996104339084;0.0;0.0;Dense, Faible conso, Croissance modérée
244;244;Château-Gontier-sur-Mayenne;1;14;19;Petite;223354;28661;252015;286;30350;30636;483871369;39013;183717;0;28661;0;624;63.3143474955221;0.9423393739703461;7.29057318187753;780.9580419580419;0.0005208305680925709;15.48042775231633;72.8992321885602;0.0;11.37273574985616;0.0;0.24760430926730553;Peu dense, Forte conso, Croissance modérée
245;245;Villefranche-de-Rouergue;1;14;34;Petite;108717;2301;111018;-242;30530;30288;788222794;13984;94733;0;2301;0;0;38.42568399512689;-0.7926629544710122;3.5894413629160065;-449.24380165289256;0.0001408459649290477;12.59615557837468;85.33120755192851;0.0;2.072636869696806;0.0;0.0;Dense, Faible conso, Croissance modérée
246;246;Friville-Escarbotin;1;14;33;Petite;79682;5743;85425;-1216;31123;29907;246686295;37563;42119;0;5743;0;0;121.2349474055703;-3.9070783664813806;2.664326077506938;-65.5279605263158;0.0003462900117738604;43.97190517998244;49.30523851331577;0.0;6.722856306701786;0.0;0.0;Dense, Faible conso, Croissance modérée
247;247;Étaples - Le Touquet-Paris-Plage;1;14;21;Petite;63906;578;64484;-201;30757;30556;176914258;7738;56168;0;578;0;0;172.71643532541057;-0.6535097701336281;2.091438669982982;-317.94029850746267;0.00036449295115603404;11.999875938217231;87.10377768128528;0.0;0.8963463804974878;0.0;0.0;Dense, Faible conso, Croissance modérée
248;248;Eu;1;14;26;Petite;83959;1525;85484;-1583;30593;29010;225761302;27251;55342;554;1525;0;812;128.49855020768794;-5.174386297519041;2.894139951740779;-53.03790271636134;0.00037864770996049623;31.878480183426138;64.73960039305601;0.6480744934724627;1.7839595713817789;0.0;0.9498853586636096;Dense, Faible conso, Croissance modérée
249;249;Sallanches;1;14;4;Petite;61246;2049;63295;2066;29490;31556;174932279;13647;45979;1620;2049;0;0;180.3898067320097;7.005764665988471;1.9408670300418305;29.644724104549855;0.00036182573257391795;21.560944782368274;72.64238881428233;2.5594438739236907;3.2372225294257055;0.0;0.0;Dense, Faible conso, Croissance modérée
250;250;Val de Briey;1;14;14;Petite;10980;301;11281;-18;30058;30040;152886397;3672;7308;0;301;0;0;196.4857606004019;-0.059884223833921085;0.3655126498002663;-610.0;7.378681309364626e-05;32.550305823951774;64.78149100257069;0.0;2.6682031734775284;0.0;0.0;Dense, Faible conso, Croissance modérée
251;251;Digne-les-Bains;1;13;34;Petite;27414;1014;28428;446;29652;30098;1250823182;3720;22694;0;1014;0;1000;24.06255371112877;1.5041143936328072;0.910824639510931;61.46636771300449;2.272743294903212e-05;13.085690164626424;79.829745321514;0.0;3.566905867454622;0.0;3.517658646404953;Dense, Faible conso, Croissance modérée
252;252;Nogent-le-Rotrou;1;13;25;Petite;93635;1083;94718;-1700;30600;28900;590364446;2543;82089;7237;1083;0;1766;48.95281244629694;-5.555555555555555;3.2399653979238754;-55.07941176470588;0.00016043987852208837;2.6848117570050043;86.6667370510357;7.64057518106379;1.1433940750438143;0.0;1.8644819358516862;Dense, Faible conso, Croissance modérée
253;253;Oloron-Sainte-Marie;1;13;44;Petite;117008;2051;119059;-357;29896;29539;755413449;17804;73854;0;2051;0;25350;39.10308988952088;-1.1941396842386942;3.961136125122719;-327.7535014005602;0.00015760773144508843;14.953930404253354;62.03142979531157;0.0;1.72267531224015;0.0;21.291964488194928;Dense, Faible conso, Croissance modérée
254;254;Cosne-Cours-sur-Loire;1;13;30;Petite;133943;516;134459;-1443;30334;28891;725002777;6301;121042;0;516;0;6600;39.849502535077875;-4.757038306850399;4.636149665985947;-92.82259182259182;0.00018545997927950006;4.68618686737221;90.02149354078195;0.0;0.38376010531091265;0.0;4.908559486534929;Dense, Faible conso, Croissance modérée
255;255;Ploërmel;1;13;19;Petite;205976;9895;215871;56;29511;29567;478779764;32910;168537;1404;9895;0;3125;61.75490741918658;0.18975975060147066;6.966415260256367;3678.1428571428573;0.00045087745187158743;15.24521589282488;78.07301582889782;0.650388426421335;4.583756039486545;0.0;1.4476238123694243;Peu dense, Forte conso, Croissance modérée
256;256;Bruay-la-Buissière;1;13;2;Petite;31926;1992;33918;-946;29965;29019;22821004;0;31926;0;1992;0;0;1271.59173189751;-3.1570165192724846;1.1001757469244289;-33.74841437632135;0.0014862623923119246;0.0;94.12701220590837;0.0;5.8729877940916335;0.0;0.0;Dense, Faible conso, Croissance modérée
257;257;Guingamp;1;13;15;Petite;97964;10385;108349;111;28765;28876;262748959;47988;49976;0;10385;0;0;109.89957908834188;0.385885624891361;3.392575148912592;882.5585585585585;0.00041236700009152083;44.29021033881254;46.12502191990696;0.0;9.584767741280492;0.0;0.0;Dense, Faible conso, Croissance modérée
258;258;Segré-en-Anjou Bleu;1;13;6;Petite;332352;11598;343950;46;28712;28758;521104954;94690;221872;1646;11598;0;14144;55.18657955418324;0.1602117581499025;11.556853745044856;7225.04347826087;0.0006600397815446598;27.53016426806222;64.5070504433784;0.4785579299316761;3.372001744439599;0.0;4.112225614188109;Peu dense, Forte conso, Croissance modérée
259;259;Luxeuil-les-Bains;1;13;41;Petite;173041;13917;186958;-1280;29336;28056;481552421;6370;161288;4345;13917;0;1038;58.26156982398392;-4.36323970548132;6.167700313658398;-135.18828125;0.00038824018288966303;3.4071823618138835;86.26964344933087;2.3240513912215577;7.443917885300441;0.0;0.5552049123332513;Dense, Faible conso, Croissance modérée
260;260;Langres;1;13;77;Petite;49775;956;50731;-705;28368;27663;916583821;9393;36196;4;956;0;4182;30.180545811750697;-2.4851945854483923;1.7993348516068395;-70.60283687943263;5.534791127411794e-05;18.515306223019458;71.34887938341447;0.007884725315881809;1.884449350495752;0.0;8.24348031775443;Dense, Faible conso, Croissance modérée
261;261;Hendaye (partie française);1;13;3;Petite;22995;1044;24039;2067;27280;29347;73296299;0;22995;0;1044;0;0;400.3885653216951;7.576979472140763;0.7835553889665042;11.124818577648766;0.0003279701748651729;0.0;95.65705728191688;0.0;4.342942718083115;0.0;0.0;Dense, Faible conso, Croissance modérée
262;262;L'Aigle;1;13;32;Petite;115770;36;115806;-825;27852;27027;548554619;7205;105650;2915;36;0;0;49.26947848742843;-2.962085308056872;4.283494283494283;-140.3272727272727;0.00021111115646261654;6.221612006286375;91.23016078614235;2.51714073536777;0.03108647220351277;0.0;0.0;Dense, Faible conso, Croissance modérée
263;263;Aire-sur-la-Lys;1;13;15;Petite;133397;260;133657;-925;27657;26732;107196985;43621;77783;11993;260;0;0;249.37268524856367;-3.344542068915645;4.990161604070028;-144.21297297297298;0.001246835440381089;32.63652483596071;58.19597926034551;8.97296811988897;0.1945277838048138;0.0;0.0;Dense, Faible conso, Croissance modérée
264;264;Romilly-sur-Seine;1;13;26;Petite;38389;0;38389;37;27278;27315;320575606;1061;31470;393;0;0;5465;85.20610891397645;0.13564044284771612;1.405418268350723;1037.5405405405406;0.00011975022204278388;2.7638125504701865;81.97660788246634;1.0237307562062048;0.0;0.0;14.235848810857277;Dense, Faible conso, Croissance modérée
265;265;Bayeux;1;13;29;Petite;204056;26304;230360;-1106;27916;26810;238519492;129779;68113;1766;26304;0;4398;112.40171516045321;-3.961885656970913;7.611189854531891;-184.499095840868;0.0009657910893085417;56.33747178329571;29.56806737280778;0.7666261503733287;11.418649071019274;0.0;1.9091856225039068;Peu dense, Forte conso, Croissance modérée
266;266;Biscarrosse;1;13;7;Petite;238041;66459;304500;1581;26167;27748;720933733;75582;162459;0;66459;0;0;38.48897440896971;6.041961248901288;8.57867233674499;150.56356736242884;0.0004223689169500964;24.82167487684729;53.35270935960591;0.0;21.8256157635468;0.0;0.0;Peu dense, Forte conso, Croissance modérée
267;267;Privas;1;13;24;Petite;101049;1537;102586;797;26510;27307;333397719;0;100932;36;1537;0;81;81.90517944125466;3.0064126744624673;3.7004797304720403;126.78670012547052;0.0003076985658681126;0.0;98.38769422728248;0.035092507749595464;1.4982551225313394;0.0;0.07895814243658979;Dense, Faible conso, Croissance modérée
268;268;Castelnaudary;1;13;34;Petite;184041;3690;187731;1485;26101;27586;477305604;72409;102315;3317;3690;0;6000;57.795256893736365;5.6894371863147;6.671536286522149;123.93333333333334;0.0003933140495874002;38.5706143364708;54.50085494670566;1.7668898583611659;1.9655784074020806;0.0;3.1960624510602935;Dense, Faible conso, Croissance modérée
269;269;Miramas;1;13;1;Petite;105619;716;106335;850;25583;26433;25783102;0;70750;34869;716;0;0;1025.2063541462155;3.3225188601805886;3.995725040668861;124.25764705882352;;0.0;66.53500728828702;32.7916490337142;0.6733436779987775;0.0;0.0;Dense, Faible conso, Croissance modérée
270;270;Pithiviers;1;13;27;Petite;124630;63;124693;-192;26353;26161;386070153;24024;94125;2457;63;0;4024;67.76229604053334;-0.7285698022995484;4.763961622262146;-649.1145833333334;0.00032298016055128716;19.266518569606955;75.48539212305421;1.9704393991643476;0.0505240871580602;0.0;3.227125821016416;Dense, Faible conso, Croissance modérée
271;271;Biars-sur-Cère - Saint-Céré;1;13;49;Petite;188540;6330;194870;-228;26285;26057;669570555;70494;115885;0;6254;76;2161;38.915988472641246;-0.8674148754042229;7.235675634186591;-826.9298245614035;0.0002910372903121464;36.17488582131678;59.467850361779654;0.0;3.2093190332016213;0.039000359213834865;1.1089444244881204;Peu dense, Forte conso, Croissance modérée
272;272;Pleyben - Châteaulin;1;13;18;Petite;72661;16922;89583;-658;26302;25644;531161207;16044;46023;10227;16922;0;367;48.27912818565457;-2.501710896509771;2.8334503197629073;-110.42705167173253;0.00016865501248851557;17.909648035899668;51.37470278959177;11.41622852550149;18.88974470602681;0.0;0.40967594298025295;Dense, Faible conso, Croissance modérée
273;273;Chauny;1;13;23;Petite;34258;125;34383;-892;26139;25247;191090787;8628;21922;1952;125;0;1756;132.1204459741955;-3.412525345269521;1.3569136927159662;-38.40582959641256;0.00017993018156338433;25.09379635284879;63.75825262484367;5.677224209638484;0.36355175522787425;0.0;5.107175057441178;Dense, Faible conso, Croissance modérée
274;274;Pont-à-Mousson;1;13;16;Petite;9094;626;9720;-437;26368;25931;163806118;893;8201;0;626;0;0;158.30300062418914;-1.6573118932038837;0.3506999344414022;-20.810068649885583;5.933844302445407e-05;9.187242798353909;84.3724279835391;0.0;6.440329218106997;0.0;0.0;Dense, Faible conso, Croissance modérée
275;275;Apt;1;13;18;Petite;139091;2015;141106;-1058;25772;24714;472134016;13019;116623;4739;2015;0;4710;52.34530697317941;-4.105230482694397;5.628024601440479;-131.46597353497165;0.00029886853142985573;9.226397176590648;82.64921406602129;3.3584681019942457;1.4280044789023854;0.0;3.3379161764914316;Dense, Faible conso, Croissance modérée
276;276;Gray;1;13;63;Petite;58494;1326;59820;-516;25589;25073;801618989;13611;44582;142;1326;0;159;31.277951675368804;-2.0164914611747236;2.3329477924460575;-113.36046511627907;7.462398074504695e-05;22.753259779338013;74.52691407556001;0.23737880307589435;2.2166499498495487;0.0;0.2657973921765296;Dense, Faible conso, Croissance modérée
277;277;Péronne;1;13;52;Petite;66058;69;66127;-945;25637;24692;403906842;30807;33829;0;69;0;1422;61.13290846407598;-3.686078714358154;2.675279442734489;-69.9026455026455;0.00016371844475959632;46.58762683926384;51.15762094152162;0.0;0.1043446701044959;0.0;2.150407549110046;Dense, Faible conso, Croissance modérée
278;278;Mende;1;13;31;Petite;114874;6572;121446;1226;24271;25497;1113443059;37233;61728;7225;6572;0;8688;22.899240148750167;5.051295785093321;4.505392791308782;93.69820554649266;0.00010907248378652832;30.658070253445974;50.827528284175685;5.949146122556527;5.411458590649342;0.0;7.153796749172471;Dense, Faible conso, Croissance modérée
279;279;Avallon;1;13;74;Petite;104892;3361;108253;-1610;26092;24482;1095579982;55582;29892;4575;3361;0;14843;22.346154915415386;-6.170473708416373;4.284453884486561;-65.15031055900621;9.880885173018797e-05;51.34453548631447;27.613091554044694;4.226210820947225;3.1047638402630877;0.0;13.711398298430527;Dense, Faible conso, Croissance modérée
280;280;Creutzwald;1;13;8;Petite;11215;851;12066;-456;25093;24637;65453404;27;11188;0;851;0;0;376.40517519913857;-1.817239867692185;0.45520964403133496;-24.594298245614034;0.00018434488143657127;0.22376926902038788;92.72335488148516;0.0;7.0528758494944475;0.0;0.0;Dense, Faible conso, Croissance modérée
281;281;Foix;1;13;38;Petite;45786;571;46357;-29;25006;24977;435404352;2785;43000;0;571;0;1;57.36506740290919;-0.1159721666799968;1.8331264763582495;-1578.8275862068965;0.00010646884852450901;6.007722674029812;92.75837521841362;0.0;1.2317449360398647;0.0;0.0021571715167072935;Dense, Faible conso, Croissance modérée
282;282;Lourdes;1;13;45;Petite;54379;1027;55406;-770;25571;24801;295208273;9941;42770;0;1027;0;1668;84.01187320383802;-3.011223651793047;2.1926132010806016;-70.62207792207792;0.0001876844420278154;17.942100133559542;77.19380572501173;0.0;1.8535898639136554;0.0;3.0105042775150705;Dense, Faible conso, Croissance modérée
283;283;Tergnier;1;13;14;Petite;16114;4754;20868;-284;24958;24674;102713716;16114;0;0;4754;0;0;240.22108206074444;-1.1379116916419585;0.6530761125070925;-56.73943661971831;0.00020316663453204243;77.2187080697719;0.0;0.0;22.7812919302281;0.0;0.0;Dense, Faible conso, Croissance modérée
284;284;Saint-Girons;1;13;70;Petite;51712;136;51848;335;24295;24630;997529632;19456;31335;921;136;0;0;24.690995846026155;1.3788845441448858;2.099553390174584;154.3641791044776;5.1976400837383845e-05;37.525073291158776;60.43627526616263;1.7763462428637558;0.2623051998148434;0.0;0.0;Dense, Faible conso, Croissance modérée
285;285;Saint-Jean-de-Maurienne;1;13;26;Petite;71260;13275;84535;-560;24704;24144;468545629;12975;58241;0;12728;547;44;51.52966649487194;-2.266839378238342;2.951457919151756;-127.25;0.00018041999491153081;15.34867214763116;68.89572366475424;0.0;15.056485479387236;0.6470692612527356;0.05204944697462589;Dense, Faible conso, Croissance modérée
286;286;Belley;1;13;31;Petite;83245;1875;85120;748;23810;24558;337182873;219;83026;0;1875;0;0;72.832880808866;3.141537169256615;3.389730434074436;111.29010695187166;0.0002524446133419119;0.25728383458646614;97.53994360902256;0.0;2.2027725563909772;0.0;0.0;Dense, Faible conso, Croissance modérée
287;287;Fourmies;1;13;7;Petite;29544;400;29944;-1591;25312;23721;135719145;0;29543;0;400;0;1;174.78005774351143;-6.285556257901391;1.2454786897685595;-18.569453174104336;0.0002206321002095909;0.0;98.66083355597115;0.0;1.3358268768367618;0.0;0.003339567192091905;Dense, Faible conso, Croissance modérée
288;288;La Flèche;1;13;11;Petite;150540;982;151522;-39;24018;23979;345756683;20621;124059;0;982;0;5860;69.35223866663482;-0.1623782163377467;6.277993244088577;-3860.0;0.0004382330333727779;13.60924486213223;81.8752392391864;0.0;0.6480907063000753;0.0;3.8674251923813046;Dense, Faible conso, Croissance modérée
289;289;Landivisiau;1;13;12;Petite;242511;14717;257228;279;23798;24077;234583768;82611;157287;0;14717;0;2613;102.63710999816492;1.1723674258341037;10.072309673132034;869.2150537634409;0.0010965294069281042;32.115866079897984;61.14692024196433;0.0;5.721383364174973;0.0;1.0158303139627103;Peu dense, Forte conso, Croissance modérée
290;290;Briançon;1;13;15;Petite;58027;1615;59642;-1797;24617;22820;844482986;7565;43000;2561;1615;0;4901;27.02245087031274;-7.299833448429947;2.5428133216476776;-32.29104062326099;7.062546077156847e-05;12.684014620569398;72.09684450554978;4.293953925086349;2.707823345964253;0.0;8.21736360283022;Dense, Faible conso, Croissance modérée
291;291;Lure;1;13;33;Petite;119641;1247;120888;-329;23810;23481;287738631;9651;109886;103;1247;0;1;81.60530936841776;-1.381772364552709;5.095225927345513;-363.65045592705167;0.00042013128226776056;7.98342267222553;90.89901396333798;0.08520283237376745;1.0315333200979417;0.0;0.0008272119647938589;Dense, Faible conso, Croissance modérée
292;292;Paimpol;1;13;13;Petite;62896;5038;67934;-229;23757;23528;206309239;10131;52765;0;5038;0;0;114.04239632719502;-0.9639264216862398;2.6732403944236656;-274.65502183406113;0.0003292823934075003;14.91300379780375;77.67097476962934;0.0;7.416021432566904;0.0;0.0;Dense, Faible conso, Croissance modérée
293;293;Saint-Pol-sur-Ternoise;1;13;72;Petite;72158;116;72274;-333;23497;23164;415938851;5059;61647;1371;116;0;4081;55.690878465209785;-1.4172021960250245;3.1150923847349334;-216.6906906906907;0.00017376111855441943;6.999750947782052;85.29623377701525;1.8969477267066996;0.16050031823338962;0.0;5.646567230262612;Dense, Faible conso, Croissance modérée
294;294;Chinon;1;13;20;Petite;168839;14277;183116;-5;23434;23429;370811799;13992;152904;1943;14277;0;0;63.18299488630889;-0.02133651958692498;7.206410858337957;-33767.8;0.0004938246315080173;7.64105812708884;83.50116865811835;1.0610760392319623;7.796697175560846;0.0;0.0;Peu dense, Forte conso, Croissance modérée
295;295;Saint-Marcellin;1;13;17;Petite;187788;6191;193979;-149;23518;23369;222648222;24543;154944;6663;6191;0;1638;104.95929314000989;-0.6335572752785101;8.035773888484744;-1260.3221476510066;0.0008712353427192426;12.6524005175818;79.8766876826873;3.434907902401806;3.191582593992133;0.0;0.8444213033369591;Peu dense, Forte conso, Croissance modérée
296;296;Roscoff - Saint-Pol-de-Léon;1;13;9;Petite;73639;4693;78332;32;23043;23075;156932895;9828;62815;995;4693;0;1;147.0373690614705;0.13887080675259297;3.1912892741061754;2301.21875;0.0004991432803173611;12.546596537813409;80.1907266506664;1.2702343869682888;5.991165807077567;0.0;0.0012766174743399888;Dense, Faible conso, Croissance modérée
297;297;Vittel - Contrexéville;1;13;72;Petite;87423;1234;88657;-1077;23560;22483;726529198;25056;60703;1664;1234;0;0;30.945762485377774;-4.571307300509337;3.8884045723435485;-81.17270194986072;0.00012202813079509572;28.261727782352214;68.46949479454527;1.8768963533618326;1.391881069740686;0.0;0.0;Dense, Faible conso, Croissance modérée
298;298;Porto-Vecchio;1;13;10;Petite;209160;3762;212922;279;22322;22601;724780532;28636;175723;2778;3762;0;2023;31.183232719611734;1.2498880028671266;9.254457767355428;749.6774193548387;0.000293774447021157;13.449056461990777;82.52928302383033;1.3047031307239272;1.7668441964663117;0.0;0.9501131869886625;Peu dense, Forte conso, Croissance modérée
299;299;Yvetot;1;13;15;Petite;44764;1682;46446;-450;22849;22399;123666145;2078;39520;3164;1682;0;2;181.12475326209935;-1.9694516171386056;1.998482075092638;-99.47555555555556;0.0003755757082910606;4.4740128321061015;85.08805925160401;6.812212031175989;3.6214098092408387;0.0;0.004306075873056883;Dense, Faible conso, Croissance modérée
300;300;Saint-Amand-Montrond;1;13;36;Petite;157238;593;157831;-1099;23874;22775;718111070;73416;81294;2480;593;0;48;31.71514957985538;-4.603334171064756;6.90397365532382;-143.073703366697;0.0002197863347239585;46.51557678783002;51.506991655631666;1.5713009484828708;0.3757183316332026;0.0;0.030412276422249116;Dense, Faible conso, Croissance modérée
301;301;Le Luc;1;13;5;Petite;83290;4635;87925;723;22235;22958;225359754;8785;74505;0;4635;0;0;101.8726706632809;3.2516303125702724;3.6279292621308477;115.20055325034578;0.00039015395801328395;9.991470002843332;84.73699175433607;0.0;5.2715382428205855;0.0;0.0;Dense, Faible conso, Croissance modérée
302;302;Capbreton;1;13;6;Petite;105947;8033;113980;1908;21941;23849;105626164;5159;100787;0;8033;0;1;225.78686091449842;8.696048493687616;4.442408486729003;55.52777777777778;0.0010790887000307991;4.526232672398667;88.42516230917705;0.0;7.04772767152132;0.0;0.0008773469029654326;Dense, Faible conso, Croissance modérée
303;303;Somain;1;13;5;Petite;14397;916;15313;-1183;23247;22064;39599444;87;14310;0;916;0;0;557.1795401975846;-5.088828666064439;0.6525108774474256;-12.169907016060861;0.00038669734857893457;0.5681447136420035;93.4500097955985;0.0;5.981845490759485;0.0;0.0;Dense, Faible conso, Croissance modérée
304;304;L'Isle-sur-la-Sorgue;1;13;4;Petite;28591;281;28872;738;22428;23166;89612223;0;28591;0;281;0;0;258.5138413539858;3.2905296950240768;1.2341794008460676;38.74119241192412;0.00032218819077839417;0.0;99.0267387087836;0.0;0.9732612912164035;0.0;0.0;Dense, Faible conso, Croissance modérée
305;305;Carhaix-Plouguer;1;13;18;Petite;128733;1517;130250;-698;22946;22248;571695909;24682;104051;0;1517;0;0;38.915793605932556;-3.041924518434586;5.786272923408846;-184.43123209169053;0.00022783091141553017;18.949712092130518;79.8856046065259;0.0;1.16468330134357;0.0;0.0;Dense, Faible conso, Croissance modérée
306;306;Gaillac;1;13;14;Petite;235052;4932;239984;526;22106;22632;286661952;179100;54413;1539;4932;0;0;78.95013566362654;2.379444494707319;10.38582537999293;446.86692015209127;0.0008371672568531173;74.62997533168878;22.67359490632709;0.6412927528501899;2.0551370091339423;0.0;0.0;Peu dense, Forte conso, Croissance modérée
307;307;Neufchâteau;1;13;72;Petite;120361;5946;126307;-306;22610;22304;837990427;6188;89590;2490;5946;0;22093;26.616055841888514;-1.3533834586466165;5.396386298421808;-393.33660130718954;0.00015072606551387252;4.89917423420713;70.93035223700983;1.971387175690975;4.707577568939172;0.0;17.4915087841529;Dense, Faible conso, Croissance modérée
308;308;Hirson;1;13;26;Petite;18927;3798;22725;-1195;22586;21391;360104715;515;18412;0;3798;0;0;59.40216583945589;-5.2908881608075795;0.884811369267449;-15.838493723849373;6.310664385496869e-05;2.2662266226622663;81.02090209020902;0.0;16.712871287128714;0.0;0.0;Dense, Faible conso, Croissance modérée
309;309;Ussel;1;13;38;Petite;212561;1618;214179;-652;21838;21186;909860717;103512;96609;4213;1618;0;8227;23.284882624512736;-2.9856213939005403;10.033087888228074;-326.0138036809816;0.00023539756799941062;48.32966817475103;45.10666311823288;1.967046255702006;0.7554428772195221;0.0;3.8411795740945656;Peu dense, Forte conso, Croissance modérée
310;310;Orthez;1;13;26;Petite;116071;2067;118138;-228;21714;21486;302942650;40308;75763;0;2067;0;0;70.92431521279687;-1.0500138159712629;5.402168854137578;-509.0833333333333;0.0003899682002517638;34.11941966175151;64.13093162233997;0.0;1.749648715908514;0.0;0.0;Dense, Faible conso, Croissance modérée
311;311;Luçon;1;13;13;Petite;117917;3098;121015;186;21295;21481;279358134;54569;63348;0;3098;0;0;76.89412759322053;0.8734444705329889;5.489362692612076;633.9623655913979;0.0004331894628133505;45.09275709622774;52.34722968227079;0.0;2.5600132215014666;0.0;0.0;Dense, Faible conso, Croissance modérée
312;312;Lannemezan;1;13;65;Petite;119626;1725;121351;-201;21571;21370;508750409;18578;75893;0;1725;0;25155;42.004880235880066;-0.9318065921839506;5.597847449695835;-595.1542288557214;0.0002385275723680057;15.309309358802153;62.54006971512389;0.0;1.4214963205906832;0.0;20.729124605483268;Dense, Faible conso, Croissance modérée
313;313;Morteau;1;13;21;Petite;53602;3090;56692;879;20848;21727;264054208;11370;42210;22;3090;0;0;82.28234711563468;4.216231772831926;2.467068624292355;60.9806598407281;0.00021469833951671014;20.05573978691879;74.454949551965;0.03880618076624568;5.450504480349961;0.0;0.0;Dense, Faible conso, Croissance modérée
314;314;Bédarieux;1;13;26;Petite;73785;564;74349;-554;21735;21181;443428601;23298;24786;25701;564;0;0;47.76642722691674;-2.548884288014723;3.4835465747603984;-133.18592057761734;0.00016766848108654137;31.33599644917887;33.337368357341724;34.568050679901546;0.7585845135778557;0.0;0.0;Dense, Faible conso, Croissance modérée
315;315;Saint-Jean-d'Angély;1;13;37;Petite;183520;837;184357;-564;21319;20755;425254429;0;100576;0;837;0;82944;48.806076044419044;-2.645527463764717;8.842206697181402;-325.3900709219858;0.00043352164593211094;0.0;54.5550209647586;0.0;0.45401042542458386;0.0;44.990968609816825;Peu dense, Forte conso, Croissance modérée
316;316;Le Grau-du-Roi;1;13;3;Petite;13624;0;13624;359;20237;20596;204711522;13624;0;0;0;0;0;100.60987187619072;1.773978356475762;0.661487667508254;37.949860724233986;6.655218947568569e-05;100.0;0.0;0.0;0.0;0.0;0.0;Dense, Faible conso, Croissance modérée
317;317;Amnéville - Rombas;1;13;2;Petite;19235;311;19546;65;20467;20532;21882463;17486;1749;0;311;0;0;938.2856034076236;0.31758440416279865;0.936830313656731;295.9230769230769;0.0008932266902496305;89.46075923462601;8.94812237798015;0.0;1.5911183873938404;0.0;0.0;Dense, Faible conso, Croissance modérée
318;318;Issoudun;1;13;20;Petite;76366;1689;78055;-1285;20770;19485;507206473;32807;23389;0;1689;0;20170;38.41630782973071;-6.1868078960038515;3.9192199127534;-59.42879377431907;0.0001538919634410896;42.03061943501377;29.96476843251553;0.0;2.16385881750048;0.0;25.84075331497021;Dense, Faible conso, Croissance modérée
319;319;Saint-Claude;1;13;18;Petite;36354;690;37044;-1823;21199;19376;310615624;9140;27214;0;690;0;0;62.37934766604013;-8.599462238784849;1.8762386457473164;-19.941854086670325;0.00011925993780660564;24.673361408055285;73.46398877011123;0.0;1.8626498218334953;0.0;0.0;Dense, Faible conso, Croissance modérée
320;320;Feurs;1;13;16;Petite;277142;49210;326352;776;19623;20399;227968638;175031;100391;1719;49210;0;1;89.48160667609024;3.954543138154207;13.586058140104907;357.1417525773196;0.0014315653366319624;53.632580771682115;30.761570328969945;0.5267318723341667;15.078810609403343;0.0;0.0003064176104329068;Peu dense, Forte conso, Croissance modérée
321;321;Évron;1;12;18;Petite;21486;468;21954;-247;19849;19602;500878227;865;20621;0;468;0;0;39.13526071477649;-1.2443951836364553;1.0961126415671871;-86.98785425101215;4.383101284216932e-05;3.9400564817345356;93.92821353739637;0.0;2.13172998086909;0.0;0.0;Dense, Faible conso, Croissance modérée
322;322;Freyming-Merlebach (partie française);1;12;3;Petite;9411;206;9617;-959;20752;19793;26077812;4236;5174;0;206;0;1;758.9977257294438;-4.621241326137239;0.47547112615571163;-9.813347236704901;0.0003687809391370718;44.04700010398253;53.80056150566704;0.0;2.1420401372569406;0.0;0.010398253093480296;Dense, Faible conso, Croissance modérée
323;323;Saint-Flour;1;12;36;Petite;148230;2933;151163;-85;19905;19820;957297473;79088;68977;0;2933;0;165;20.704118164949968;-0.42702838482793265;7.478809283551968;-1743.8823529411766;0.00015790598456954247;52.31968140351806;45.630875280326535;0.0;1.9402896211374476;0.0;0.10915369501796074;Peu dense, Forte conso, Croissance modérée
324;324;Brioude;1;12;39;Petite;91084;200;91284;-207;19677;19470;616694881;3895;87189;0;200;0;0;31.571528481683636;-1.05198963256594;4.678171545968156;-440.0193236714976;0.00014802133569193678;4.266903290828623;95.51400026291573;0.0;0.21909644625564173;0.0;0.0;Dense, Faible conso, Croissance modérée
325;325;Uzès;1;12;18;Petite;261233;16493;277726;8;19646;19654;246296511;25642;233312;2279;16493;0;0;79.79812592635548;0.04072075740608776;13.291594586343747;;0.0011276083403390152;9.232841001562692;84.00797908730188;0.8205929585274696;5.938586952607966;0.0;0.0;Peu dense, Forte conso, Croissance modérée
326;326;Joigny;1;12;14;Petite;26880;0;26880;-691;19826;19135;271158055;14455;12425;0;0;0;0;70.56769897541861;-3.485322304045193;1.4047556833028483;-38.90014471780029;9.913037619332386e-05;53.776041666666664;46.22395833333333;0.0;0.0;0.0;0.0;Dense, Faible conso, Croissance modérée
327;327;Limoux;1;12;39;Petite;92718;13111;105829;-26;19345;19319;400750998;2983;87057;2678;13111;0;0;48.206991614279154;-0.13440165417420522;4.799316734820643;-3566.076923076923;0.000264076697321163;2.818698088425668;82.26195088302828;2.5304973117009513;12.3888537168451;0.0;0.0;Dense, Faible conso, Croissance modérée
328;328;Loches;1;12;23;Petite;108575;1917;110492;-851;19358;18507;590805183;17012;90805;221;1917;0;537;31.325046787885064;-4.396115301167476;5.86669908683201;-127.58519388954171;0.00018701934779742784;15.396589798356441;82.18242044672918;0.20001448068638455;1.7349672374470548;0.0;0.4860080367809434;Dense, Faible conso, Croissance modérée
329;329;Moissac;1;12;7;Petite;14756;268;15024;1416;18064;19480;227326085;0;14482;273;268;0;1;85.69188177414836;7.838795394154118;0.7574948665297742;10.42090395480226;6.609008376667376e-05;0.0;96.39243876464325;1.8170926517571886;1.7838125665601705;0.0;0.006656017039403621;Dense, Faible conso, Croissance modérée
330;330;Decazeville;1;12;12;Petite;29669;0;29669;-1108;19308;18200;184452085;17474;10979;473;0;0;743;98.67061139482375;-5.738553967267454;1.6301648351648352;-26.77707581227437;0.00016084936096005638;58.89649128720214;37.0049546664869;1.594256631500893;0.0;0.0;2.504297414810071;Dense, Faible conso, Croissance modérée
331;331;Ambert;1;12;29;Petite;104719;1916;106635;-341;18539;18198;612307996;8965;88333;0;1916;0;7421;29.720337018104203;-1.8393656615782943;5.7544235630289045;-307.09384164222877;0.00017415255181478962;8.4071833825667;82.83677966896423;0.0;1.7967834200778359;0.0;6.959253528391242;Dense, Faible conso, Croissance modérée
332;332;Mauges-sur-Loire;1;12;1;Petite;134256;8951;143207;-203;18286;18083;194094477;9835;121153;1924;8951;0;1344;93.16596885958789;-1.1101389040796237;7.424431786761046;-661.35960591133;0.0007378210972999505;6.867681049110728;84.59991480863366;1.3435097446353879;6.250392788062036;0.0;0.9385016095581921;Peu dense, Forte conso, Croissance modérée
333;333;Louhans;1;12;15;Petite;67845;314;68159;-175;18181;18006;249435435;0;67845;0;314;0;0;72.1870170531304;-0.9625433144491501;3.7679106964345217;-387.6857142857143;0.00027325307649252;0.0;99.53931248991329;0.0;0.46068751008670905;0.0;0.0;Dense, Faible conso, Croissance modérée
334;334;Valréas;1;12;12;Petite;27379;55;27434;-365;18210;17845;235056671;7266;18802;0;55;0;1311;75.91786237796246;-2.0043931905546404;1.5342673017652004;-75.01095890410959;0.00011671227999310855;26.485383101261206;68.53539403659693;0.0;0.20048115477145148;0.0;4.778741707370416;Dense, Faible conso, Croissance modérée
335;335;Tournon-sur-Rhône;1;12;9;Petite;51310;1037;52347;466;17894;18360;117745050;2561;46193;2489;1037;0;67;155.93012190321375;2.604224879847994;2.7946623093681917;110.10729613733906;0.00044457919887078053;4.8923529524137015;88.2438344126693;4.754809253634401;1.9810113282518578;0.0;0.12799205303073719;Dense, Faible conso, Croissance modérée
336;336;Paray-le-Monial;1;12;19;Petite;147009;871;147880;82;17696;17778;362986667;18772;126924;79;871;0;1234;48.9770055383329;0.46338155515370705;8.26915288558893;1792.7926829268292;0.00040739788384568955;12.694076278063292;85.82905058155261;0.05342169326480931;0.588991073843657;0.0;0.8344603732756288;Peu dense, Forte conso, Croissance modérée
337;337;Chantonnay;1;12;10;Petite;103138;1130;104268;366;17287;17653;250414756;46741;56396;0;1130;0;1;70.49504702510421;2.117197894371493;5.84251968503937;281.7978142076503;0.0004163812135735324;44.82775156327924;54.087543637549395;0.0;1.083745732151763;0.0;0.00095906701960333;Dense, Faible conso, Croissance modérée
338;338;Champagnole;1;12;43;Petite;74751;9766;84517;27;17481;17508;386608404;14455;54275;2656;9766;0;3365;45.28613402827115;0.15445340655568904;4.269533927347498;2768.5555555555557;0.00021861138848911312;17.103068021818096;64.21784966338133;3.1425630346557494;11.555071760710863;0.0;3.98144751943396;Dense, Faible conso, Croissance modérée
339;339;Revel;1;12;16;Petite;64826;2211;67037;412;17137;17549;217727424;2216;61687;923;2211;0;0;80.60077907319567;2.4041547528738985;3.693999658100177;157.34466019417476;0.00030789414933784365;3.305637185434909;92.01933260736608;1.3768515894207678;3.298178617778242;0.0;0.0;Dense, Faible conso, Croissance modérée
340;340;Lavelanet;1;12;28;Petite;19759;189;19948;-373;17541;17168;333810619;0;18759;1000;189;0;0;51.430359080338306;-2.12644661079756;1.1509203168685926;-52.97319034852547;5.9758434467298956e-05;0.0;94.03950270703831;5.013033888109083;0.9474634048526168;0.0;0.0;Dense, Faible conso, Croissance modérée
341;341;Bollène;1;12;2;Petite;59942;1229;61171;108;17430;17538;94866320;2640;56132;1170;1229;0;0;184.87066853652593;0.6196213425129088;3.4178355570760632;555.0185185185185;0.0006448126163215776;4.315770544866031;91.76243644864397;1.9126710369292639;2.0091219695607396;0.0;0.0;Dense, Faible conso, Croissance modérée
342;342;Crest;1;12;17;Petite;85131;1009;86140;1261;16648;17909;297152076;5909;77629;1495;1009;0;98;60.268803237302635;7.574483421432005;4.753531743815959;67.5107057890563;0.0002898852370797504;6.85976317622475;90.11957278848386;1.7355467843046206;1.1713489667982353;0.0;0.11376828418853029;Dense, Faible conso, Croissance modérée
343;343;Sisteron;1;12;21;Petite;75379;635;76014;436;16889;17325;572285303;15122;57237;3020;635;0;0;30.27336174663217;2.5815619634081353;4.350880230880231;172.88761467889907;0.00013282535756470404;19.893703791406846;75.2979714263162;3.9729523508827325;0.8353724313942169;0.0;0.0;Dense, Faible conso, Croissance modérée
344;344;Bourg-Saint-Maurice;1;12;9;Petite;69708;14529;84237;-126;17269;17143;589557127;26507;27054;11363;13874;655;4784;29.077758905626798;-0.7296311309282529;4.066266114449046;-553.2380952380952;0.00014288182797254185;31.467170008428603;32.11652836639482;13.489321794460865;16.470197181760984;0.7775680520436388;5.679214596911096;Dense, Faible conso, Croissance modérée
345;345;Pézenas;1;12;8;Petite;62593;2295;64888;-107;16723;16616;108389593;17238;45354;0;2295;0;1;153.29885037948245;-0.6398373497578186;3.7670317766008665;-584.981308411215;0.0005986552601964287;26.565774873628406;69.89582049069165;0.0;3.5368635186783384;0.0;0.0015411170016027616;Dense, Faible conso, Croissance modérée
346;346;Verneuil d'Avre et d'Iton;1;12;24;Petite;17188;0;17188;-795;16592;15797;390652833;0;17188;0;0;0;0;40.437438732205486;-4.791465766634523;1.088054693929227;-21.620125786163523;4.399814502305171e-05;0.0;100.0;0.0;0.0;0.0;0.0;Dense, Faible conso, Croissance modérée
347;347;Loudun;1;12;25;Petite;80899;1755;82654;9;16779;16788;438252055;5230;67255;0;1755;0;8414;38.30672282871554;0.05363847666726265;4.818858708601382;;0.00018859922972865468;6.327582452149927;81.36932271880369;0.0;2.1233092167348224;0.0;10.179785612311564;Dense, Faible conso, Croissance modérée
348;348;Le Blanc;1;12;23;Petite;46643;64;46707;-796;17196;16400;702961227;3046;42673;0;64;0;924;23.32987847706713;-4.628983484531286;2.8440853658536587;-58.596733668341706;6.644320939197404e-05;6.52150641231507;91.36317896675017;0.0;0.1370244288864624;0.0;1.9782901920483011;Dense, Faible conso, Croissance modérée
349;349;Sainte-Maxime;1;12;2;Petite;29365;110;29475;1112;16684;17796;120322606;0;28317;1048;110;0;0;147.90238170207186;6.665068328937905;1.6500899078444595;26.407374100719423;0.00024496643631538367;0.0;96.07124681933841;3.5555555555555554;0.37319762510602206;0.0;0.0;Dense, Faible conso, Croissance modérée
350;350;Gérardmer;1;12;13;Petite;70102;1575;71677;-700;17098;16398;269387560;4908;65130;64;1575;0;0;60.87140772201953;-4.094046087261668;4.275033540675692;-100.14571428571429;0.00026607390482322196;6.847384795680622;90.86596816273003;0.08928945128841888;2.1973575903009332;0.0;0.0;Dense, Faible conso, Croissance modérée
351;351;La Ferté Macé;1;12;17;Petite;134583;4678;139261;-803;17232;16429;289896897;3032;131550;0;4678;0;1;56.67187255198526;-4.659935004642525;8.191794996652261;-167.6002490660025;0.00048038113357246455;2.177206827467848;94.46291495824387;0.0;3.3591601381578475;0.0;0.0007180761304313483;Peu dense, Forte conso, Croissance modérée
352;352;Honfleur;1;12;11;Petite;370080;399;370479;-201;16271;16070;90437941;33952;334263;1865;399;0;0;177.69090961502542;-1.235326654784586;;-1841.1940298507463;;9.164352095530381;90.22454714032374;0.503402352090132;0.10769841205574406;0.0;0.0;
353;353;Crozon;1;12;7;Petite;57406;93;57499;-692;16752;16060;195831243;169;56837;400;93;0;0;82.00938600997391;-4.130850047755492;3.5744707347447076;-82.95664739884393;0.0002936150489531438;0.2939181550983495;98.84867562914138;0.695664272422129;0.161741943338145;0.0;0.0;Dense, Faible conso, Croissance modérée
354;354;Jonzac;1;12;35;Petite;50343;96;50439;4;16289;16293;351212193;8367;41976;0;96;0;0;46.39075842107793;0.024556449137454726;3.0898545387589764;;0.00014361403449338674;16.588354249687743;83.22131683816094;0.0;0.1903289121513115;0.0;0.0;Dense, Faible conso, Croissance modérée
355;355;Lesparre-Médoc;1;12;12;Petite;75714;35;75749;581;15677;16258;396025108;5295;66949;3470;35;0;0;41.05295263248814;3.7060662116476366;4.65703038504121;130.31669535283993;0.0001912732260400015;6.990191289653989;88.38268491993294;4.58091855998099;0.046205230432084916;0.0;0.0;Dense, Faible conso, Croissance modérée
356;356;Castelsarrasin;1;12;6;Petite;23425;345;23770;396;15837;16233;123386223;2493;20932;0;345;0;0;131.56250029632562;2.500473574540633;1.4430481118708802;59.1540404040404;0.00019264711587775889;10.488010096760622;88.0605805637358;0.0;1.4514093395035759;0.0;0.0;Dense, Faible conso, Croissance modérée
357;357;Belleville-en-Beaujolais;1;12;4;Petite;16574;719;17293;1017;15392;16409;50206403;2432;14142;0;719;0;0;326.8308227538228;6.607328482328483;1.010055457370955;16.296951819075712;0.00034443813869716977;14.0634938992656;81.77875440929856;0.0;4.157751691435841;0.0;0.0;Dense, Faible conso, Croissance modérée
358;358;Carentan-les-Marais;1;12;13;Petite;128712;8365;137077;202;15970;16172;300495342;11958;76124;14984;8365;0;25646;53.81780593457585;1.2648716343143396;7.958941380163245;637.1881188118812;0.00045617013258062415;8.723564128190725;55.533751103394444;10.931082530256717;6.10240959460741;0.0;18.709192643550704;Peu dense, Forte conso, Croissance modérée
359;359;Vaison-la-Romaine;1;12;14;Petite;89883;13399;103282;-410;15990;15580;211553538;11647;73774;4462;13399;0;0;73.6456603245274;-2.564102564102564;5.769127086007702;-219.22682926829268;0.00048820738701141456;11.276892391704266;71.42967796905559;4.320210685308186;12.973218953931953;0.0;0.0;Dense, Faible conso, Croissance modérée
360;360;Pineuilh;1;12;16;Petite;51246;31;51277;211;15630;15841;169698412;0;51246;0;31;0;0;93.34795660904594;1.3499680102367244;3.2350230414746544;242.87203791469193;0.0003021654675236442;0.0;99.93954404508844;0.0;0.06045595491155879;0.0;0.0;Dense, Faible conso, Croissance modérée
361;361;Nérac;1;12;17;Petite;67726;254;67980;-302;15735;15433;423130556;3507;61337;2664;254;0;218;36.47337631650502;-1.9192882109945981;4.388388518110542;-224.25827814569536;0.00016065963338275196;5.158870255957634;90.22800823771698;3.918799646954987;0.37363930567814063;0.0;0.32068255369226245;Dense, Faible conso, Croissance modérée
362;362;Doué-en-Anjou;1;12;7;Petite;48615;0;48615;110;15543;15653;258740234;39354;9261;0;0;0;0;60.49696932715923;0.7077140835102618;3.105794416405801;441.95454545454544;0.0001878911495457641;80.95032397408207;19.04967602591793;0.0;0.0;0.0;0.0;Dense, Faible conso, Croissance modérée
363;363;Prades;1;12;26;Petite;110415;4482;114897;479;14922;15401;439852462;39005;70071;1339;4482;0;0;35.01401340343072;3.2100254657552605;7.169339653269268;230.51148225469728;0.0002612171351220037;33.947796722281694;60.98592652549675;1.1653916116173617;3.9008851406041933;0.0;0.0;Peu dense, Forte conso, Croissance modérée
364;364;La Tour-du-Pin;1;12;4;Petite;24859;1054;25913;627;14996;15623;37750836;155;24704;0;1054;0;0;413.84513974736876;4.181114963990398;1.5911796709978878;39.6475279106858;0.0006864218848027631;0.5981553660324933;95.33438814494654;0.0;4.067456489020955;0.0;0.0;Dense, Faible conso, Croissance modérée
365;365;Châtillon-sur-Seine;1;12;60;Petite;27572;0;27572;-685;15696;15011;1025870945;23905;3667;0;0;0;0;14.63244482472403;-4.364169215086646;1.836786356671774;-40.25109489051095;2.6876675018805607e-05;86.7002756419556;13.299724358044394;0.0;0.0;0.0;0.0;Dense, Faible conso, Croissance modérée
366;366;Tonneins;1;12;11;Petite;40489;910;41399;86;15271;15357;180194114;5677;34812;0;910;0;0;85.22475933925344;0.5631589286883636;2.6365175490004558;470.80232558139534;0.00022974668306868226;13.712891615739512;84.08898765670668;0.0;2.1981207275538055;0.0;0.0;Dense, Faible conso, Croissance modérée
367;367;Graulhet;1;12;7;Petite;31763;181;31944;922;14665;15587;136936585;1457;30306;0;181;0;0;113.82641096241738;6.28707807705421;2.037787900173221;34.450108459869845;0.00023327586269220895;4.561106937139995;94.87227648384673;0.0;0.5666165790132732;0.0;0.0;Dense, Faible conso, Croissance modérée
368;368;Wissembourg (partie française);1;12;11;Petite;24110;4754;28864;-456;15389;14933;135071899;1464;20966;1680;4754;0;0;110.55593436203928;-2.963155500682306;1.6145449675215964;-52.87280701754386;0.0002136935973632828;5.072062084257206;72.63719512195121;5.82039911308204;16.470343680709533;0.0;0.0;Dense, Faible conso, Croissance modérée
369;369;Surgères;1;12;9;Petite;30490;207;30697;221;14915;15136;209843777;14753;13052;2126;207;0;559;72.12984924494569;1.4817298022125378;2.0144027484143763;137.96380090497738;0.00014628501468499588;48.06007101671173;42.518812913314;6.925758217415383;0.6743329967097762;0.0;1.8210248558491058;Dense, Faible conso, Croissance modérée
370;370;Decize;1;12;13;Petite;73993;367;74360;-996;15317;14321;353262831;645;73348;0;367;0;0;40.53922106512247;-6.502578833975321;5.166748132113679;-74.29016064257029;0.0002104948312549757;0.8674018289402905;98.63905325443787;0.0;0.49354491662183975;0.0;0.0;Dense, Faible conso, Croissance modérée
371;371;Bormes-les-Mimosas;1;12;3;Petite;190656;1143;191799;984;13804;14788;134157382;34627;153755;2274;1143;0;0;110.22874611551379;7.128368588814836;12.89261563429808;193.7560975609756;0.0014296566997707215;18.053795900917105;80.16465153624367;1.1856161919509487;0.5959363708882737;0.0;0.0;Peu dense, Forte conso, Croissance modérée
372;372;Commercy;1;12;19;Petite;4427;1;4428;-818;15076;14258;309535860;0;4427;0;1;0;0;46.06251437232507;-5.425842398514194;0.3104923551690279;-5.4119804400978;1.4305289215924772e-05;0.0;99.97741644083108;0.0;0.022583559168925023;0.0;0.0;Dense, Faible conso, Croissance modérée
373;373;Barbezieux-Saint-Hilaire;1;12;25;Petite;192801;1582;194383;-156;14744;14588;373917859;38654;118714;19595;1582;0;15838;39.0139161553126;-1.0580575149213238;13.216410748560461;-1235.9038461538462;0.0005198548165628003;19.88548381288487;61.07221310505548;10.08061404546694;0.8138571788685224;0.0;8.147831857724183;Peu dense, Forte conso, Croissance modérée
374;374;Tarare;1;12;6;Petite;41020;772;41792;-134;14821;14687;108840622;7595;33425;0;772;0;0;134.94042692993798;-0.9041225288442076;2.7929461428474163;-306.1194029850746;0.0003839742848952113;18.17333460949464;79.97942189892802;0.0;1.8472434915773353;0.0;0.0;Dense, Faible conso, Croissance modérée
375;375;Saint-Vallier;1;12;9;Petite;56440;1235;57675;431;14380;14811;92193005;19056;37384;0;1235;0;0;160.65210153416737;2.9972183588317107;3.810681250421984;130.95127610208817;0.000625589761392418;33.04031209362809;64.81837884698743;0.0;2.141309059384482;0.0;0.0;Dense, Faible conso, Croissance modérée
376;376;Pont-Saint-Esprit;1;12;5;Petite;54887;3528;58415;592;14158;14750;79944654;26794;28093;0;3528;0;0;184.502643541368;4.181381551066535;3.7211525423728813;92.71452702702703;0.0007306930116928144;45.86835573054866;48.09209963194385;0.0;6.03954463750749;0.0;0.0;Dense, Faible conso, Croissance modérée
377;377;Montpon-Ménestérol;1;12;13;Petite;140352;405;140757;448;14229;14677;326253038;29;133679;6644;405;0;0;44.98655427079885;3.1484995431864506;9.562717176534715;313.2857142857143;0.0004314350629893598;0.0206028829827291;94.97147566373253;4.720191535767315;0.28772991751742366;0.0;0.0;Peu dense, Forte conso, Croissance modérée
378;378;Hesdin;1;12;28;Petite;40788;511;41299;-348;14477;14129;171544381;9631;31157;0;511;0;0;82.36352550655683;-2.403812944670857;2.8868285087408876;-117.20689655172414;0.00024074819448618372;23.320177244001066;75.4425046611298;0.0;1.2373180948691251;0.0;0.0;Dense, Faible conso, Croissance modérée
379;379;Maîche;1;12;23;Petite;19857;1467;21324;288;14076;14364;209170621;3039;16785;0;1467;0;33;68.67121171859024;2.0460358056265986;1.3824143692564745;68.94791666666667;0.0001019454830609314;14.251547552054022;78.71412492965672;0.0;6.8795723128868875;0.0;0.15475520540236354;Dense, Faible conso, Croissance modérée
380;380;Avesnes-sur-Helpe;1;12;14;Petite;26691;0;26691;-866;14480;13614;155711904;1047;24230;1414;0;0;0;87.43069508674172;-5.980662983425415;1.9605553107095637;-30.821016166281755;0.00017141271357134006;3.922670563111161;90.77966355700423;5.2976658798846055;0.0;0.0;0.0;Dense, Faible conso, Croissance modérée
381;381;Montval-sur-Loir;1;12;12;Petite;39813;165;39978;-679;14495;13816;268869056;47;39766;0;165;0;0;51.385608316339685;-4.6843739220420835;2.881658946149392;-58.63475699558174;0.0001486894795360906;0.11756466056330982;99.46970833958677;0.0;0.4127269998499174;0.0;0.0;Dense, Faible conso, Croissance modérée
382;382;Montmorillon;1;12;18;Petite;77043;21;77064;-446;14450;14004;732444974;3634;50930;0;21;0;22479;19.11952501158128;-3.0865051903114185;5.501499571550985;-172.7421524663677;0.00010521472975524848;4.7155610920793105;66.08792691788643;0.0;0.027250077857365305;0.0;29.169261912176893;Dense, Faible conso, Croissance modérée
383;383;Clamecy;1;12;45;Petite;14079;0;14079;-1039;14620;13581;634809841;0;14079;0;0;0;0;21.393808228628263;-7.106703146374829;1.0366688756350784;-13.550529355149182;2.2178295121924552e-05;0.0;100.0;0.0;0.0;0.0;0.0;Dense, Faible conso, Croissance modérée
384;384;Saint-Gervais-les-Bains;1;12;7;Petite;105494;12206;117700;-324;14369;14045;219852932;11433;90539;3522;12206;0;0;63.8836147065803;-2.2548542000139187;7.5111427554289785;-325.5987654320988;0.0005353578818771451;9.713678844519965;76.92353440951571;2.9923534409515717;10.370433305012744;0.0;0.0;Peu dense, Forte conso, Croissance modérée
385;385;Fumel;1;12;10;Petite;34163;11;34174;-505;14348;13843;164796855;3466;30697;0;11;0;0;84.00038944917972;-3.5196543072205184;2.467889908256881;-67.64950495049504;0.0002073704622579114;10.142213378591912;89.82559840814655;0.0;0.03218821326154386;0.0;0.0;Dense, Faible conso, Croissance modérée
386;386;Ruffec;1;12;30;Petite;100992;1040;102032;-375;14165;13790;388871329;7616;85864;0;1040;0;7512;35.46160123314208;-2.647370278856336;7.32356780275562;-269.312;0.000262379847499634;7.4643249176728865;84.15399090481418;0.0;1.0192880664889448;0.0;7.362396111023993;Peu dense, Forte conso, Croissance modérée
387;387;Essarts-en-Bocage;1;12;6;Petite;64547;11298;75845;1012;13482;14494;203260079;43692;20855;0;11298;0;0;71.30765702398453;7.506304702566386;4.4533600110390505;63.78162055335969;0.0003731426277759146;57.60696156635243;27.496868613619885;0.0;14.896169820027689;0.0;0.0;Dense, Faible conso, Croissance modérée
388;388;Saint-Yrieix-la-Perche;1;12;11;Petite;258634;530;259164;-266;14083;13817;463037818;83274;171744;0;530;0;3616;29.83989528043258;-1.8888021018248953;18.718535137873634;-972.3082706766917;0.0005597037432480299;32.131777561698385;66.26846321248323;0.0;0.20450371193529968;0.0;1.395255513883101;Peu dense, Forte conso, Croissance modérée
389;389;Bar-sur-Aube;1;12;43;Petite;15921;0;15921;-1021;14160;13139;515995991;11745;3439;0;0;0;737;25.463376129214925;-7.210451977401131;1.211736052972068;-15.593535749265426;3.0854890886158064e-05;73.77049180327869;21.600401984799948;0.0;0.0;0.0;4.6291062119213615;Dense, Faible conso, Croissance modérée
390;390;Yssingeaux;1;12;9;Petite;211223;1334;212557;531;13503;14034;254037366;3766;188467;7490;1334;0;11500;55.24384156935402;3.9324594534547876;15.050805187402023;397.7834274952919;0.0008367154932633021;1.7717600455407256;88.66656943784491;3.5237606853691013;0.6275963623875008;0.0;5.410313468857765;Peu dense, Forte conso, Croissance modérée
391;391;Blaye;1;12;13;Petite;8723;117;8840;494;13519;14013;139452490;0;8723;0;117;0;0;100.48583571365415;3.6541164287299357;0.6224933989866552;17.657894736842106;6.339076484041267e-05;0.0;98.6764705882353;0.0;1.3235294117647058;0.0;0.0;Dense, Faible conso, Croissance modérée
392;392;Semur-en-Auxois;1;12;54;Petite;81379;0;81379;-169;13735;13566;543622094;3247;54025;3582;0;0;20525;24.954835628884506;-1.2304331998543865;5.998746867167919;-481.5325443786982;0.0001496977420494613;3.9899728431167745;66.38690571277603;4.401626955357033;0.0;0.0;25.221494488750167;Dense, Faible conso, Croissance modérée
393;393;Saint-Chély-d'Apcher;1;12;22;Petite;135295;2374;137669;-44;13765;13721;628709294;82952;41746;464;2374;0;10133;21.824076931810076;-0.31965128950236105;9.860432913052984;-3074.8863636363635;0.00021897083646420535;60.254668807066224;30.323456987411834;0.337040292295288;1.7244259782521847;0.0;7.360407934974468;Peu dense, Forte conso, Croissance modérée
394;394;Auray;1;12;1;Petite;0;0;0;758;13397;14155;7200021;0;0;0;0;0;0;1965.9664881532985;5.6579831305516155;0.0;0.0;0.0;;;;;;;Dense, Faible conso, Croissance modérée
395;395;Dives-sur-Mer;1;12;12;Petite;39278;1175;40453;-801;13895;13094;86053903;8460;30818;0;1175;0;0;152.1604429725866;-5.764663548038863;2.9996945165724758;-49.03620474406991;0.0004700890789346301;20.913158480211607;76.18223617531457;0.0;2.904605344473834;0.0;0.0;Dense, Faible conso, Croissance modérée
396;396;Valence;1;12;16;Petite;18838;811;19649;163;13450;13613;169188573;2000;16838;0;811;0;0;80.46051668040253;1.211895910780669;1.3838242856093441;115.57055214723927;0.00011613668495212144;10.17863504504046;85.69392844419563;0.0;4.127436510763906;0.0;0.0;Dense, Faible conso, Croissance modérée
397;397;Sézanne;1;12;37;Petite;25279;0;25279;-445;13720;13275;498926620;2379;10236;0;0;0;12664;26.60711909899696;-3.2434402332361514;1.904256120527307;-56.806741573033705;5.0666769393863974e-05;9.410973535345542;40.49210807389533;0.0;0.0;0.0;50.09691839075913;Dense, Faible conso, Croissance modérée
398;398;Bagnères-de-Bigorre;1;12;21;Petite;32056;1703;33759;-608;13809;13201;362524280;3286;17273;11477;1703;0;20;36.414112731980325;-4.402925628213484;2.4283008862964928;-52.723684210526315;9.312203861214482e-05;9.73370064279155;51.16561509523386;33.99686009656684;5.044580704404751;0.0;0.05924346100299179;Dense, Faible conso, Croissance modérée
399;399;Saint-Martin-de-Crau;1;12;1;Petite;29595;577;30172;-21;13385;13364;215054874;12752;12454;4388;577;0;1;62.142279091056544;-0.15689204333208817;2.2145315773720444;-1409.2857142857142;0.0001402990754815443;42.26435105395731;41.276680365902166;14.543285165053693;1.9123690839188652;0.0;0.0033143311679703033;Dense, Faible conso, Croissance modérée
400;400;Gournay-en-Bray;1;12;21;Petite;81686;15795;97481;-491;13805;13314;236396152;40236;41261;0;15795;0;189;56.32071371449396;-3.556682361463238;6.135346252065495;-166.36659877800406;0.0004123628882080957;41.27573578440927;42.327222740841805;0.0;16.203157538392094;0.0;0.1938839363568285;Dense, Faible conso, Croissance modérée
401;401;Roye;1;12;35;Petite;120121;0;120121;-374;13574;13200;216461934;99885;6784;2218;0;0;11234;60.98069880499173;-2.755267423014587;9.100075757575757;-321.17914438502675;0.0005549289788753343;83.15365339948885;5.647638631047028;1.8464714745964486;0.0;0.0;9.352236494867675;Peu dense, Forte conso, Croissance modérée
402;402;Le Cateau-Cambrésis;1;12;11;Petite;12271;0;12271;-418;13648;13230;121517026;66;12205;0;0;0;0;108.87363224310641;-3.0627198124267294;0.9275132275132275;-29.35645933014354;0.00010098173403289182;0.5378534756743542;99.46214652432565;0.0;0.0;0.0;0.0;Dense, Faible conso, Croissance modérée
403;403;Aubigny-sur-Nère;1;12;16;Petite;45647;144;45791;-445;13514;13069;679006376;3858;39278;0;144;0;2511;19.247241943424694;-3.292881456267575;3.492769148366363;-102.57752808988764;6.743824744290766e-05;8.425236400165971;85.77668100718482;0.0;0.3144722762114826;0.0;5.483610316437728;Dense, Faible conso, Croissance modérée
404;404;Saint-Affrique;1;12;16;Petite;30095;0;30095;-344;13380;13036;511800296;898;25095;968;0;0;3134;25.470872334157463;-2.571001494768311;2.3086069346425284;-87.48546511627907;5.880223250203044e-05;2.983884366173783;83.38594450905465;3.2164811430470177;0.0;0.0;10.413689981724538;Dense, Faible conso, Croissance modérée
405;405;Cogolin;1;12;2;Petite;50962;0;50962;-625;13892;13267;74084979;2356;43041;3064;0;0;2501;179.0781367434821;-4.498992225741434;3.8412602698424663;-81.5392;0.0006878857318701542;4.623052470468192;84.45704642674934;6.0123229072642355;0.0;0.0;4.907578195518229;Dense, Faible conso, Croissance modérée
406;406;Condom;1;12;23;Petite;136256;2142;138398;-619;13405;12786;421424267;15891;89858;0;2142;0;30507;30.33997090632657;-4.6176799701603874;10.656655717190677;-220.12277867528272;0.000328405388197543;11.4821023425194;64.92723883293111;0.0;1.547710227026402;0.0;22.042948597523086;Peu dense, Forte conso, Croissance modérée
407;407;Mazamet;1;12;4;Petite;6505;0;6505;-415;13262;12847;151151824;0;6505;0;0;0;0;84.99401237791216;-3.129241441713165;0.506343893515996;-15.674698795180722;4.3036199152978796e-05;0.0;100.0;0.0;0.0;0.0;0.0;Dense, Faible conso, Croissance modérée
408;408;Chamonix-Mont-Blanc;1;12;4;Petite;35308;6893;42201;-5;13301;13296;349687808;5383;29390;535;6893;0;0;38.02248661754887;-0.0375911585595068;2.655535499398315;-7061.6;0.00012068193123850632;12.7556219046942;69.64289945735884;1.2677424705575697;16.333736167389397;0.0;0.0;Dense, Faible conso, Croissance modérée
409;409;Lillebonne;1;12;6;Petite;26522;1343;27865;-147;12975;12828;45064733;20000;6352;170;1343;0;0;284.65718414441733;-1.1329479768786126;2.0675085749922046;-180.42176870748298;0.0006183327437000459;71.77462766911896;22.795621747712183;0.6100843351875113;4.819666247981338;0.0;0.0;Dense, Faible conso, Croissance modérée
410;410;Gourdon;1;12;22;Petite;45811;610;46421;-356;13019;12663;377366602;26543;19268;0;610;0;0;33.55622869879725;-2.7344650126737844;3.6177051251678116;-128.68258426966293;0.00012301300579853645;57.17886301458391;41.50707653863553;0.0;1.314060446780552;0.0;0.0;Dense, Faible conso, Croissance modérée
411;411;Pouzauges;1;12;7;Petite;25552;180;25732;11;12800;12811;169742307;8239;17313;0;180;0;0;75.47322895758687;0.0859375;1.9945359456716885;2322.909090909091;0.00015159449906616387;32.018498367791075;67.28198352246231;0.0;0.699518109746619;0.0;0.0;Dense, Faible conso, Croissance modérée
412;412;Nyons;1;12;17;Petite;109506;6362;115868;-101;12625;12524;306868419;77794;26971;2723;6362;0;2018;40.81228052339918;-0.8;8.743692111146599;-1084.2178217821781;0.000377582028080902;67.14019401387786;23.277350088031206;2.3500880312079264;5.490730831635999;0.0;1.7416370352470054;Peu dense, Forte conso, Croissance modérée
413;413;Nogent-sur-Seine;1;12;19;Petite;1641;1069;2710;-38;12657;12619;266850396;0;1641;0;0;1069;0;47.288668816515454;-0.3002291222248558;0.13004200015849116;-43.18421052631579;1.0155503010758133e-05;0.0;60.55350553505535;0.0;0.0;39.44649446494465;0.0;Dense, Faible conso, Croissance modérée
414;414;Corte;1;12;34;Petite;49431;14062;63493;206;12566;12772;728462306;6981;39596;500;14062;0;2354;17.532822075765715;1.639344262295082;3.8702630754776073;239.95631067961165;8.716030943130228e-05;10.994912825035831;62.362780148992805;0.787488384546328;22.147323326980928;0.0;3.707495314444112;Dense, Faible conso, Croissance modérée
415;415;Tonnerre;1;12;38;Petite;67717;0;67717;-1066;13075;12009;536015422;800;62033;0;0;0;4884;22.4042061237559;-8.152963671128106;5.638854192688817;-63.52439024390244;0.0001263340516348054;1.1813872439712332;91.60624363158438;0.0;0.0;0.0;7.212369124444379;Dense, Faible conso, Croissance modérée
416;416;Digoin;1;12;8;Petite;45862;63;45925;-440;12797;12357;193749817;0;42731;3131;63;0;0;63.778124755596544;-3.438305852934281;3.7114186291170994;-104.23181818181818;0.00023703248194551844;0.0;93.04518236254764;6.8176374523679915;0.13718018508437668;0.0;0.0;Dense, Faible conso, Croissance modérée
417;417;Givet;1;12;11;Petite;4025;0;4025;-336;12491;12155;89965263;0;4025;0;0;0;0;135.1077026251788;-2.6899367544632136;0.3311394487865076;-11.979166666666666;4.473949017411309e-05;0.0;100.0;0.0;0.0;0.0;0.0;Dense, Faible conso, Croissance modérée
418;418;Mortagne-au-Perche;1;12;25;Petite;57405;0;57405;-686;12865;12179;291134404;13564;37318;0;0;0;6523;41.83291233419462;-5.332296929654101;4.7134411692257165;-83.6807580174927;0.00019717697122460318;23.62860378015852;65.00827454054526;0.0;0.0;0.0;11.363121679296228;Dense, Faible conso, Croissance modérée
419;419;Aubusson;1;12;34;Petite;108208;6020;114228;-627;12626;11999;620554344;0;104129;182;6020;0;3897;19.33593748237463;-4.965943291620466;9.018084840403366;-172.58054226475278;0.00018407412840542456;0.0;91.15891024967608;0.15933046188325103;5.2701614315229195;0.0;3.4115978569177434;Peu dense, Forte conso, Croissance modérée
420;420;La Côte-Saint-André;1;12;8;Petite;196743;1100;197843;581;11956;12537;142202807;35307;141026;1546;1100;0;18864;88.1628166453845;4.859484777517564;15.69298875329026;338.62822719449224;0.0013912735210634766;17.845968773219166;71.28177393185506;0.7814276977199093;0.5559964214048513;0.0;9.534833175801014;Peu dense, Forte conso, Croissance modérée
421;421;Aire-sur-l'Adour;1;12;23;Petite;40613;489;41102;-32;12306;12274;295960851;5071;35542;0;489;0;0;41.47170126903034;-0.260035754916301;3.3088642659279777;-1269.15625;0.00013887647592958165;12.337599143593986;86.47267772857768;0.0;1.1897231278283296;0.0;0.0;Dense, Faible conso, Croissance modérée
422;422;Hauts de Bienne;1;12;7;Petite;27821;923;28744;-351;12347;11996;224728169;6401;11834;9586;923;0;0;53.380046005714576;-2.8427958208471695;2.31918972990997;-79.26210826210826;0.00012790563874527007;22.26899526857779;41.17033119955469;33.349568605622046;3.2111049262454774;0.0;0.0;Dense, Faible conso, Croissance modérée
423;423;Moûtiers;1;12;7;Petite;10746;515;11261;-139;12181;12042;206552375;2459;8287;0;515;0;0;58.29998323669723;-1.141121418602742;0.8923766816143498;-77.30935251798562;5.451885992596309e-05;21.83642660509724;73.59026729420123;0.0;4.5733061007015365;0.0;0.0;Dense, Faible conso, Croissance modérée
424;424;Jarny;1;12;8;Petite;13121;0;13121;-207;12195;11988;74178865;699;7676;4746;0;0;0;161.60937485360554;-1.6974169741697416;1.0945111778445111;-63.38647342995169;0.0001768832672217349;5.327337855346391;58.50163859461931;36.1710235500343;0.0;0.0;0.0;Dense, Faible conso, Croissance modérée
425;425;Ribérac;1;12;24;Petite;57162;2216;59378;-307;12238;11931;352772264;0;57162;0;2216;0;0;33.82068608432323;-2.508579833306096;4.7910485290419915;-186.19543973941367;0.00016831822129871298;0.0;96.26797803900435;0.0;3.732021960995655;0.0;0.0;Dense, Faible conso, Croissance modérée
426;426;Delle (partie française);1;12;8;Petite;6351;275;6626;67;12044;12111;53625047;3586;2765;0;275;0;0;225.84595590191276;0.556293590169379;0.5243993064156552;94.7910447761194;0.00012356166326530212;54.12013281014186;41.72955025656505;0.0;4.150316933293087;0.0;0.0;Dense, Faible conso, Croissance modérée
427;427;Embrun;1;12;12;Petite;116244;2208;118452;786;11713;12499;398012763;7815;68962;13752;2208;0;25715;31.403515570177834;6.710492615043115;9.30026402112169;147.89312977099237;0.0002976085467892395;6.597609158140007;58.219363117549726;11.609765981156924;1.8640461959274643;0.0;21.70921554722588;Peu dense, Forte conso, Croissance modérée
428;428;Sully-sur-Loire;1;12;8;Petite;35253;2240;37493;-314;12049;11735;269917224;0;35234;19;2240;0;0;43.47629182789758;-2.606025396298448;3.004090328078398;-112.27070063694268;0.00013890554831728707;0.0;93.97487531005788;0.05067612621022591;5.9744485637318965;0.0;0.0;Dense, Faible conso, Croissance modérée
429;429;Saint-Florentin;1;12;19;Petite;9619;0;9619;-624;12324;11700;292442096;1940;7679;0;0;0;0;40.00792006360124;-5.063291139240507;0.8221367521367522;-15.415064102564102;3.289198146083592e-05;20.168416675330075;79.83158332466992;0.0;0.0;0.0;0.0;Dense, Faible conso, Croissance modérée
430;430;Calvi;1;12;15;Petite;323586;15100;338686;900;11617;12517;456855136;44703;186482;11257;15100;0;81144;27.39818164154337;7.747266936386331;;359.54;0.0007413422183788254;13.198951240972464;55.06043946310152;3.3237275824805277;4.4584069019681944;0.0;23.9584748114773;
431;431;Guer;1;12;9;Petite;120907;7936;128843;-11;11972;11961;174629135;1900;101632;0;7936;0;17375;68.49372528816569;-0.09188105579685933;10.108435749519272;-10991.545454545454;0.0007378093008363123;1.4746629618993659;78.88049797039808;0.0;6.159434350333352;0.0;13.485404717369201;Peu dense, Forte conso, Croissance modérée
432;432;Vidauban;1;12;1;Petite;60375;1597;61972;1541;11152;12693;76567850;0;56051;0;1597;0;4324;165.77453853020555;13.818149210903874;4.756558733160009;39.17910447761194;0.0008093736470333175;0.0;90.44568514813142;0.0;2.576970244626606;0.0;6.977344607241981;Dense, Faible conso, Croissance modérée
433;433;Baugé-en-Anjou;1;12;1;Petite;131002;9401;140403;-126;11861;11735;270223011;62033;68968;0;9401;0;1;43.42709363119339;-1.0623050333024198;11.163357477631019;-1039.6984126984128;0.000519581953736723;44.18210437098922;49.12145751871399;0.0;6.695725874803244;0.0;0.0007122354935435852;Peu dense, Forte conso, Croissance modérée
434;434;Nontron;1;12;19;Petite;30098;0;30098;-302;12134;11832;369344255;1035;29063;0;0;0;0;32.03515376190162;-2.4888742376792483;2.5437795807978363;-99.66225165562913;8.149037000724432e-05;3.4387666954614926;96.5612333045385;0.0;0.0;0.0;0.0;Dense, Faible conso, Croissance modérée
435;435;La Souterraine;1;12;12;Petite;40561;0;40561;-778;12107;11329;317816029;21221;19257;0;0;0;83;35.646408507608655;-6.426034525481127;3.580280695560067;-52.134961439588686;0.00012762414824583942;52.318729814353695;47.476640122284955;0.0;0.0;0.0;0.20463006336135697;Dense, Faible conso, Croissance modérée
436;436;Gueugnon;1;12;12;Petite;17405;0;17405;-777;12228;11451;333531890;234;16385;674;0;0;112;34.33254913045946;-6.354268891069677;1.5199545891188542;-22.4002574002574;5.2183915606990384e-05;1.3444412525136455;94.13961505314565;3.872450445274347;0.0;0.0;0.6434932490663603;Dense, Faible conso, Croissance modérée
437;437;Beaurepaire;1;12;10;Petite;120761;996;121757;157;11661;11818;123926941;18814;99488;2459;996;0;0;95.36263789485452;1.346368236000343;10.218395667625655;769.1783439490446;0.0009824901592624643;15.452088996936522;81.71029181073777;2.0195964092413576;0.8180227830843401;0.0;0.0;Peu dense, Forte conso, Croissance modérée
438;438;Valdahon;1;12;22;Petite;19685;693;20378;844;11261;12105;221525210;5514;12706;1465;693;0;0;54.643893577620354;7.494893881538052;1.6261875258157785;23.32345971563981;9.19895302209622e-05;27.058592599862596;62.351555599175576;7.189125527529688;3.400726273432133;0.0;0.0;Dense, Faible conso, Croissance modérée
439;439;Marennes-Hiers-Brouage;1;12;3;Petite;58391;0;58391;57;11707;11764;114499192;943;57448;0;0;0;0;102.74308311276118;0.48688818655505256;4.963532811968718;1024.4035087719299;0.0005099686642330192;1.614974910517032;98.38502508948297;0.0;0.0;0.0;0.0;Dense, Faible conso, Croissance modérée
440;440;La Réole;1;12;20;Petite;41088;532;41620;484;11291;11775;130971157;7311;32066;206;532;0;1505;89.90529113215362;4.286599946860331;3.4894267515923567;84.89256198347107;0.00031777989103356553;17.566074002883227;77.0446900528592;0.4949543488707352;1.2782316194137433;0.0;3.61604997597309;Dense, Faible conso, Croissance modérée
441;441;Saint-Hilaire-du-Harcouët;1;12;8;Petite;88209;390;88599;-543;11786;11243;160528835;13763;74445;0;390;0;1;70.03726152999242;-4.607161038520278;7.845681757538023;-162.44751381215468;0.0005519195352037533;15.534035372859739;84.02465039108795;0.0;0.44018555514170593;0.0;0.0011286809106197588;Peu dense, Forte conso, Croissance modérée
442;442;Montbard;1;12;34;Petite;16283;0;16283;-810;11879;11069;528926372;0;12503;3780;0;0;0;20.927298365073767;-6.818755787524203;1.4710452615412413;-20.10246913580247;3.078500309680153e-05;0.0;76.78560461831357;23.21439538168642;0.0;0.0;0.0;Dense, Faible conso, Croissance modérée
443;443;Lodève;1;12;19;Petite;11732;142;11874;270;11318;11588;385791711;1233;10499;0;142;0;0;30.036933582536196;2.3855804912528713;1.0124266482568174;43.45185185185185;3.0778266254663e-05;10.384032339565437;88.42007748020886;0.0;1.1958901802257031;0.0;0.0;Dense, Faible conso, Croissance modérée
444;444;Le Pouliguen;1;12;3;Petite;1779;135;1914;-534;11494;10960;18260922;0;1779;0;135;0;0;600.1887527913432;-4.645902209848616;0.16231751824817517;-3.331460674157303;0.00010481398474841522;0.0;92.94670846394985;0.0;7.053291536050156;0.0;0.0;Dense, Faible conso, Croissance modérée
445;445;Pauillac;1;12;5;Petite;46990;1882;48872;330;11144;11474;131570664;504;45566;0;1882;0;920;87.2078900506271;2.9612347451543433;4.095345999651386;142.3939393939394;0.00037145058415149443;1.031265346210509;93.23539040759535;0.0;3.8508757570797183;0.0;1.8824684891144212;Dense, Faible conso, Croissance modérée
446;446;Tournus;1;12;14;Petite;28495;0;28495;-113;11282;11169;141703632;671;27824;0;0;0;0;78.81943350612212;-1.0015954617975535;2.5512579461008147;-252.16814159292036;0.00020108870603965888;2.3547990875592206;97.64520091244077;0.0;0.0;0.0;0.0;Dense, Faible conso, Croissance modérée
447;447;La Châtaigneraie;1;12;10;Petite;53238;1877;55115;-68;11481;11413;226644556;10604;42634;0;1877;0;0;50.35638270526118;-0.5922829021862207;4.6646806273547705;-782.9117647058823;0.00024317813307635767;19.2397713870997;77.35462215367868;0.0;3.4056064592216275;0.0;0.0;Dense, Faible conso, Croissance modérée
448;448;Mirecourt;1;12;33;Petite;35345;3000;38345;-808;11376;10568;184844938;5261;29834;0;3000;0;250;57.172244554514116;-7.10267229254571;3.344530658591976;-43.743811881188115;0.00020744414434546214;13.720172121528233;77.8041465640892;0.0;7.823705828660843;0.0;0.6519754857217368;Dense, Faible conso, Croissance modérée
449;449;Sainte-Menehould;1;12;50;Petite;14400;83;14483;-505;11400;10895;630194085;0;13419;981;83;0;0;17.288324754745993;-4.4298245614035086;1.3217072051399725;-28.514851485148515;2.298180885020525e-05;0.0;92.65345577573707;6.773458537595801;0.573085686667127;0.0;0.0;Dense, Faible conso, Croissance modérée
450;450;Ham;1;12;13;Petite;33209;0;33209;-355;11092;10737;97446021;0;33209;0;0;0;0;110.18407821905832;-3.200504868373603;3.092949613486076;-93.54647887323944;0.000340793802139956;0.0;100.0;0.0;0.0;0.0;0.0;Dense, Faible conso, Croissance modérée
451;451;Le Thillot;1;12;7;Petite;28670;878;29548;-554;11002;10448;146102763;1339;27114;0;878;0;217;71.51131015913778;-5.035448100345392;2.7440658499234303;-51.75090252707581;0.00020224121291942987;4.531609584405036;91.7625558413429;0.0;2.9714363070258565;0.0;0.7343982672262082;Dense, Faible conso, Croissance modérée
452;452;La Châtre;1;12;14;Petite;46508;1022;47530;-463;11035;10572;238159472;1211;43256;1970;1022;0;71;44.39042424481022;-4.195740824648845;4.399167612561484;-100.44924406047517;0.0001995721589439869;2.547864506627393;91.00778455712182;4.144750683778666;2.150220913107511;0.0;0.14937933936461184;Dense, Faible conso, Croissance modérée
453;453;Saint-Jean-de-Monts;1;12;2;Petite;45832;6335;52167;378;10505;10883;83155855;5000;40832;0;6335;0;0;130.87472914565066;3.598286530223703;4.211338785261417;121.24867724867725;0.0006273400712433298;9.584603293269693;78.2717043341576;0.0;12.1436923725727;0.0;0.0;Dense, Faible conso, Croissance modérée
454;454;Saint-Maixent-l'École;1;12;4;Petite;9125;0;9125;686;10228;10914;64327306;2367;6758;0;0;0;0;169.6635640236512;6.707078607743449;0.8360820963899579;13.301749271137027;0.0001418526682898861;25.93972602739726;74.06027397260274;0.0;0.0;0.0;0.0;Dense, Faible conso, Croissance modérée
455;455;Mimizan;1;12;5;Petite;61114;2486;63600;643;10240;10883;295301778;3100;58014;0;2486;0;0;36.853824835419715;6.279296875;5.61554718368097;95.04510108864697;0.00021537289897387613;4.8742138364779874;91.21698113207547;0.0;3.908805031446541;0.0;0.0;Dense, Faible conso, Croissance modérée
456;456;Bazas;1;12;18;Petite;82063;517;82580;167;10407;10574;292965663;1423;79140;0;517;0;1500;36.09296697681598;1.6046891515326223;7.760828447134481;491.3952095808383;0.0002818760367831912;1.7231775248244128;95.83434245580044;0.0;0.6260595785904577;0.0;1.8164204407846936;Peu dense, Forte conso, Croissance modérée
457;457;Montrichard Val de Cher;1;12;7;Petite;13696;79;13775;-364;10550;10186;151637772;1475;12045;176;79;0;0;67.17323702170987;-3.450236966824644;1.3445906145690163;-37.62637362637363;9.084148242431312e-05;10.707803992740473;87.4410163339383;1.2776769509981851;0.573502722323049;0.0;0.0;Dense, Faible conso, Croissance modérée
458;458;Ciboure;1;12;2;Petite;22700;358;23058;-403;10880;10477;26830115;0;22700;0;358;0;0;390.4940399994558;-3.704044117647059;2.1666507588050012;-56.32754342431762;0.0008594074233375443;0.0;98.44739352936074;0.0;1.5526064706392575;0.0;0.0;Dense, Faible conso, Croissance modérée
459;459;Saint-Rémy-de-Provence;1;12;2;Petite;61927;7337;69264;-72;10280;10208;91514060;12360;19853;29712;7337;0;2;111.54570128349677;-0.7003891050583658;6.066516457680251;-860.0972222222222;0.0007568673054173316;17.844767844767844;28.662797412797413;42.89674289674289;10.592804342804344;0.0;0.0028875028875028873;Dense, Faible conso, Croissance modérée
460;460;Saint-Pourçain-sur-Sioule;1;12;14;Petite;72630;50;72680;6;10225;10231;222404375;10893;57033;4704;50;0;0;46.001792905377876;0.058679706601467;7.099012804222461;;0.0003267921325738309;14.987616951018163;78.47138139790864;6.47220693450743;0.06879471656576776;0.0;0.0;Peu dense, Forte conso, Croissance modérée
461;461;Faulquemont;1;12;7;Petite;48344;275;48619;-447;10567;10120;58838313;39676;8668;0;275;0;0;171.99677359886238;-4.230150468439482;4.77707509881423;-108.15212527964206;0.0008263153296050483;81.60595651905633;17.828420987679714;0.0;0.5656224932639503;0.0;0.0;Dense, Faible conso, Croissance modérée
462;462;Ernée;1;12;5;Petite;40048;3071;43119;-286;10396;10110;188830389;9568;25695;0;3071;0;4785;53.54011106760999;-2.7510580992689495;3.9612265084075173;-140.02797202797203;0.00022834777933969093;22.18975393677961;59.59089960342309;0.0;7.1221503281616;0.0;11.097196131635705;Dense, Faible conso, Croissance modérée
463;463;La Londe-les-Maures;1;12;1;Petite;62383;0;62383;3259;8234;11493;80028635;6391;55992;0;0;0;0;143.61109620325277;39.57979111003158;5.42791264247803;19.141761276465175;0.0007795084846817642;10.244778224836896;89.75522177516311;0.0;0.0;0.0;0.0;Dense, Faible conso, Croissance modérée
464;464;La Tremblade;1;12;3;Petite;33419;2065;35484;166;10499;10665;95626087;3110;30307;0;2065;0;2;111.528143988575;1.5811029621868748;3.1335208626347866;201.31927710843374;0.000371070291729076;8.76451358358697;85.41032578063353;0.0;5.819524292638936;0.0;0.0056363431405703985;Dense, Faible conso, Croissance modérée
465;465;Vouziers;1;12;45;Petite;39736;0;39736;-341;10345;10004;483836555;2094;21566;0;0;0;16076;20.676403832281753;-3.296278395360077;3.9720111955217914;-116.52785923753666;8.212690750495278e-05;5.269780551640829;54.27320314072881;0.0;0.0;0.0;40.45701630763036;Dense, Faible conso, Croissance modérée
466;466;Guise;1;12;21;Petite;106634;104928;211562;-737;10585;9848;205739080;60633;46001;0;104928;0;0;47.86645298501384;-6.962683042040624;10.827985377741673;-144.6865671641791;0.0010283024498797214;28.659683686106202;21.74350781331241;0.0;49.59680850058139;0.0;0.0;Peu dense, Forte conso, Croissance modérée
467;467;Le Vigan;1;12;20;Petite;24438;75;24513;-342;10435;10093;371350640;4079;20359;0;75;0;0;27.179164145240197;-3.2774317201724967;2.4212820766868126;-71.45614035087719;6.601038845658108e-05;16.640150124423776;83.05388977277363;0.0;0.30596010280259456;0.0;0.0;Dense, Faible conso, Croissance modérée
468;468;Die;1;12;27;Petite;24956;2;24958;591;9865;10456;622931389;3207;21749;0;2;0;0;16.785155130463334;5.990876837303598;2.3867635807192045;42.22673434856176;4.0065407588571526e-05;12.849587306675215;87.1423992307076;0.0;0.00801346261719689;0.0;0.0;Dense, Faible conso, Croissance modérée
469;469;Rostrenen;1;12;10;Petite;64766;43020;107786;-239;10377;10138;332666460;35084;29682;0;43020;0;0;30.474968832144967;-2.3031704731618;6.388439534424936;-270.98744769874475;0.0003240062133104732;32.549681776854136;27.53789917057874;0.0;39.912419052567124;0.0;0.0;Dense, Faible conso, Croissance modérée
470;470;Mamers;1;12;21;Petite;17985;4041;22026;-321;10234;9913;191565805;6524;11461;0;4041;0;0;51.74723119295742;-3.1366034786007426;1.8142842731766367;-56.02803738317757;0.00011497876669586203;29.619540542994642;52.03395986561337;0.0;18.34649959139199;0.0;0.0;Dense, Faible conso, Croissance modérée
471;471;Bort-les-Orgues;1;11;11;Petite;61975;0;61975;-473;10095;9622;243865263;30122;31853;0;0;0;0;39.45621398321089;-4.685487865279842;6.4409686135938475;-131.02536997885835;0.000254136235877104;48.60346914078257;51.39653085921743;0.0;0.0;0.0;0.0;Dense, Faible conso, Croissance modérée
472;472;Montdidier;1;11;23;Petite;30122;39;30161;-172;9763;9591;143381146;11047;17617;1381;39;0;77;66.89163999288999;-1.761753559356755;3.1406526952351164;-175.12790697674419;0.0002103554117219847;36.62676966944067;58.40986704684858;4.578760651172043;0.12930605749146248;0.0;0.25529657504724645;Dense, Faible conso, Croissance modérée
473;473;Migennes;1;11;4;Petite;0;0;0;238;9621;9859;99812231;0;0;0;0;0;0;98.775469711723;2.473755326889097;0.0;0.0;0.0;;;;;;;Dense, Faible conso, Croissance modérée
474;474;La Guerche-de-Bretagne;1;11;11;Petite;41154;247;41401;-68;9817;9749;160730838;0;40170;984;247;0;0;60.65419754733065;-0.692675970255679;4.221356036516566;-605.2058823529412;0.0002575796935744216;0.0;97.0266418685539;2.3767541846815297;0.5966039467645708;0.0;0.0;Dense, Faible conso, Croissance modérée
475;475;Rambervillers;1;11;15;Petite;11159;0;11159;-511;10139;9628;185867553;3642;7517;0;0;0;0;51.80032687039249;-5.0399447677285725;1.1590153718321563;-21.837573385518592;6.003737510871518e-05;32.6373330943633;67.3626669056367;0.0;0.0;0.0;0.0;Dense, Faible conso, Croissance modérée
476;476;Merville;1;11;1;Petite;16397;2064;18461;-143;9835;9692;27124574;9;16388;0;2064;0;0;357.31436740720795;-1.4539908490086426;1.6918076764341725;-114.66433566433567;0.0006806005506298458;0.04875142191647256;88.77092248523915;0.0;11.180326092844375;0.0;0.0;Dense, Faible conso, Croissance modérée
477;477;Le Mené;1;11;6;Petite;57441;0;57441;5;9691;9696;263901913;1323;54855;1263;0;0;0;36.740923511228964;0.051594262717985756;5.924195544554456;;0.00021766041536803866;2.303232882435891;95.49798924113439;2.1987778764297277;0.0;0.0;0.0;Dense, Faible conso, Croissance modérée
478;478;Saint-Éloy-les-Mines;1;11;15;Petite;21512;0;21512;-283;9699;9416;289254088;2156;19356;0;0;0;0;32.55269463987662;-2.9178265800598;2.284621920135939;-76.01413427561837;7.437059973375381e-05;10.022313127556712;89.97768687244329;0.0;0.0;0.0;0.0;Dense, Faible conso, Croissance modérée
479;479;Joinville;1;11;31;Petite;31179;0;31179;-764;10168;9404;320919722;0;31179;0;0;0;0;29.303278531445322;-7.513768686073957;3.3155040408336878;-40.81020942408377;9.715513838068201e-05;0.0;100.0;0.0;0.0;0.0;0.0;Dense, Faible conso, Croissance modérée
480;480;Les Andelys;1;11;7;Petite;1522;0;1522;-172;9712;9540;78824658;1522;0;0;0;0;0;121.02811787651524;-1.7710049423393739;0.15953878406708596;-8.848837209302326;1.930867876394719e-05;100.0;0.0;0.0;0.0;0.0;0.0;Dense, Faible conso, Croissance modérée
481;481;Sainte-Marie-aux-Mines;1;11;4;Petite;12435;892;13327;-332;9683;9351;103449007;2147;10288;0;892;0;0;90.39236113692228;-3.428689455747186;1.329804299005454;-37.454819277108435;0.00012882675616209636;16.11015232235312;77.19666841749832;0.0;6.693179260148571;0.0;0.0;Dense, Faible conso, Croissance modérée
482;482;Saint-Valery-en-Caux;1;11;17;Petite;65826;109;65935;-249;9677;9428;109352549;2000;63826;0;109;0;0;86.21655449476538;-2.5731115014983983;6.981968604157828;-264.3614457831325;0.0006029580526741996;3.0332903617198754;96.8013953135664;0.0;0.16531432471373322;0.0;0.0;Dense, Faible conso, Croissance modérée
483;483;Hagetmau;1;11;16;Petite;101674;1241;102915;-34;9451;9417;193246058;2015;91935;0;1241;0;7724;48.73061886726818;-0.35975029097450006;10.796856748433683;-2990.4117647058824;0.0005325593756743023;1.9579264441529416;89.33100131176214;0.0;1.205849487441092;0.0;7.505222756643833;Peu dense, Forte conso, Croissance modérée
484;484;Neufchâtel-en-Bray;1;11;15;Petite;47463;1044;48507;-301;9577;9276;140165968;9432;38031;0;1044;0;0;66.17868896678259;-3.1429466429988513;5.116752910737387;-157.6843853820598;0.0003460683123880684;19.444616240954915;78.40311707588596;0.0;2.1522666831591315;0.0;0.0;Dense, Faible conso, Croissance modérée
485;485;Mauléon-Licharre;1;11;21;Petite;27532;1266;28798;-130;9508;9378;298504895;4788;22744;0;1266;0;0;31.416570237483043;-1.367269667648296;2.9358072083599915;-211.7846153846154;9.64741298463464e-05;16.626154594069032;78.97770678519342;0.0;4.396138620737551;0.0;0.0;Dense, Faible conso, Croissance modérée
486;486;Marvejols;1;11;10;Petite;28551;0;28551;-308;9559;9251;226936971;4025;21495;3031;0;0;0;40.76462270222158;-3.222094361334868;3.0862609447627283;-92.69805194805195;0.00012581026297385454;14.097579769535217;75.28632972575392;10.616090504710868;0.0;0.0;0.0;Dense, Faible conso, Croissance modérée
487;487;Melle;1;11;6;Petite;96657;104;96761;-470;9558;9088;152156405;44781;34019;0;104;0;17857;59.72801473588969;-4.91734672525633;10.635673415492958;-205.6531914893617;0.0006359311656975597;46.28000950796292;35.157759841258354;0.0;0.10748131995328696;0.0;18.454749330825436;Peu dense, Forte conso, Croissance modérée
488;488;Confolens;1;11;14;Petite;207356;1571;208927;-266;9604;9338;457787778;57066;143129;1129;1571;0;6032;20.39809808989702;-2.7696793002915454;22.205611479974298;-779.5338345864661;0.0004563839622647156;27.313846463118697;68.50670329828121;0.5403801327736482;0.7519372795282563;0.0;2.887132826298181;Peu dense, Forte conso, Croissance modérée
489;489;Le Neubourg;1;11;13;Petite;30849;9;30858;60;9169;9229;82983546;19224;7720;3905;9;0;0;111.21481841713536;0.654378885374632;3.342615668003034;514.15;0.0003718568497904392;62.2982694925141;25.017823578974657;12.654741072007258;0.029165856503986;0.0;0.0;Dense, Faible conso, Croissance modérée
490;490;Céret;1;11;3;Petite;51526;0;51526;-25;9133;9108;75957510;944;39550;0;0;0;11032;119.90914394113236;-0.27373261797875836;5.657224418093984;-2061.04;0.0006783529370565202;1.8320847727360943;76.75736521367853;0.0;0.0;0.0;21.410550013585375;Dense, Faible conso, Croissance modérée
491;491;Bapaume;1;11;21;Petite;5425;0;5425;-252;9293;9041;124528467;0;5425;0;0;0;0;72.6018734334857;-2.7117184977940383;0.6000442428934852;-21.52777777777778;4.356433617704456e-05;0.0;100.0;0.0;0.0;0.0;0.0;Dense, Faible conso, Croissance modérée
492;492;Saint-Tropez;1;11;3;Petite;87738;6101;93839;-843;9122;8279;71416103;39658;47536;544;6101;0;0;115.92623585187782;-9.241394431045823;10.597656721826308;-104.07829181494662;0.0013139753649117482;42.26174618229094;50.65697631048924;0.5797163226377092;6.501561184582104;0.0;0.0;Peu dense, Forte conso, Croissance modérée
493;493;Villedieu-les-Poêles-Rouffigny;1;11;11;Petite;35690;1963;37653;-32;8931;8899;122126988;204;35486;0;1963;0;0;72.86677699772633;-0.3583025417086552;4.010562984605012;-1115.3125;0.0003083102319693662;0.5417894988447135;94.24481449021326;0.0;5.213396010942023;0.0;0.0;Dense, Faible conso, Croissance modérée
494;494;Le Nouvion-en-Thiérache;1;11;12;Petite;46393;0;46393;-178;8941;8763;171922023;36057;10235;0;0;0;101;50.97078225981554;-1.9908287663572308;5.294191486933698;-260.63483146067415;0.00026984908152226665;77.72077684133383;22.06151790140754;0.0;0.0;0.0;0.21770525725863815;Dense, Faible conso, Croissance modérée
495;495;L'Île-Rousse;1;11;12;Petite;141917;3066;144983;139;8983;9122;198902528;22263;112385;644;3066;0;6625;45.861659435520096;1.5473672492485806;15.557662793247095;1020.9856115107914;0.0007289148180157872;15.355593414400309;77.51598463268107;0.44419000848375323;2.1147306925639557;0.0;4.569501251870909;Peu dense, Forte conso, Croissance modérée
496;496;Mourenx;1;11;4;Petite;3670;0;3670;-763;8894;8131;52772404;0;3670;0;0;0;0;154.07674056311703;-8.57881718012143;0.45135899643340305;-4.809960681520314;6.954392299429831e-05;0.0;100.0;0.0;0.0;0.0;0.0;Dense, Faible conso, Croissance modérée
497;497;Soustons;1;11;2;Petite;127626;98;127724;863;8359;9222;124861692;7206;120419;0;98;0;1;73.8577209093082;10.324201459504726;13.839297332465842;147.8864426419467;0.0010229238283908566;5.6418527449813665;94.28063637217751;0.0;0.07672794463060975;0.0;0.0007829382105164261;Peu dense, Forte conso, Croissance modérée
498;498;Craon;1;11;9;Petite;123057;1607;124664;-116;8725;8609;158822797;14628;56953;51476;1607;0;0;54.20506478046725;-1.329512893982808;14.29399465675456;-1060.8362068965516;0.0007849251011490498;11.733940832958993;45.685201822498875;41.29179233780402;1.289065006738112;0.0;0.0;Peu dense, Forte conso, Croissance modérée
499;499;Égletons;1;11;14;Petite;61203;356;61559;-165;8831;8666;353063870;4198;52492;574;356;0;3939;24.545134000825403;-1.8684180726984487;7.062427879067621;-370.92727272727274;0.00017435655480692487;6.819474000552315;85.27104079013628;0.9324387985509837;0.5783069900420734;0.0;6.398739420718336;Peu dense, Forte conso, Croissance modérée
500;500;Poligny;1;11;22;Petite;49766;120;49886;-175;8789;8614;209972020;15167;32589;0;120;0;2010;41.02451364710403;-1.991125270224144;5.777339215231019;-284.37714285714287;0.0002375840361968228;30.403319568616443;65.32694543559316;0.0;0.24054845046706494;0.0;4.029186545323337;Dense, Faible conso, Croissance modérée
501;501;Bouzonville;1;11;12;Petite;52493;127;52620;-272;8773;8501;91550346;16496;35997;0;127;0;0;92.85601170748168;-3.100421748546677;6.174920597576755;-192.9889705882353;0.0005747657141568858;31.349296845305968;68.40935005701255;0.0;0.24135309768148994;0.0;0.0;Dense, Faible conso, Croissance modérée
502;502;Saint-Palais;1;11;25;Petite;155078;10494;165572;306;8537;8843;272981168;11678;131936;2749;10494;0;8715;32.39417599678524;3.584397329272578;17.5368087753025;506.7908496732026;0.0006065326821372527;7.053124924504144;79.68497088879762;1.6603048824680504;6.338028169014084;0.0;5.263571135216099;Peu dense, Forte conso, Croissance modérée
503;503;Le Cheylard;1;11;20;Petite;52525;5461;57986;-376;8790;8414;301480650;5963;23010;1273;5461;0;22279;27.90892218124115;-4.277588168373151;6.242571903969575;-139.69414893617022;0.0001923373855005288;10.283516710930224;39.68199220501501;2.195357500086228;9.417790501155451;0.0;38.421343082813095;Dense, Faible conso, Croissance modérée
504;504;Saint-Chamas;1;11;1;Petite;3036;134;3170;431;8186;8617;26806428;0;3036;0;134;0;0;321.4527500642756;5.265086733447349;0.35232679586863175;7.044083526682135;0.00011825521848714793;0.0;95.77287066246056;0.0;4.2271293375394325;0.0;0.0;Dense, Faible conso, Croissance modérée
505;505;Lagnieu;1;11;3;Petite;15764;0;15764;274;8328;8602;49769753;0;15764;0;0;0;0;172.83589894448542;3.2901056676272815;1.8325970704487329;57.53284671532847;0.0003167385620740372;0.0;100.0;0.0;0.0;0.0;0.0;Dense, Faible conso, Croissance modérée
506;506;Gramat;1;11;18;Petite;56317;945;57262;-173;8700;8527;307920365;6238;50079;0;945;0;0;27.69222490366949;-1.988505747126437;6.60455025214026;-325.53179190751445;0.0001859636662875481;10.893786455240823;87.45590443924418;0.0;1.650309105515001;0.0;0.0;Dense, Faible conso, Croissance modérée
507;507;Condé-en-Normandie;1;11;7;Petite;146686;312;146998;-799;8931;8132;106208535;5407;139853;1426;312;0;0;76.5663512824087;-8.946366588287985;18.038121003443187;-183.58698372966208;0.001384050726243423;3.67828133716105;95.13938965155988;0.9700812255949061;0.21224778568415897;0.0;0.0;Peu dense, Forte conso, Croissance modérée
508;508;Farébersviller;1;11;3;Petite;10787;5680;16467;-268;8560;8292;18594864;0;10787;0;5680;0;0;445.9295857178627;-3.1308411214953273;1.3008924264351183;-40.25;0.0008855671114346413;0.0;65.50677111799357;0.0;34.49322888200644;0.0;0.0;Dense, Faible conso, Croissance modérée
509;509;Baccarat;1;11;13;Petite;16131;0;16131;-328;8593;8265;128284048;1000;15131;0;0;0;0;64.42734017872588;-3.817060397998371;1.9517241379310344;-49.17987804878049;0.00012574439496951327;6.199243692269543;93.80075630773047;0.0;0.0;0.0;0.0;Dense, Faible conso, Croissance modérée
510;510;Valgelon-La Rochette;1;11;13;Petite;29100;301;29401;101;8419;8520;107692915;0;29100;0;301;0;0;79.11383956874043;1.199667418933365;3.415492957746479;288.1188118811881;0.000273007746145603;0.0;98.97622529845923;0.0;1.0237747015407639;0.0;0.0;Dense, Faible conso, Croissance modérée
511;511;Bellac;1;11;11;Petite;9039;0;9039;-823;8983;8160;300769068;0;8851;188;0;0;0;27.130449464969583;-9.161749972169654;1.107720588235294;-10.982989064398542;3.0052957440424028e-05;0.0;97.9201239075119;2.079876092488107;0.0;0.0;0.0;Dense, Faible conso, Croissance modérée
512;512;Port-Saint-Louis-du-Rhône;1;11;1;Petite;4773;0;4773;-291;8661;8370;82264131;0;4773;0;0;0;0;101.74543751030446;-3.3598891582958093;0.5702508960573477;-16.4020618556701;5.802042690999799e-05;0.0;100.0;0.0;0.0;0.0;0.0;Dense, Faible conso, Croissance modérée
513;513;La Flotte;1;11;4;Petite;9288;78;9366;-311;8817;8506;37957107;0;9288;0;78;0;0;224.09505550567908;-3.5272768515368034;1.0919351046320245;-29.864951768488744;0.00024675220901318955;0.0;99.16720051249199;0.0;0.8327994875080076;0.0;0.0;Dense, Faible conso, Croissance modérée
514;514;Bourbon-Lancy;1;11;12;Petite;22487;159;22646;-670;8756;8086;339884200;0;22487;0;159;0;0;23.790455690496938;-7.651895842850617;2.7809794706900814;-33.56268656716418;6.662857526180976e-05;0.0;99.29788925196503;0.0;0.7021107480349731;0.0;0.0;Dense, Faible conso, Croissance modérée
515;515;Mauriac;1;11;16;Petite;39349;236;39585;-256;8460;8204;328366282;10129;28020;0;236;0;1200;24.98429482476523;-3.0260047281323876;4.796318868844466;-153.70703125;0.00012055135429526227;25.58797524314766;70.78438802576733;0.0;0.5961854237716306;0.0;3.031451307313376;Dense, Faible conso, Croissance modérée
516;516;Château-Arnoux-Saint-Auban;1;11;4;Petite;4851;0;4851;-187;8445;8258;84118372;0;4851;0;0;0;0;98.17118191493293;-2.2143280047365304;0.5874303705497699;-25.941176470588236;5.7668733769597916e-05;0.0;100.0;0.0;0.0;0.0;0.0;Dense, Faible conso, Croissance modérée
517;517;Bitche;1;11;10;Petite;1891;0;1891;-330;8462;8132;149683242;1391;500;0;0;0;0;54.3280589820469;-3.8997872843299453;0.23253812100344318;-5.7303030303030305;1.263334475344942e-05;73.55896351136964;26.441036488630353;0.0;0.0;0.0;0.0;Dense, Faible conso, Croissance modérée
518;518;Argelès-Gazost;1;11;19;Petite;31283;11392;42675;-175;8413;8238;175163921;0;31283;0;11392;0;0;47.03023289824621;-2.0801141091168427;3.7974022821073077;-178.76;0.00024362893771942912;0.0;73.30521382542472;0.0;26.69478617457528;0.0;0.0;Dense, Faible conso, Croissance modérée
519;519;Casteljaloux;1;11;14;Petite;25346;0;25346;-209;8352;8143;404302866;0;25253;93;0;0;0;20.14084164320517;-2.5023946360153255;3.112612059437554;-121.27272727272727;6.269062658586248e-05;0.0;99.63307819774323;0.36692180225676635;0.0;0.0;0.0;Dense, Faible conso, Croissance modérée
520;520;Le Pont-de-Beauvoisin;1;11;4;Petite;60332;5223;65555;129;8103;8232;34355911;0;60332;0;5223;0;0;239.60942266965355;1.5920029618659755;7.328960155490767;467.68992248062017;0.0019081141524670965;0.0;92.0326443444436;0.0;7.967355655556403;0.0;0.0;Dense, Faible conso, Croissance modérée
521;521;Souillac;1;11;11;Petite;19824;1699;21523;-195;8541;8346;188762354;1957;16271;0;1699;0;1596;44.214324642296;-2.28310502283105;2.375269590222861;-101.66153846153846;0.00011402167616536504;9.092598615434651;75.59819727733122;0.0;7.893880964549552;0.0;7.41532314268457;Dense, Faible conso, Croissance modérée
522;522;Forcalquier;1;11;7;Petite;18413;0;18413;351;7917;8268;184203732;0;11138;7275;0;0;0;44.88508408722142;4.433497536945813;2.2270198355104016;52.458689458689456;9.99599725807944e-05;0.0;60.48987128659099;39.510128713409;0.0;0.0;0.0;Dense, Faible conso, Croissance modérée
523;523;Saint-Jean-Pied-de-Port;1;11;22;Petite;127932;10265;138197;-30;7942;7912;362117261;22577;73171;2355;10265;0;29829;21.849276055360423;-0.3777386048854193;16.169362992922142;-4264.4;0.0003816360468936608;16.33682352004747;52.9468801782962;1.704089090211799;7.427802340137629;0.0;21.5844048713069;Peu dense, Forte conso, Croissance modérée
524;524;Châtillon-sur-Chalaronne;1;11;5;Petite;34363;736;35099;67;8100;8167;77012707;2182;32179;0;736;0;2;106.04743448376642;0.8271604938271605;4.207542549283703;512.8805970149253;0.0004557559572604038;6.216701330522237;91.68067466309581;0.0;2.0969258383429725;0.0;0.0056981680389754695;Dense, Faible conso, Croissance modérée
525;525;Saint-Méen-le-Grand;1;11;4;Petite;99922;19470;119392;-143;8080;7937;118528554;6227;93501;0;19470;0;194;66.96276746951625;-1.7698019801980196;12.58939145772962;-698.7552447552448;0.0010072847087968357;5.215592334494774;78.31429241490217;0.0;16.30762530152774;0.0;0.16248994907531492;Peu dense, Forte conso, Croissance modérée
526;526;Baud;1;11;2;Petite;36012;3319;39331;233;7857;8090;77566910;5464;30548;0;3319;0;0;104.29705141019541;2.9655084637902505;4.451421508034611;154.5579399141631;0.0005070590023503579;13.892349546159519;77.66901426355801;0.0;8.438636190282473;0.0;0.0;Dense, Faible conso, Croissance modérée
527;527;Dieuze;1;11;31;Petite;17664;0;17664;-736;8462;7726;290681600;2500;15164;0;0;0;0;26.57890970739118;-8.697707397778302;2.286305979808439;-24.0;6.0767520200797026e-05;14.153079710144928;85.84692028985508;0.0;0.0;0.0;0.0;Dense, Faible conso, Croissance modérée
528;528;Espalion;1;11;7;Petite;12149;0;12149;226;7966;8192;203776041;2510;9639;0;0;0;0;40.200996936632016;2.837057494350992;1.4830322265625;53.756637168141594;5.961937399696562e-05;20.660136636760225;79.33986336323977;0.0;0.0;0.0;0.0;Dense, Faible conso, Croissance modérée
529;529;Bagnères-de-Luchon;1;11;44;Petite;17264;1449;18713;-232;8040;7808;372946706;0;15364;1900;1449;0;0;20.93596718883475;-2.8855721393034823;2.2110655737704916;-74.41379310344827;5.0176069928876114e-05;0.0;82.10335061187409;10.153369315449153;7.743280072676749;0.0;0.0;Dense, Faible conso, Croissance modérée
530;530;Gannat;1;11;8;Petite;58005;8845;66850;-46;7880;7834;89789757;46624;11381;0;8845;0;0;87.24825928641282;-0.583756345177665;7.404263466938984;-1260.9782608695652;0.000744516994293681;69.74420344053853;17.024682124158563;0.0;13.231114435302919;0.0;0.0;Peu dense, Forte conso, Croissance modérée
531;531;Châteauneuf-du-Faou;1;11;5;Petite;28846;68;28914;-80;7859;7779;218054220;2010;26371;465;68;0;0;35.67461340578504;-1.0179412138948976;3.708188713202211;-360.575;0.00013260004782296808;6.951649719858892;91.20495261810888;1.608217472504669;0.2351801895275645;0.0;0.0;Dense, Faible conso, Croissance modérée
532;532;Chauffailles;1;11;9;Petite;49626;259;49885;-140;7803;7663;101488353;7268;42019;338;259;0;1;75.50620118941136;-1.7941817249775727;6.476053764844056;-354.4714285714286;0.0004915342354604967;14.569509872707226;84.2317329858675;0.6775583842838528;0.5191941465370352;0.0;0.0020046106043900974;Dense, Faible conso, Croissance modérée
533;533;Pontorson;1;11;5;Petite;25497;743;26240;-41;7737;7696;133858509;0;25497;0;743;0;0;57.49354342502052;-0.529921158071604;3.3130197505197505;-621.8780487804878;0.00019602788194809492;0.0;97.16844512195122;0.0;2.8315548780487805;0.0;0.0;Dense, Faible conso, Croissance modérée
534;534;Brienne-le-Château;1;11;30;Petite;14446;0;14446;-537;7952;7415;321903408;2772;11674;0;0;0;0;23.03486019632324;-6.753018108651912;1.9482130815913687;-26.901303538175046;4.487681596710526e-05;19.188702755087913;80.81129724491208;0.0;0.0;0.0;0.0;Dense, Faible conso, Croissance modérée
535;535;Brou;1;11;7;Petite;39213;105;39318;-352;7816;7464;187499881;8000;31213;0;105;0;0;39.8080252648267;-4.503582395087001;5.253617363344051;-111.40056818181819;0.0002096961330871458;20.346914899028434;79.38603184292181;0.0;0.26705325804974817;0.0;0.0;Dense, Faible conso, Croissance modérée
536;536;Saint-Vincent-de-Tyrosse;1;11;1;Petite;7899;609;8508;81;7717;7798;20855473;0;7899;0;609;0;0;373.90664790963984;1.0496306854995463;1.012952038984355;97.51851851851852;0.0004079504694043621;0.0;92.84203102961918;0.0;7.157968970380818;0.0;0.0;Dense, Faible conso, Croissance modérée
537;537;Sarre-Union;1;11;12;Petite;31387;80;31467;-251;7753;7502;126332677;12377;19010;0;80;0;0;59.38289426099947;-3.23745646846382;4.183817648627032;-125.04780876494024;0.00024908044970819385;39.333269774684595;60.4124956303429;0.0;0.2542345949725109;0.0;0.0;Dense, Faible conso, Croissance modérée
538;538;Pluvigner;1;11;1;Petite;21507;29;21536;263;7394;7657;83010218;0;21507;0;29;0;0;92.24165632235781;3.556938057884772;2.8088024030299072;81.77566539923954;0.0002594379405195635;0.0;99.86534175334324;0.0;0.13465824665676077;0.0;0.0;Dense, Faible conso, Croissance modérée
539;539;Argenton-sur-Creuse;1;11;7;Petite;27305;0;27305;-159;7579;7420;131871355;5130;22175;0;0;0;0;56.26695805165573;-2.097902097902098;3.679919137466307;-171.72955974842768;0.00020705785574130181;18.787767808093754;81.21223219190624;0.0;0.0;0.0;0.0;Dense, Faible conso, Croissance modérée
540;540;Propriano;1;11;13;Petite;90286;943;91229;165;7312;7477;239470571;0;80206;0;943;0;10080;31.223043269062067;2.2565645514223194;12.075163835763007;547.1878787878788;0.00038096121631580357;0.0;87.91721930526477;0.0;1.0336625415164038;0.0;11.049118153218823;Peu dense, Forte conso, Croissance modérée
541;541;Morhange;1;11;22;Petite;19957;0;19957;-275;7640;7365;175228791;261;19696;0;0;0;0;42.03076422526935;-3.599476439790576;2.7097080787508485;-72.5709090909091;0.00011389110137728451;1.3078117953600241;98.69218820463998;0.0;0.0;0.0;0.0;Dense, Faible conso, Croissance modérée
542;542;Thiviers;1;11;10;Petite;20233;0;20233;-135;7608;7473;200065656;1520;18713;0;0;0;0;37.35273784322083;-1.774447949526814;2.7074802622775325;-149.8740740740741;0.00010113180045254744;7.51247961251421;92.48752038748579;0.0;0.0;0.0;0.0;Dense, Faible conso, Croissance modérée
543;543;Eauze;1;11;12;Petite;85073;1248;86321;201;7321;7522;251350870;11907;69787;0;1248;0;3379;29.926293869601487;2.745526567408824;11.309890986439777;423.2487562189055;0.0003434282920922454;13.793862443669557;80.845912350413;0.0;1.4457663836146475;0.0;3.9144588223028;Peu dense, Forte conso, Croissance modérée
544;544;Machecoul-Saint-Même;1;11;1;Petite;6787;734;7521;311;7315;7626;85617732;3625;3162;0;734;0;0;89.07033416862758;4.251537935748462;0.8899816417519014;21.823151125401928;8.784395269895727e-05;48.198377875282546;42.04228161148784;0.0;9.759340513229624;0.0;0.0;Dense, Faible conso, Croissance modérée
545;545;Montmirail;1;11;19;Petite;2061;6;2067;-7;7470;7463;284698336;1200;861;0;6;0;0;26.213711343925805;-0.09370816599732262;0.2761624011791505;-294.42857142857144;7.260316407328774e-06;58.055152394775035;41.654571843251084;0.0;0.29027576197387517;0.0;0.0;Dense, Faible conso, Croissance modérée
546;546;Langeac;1;11;14;Petite;33959;0;33959;-523;7640;7117;266573559;0;33959;0;0;0;0;26.69807173186295;-6.845549738219896;4.771532949276381;-64.93116634799235;0.00012739072895072838;0.0;100.0;0.0;0.0;0.0;0.0;Dense, Faible conso, Croissance modérée
547;547;Fruges;1;11;22;Petite;25027;24;25051;-89;7459;7370;182216010;1860;6549;0;24;0;16618;40.44650083162286;-1.1931894355811772;3.3957937584803255;-281.2022471910112;0.00013747968688371565;7.424853299269491;26.14266895533112;0.0;0.0958045587002515;0.0;66.33667318669913;Dense, Faible conso, Croissance modérée
548;548;Saint-Mihiel;1;11;17;Petite;3476;0;3476;-265;7516;7251;238743305;505;1981;990;0;0;0;30.37153230328281;-3.5258116019159127;0.47938215418562957;-13.116981132075471;1.4559570581466148e-05;14.52819332566168;56.99079401611047;28.48101265822785;0.0;0.0;0.0;Dense, Faible conso, Croissance modérée
549;549;Cavalaire-sur-Mer;1;11;1;Petite;6458;0;6458;476;7166;7642;16937445;0;5731;727;0;0;0;451.1896569996242;6.642478370080938;0.845066736456425;13.567226890756302;0.0003812853709635662;0.0;88.74264478166614;11.25735521833385;0.0;0.0;0.0;Dense, Faible conso, Croissance modérée
550;550;Morzine;1;11;8;Petite;29652;665;30317;417;7159;7576;176484321;3129;26209;11;665;0;303;42.927326105076496;5.824835870931695;3.913938753959873;71.10791366906474;0.0001717829653547524;10.320942045716924;86.44984662070785;0.03628327341095755;2.1934888016624337;0.0;0.9994392585018306;Dense, Faible conso, Croissance modérée
551;551;Josselin;1;11;4;Petite;43329;4079;47408;-97;7313;7216;162956675;24;43304;0;4079;0;1;44.281708619791125;-1.3264050321345549;6.004573170731708;-446.69072164948454;0.00029092395263955893;0.05062436719541006;91.34323320958488;0.0;8.604033074586567;0.0;0.0021093486331420857;Dense, Faible conso, Croissance modérée
552;552;Charmes;1;11;10;Petite;14615;0;14615;18;7192;7210;99148257;4451;10164;0;0;0;0;72.71938224794008;0.25027808676307006;2.0270457697642166;811.9444444444445;0.00014740551616555399;30.455011973999312;69.54498802600068;0.0;0.0;0.0;0.0;Dense, Faible conso, Croissance modérée
553;553;Thizy-les-Bourgs;1;11;2;Petite;56442;1840;58282;-284;7435;7151;55891875;410;56032;0;1840;0;0;127.94346226531137;-3.8197713517148624;7.892882114389596;-198.7394366197183;0.0010427633712413477;0.703476201914828;96.13945986754058;0.0;3.1570639305445938;0.0;0.0;Peu dense, Forte conso, Croissance modérée
554;554;La Loupe;1;11;8;Petite;29435;7250;36685;-333;7451;7118;95047265;617;28818;0;7250;0;0;74.88905651309378;-4.469198765266407;4.13529081202585;-88.3933933933934;0.0003859658665612314;1.6818863295624913;78.55526782063514;0.0;19.76284584980237;0.0;0.0;Dense, Faible conso, Croissance modérée
555;555;Saint-Satur - Sancerre;1;11;14;Petite;34293;64;34357;-412;7400;6988;205210780;5147;28565;581;64;0;0;34.05279196346313;-5.5675675675675675;4.907412707498569;-83.23543689320388;0.0001674229784614629;14.980935471665163;83.14171784498065;1.6910673225252495;0.18627936082894317;0.0;0.0;Dense, Faible conso, Croissance modérée
556;556;Pleslin-Trigavou;1;11;2;Petite;24420;9496;33916;935;6888;7823;63840756;0;20375;0;9496;0;4045;122.53927569404097;13.574332171893147;3.121564617154544;26.11764705882353;0.0005312593729309847;0.0;60.07489090694658;0.0;27.998584738766365;0.0;11.926524354287062;Dense, Faible conso, Croissance modérée
557;557;Locminé;1;11;2;Petite;26445;4618;31063;423;6908;7331;36193761;0;26445;0;4618;0;0;202.5487210350977;6.1233352634626526;3.6072841358614105;62.5177304964539;0.0008582418389732971;0.0;85.13343849595982;0.0;14.866561504040178;0.0;0.0;Dense, Faible conso, Croissance modérée
558;558;Uzerche;1;11;8;Petite;30533;0;30533;-11;7123;7112;232920609;0;30533;0;0;0;0;30.53400912239586;-0.1544293134915064;4.293166479190101;-2775.7272727272725;0.00013108758443955467;0.0;100.0;0.0;0.0;0.0;0.0;Dense, Faible conso, Croissance modérée
559;559;Rouffach;1;11;2;Petite;12821;16889;29710;-323;6889;6566;60124261;0;7582;5239;16889;0;0;109.20716347765173;-4.688634054289447;1.9526347852573864;-39.693498452012385;0.0004941432876821555;0.0;25.52002692696062;17.63379333557725;56.84617973746213;0.0;0.0;Dense, Faible conso, Croissance modérée
560;560;Gaillon;1;11;1;Petite;0;0;0;-226;7059;6833;10363761;0;0;0;0;0;0;659.316632253484;-3.2015866270009914;0.0;-0.0;0.0;;;;;;;Dense, Faible conso, Croissance modérée
561;561;Longué-Jumelles;1;11;2;Petite;22389;0;22389;-70;6951;6881;101730948;12902;9487;0;0;0;0;67.6392006098282;-1.0070493454179255;3.2537421886353726;-319.84285714285716;0.0002200805206297694;57.62651301978651;42.3734869802135;0.0;0.0;0.0;0.0;Dense, Faible conso, Croissance modérée
562;562;Vervins;1;11;21;Petite;2533;0;2533;-148;6991;6843;178256667;419;2114;0;0;0;0;38.38846599774021;-2.1170075811757973;0.3701592868624872;-17.114864864864863;1.4209847197468357e-05;16.54165021713383;83.45834978286616;0.0;0.0;0.0;0.0;Dense, Faible conso, Croissance modérée
563;563;La Charité-sur-Loire;1;11;4;Petite;21297;0;21297;-445;7039;6594;103535070;0;21297;0;0;0;0;63.68856465736682;-6.321920727376047;3.22975432211101;-47.858426966292136;0.00020569841697117702;0.0;100.0;0.0;0.0;0.0;0.0;Dense, Faible conso, Croissance modérée
564;564;Barcelonnette;1;11;11;Petite;4872;512;5384;-310;6989;6679;888174950;2318;2554;0;512;0;0;7.519914854612821;-4.435541565316926;0.7294505165443929;-15.716129032258065;6.061868779343529e-06;43.053491827637444;47.43684992570579;0.0;9.50965824665676;0.0;0.0;Dense, Faible conso, Croissance modérée
565;565;Amplepuis;1;11;3;Petite;8169;679;8848;-55;6802;6747;77256885;0;8169;0;679;0;0;87.33202225277398;-0.8085857100852691;1.210760337927968;-148.52727272727273;0.00011452700946977088;0.0;92.32594936708861;0.0;7.674050632911393;0.0;0.0;Dense, Faible conso, Croissance modérée
566;566;Amélie-les-Bains-Palalda;1;11;6;Petite;7349;0;7349;137;6900;7037;156102632;0;7349;0;0;0;0;45.079316792044864;1.9855072463768115;1.044337075458292;53.64233576642336;4.7078001862262005e-05;0.0;100.0;0.0;0.0;0.0;0.0;Dense, Faible conso, Croissance modérée
567;567;Quiberon;1;11;2;Petite;6326;19;6345;-260;7064;6804;16821343;0;6326;0;19;0;0;404.48613407383704;-3.680634201585504;0.9297472075249853;-24.33076923076923;0.00037719937106091945;0.0;99.70055161544524;0.0;0.2994483845547675;0.0;0.0;Dense, Faible conso, Croissance modérée
568;568;Blancs-Coteaux;1;11;11;Petite;63174;12;63186;-342;6912;6570;203204276;48710;14464;0;12;0;0;32.33199679321709;-4.947916666666666;9.61552511415525;-184.71929824561403;0.00031094818103138733;77.08986167821986;22.89114677301934;0.0;0.018991548760801443;0.0;0.0;Peu dense, Forte conso, Croissance modérée
569;569;Montoire-sur-le-Loir;1;11;11;Petite;33177;3842;37019;-266;6814;6548;179461843;6146;26302;0;3842;0;729;36.48686478718488;-3.903727619606692;5.066737935247404;-124.72556390977444;0.00020627783255296224;16.602285312947405;71.05000135065777;0.0;10.37845430724763;0.0;1.9692590291471948;Dense, Faible conso, Croissance modérée
570;570;Marckolsheim;1;11;4;Petite;57560;6307;63867;155;6605;6760;62685359;49574;7986;0;6307;0;0;107.84017365203253;2.34670704012112;8.514792899408285;371.35483870967744;0.0010188503506855565;77.62068047661546;12.504110103809479;0.0;9.875209419575054;0.0;0.0;Peu dense, Forte conso, Croissance modérée
571;571;Bohain-en-Vermandois;1;11;3;Petite;0;0;0;-26;6665;6639;48878264;0;0;0;0;0;0;135.82724623771418;-0.3900975243810953;0.0;-0.0;0.0;;;;;;;Dense, Faible conso, Croissance modérée
572;572;Plateau d'Hauteville;1;11;6;Petite;13539;0;13539;-294;6825;6531;200860558;0;13539;0;0;0;0;32.51509437706531;-4.3076923076923075;2.073036288470372;-46.05102040816327;6.740497056669533e-05;0.0;100.0;0.0;0.0;0.0;0.0;Dense, Faible conso, Croissance modérée
573;573;Carignan;1;11;12;Petite;1037;0;1037;-336;6677;6341;102745803;0;1037;0;0;0;0;61.715416249167866;-5.032200089860716;0.16353887399463807;-3.0863095238095237;1.0092869681499302e-05;0.0;100.0;0.0;0.0;0.0;0.0;Dense, Faible conso, Croissance modérée
574;574;Saint-Calais;1;11;10;Petite;11896;42313;54209;-409;6699;6290;209166516;2158;9738;0;42313;0;0;30.071734808644038;-6.105388864009554;1.891255961844197;-29.08557457212714;0.00025916672054718357;3.9808887823055215;17.96380674795698;0.0;78.0553044697375;0.0;0.0;Dense, Faible conso, Croissance modérée
575;575;Pons;1;11;8;Petite;32025;86;32111;46;6402;6448;95624428;0;32025;0;86;0;0;67.43046870826772;0.718525460793502;4.966656327543424;696.195652173913;0.00033580331586401753;0.0;99.7321790040796;0.0;0.2678209959204011;0.0;0.0;Dense, Faible conso, Croissance modérée
576;576;Blangy-sur-Bresle;1;11;8;Petite;20172;153;20325;-264;6528;6264;67965119;0;20172;0;153;0;0;92.16492359853001;-4.044117647058823;3.2203065134099615;-76.4090909090909;0.0002990504585153452;0.0;99.24723247232473;0.0;0.7527675276752768;0.0;0.0;Dense, Faible conso, Croissance modérée
577;577;Beuzeville;1;11;5;Petite;63099;1495;64594;373;6174;6547;56148236;29451;33148;500;1495;0;0;116.60206030337267;6.041464204729511;9.63784939667023;169.1662198391421;0.0011504190443311522;45.594018020249564;51.31745982599003;0.7740657026968449;2.3144564510635663;0.0;0.0;Peu dense, Forte conso, Croissance modérée
578;578;Carnac;1;11;2;Petite;17553;6;17559;121;6350;6471;52331457;0;17553;0;6;0;0;123.65411496186701;1.9055118110236218;2.7125637459434397;145.06611570247935;0.0003355343230745515;0.0;99.96582948915086;0.0;0.03417051084913719;0.0;0.0;Dense, Faible conso, Croissance modérée
579;579;Arbois;1;11;16;Petite;18325;1655;19980;-190;6498;6308;149224893;7443;6658;4224;1655;0;0;42.271767619897034;-2.923976608187134;2.9050412175015854;-96.44736842105263;0.00013389187017208984;37.252252252252255;33.32332332332332;21.14114114114114;8.283283283283284;0.0;0.0;Dense, Faible conso, Croissance modérée
580;580;Les Abrets en Dauphiné;1;11;1;Petite;28910;327;29237;-1;6440;6439;27585744;7099;21811;0;327;0;0;233.41766674844806;-0.015527950310559006;4.489827612983382;-28910.0;0.0010598590344345978;24.280876970961454;74.6006772240654;0.0;1.1184458049731505;0.0;0.0;Dense, Faible conso, Croissance modérée
581;581;Nonancourt - Saint-Lubin-des-Joncherets;1;11;2;Petite;0;0;0;-78;6379;6301;21753447;0;0;0;0;0;0;289.6552440631593;-1.2227621884307884;0.0;-0.0;0.0;;;;;;;Dense, Faible conso, Croissance modérée
582;582;Charolles;1;11;12;Petite;65965;1915;67880;48;6241;6289;198758348;16739;48675;551;1915;0;0;31.641438275588804;0.7691075148213428;10.488948958498966;1374.2708333333333;0.0003415202464854457;24.659693576900413;71.70742486741308;0.8117265763111373;2.8211549793753683;0.0;0.0;Peu dense, Forte conso, Croissance modérée
583;583;Lectoure;1;11;13;Petite;31446;0;31446;-58;6305;6247;244106900;4279;27167;0;0;0;0;25.59124711345726;-0.9199048374306107;5.0337762125820396;-542.1724137931035;0.00012882061097002994;13.60745404820963;86.39254595179037;0.0;0.0;0.0;0.0;Dense, Faible conso, Croissance modérée
584;584;Revin;1;11;1;Petite;11435;0;11435;-761;6586;5825;38742224;0;11435;0;0;0;0;150.35275207742333;-11.5548132402065;1.9630901287553648;-15.026281208935611;0.0002951560034343924;0.0;100.0;0.0;0.0;0.0;0.0;Dense, Faible conso, Croissance modérée
585;585;Morestel;1;11;3;Petite;35398;362;35760;180;6034;6214;32487797;1482;33741;175;362;0;0;191.2718181537517;2.9830957905203843;5.6964917927261025;196.65555555555557;0.0011007209876372965;4.144295302013423;94.35402684563758;0.4893736017897092;1.012304250559284;0.0;0.0;Dense, Faible conso, Croissance modérée
586;586;Breteuil;1;11;5;Petite;635;0;635;-459;6409;5950;58840683;0;635;0;0;0;0;101.1205121463325;-7.161803713527852;0.10672268907563025;-1.383442265795207;1.0791852976961534e-05;0.0;100.0;0.0;0.0;0.0;0.0;Dense, Faible conso, Croissance modérée
587;587;Banyuls-sur-Mer;1;11;2;Petite;1111;28;1139;-68;6130;6062;51276628;0;1111;0;28;0;0;118.22150239676446;-1.1092985318107667;0.18327284724513362;-16.33823529411765;2.2212849097643474e-05;0.0;97.54170324846356;0.0;2.4582967515364356;0.0;0.0;Dense, Faible conso, Croissance modérée
588;588;Saint-Aignan;1;11;5;Petite;24408;53;24461;-181;6209;6028;106891609;8053;15971;384;53;0;0;56.39357528989951;-2.9151232082460945;4.0491041804910415;-134.85082872928177;0.00022883929083713204;32.92179387596582;65.29168881075998;1.5698458771105026;0.21667143616368917;0.0;0.0;Dense, Faible conso, Croissance modérée
589;589;Sarrians;1;11;1;Petite;3961;0;3961;136;5894;6030;37583657;0;3961;0;0;0;0;160.44207725714398;2.307431286053614;0.6568822553897181;29.125;0.00010539155356808413;0.0;100.0;0.0;0.0;0.0;0.0;Dense, Faible conso, Croissance modérée
590;590;Domfront en Poiraie;1;11;8;Petite;13562;0;13562;-243;6245;6002;138440833;5508;6023;2031;0;0;0;43.35426094987452;-3.89111289031225;2.259580139953349;-55.81069958847737;9.796242702469148e-05;40.613478837929506;44.41085385636337;14.975667305707121;0.0;0.0;0.0;Dense, Faible conso, Croissance modérée
591;591;Cours;1;11;4;Petite;5925;0;5925;-290;6249;5959;62939453;1297;4628;0;0;0;0;94.67829343861632;-4.640742518803009;0.9942943446887061;-20.43103448275862;9.413809173079403e-05;21.890295358649787;78.1097046413502;0.0;0.0;0.0;0.0;Dense, Faible conso, Croissance modérée
592;592;Mallemort;1;11;1;Petite;10072;297;10369;212;5972;6184;28617206;2496;7576;0;297;0;0;216.09377239692793;3.5498995311453454;1.628719275549806;47.509433962264154;0.0003623344640982771;24.0717523387019;73.06394059214968;0.0;2.864307069148423;0.0;0.0;Dense, Faible conso, Croissance modérée
593;593;Sainte-Sigolène;1;11;1;Petite;25067;88;25155;71;5952;6023;30642376;6004;19063;0;88;0;0;196.55786483398023;1.1928763440860215;4.161879462062095;353.056338028169;0.000820921980723688;23.868018286622938;75.7821506658716;0.0;0.3498310475054661;0.0;0.0;Dense, Faible conso, Croissance modérée
594;594;Salies-de-Béarn;1;11;6;Petite;9814;259;10073;-154;5998;5844;93611127;69;9648;0;259;0;97;62.42847605071564;-2.5675225075025008;1.6793292265571527;-63.72727272727273;0.00010760472951041386;0.6849995036235481;95.78080015884046;0.0;2.571230020847811;0.0;0.9629703166881763;Dense, Faible conso, Croissance modérée
595;595;Sées;1;11;7;Petite;30316;7128;37444;-87;5995;5908;125332289;0;28816;1500;7128;0;0;47.13869065297291;-1.4512093411175981;5.131347325660122;-348.4597701149425;0.00029875780853248437;0.0;76.95759000106827;4.005982266851832;19.036427732079904;0.0;0.0;Dense, Faible conso, Croissance modérée
596;596;Chazelles-sur-Lyon;1;11;2;Petite;50890;2122;53012;268;5613;5881;23054928;26048;24842;0;2122;0;0;255.08646134136703;4.774630322465705;8.653290256759055;189.88805970149255;0.002299378250064368;49.136044669131515;46.861088055534594;0.0;4.0028672753338865;0.0;0.0;Dense, Faible conso, Croissance modérée
597;597;Phalsbourg;1;11;3;Petite;22377;299;22676;-89;5850;5761;21932478;13345;9032;0;299;0;0;262.6698177925905;-1.5213675213675215;3.88422148932477;-251.42696629213484;0.0010339005013478184;58.850767331098965;39.83065796436761;0.0;1.3185747045334273;0.0;0.0;Dense, Faible conso, Croissance modérée
598;598;Fayence;1;11;1;Petite;43407;887;44294;168;5602;5770;27784255;10490;32917;0;887;0;0;207.67157514210834;2.9989289539450197;7.522876949740034;258.375;0.0015942122615848436;23.682665823813608;74.31480561701359;0.0;2.0025285591728;0.0;0.0;Dense, Faible conso, Croissance modérée
599;599;Argentat-sur-Dordogne;1;11;12;Petite;36005;0;36005;-230;5883;5653;225916614;157;35848;0;0;0;0;25.022506755523523;-3.9095699473057968;6.36918450380329;-156.54347826086956;0.00015937296227359356;0.4360505485349257;99.56394945146508;0.0;0.0;0.0;0.0;Dense, Faible conso, Croissance modérée
600;600;Lapalisse;1;11;9;Petite;73223;0;73223;28;5708;5736;178339908;0;73223;0;0;0;0;32.16330020760132;0.4905395935529082;12.765516039051604;2615.1071428571427;0.0004105811246689664;0.0;100.0;0.0;0.0;0.0;0.0;Peu dense, Forte conso, Croissance modérée
601;601;Nogaro;1;11;18;Petite;91587;7536;99123;142;5690;5832;201834359;40436;50371;211;7536;0;569;28.8949811563055;2.495606326889279;15.704218106995885;644.9788732394367;0.0004911106339431534;40.79376128648245;50.8166621268525;0.21286684220614793;7.602675463817681;0.0;0.5740342806412235;Peu dense, Forte conso, Croissance modérée
602;602;Villaines-la-Juhel;1;11;8;Petite;32013;8;32021;-357;5853;5496;184596911;20072;11941;0;8;0;0;29.772979245573616;-6.099436186570989;5.824781659388647;-89.67226890756302;0.00017346444112491136;62.68386371443741;37.291152681053056;0.0;0.02498360450954061;0.0;0.0;Dense, Faible conso, Croissance modérée
603;603;Fumay;1;11;4;Petite;797;14257;15054;-489;5837;5348;79853872;0;302;0;14257;0;495;66.972331661012;-8.377591228370738;0.14902767389678384;-1.6298568507157465;0.00018851934944369385;0.0;2.006111332536203;0.0;94.70572605287632;0.0;3.288162614587485;Dense, Faible conso, Croissance modérée
604;604;Forges-les-Eaux;1;11;5;Petite;61265;11438;72703;-230;5804;5574;55132363;9837;51428;0;6568;4870;0;101.102142130204;-3.9627842866988283;10.991209185504127;-266.3695652173913;0.0013186991459081846;13.530390767918792;70.7371085099652;0.0;9.034015102540472;6.698485619575534;0.0;Peu dense, Forte conso, Croissance modérée
605;605;Belz;1;11;2;Petite;27627;2864;30491;234;5603;5837;17769312;3118;24509;0;2864;0;0;328.48767583123083;4.176334106728538;4.733082062703444;118.06410256410257;0.0017159358786654204;10.22596831852022;80.3810960611328;0.0;9.392935620346988;0.0;0.0;Dense, Faible conso, Croissance modérée
606;606;Beaumont-de-Lomagne;1;11;11;Petite;8059;0;8059;87;5566;5653;156217270;0;8059;0;0;0;0;36.186780117204705;1.5630614444843693;1.4256147178489298;92.63218390804597;5.1588406326650055e-05;0.0;100.0;0.0;0.0;0.0;0.0;Dense, Faible conso, Croissance modérée
607;607;Saint-Fulgent;1;11;2;Petite;39877;85;39962;198;5557;5755;57219402;6145;32632;0;85;0;1100;100.57777255344261;3.5630736008637753;6.929105125977411;201.3989898989899;0.000698399469466668;15.377108252840198;81.65757469596116;0.0;0.21270206696361546;0.0;2.752614984235023;Dense, Faible conso, Croissance modérée
608;608;Port-la-Nouvelle;1;11;1;Petite;1281;3045;4326;270;5635;5905;37472726;0;1281;0;3045;0;0;157.5812765796649;4.791481810115351;0.21693480101608806;4.7444444444444445;0.00011544396316403563;0.0;29.61165048543689;0.0;70.3883495145631;0.0;0.0;Dense, Faible conso, Croissance modérée
609;609;Miramont-de-Guyenne;1;11;5;Petite;24395;123;24518;-180;5521;5341;64369000;0;11361;5039;123;0;7995;82.97472385775761;-3.260278934975548;4.567496723460026;-135.52777777777777;0.00038089763706131835;0.0;46.33738477853006;20.55224732849335;0.5016722408026756;0.0;32.608695652173914;Dense, Faible conso, Croissance modérée
610;610;Bruyères;1;11;8;Petite;3378;0;3378;-229;5591;5362;67023185;0;3378;0;0;0;0;80.00216641450268;-4.095868359864068;0.6299888101454681;-14.751091703056769;5.0400469628532276e-05;0.0;100.0;0.0;0.0;0.0;0.0;Dense, Faible conso, Croissance modérée
611;611;Reichshoffen;1;11;1;Petite;3195;0;3195;-9;5425;5416;17079586;0;3195;0;0;0;0;317.1037049727084;-0.16589861751152074;0.5899187592319055;-355.0;0.00018706542418534032;0.0;100.0;0.0;0.0;0.0;0.0;Dense, Faible conso, Croissance modérée
612;612;Laragne-Montéglin;1;11;10;Petite;16181;953;17134;94;5320;5414;175782729;6002;8710;0;953;0;1469;30.799385302523095;1.7669172932330828;2.9887329146656816;172.13829787234042;9.74726021007445e-05;35.02976537877904;50.834597875569045;0.0;5.562040387533559;0.0;8.573596358118362;Dense, Faible conso, Croissance modérée
613;613;Morcenx-la-Nouvelle;1;11;2;Petite;30336;0;30336;-135;5422;5287;165877391;3764;26572;0;0;0;0;31.872939212071405;-2.4898561416451495;5.737847550595801;-224.7111111111111;0.00018288206618827276;12.407700421940929;87.59229957805907;0.0;0.0;0.0;0.0;Dense, Faible conso, Croissance modérée
614;614;Solesmes;1;11;2;Petite;4548;407;4955;-150;5429;5279;30723658;393;4155;0;407;0;0;171.8219881239402;-2.7629397679130596;0.8615268043189999;-30.32;0.00016127636884904787;7.931382441977799;83.85469223007064;0.0;8.213925327951564;0.0;0.0;Dense, Faible conso, Croissance modérée
615;615;Cugand;1;11;2;Petite;19518;1205;20723;347;5163;5510;28483302;1994;17524;0;1205;0;0;193.44667272074005;6.720898702304861;3.5422867513611616;56.247838616714695;0.0007275490741909066;9.622158953819428;84.56304589103894;0.0;5.8147951551416295;0.0;0.0;Dense, Faible conso, Croissance modérée
616;616;Vic-Fezensac;1;11;11;Petite;20998;0;20998;-33;5371;5338;187169915;0;20998;0;0;0;0;28.51954065374235;-0.6144107242599143;3.933683027351068;-636.3030303030303;0.00011218683301747505;0.0;100.0;0.0;0.0;0.0;0.0;Dense, Faible conso, Croissance modérée
617;617;Modane;1;11;6;Petite;2528;10181;12709;-221;5402;5181;192512293;925;673;0;10181;0;930;26.91256708474196;-4.091077378748611;0.4879366917583478;-11.438914027149321;6.601656342018637e-05;7.278306711779055;5.295459910299787;0.0;80.10858446770006;0.0;7.317648910221103;Dense, Faible conso, Croissance modérée
618;618;Lacaune;1;11;11;Petite;17181;4;17185;40;5213;5253;385812228;0;17028;0;4;0;153;13.615431597984498;0.7673124880107424;3.270702455739577;429.525;4.4542393301230466e-05;0.0;99.08641256910096;0.0;0.023276112889147514;0.0;0.8903113180098924;Dense, Faible conso, Croissance modérée
619;619;Venarey-les-Laumes;1;11;10;Petite;18751;0;18751;-204;5270;5066;137416501;14275;4476;0;0;0;0;36.86602382635255;-3.870967741935484;3.7013422818791946;-91.91666666666667;0.00013645377275324453;76.12927310543438;23.87072689456562;0.0;0.0;0.0;0.0;Dense, Faible conso, Croissance modérée
620;620;Salbris;1;11;1;Petite;2044;0;2044;-473;5398;4925;106405944;0;2044;0;0;0;0;46.2850082886347;-8.762504631344942;0.4150253807106599;-4.321353065539112;1.9209453186186666e-05;0.0;100.0;0.0;0.0;0.0;0.0;Dense, Faible conso, Croissance modérée
621;621;Gourin;1;11;3;Petite;12768;627;13395;-341;5416;5075;131304349;2662;10106;0;627;0;0;38.65066190610335;-6.296159527326441;2.515862068965517;-37.442815249266864;0.00010201489975019792;19.87308697275103;75.44606196341918;0.0;4.680851063829787;0.0;0.0;Dense, Faible conso, Croissance modérée
622;622;Mourmelon-le-Grand;1;11;1;Petite;7025;0;7025;-216;5379;5163;23518863;2029;4996;0;0;0;0;219.52591840855573;-4.015616285554936;1.3606430369939957;-32.523148148148145;0.0002986964123223134;28.88256227758007;71.11743772241994;0.0;0.0;0.0;0.0;Dense, Faible conso, Croissance modérée
623;623;Bonneval;1;11;1;Petite;9193;477;9670;-78;4919;4841;28837272;6864;2329;0;477;0;0;167.87302210833258;-1.5856881479975604;1.8989878124354471;-117.85897435897436;0.00033532991608915016;70.98241985522233;24.08479834539814;0.0;4.932781799379525;0.0;0.0;Dense, Faible conso, Croissance modérée
624;624;Le Lude;1;11;3;Petite;11692;0;11692;-380;5258;4878;98345593;6910;4782;0;0;0;0;49.60059572776179;-7.227082540890073;2.3968839688396884;-30.768421052631577;0.00011888687274477058;59.100239479986314;40.899760520013686;0.0;0.0;0.0;0.0;Dense, Faible conso, Croissance modérée
625;625;La Voulte-sur-Rhône;1;11;1;Petite;1457;0;1457;-296;5124;4828;9922340;1457;0;0;0;0;0;486.5787707335165;-5.776736924277908;0.30178127589063797;-4.922297297297297;0.0001468403622532588;100.0;0.0;0.0;0.0;0.0;0.0;Dense, Faible conso, Croissance modérée
626;626;Saint-Loup-sur-Semouse;1;11;10;Petite;7896;35;7931;-343;5098;4755;83424926;2827;5069;0;35;0;0;56.99735352477268;-6.728128677912908;1.6605678233438486;-23.020408163265305;9.506751015877437e-05;35.64493758668516;63.913756146765856;0.0;0.44130626654898497;0.0;0.0;Dense, Faible conso, Croissance modérée
627;627;Dompierre-sur-Besbre;1;11;3;Petite;22757;0;22757;-133;5030;4897;96964459;3997;18646;0;0;0;114;50.50304050064364;-2.644135188866799;4.647130896467225;-171.10526315789474;0.00023469423987607666;17.56382651491849;81.93522872083315;0.0;0.0;0.0;0.5009447642483632;Dense, Faible conso, Croissance modérée
628;628;Sommières;1;11;1;Petite;25144;2;25146;409;4644;5053;10381065;16200;8944;0;2;0;0;486.75160014892504;8.807062876830319;4.976053829408272;61.47677261613692;0.002422294822352042;64.42376521116678;35.56828123757258;0.0;0.007953551260637876;0.0;0.0;Dense, Faible conso, Croissance modérée
629;629;Étain;1;11;5;Petite;0;0;0;-181;4940;4759;61047836;0;0;0;0;0;0;77.95526118239474;-3.6639676113360324;0.0;-0.0;0.0;;;;;;;Dense, Faible conso, Croissance modérée
630;630;Cany-Barville;1;11;6;Petite;3350;715;4065;-13;4831;4818;41412137;0;3350;0;715;0;0;116.34270407248;-0.2690954253777686;0.6953092569530925;-257.6923076923077;9.815962890299528e-05;0.0;82.41082410824109;0.0;17.589175891758916;0.0;0.0;Dense, Faible conso, Croissance modérée
631;631;Sillé-le-Guillaume;1;11;5;Petite;7289;85;7374;-200;4881;4681;80050375;0;7289;0;85;0;0;58.475678596133996;-4.097520999795124;1.5571459089938047;-36.445;9.211699507966077e-05;0.0;98.84730132899377;0.0;1.1526986710062381;0.0;0.0;Dense, Faible conso, Croissance modérée
632;632;L'Île-d'Yeu;1;11;1;Petite;18759;1185;19944;167;4703;4870;23866877;4736;14023;0;1185;0;0;204.04848108112344;3.550924941526685;3.8519507186858317;112.32934131736526;0.0008356350937745227;23.746490172482954;70.31187324508625;0.0;5.941636582430807;0.0;0.0;Dense, Faible conso, Croissance modérée
633;633;Salins-les-Bains;1;11;14;Petite;26636;0;26636;-264;4990;4726;109695282;12313;13823;500;0;0;0;43.08298327725708;-5.290581162324649;5.636055861193398;-100.89393939393939;0.00024281810041748195;46.22691094758973;51.895930319867844;1.877158732542424;0.0;0.0;0.0;Dense, Faible conso, Croissance modérée
634;634;Cerizay;1;11;1;Petite;5364;63;5427;14;4788;4802;18903852;0;5364;0;63;0;0;254.02230190968484;0.29239766081871343;1.1170345689296126;383.14285714285717;0.0002870843466188796;0.0;98.8391376451078;0.0;1.1608623548922055;0.0;0.0;Dense, Faible conso, Croissance modérée
635;635;Varennes-sur-Allier;1;11;3;Petite;3048;0;3048;20;4790;4810;52526533;0;3048;0;0;0;0;91.57276761441689;0.41753653444676403;0.6336798336798337;152.4;5.802781615150575e-05;0.0;100.0;0.0;0.0;0.0;0.0;Dense, Faible conso, Croissance modérée
636;636;Gorron;1;11;7;Petite;10947;564;11511;-123;4822;4699;109675076;257;10690;0;564;0;0;42.844738945063504;-2.550808793031937;2.3296446052351563;-89.0;0.00010495547776050778;2.232647033272522;92.86769177308662;0.0;4.899661193640865;0.0;0.0;Dense, Faible conso, Croissance modérée
637;637;Peyrehorade;1;11;3;Petite;129506;81040;210546;13;4539;4552;38752362;42955;86550;0;81040;0;1;117.46380775447959;0.2864066975104649;;;;20.401717439419414;41.107406457496225;0.0;38.49040114749271;0.0;0.00047495559165218053;
638;638;Saint-Didier-sur-Chalaronne;1;11;2;Petite;18962;0;18962;197;4470;4667;26441721;1182;15526;1037;0;0;1217;176.50137069368517;4.407158836689038;4.0629955003214056;96.25380710659898;0.0007171242749290033;6.2335196709207885;81.87954857082586;5.468832401645396;0.0;0.0;6.418099356607952;Dense, Faible conso, Croissance modérée
639;639;Maubourguet;1;11;13;Petite;18372;67;18439;-278;4712;4434;120414716;0;18372;0;67;0;0;36.82274183165453;-5.899830220713073;4.143437077131258;-66.0863309352518;0.000153129124184456;0.0;99.63663973100493;0.0;0.3633602689950648;0.0;0.0;Dense, Faible conso, Croissance modérée
640;640;Saint-Jean-de-Bournay;1;11;1;Petite;2551;0;2551;59;4596;4655;26826340;0;2551;0;0;0;0;173.52348475416326;1.2837249782419495;0.5480128893662728;43.23728813559322;9.50931062530334e-05;0.0;100.0;0.0;0.0;0.0;0.0;Dense, Faible conso, Croissance modérée
641;641;Saint-Amour;1;11;7;Petite;20824;219;21043;-17;4580;4563;75955936;55;20769;0;219;0;0;60.07430413338597;-0.37117903930131;4.563664255971949;-1224.9411764705883;0.00027704220510165264;0.26136957658128596;98.69790429121323;0.0;1.040726132205484;0.0;0.0;Dense, Faible conso, Croissance modérée
642;642;Saint-Père-en-Retz;1;11;1;Petite;79621;5655;85276;244;4350;4594;63912059;56727;22894;0;5655;0;0;71.88001876140464;5.609195402298851;17.331519373095343;326.3155737704918;0.0013342708924461344;66.52164735681787;26.846944040527234;0.0;6.6314086026549095;0.0;0.0;Peu dense, Forte conso, Croissance modérée
643;643;Isigny-sur-Mer;1;11;5;Petite;34945;344;35289;-260;4708;4448;90377889;0;34945;0;344;0;0;49.21557749595147;-5.52251486830926;7.856339928057554;-134.40384615384616;0.0003904605472694765;0.0;99.02519198617132;0.0;0.9748080138286718;0.0;0.0;Peu dense, Forte conso, Croissance modérée
644;644;Bar-sur-Seine;1;11;7;Petite;9614;0;9614;-239;4638;4399;108574987;6451;3163;0;0;0;0;40.51577735855497;-5.153083225528245;2.1854967037963173;-40.22594142259414;8.854709786886735e-05;67.1000624089869;32.899937591013106;0.0;0.0;0.0;0.0;Dense, Faible conso, Croissance modérée
645;645;Aime-la-Plagne;1;11;1;Petite;8720;1891;10611;12;4421;4433;94085955;992;4956;2772;1891;0;0;47.11649044748496;0.2714318027595567;1.9670651928716445;726.6666666666666;0.00011277985114781478;9.348788992554896;46.70624823296579;26.123833757421544;17.82112901705777;0.0;0.0;Dense, Faible conso, Croissance modérée
646;646;Niederbronn-les-Bains;1;11;1;Petite;1657;0;1657;23;4346;4369;31937873;0;1657;0;0;0;0;136.79683678371444;0.5292222733548091;0.37926298924238955;72.04347826086956;5.188197723749481e-05;0.0;100.0;0.0;0.0;0.0;0.0;Dense, Faible conso, Croissance modérée
647;647;Durtal;1;11;2;Petite;3778;199;3977;12;4364;4376;69428663;0;3778;0;199;0;0;63.02872345388532;0.27497708524289644;0.863345521023766;314.8333333333333;5.728181745340538e-05;0.0;94.99622831279859;0.0;5.003771687201408;0.0;0.0;Dense, Faible conso, Croissance modérée
648;648;Luneray;1;11;8;Petite;43859;201;44060;11;4347;4358;36677711;0;31108;12751;201;0;0;118.81875616501803;0.2530480791350357;10.064020192748968;3987.181818181818;0.0012012745288276032;0.0;70.60372219700409;28.940081706763504;0.45619609623241036;0.0;0.0;Peu dense, Forte conso, Croissance modérée
649;649;Saint-Georges-de-Reneins;1;11;1;Petite;5787;2405;8192;56;4347;4403;27333585;0;5787;0;2405;0;0;161.08388270327512;1.288244766505636;1.3143311378605496;103.33928571428571;0.0002997045575982807;0.0;70.64208984375;0.0;29.35791015625;0.0;0.0;Dense, Faible conso, Croissance modérée
650;650;Steenvoorde;1;11;1;Petite;2185;0;2185;173;4168;4341;30281829;0;2185;0;0;0;0;143.3532961301644;4.15067178502879;0.5033402441833679;12.630057803468208;7.215548307864759e-05;0.0;100.0;0.0;0.0;0.0;0.0;Dense, Faible conso, Croissance modérée
651;651;Saint-Laurent-Nouan;1;11;1;Petite;20717;191;20908;-6;4305;4299;61210291;9727;10945;0;191;0;45;70.2332880593559;-0.13937282229965156;4.819027680856013;-3452.8333333333335;0.0003415765496033992;46.52286206236847;52.34838339391621;0.0;0.9135259230916395;0.0;0.21522862062368472;Dense, Faible conso, Croissance modérée
652;652;Culoz-Béon;1;11;3;Petite;1251;698;1949;2;4353;4355;39933811;0;1251;0;698;0;0;109.05545679073806;0.04594532506317482;0.287256027554535;625.5;4.880576011140034e-05;0.0;64.1867624422781;0.0;35.81323755772191;0.0;0.0;Dense, Faible conso, Croissance modérée
653;653;Brionne;1;11;1;Petite;3063;0;3063;-128;4312;4184;16880125;0;3063;0;0;0;0;247.86546308158265;-2.9684601113172544;0.732074569789675;-23.9296875;0.00018145600225116817;0.0;100.0;0.0;0.0;0.0;0.0;Dense, Faible conso, Croissance modérée
654;654;Mirande;1;11;3;Petite;21554;0;21554;-101;4203;4102;82836982;9189;12365;0;0;0;0;49.518945535702876;-2.4030454437306688;5.254509995124329;-213.40594059405942;0.0002601977942653681;42.63245801243389;57.36754198756612;0.0;0.0;0.0;0.0;Dense, Faible conso, Croissance modérée
655;655;Mazères;1;11;2;Petite;2188;0;2188;72;4045;4117;64911774;0;2188;0;0;0;0;63.42454914265631;1.779975278121137;0.5314549429196016;30.38888888888889;3.370729014431188e-05;0.0;100.0;0.0;0.0;0.0;0.0;Dense, Faible conso, Croissance modérée
656;656;Malestroit;1;11;3;Petite;19798;83;19881;103;3936;4039;23201304;1255;18543;0;83;0;0;174.0850428062147;2.616869918699187;4.901708343649418;192.2135922330097;0.0008568914919609691;6.312559730395856;93.26995623962577;0.0;0.41748402997837136;0.0;0.0;Dense, Faible conso, Croissance modérée
657;657;Bouxwiller;1;11;1;Petite;20295;3151;23446;-320;4056;3736;25938287;99;20196;0;3151;0;0;144.03418390736442;-7.889546351084813;5.43228051391863;-63.421875;0.0009039147419411313;0.42224686513691034;86.13836048792972;0.0;13.43939264693338;0.0;0.0;Dense, Faible conso, Croissance modérée
658;658;Lessay;1;11;4;Petite;51344;110;51454;35;3904;3939;81552063;180;48924;0;110;0;2240;48.30043355249026;0.8965163934426229;13.034780401117034;1466.9714285714285;0.0006309343762401204;0.34982702996851556;95.08298674544253;0.0;0.21378318498075952;0.0;4.353403039608194;Peu dense, Forte conso, Croissance modérée
659;659;Bouchain;1;11;1;Petite;148;23;171;-154;4091;3937;12464295;0;148;0;23;0;0;315.86222887054583;-3.7643607919824005;0.03759207518415037;-0.961038961038961;1.3719187487138262e-05;0.0;86.54970760233918;0.0;13.450292397660817;0.0;0.0;Dense, Faible conso, Croissance modérée
660;660;Suippes;1;11;1;Petite;0;0;0;-89;3970;3881;42391760;0;0;0;0;0;0;91.55081081795142;-2.2418136020151134;0.0;-0.0;0.0;;;;;;;Dense, Faible conso, Croissance modérée
661;661;Tartas;1;11;3;Petite;22335;0;22335;10;3861;3871;48902772;4544;17791;0;0;0;0;79.15706700634476;0.25900025900025897;5.769826918109016;2233.5;0.000456722575971767;20.34475039176181;79.6552496082382;0.0;0.0;0.0;0.0;Dense, Faible conso, Croissance modérée
662;662;Fessenheim;1;11;3;Petite;7567;125;7692;-80;3915;3835;38128745;500;7067;0;125;0;0;100.58028398259633;-2.0434227330779056;1.9731421121251629;-94.5875;0.00020173756046783077;6.500260010400416;91.87467498699948;0.0;1.625065002600104;0.0;0.0;Dense, Faible conso, Croissance modérée
663;663;Plancoët;1;11;2;Petite;9715;3263;12978;-30;3929;3899;21392924;0;9715;0;3263;0;0;182.25652556892175;-0.7635530669381522;2.491664529366504;-323.8333333333333;0.0006066491892365906;0.0;74.8574510710433;0.0;25.1425489289567;0.0;0.0;Dense, Faible conso, Croissance modérée
664;664;Castets;1;11;2;Petite;187058;686;187744;623;3387;4010;172288628;150602;36456;0;686;0;0;23.274896588067325;18.393858872158255;;300.2536115569823;0.0010897062805561375;80.2166780296574;19.417930799386397;0.0;0.36539117095619567;0.0;0.0;
665;665;Tarascon-sur-Ariège;1;11;6;Petite;0;0;0;-311;4078;3767;28611881;0;0;0;0;0;0;131.65859315575932;-7.626287395782246;0.0;-0.0;0.0;;;;;;;Dense, Faible conso, Croissance modérée
666;666;Moréac;1;11;1;Petite;45326;2803;48129;-99;3802;3703;60282927;9804;35522;0;2803;0;0;61.42701066920655;-2.6038926880589166;12.240345665676479;-457.83838383838383;0.0007983852542528335;20.370254939849154;73.80581354277047;0.0;5.823931517380373;0.0;0.0;Peu dense, Forte conso, Croissance modérée
667;667;Broons;1;11;2;Petite;7568;211;7779;51;3646;3697;50591657;0;7568;0;211;0;0;73.07528986449287;1.398793198025233;2.0470651879902624;148.3921568627451;0.00015376053012060862;0.0;97.28756909628487;0.0;2.7124309037151306;0.0;0.0;Dense, Faible conso, Croissance modérée
668;668;Tréguier;1;11;2;Petite;2288;0;2288;-104;3569;3465;13191692;500;1689;0;0;0;99;262.6653199604721;-2.9139815074250492;0.6603174603174603;-22.0;0.00017344249698977206;21.853146853146853;73.81993006993007;0.0;0.0;0.0;4.326923076923077;Dense, Faible conso, Croissance modérée
669;669;Méaulte;1;11;9;Petite;2158;0;2158;-100;3416;3316;72934803;0;2158;0;0;0;0;45.46526299659711;-2.927400468384075;0.6507840772014475;-21.58;2.958806922396157e-05;0.0;100.0;0.0;0.0;0.0;0.0;Dense, Faible conso, Croissance modérée
670;670;Chablis;1;11;7;Petite;0;0;0;-186;3329;3143;105838483;0;0;0;0;0;0;29.69619282997471;-5.5872634424752174;0.0;-0.0;0.0;;;;;;;Dense, Faible conso, Croissance modérée
671;671;Saint-Étienne-de-Saint-Geoirs;1;11;1;Petite;151268;114;151382;-67;3274;3207;18730783;128409;21656;0;114;0;1203;171.2154798867725;-2.0464263897373245;;-2257.731343283582;;84.82448375632505;14.305531701259067;0.0;0.07530617907016686;0.0;0.7946783633457083;
672;672;Saint-Julien-du-Sault;1;11;3;Petite;5949;0;5949;-192;3246;3054;46790925;0;5949;0;0;0;0;65.2690665978499;-5.914972273567468;1.9479371316306484;-30.984375;0.0001271400383728255;0.0;100.0;0.0;0.0;0.0;0.0;Dense, Faible conso, Croissance modérée
673;673;Soultz-sous-Forêts;1;11;1;Petite;14283;4065;18348;88;3081;3169;15296774;12306;1977;0;4065;0;0;207.1678642830181;2.8562155144433627;4.507100031555696;162.3068181818182;0.001199468593835537;67.06998037933289;10.77501635055592;0.0;22.155003270111184;0.0;0.0;Dense, Faible conso, Croissance modérée
674;674;Saint-Venant;1;11;1;Petite;4024;0;4024;59;2982;3041;14365115;0;4024;0;0;0;0;211.69339751195866;1.9785378940308518;1.3232489312726077;68.20338983050847;0.0002801230620151666;0.0;100.0;0.0;0.0;0.0;0.0;Dense, Faible conso, Croissance modérée
675;675;Le Bar-sur-Loup;1;11;1;Petite;10584;641;11225;-71;2998;2927;14468422;0;10584;0;641;0;0;202.30264226465056;-2.3682454969979987;3.6159890673044073;-149.07042253521126;0.0007758275228632397;0.0;94.28953229398664;0.0;5.710467706013364;0.0;0.0;Dense, Faible conso, Croissance modérée
676;676;Le Pouzin;1;11;1;Petite;66317;0;66317;74;2809;2883;11098287;64187;2130;0;0;0;0;259.76981853145446;2.6343894624421504;23.002774887270206;896.1756756756756;;96.78815386703259;3.2118461329674144;0.0;0.0;0.0;0.0;Peu dense, Forte conso, Croissance modérée
677;677;Saint-Geours-de-Maremne;1;11;1;Petite;406032;0;406032;266;2546;2812;43189317;384694;21338;0;0;0;0;65.10869342990536;10.44776119402985;;1526.436090225564;;94.74474918233045;5.255250817669543;0.0;0.0;0.0;0.0;
678;678;Chaulnes;1;11;4;Petite;1325;0;1325;-26;2543;2517;19304150;0;1325;0;0;0;0;130.38647130280276;-1.0224144710971292;0.5264203416765991;-50.96153846153846;6.863809077322752e-05;0.0;100.0;0.0;0.0;0.0;0.0;Dense, Faible conso, Croissance modérée
679;679;Montreuil-sur-Mer;1;11;1;Petite;0;0;0;-219;2132;1913;2812464;0;0;0;0;0;0;680.1864841647752;-10.272045028142589;0.0;-0.0;0.0;;;;;;;Dense, Faible conso, Croissance modérée
680;680;Flamanville;1;11;1;Petite;1743;0;1743;60;1707;1767;7765748;0;1743;0;0;0;0;227.53764350839094;3.5149384885764503;0.9864176570458404;29.05;0.00022444714919927868;0.0;100.0;0.0;0.0;0.0;0.0;Dense, Faible conso, Croissance modérée
681;681;Val-d'Isère;1;11;1;Petite;5120;268;5388;-12;1601;1589;107305801;1087;3500;533;268;0;0;14.808146299564923;-0.749531542785759;3.222152297042165;-426.6666666666667;5.021163767278527e-05;20.174461766889383;64.95916852264291;9.892353377876763;4.974016332590943;0.0;0.0;Dense, Faible conso, Croissance modérée
682;682;Villers-la-Montagne;1;11;1;Petite;9116;0;9116;74;1464;1538;18225435;0;8403;713;0;0;0;84.3875605712566;5.05464480874317;5.927178153446034;123.1891891891892;0.000500180105440556;0.0;92.1785870996051;7.82141290039491;0.0;0.0;0.0;Dense, Faible conso, Croissance modérée
